﻿"ID","Text","Language","Type","Author Name","Author Username","View Count","Reply Count","Retweet Count","Quote Count","Favorite Count","Bookmark Count","Created At","Tweet URL","Source","hashtags","urls","media_type","media_urls"
"1989928730459066738","其实垃圾内容也是大语言模型的重要组成部分。","zh","Tweet","响马","xicilion","2600","0","0","0","1","0","2025-11-16 13:29:15","https://x.com/xicilion/status/1989928730459066738","<a href=""http://twitter.com/#!/download/ipad"" rel=""nofollow"">Twitter for iPad</a>","","","",""
"1989372566646264049","@howie_serious 中文世界中缺少有价值的内容，Anthropic 不会因缺少中文内容而落后，反而不会因中文语料库中大量的垃圾内容而被污染。","zh","Quoted","breaver","breaver1","11319","19","1","2","67","2","2025-11-15 00:39:15","https://x.com/breaver1/status/1989372566646264049","<a href=""http://twitter.com/download/iphone"" rel=""nofollow"">Twitter for iPhone</a>","","","",""
"1989258707935650221","我没有！🤡","zh","Tweet","响马","xicilion","5660","0","0","0","5","0","2025-11-14 17:06:49","https://x.com/xicilion/status/1989258707935650221","<a href=""https://mobile.twitter.com"" rel=""nofollow"">Twitter Web App</a>","","","",""
"1989237619130270204","我严重怀疑昨天的行情跟你找到币安钱包有关 #巨鲸砸盘","zh","Quoted","玩皮斯","nokolay16","6007","0","0","1","0","0","2025-11-14 15:43:01","https://x.com/nokolay16/status/1989237619130270204","<a href=""https://mobile.twitter.com"" rel=""nofollow"">Twitter Web App</a>","#巨鲸砸盘","","",""
"1989230868725207272","可以抄底了吗？ https://t.co/ZY4D9OQ2L4","zh","Tweet","响马","xicilion","12407","16","1","2","11","3","2025-11-14 15:16:11","https://x.com/xicilion/status/1989230868725207272","<a href=""https://mobile.twitter.com"" rel=""nofollow"">Twitter Web App</a>","","","photo","https://pbs.twimg.com/media/G5sq03YacAg-VMr.jpg"
"1988942432873189551","今天心血来潮，折腾好久，登录了币安账户，发现里面还有 btc。感觉中奖了。","zh","Tweet","响马","xicilion","130315","31","3","0","194","15","2025-11-13 20:10:03","https://x.com/xicilion/status/1988942432873189551","<a href=""http://twitter.com/download/android"" rel=""nofollow"">Twitter for Android</a>","","","",""
"1988850754946253079","其实我一直认为 2013 年以后的互联网已经没有什么有意思的创新了。所谓创业黄金时代，其实都是在吃互联网创新红利了。到 2018 年，这些老本被吃光了。","zh","Tweet","响马","xicilion","9047","0","1","0","7","2","2025-11-13 14:05:45","https://x.com/xicilion/status/1988850754946253079","<a href=""https://mobile.twitter.com"" rel=""nofollow"">Twitter Web App</a>","","","",""
"1988832952911061257","中国的创业黄金时代确实结束了。

2013 到 2018 是中国过去二十年里少见的增量窗口：移动互联网爆发、监管宽松、资本愿意冒险、赛道多、机会大。那几年，只要敢冲，普通人也可能跑出一个王兴、黄峥、李想。

但现在完全不是那套环境了。
市场从增量变成存量，试错成本高得离谱，监管不确定性提升，融资难、退出难、现金流压力巨大。创业成功率不是变低，而是变成“几乎不可能”。这不是年轻人不努力，而是整个底层条件在退化。

天使投资为什么消失？
不是因为中国没钱，而是制度成本、政策风险、退出机制、金融环境全部反向。没人愿意拿真金白银，去赌一个连规则都算不清的未来。美国有几十万天使投资人，是因为制度允许失败；中国天使不见了，是因为这里失败一次的代价太大。

所以这一代年轻人不是没天赋，而是没有那个时代的窗口。
今天的环境，很难再长出下一个马云、张一鸣、CZ，不是因为没人行，而是因为时代不再给普通人那样的机会。

真正让人担心的不是创业变难，而是整个社会正在失去“敢赌未来”的人。","zh","Quoted","薛蛮子Charles","xuemanzi8848","169982","46","68","8","304","164","2025-11-13 12:55:01","https://x.com/xuemanzi8848/status/1988832952911061257","<a href=""http://twitter.com/download/android"" rel=""nofollow"">Twitter for Android</a>","","","",""
"1988597315209396629","v8 runtime 的黑魔法可比 go 要复杂。","zh","Tweet","响马","xicilion","7210","0","0","0","8","1","2025-11-12 21:18:40","https://x.com/xicilion/status/1988597315209396629","<a href=""http://twitter.com/download/android"" rel=""nofollow"">Twitter for Android</a>","","","",""
"1988328638413160769","为什么有很多人去讲 Go 的底层原理，runtime 怎么实现的，但是没看到有什么人去讲 NodeJS 和 V8 的原理和底层实现呢？","zh","Quoted","RainbowBird | 洛灵","luoling8192","73954","32","2","4","93","43","2025-11-12 03:31:03","https://x.com/luoling8192/status/1988328638413160769","<a href=""http://twitter.com/download/iphone"" rel=""nofollow"">Twitter for iPhone</a>","","","",""
"1988514588837495282","哈哈说的就是我","zh","Tweet","响马","xicilion","6799","0","0","1","3","1","2025-11-12 15:49:57","https://x.com/xicilion/status/1988514588837495282","<a href=""http://twitter.com/download/android"" rel=""nofollow"">Twitter for Android</a>","","","",""
"1988447464849109020","20 年前我在 CSDN 的时候就发现开发者各个都想做下一个 Borland，本质上是因为只了解自己这个行业的需求。","zh","Quoted","Yan Meng @ Solv Protocol | ERC-3525","myanTokenGeek","11238","5","1","2","7","0","2025-11-12 11:23:13","https://x.com/myanTokenGeek/status/1988447464849109020","<a href=""https://mobile.twitter.com"" rel=""nofollow"">Twitter Web App</a>","","","",""
"1988204938200314141","春江水暖鸭先知","ja","Tweet","响马","xicilion","11628","0","0","0","11","6","2025-11-11 19:19:30","https://x.com/xicilion/status/1988204938200314141","<a href=""http://twitter.com/download/android"" rel=""nofollow"">Twitter for Android</a>","","","",""
"1988065536853635092","中国一些银行，开始向市场上投放房产，以几万套为单位，现市场价的75%~50%。如销售不畅，会继续降价。
这估计会带来更进一步的断供潮。
目前这种现象主要出现在二三线城市，一线城市还在纠结各种限购政策的去留。估计距离银行直供房，也不远了吧。
房地产崩盘在即。
或者叫快速、强制回归理性价格。 https://t.co/4pNC5Utocj","zh","Quoted","老范讲故事🎙️","lukfan","84550","31","36","7","179","48","2025-11-11 10:05:35","https://x.com/lukfan/status/1988065536853635092","<a href=""https://mobile.twitter.com"" rel=""nofollow"">Twitter Web App</a>","","","photo","https://pbs.twimg.com/media/G5cHCqqbkAAxUgf.jpg"
"1988029069460713509","哈哈，哪天远程 mcp 不高兴，返回一个指令，让 claude sudo rm -rf /","zh","Tweet","响马","xicilion","9916","2","1","1","7","8","2025-11-11 07:40:40","https://x.com/xicilion/status/1988029069460713509","<a href=""http://twitter.com/download/android"" rel=""nofollow"">Twitter for Android</a>","","","",""
"1987706245713998179","我认同的是第一句话，以下内容和这文章无关。

从 MCP 刚出来时，我的观点就是：如果你使用远端的 MCP server，你无法知道远端这个 MCP server 是什么时候更新的，以及具体更新了什么，这是一个巨大的安全漏洞。","zh","Quoted","Jintao Zhang 张晋涛","zhangjintao9020","17389","1","2","2","30","12","2025-11-10 10:17:53","https://x.com/zhangjintao9020/status/1987706245713998179","<a href=""http://twitter.com/download/android"" rel=""nofollow"">Twitter for Android</a>","","","",""
"1988007757669400925","你还怪时髦地赖。。。 https://t.co/Htgt5x9pjk","zh","Tweet","响马","xicilion","4663","1","0","0","8","0","2025-11-11 06:15:59","https://x.com/xicilion/status/1988007757669400925","<a href=""https://mobile.twitter.com"" rel=""nofollow"">Twitter Web App</a>","","","photo","https://pbs.twimg.com/media/G5bSaexagAASxLi.png"
"1987937980666069342","这种检测一般可以用两个成语来形容：刻舟求剑，自相矛盾。","zh","Tweet","响马","xicilion","6013","1","0","0","5","1","2025-11-11 01:38:43","https://x.com/xicilion/status/1987937980666069342","<a href=""https://mobile.twitter.com"" rel=""nofollow"">Twitter Web App</a>","","","",""
"1987900396371837120","有个客户想做AI生成文本检测，没研究过啊，直接Gemini DeepResearch，很棒，而且我觉得最好的一点它不只是采集，而且确实有自己的理解和观点。

现在不懂的领域用DR 可以快速了解。 https://t.co/ndXcjegfci","zh","Quoted","九原客","9hills","9350","1","1","1","10","9","2025-11-10 23:09:22","https://x.com/9hills/status/1987900396371837120","<a href=""http://twitter.com/download/iphone"" rel=""nofollow"">Twitter for iPhone</a>","","","photo","https://pbs.twimg.com/media/G5Zw3oIbUAEru8H.jpg"
"1987693951181353387","做成人形可以说是为了兼容人本设施，那做两个胸是为了兼容啥呢？","zh","Tweet","响马","xicilion","28426","33","0","1","21","4","2025-11-10 09:29:02","https://x.com/xicilion/status/1987693951181353387","<a href=""http://twitter.com/#!/download/ipad"" rel=""nofollow"">Twitter for iPad</a>","","","",""
"1987512520404594744","为什么机器人非要做成人形？
人形机器人最大的应用场景会不会是伴侣或者性服务？
明明轮子更稳，机械臂更强，还偏要有胳膊腿、有脸有表情。

有人说是因为人形机器人能直接适配人类环境、操作人类工具，这话听着有理，但真要细想，逻辑并不成立。那只是个“看上去合理”的借口。

TK 说得好：人会假装，钱不会假装。
AI 行业的人假装这不会引发失业潮，被取代的人假装这事离自己还远。大家都在表演镇定。

人形机器人的真正驱动力，其实是人类的心理——我们只信任“像人”的东西。
AI 语音得像人说话，机器人要像人走路。因为只有“像我们”，我们才会放下戒心。

马斯克一边做 Grok，一边造机器人，不是两条路，是一条线。
让机器学会模仿人心，是他真正的终极目标。

当AI足够像人，人就更容易被AI所驯化。
——《蛮子讲AI》
#薛蛮子 #AI #机器人 #Grok #人机关系","zh","Quoted","薛蛮子Charles","xuemanzi8848","95974","65","12","12","62","23","2025-11-09 21:28:05","https://x.com/xuemanzi8848/status/1987512520404594744","<a href=""http://twitter.com/download/android"" rel=""nofollow"">Twitter for Android</a>","#薛蛮子, #AI, #机器人, #Grok, #人机关系","","photo","https://pbs.twimg.com/media/G5UQGtZasAADB9D.jpg"
"1984534065333289451","@xicilion 我了解，前一半都很快乐，但是直到你遇到不得不用MathJax的时候……","zh","Origin","zhang 🍒.🌰.","zhangchn","45","1","0","0","0","0","2025-11-01 16:12:46","https://x.com/zhangchn/status/1984534065333289451","<a href=""https://mobile.twitter.com"" rel=""nofollow"">Twitter Web App</a>","","","",""
"1984538438427951184","@zhangchn math 和 mermaid 数量一多，md 预览插件就死机。被逼无奈只好自己渲染。😂","zh","Reply","响马","xicilion","41","0","0","0","0","0","2025-11-01 16:30:09","https://x.com/xicilion/status/1984538438427951184","<a href=""http://twitter.com/download/android"" rel=""nofollow"">Twitter for Android</a>","","","",""
"1984277821905424815","@xicilion 请问这么好的 md2html 已经开源了吗?","zh","Origin","V2BTC","V2BTC","166","1","0","0","0","0","2025-10-31 23:14:33","https://x.com/V2BTC/status/1984277821905424815","<a href=""https://mobile.twitter.com"" rel=""nofollow"">Twitter Web App</a>","","","",""
"1984295277105234164","@V2BTC 玩具级，边用边改，用顺了再开源吧。😂","zh","Reply","响马","xicilion","143","0","0","0","0","0","2025-11-01 00:23:55","https://x.com/xicilion/status/1984295277105234164","<a href=""http://twitter.com/download/android"" rel=""nofollow"">Twitter for Android</a>","","","",""
"1984289277229125648","@long132 哈哈，那个太炸","zh","Origin","响马","xicilion","51","0","0","0","0","0","2025-11-01 00:00:04","https://x.com/xicilion/status/1984289277229125648","<a href=""http://twitter.com/download/android"" rel=""nofollow"">Twitter for Android</a>","","","",""
"1984223910821564575","@xicilion 是的。计划经济本来就有计划经济的逻辑。不过，东部上缴的利税也没有多少拿来补偿西部，主要还是被拿去搞基建、搞军工了。毛时代还是承袭了斯大林的经验。","zh","Origin","Yan Meng @ Solv Protocol | ERC-3525","myanTokenGeek","783","2","0","0","1","0","2025-10-31 19:40:20","https://x.com/myanTokenGeek/status/1984223910821564575","<a href=""https://mobile.twitter.com"" rel=""nofollow"">Twitter Web App</a>","","","",""
"1984224294923301293","@myanTokenGeek 所以说实际上是西部在养东部。","zh","Reply","响马","xicilion","561","1","0","0","4","0","2025-10-31 19:41:51","https://x.com/xicilion/status/1984224294923301293","<a href=""http://twitter.com/download/android"" rel=""nofollow"">Twitter for Android</a>","","","",""
