﻿"ID","Text","Language","Type","Author Name","Author Username","View Count","Reply Count","Retweet Count","Quote Count","Favorite Count","Bookmark Count","Created At","Tweet URL","Source","hashtags","urls","media_type","media_urls"
"1989906028079776134","一个翻译灾难

robust → 鲁棒性

我第一次看到  鲁棒性 时，整个人是懵的，心想，这是啥玩意，后面看了robust 的含义解释后，更加蒙圈

“robust：在干扰、变化或非理想条件下依然保持稳定可靠的能力。”

鲁棒 二字和上面的描述，真是一毛钱关系都没有。

后来检索了下才知道，这是纯音译的历史遗留问题，早期控制论、自动化文献大量从日文翻译，日本学者先音译，中文学者照搬了日语，日语：ロバスト (robasto)，就变成了现在的 鲁棒。

现在学术圈约定俗成后，即使很蠢也改不掉了……

相比之下，有一个极为优秀的示例

lumen  → 流明

· 流：光流动的意象
· 明：明亮、光明
即使不懂英文，看到“流明”这两个字，
你也能立刻感知到它和“光”有关。

这才是语言的质感，是翻译的信达雅。

而“鲁棒”既无美感，也无语义，
活脱脱一个愣头青……","zh","Origin","Robinson · 鲁棒逊","python_xxt","9021","16","5","0","53","14","2025-11-16 11:59:02","https://x.com/python_xxt/status/1989906028079776134","<a href=""http://twitter.com/download/android"" rel=""nofollow"">Twitter for Android</a>","","","",""
"1989926571906658485","@python_xxt 第一次看到鲁棒性自动理解为“大巧不工性”","zh","Reply","左岸森","rgsen8","258","0","0","0","1","0","2025-11-16 13:20:40","https://x.com/rgsen8/status/1989926571906658485","<a href=""http://twitter.com/download/iphone"" rel=""nofollow"">Twitter for iPhone</a>","","","",""
"1989700409678545008","今天又停电了，这里确实是个治完美主义的好地方。韧性+1。","zh","Tweet","左岸森","rgsen8","323","0","0","0","2","0","2025-11-15 22:21:59","https://x.com/rgsen8/status/1989700409678545008","<a href=""http://twitter.com/download/iphone"" rel=""nofollow"">Twitter for iPhone</a>","","","",""
"1989405628780220918","曾经我妄想试着过一种在任何时候都不会后悔的生活，

现在我相信只要我保持最初的梦想，我就还是那个我，“我”从来没有走远过。

另外，人不一定总要往前走，也可以四处走。","zh","Tweet","左岸森","rgsen8","632","1","0","0","4","0","2025-11-15 02:50:37","https://x.com/rgsen8/status/1989405628780220918","<a href=""http://twitter.com/download/iphone"" rel=""nofollow"">Twitter for iPhone</a>","","","",""
"1989333968031011161","人不能既要又要。

昨天和朋友一起吃饭，就说到熊猫老板说我比同龄人走的快，但是也因此失去了好多快乐，说着说着就哭了（没喝）。

10/15 出差回来到今天，基本都在上海家里做产品，除了健身几乎没怎么出门。很多时候，事业做着做着就回不去了。

其实，之前一直都挺没心没肺的，想做啥做啥，虽然摆烂但是就是很纯粹的快乐。我从不会judge摆烂的人，因为我曾经也是。","zh","Quoted","RachelWu","RachelWu2000","11379","5","3","3","41","9","2025-11-14 22:05:52","https://x.com/RachelWu2000/status/1989333968031011161","<a href=""http://twitter.com/download/iphone"" rel=""nofollow"">Twitter for iPhone</a>","","","",""
"1989016106758267092","14岁那年，我写下遗书

我前段时间刷推, 看推上有人分享了一篇关于樊登低成本创业这本书的推文。

当时我就想起来樊登这个人, 就想写几篇关于他 和我的一些成长的关系。

然后我就发现, 如果我要聊樊登这个人, 那其实倒不如直接从我上学时期到我创业的时期, 整个个人的细节经历都得讲一遍。

因为少一点我都会觉得像是在推销这个人一样。

所以想了很久, 我还是鼓足勇气, 就在推特上公开我的个人成长经历。

我知道, 可能这一篇写出来, 有些人认为可能是AI起号, 或者说是个人经历是起号之类的。

但是我觉得, 真实的经历是一定要讲的, 不然憋在肚子里面也确实是太难受了。

所以这篇第一篇, 我就先从我上学那个时候聊吧。

说起来, 回忆起来其实是挺难过的。那段时间确实挺黑暗的。

小时候我爸喝酒, 然后就家庭暴力, 又打我妈又打我。那段时间, 小学又是住那个午托部, 一周回一次家, 也很少有人关心吧, 就是会觉得得到的爱比较少。

然后上了初中, 家里在城里买了房, 然后就开始在城里面接着上初中。结果, 初一的时候可能还好, 到初二的时候, 又经历了各种校园暴力, 又经历了各种事情, 情绪又排解不开, 然后就想不开了。

我记得是17年的时候吧, 我上初二, 那个时候我14岁。

当时语文老师布置了每天有日记作业, 我特别不想写, 然后又实在又撑不住了。我就把我每天的这个经历, 一点一点的, 写到自己的这个日记本上。

刚开始是心情不好, 或者说, 我写一些自己心里面真实的看法, 对这个世界的看法。后来, 后来我实在顶不住了, 我就写我自己的情况。我说我现在我真的是, 我觉得人生没有任何意义, 我就是不是很想活着。

然后老师他发现可能有点不对劲, 以为我是写小说, 或者是可能真的只是心情不好, 然后就是用红笔在下面写加油, 也会给我打气。

但有一天, 我我真的没办法, 因为日记本是我唯一的排泄渠道。

然后我记得是周四吧, 周四那天晚上我就说, 我实在不想活了, 然后我决定在周五的晚上, 一个人在家附近的桥上, 跳下去。

我就把这个写到了日记本上。

你想一个14岁的孩子写出这种文字, 我当时都在想, 我是怎么写出来的。但那个时候确实很痛苦。

然后班主任发现以后, 也去问, 就是说我是在写小说, 还是自己真的不舒服。我当时没办法, 就哭, 然后哭了两个小时, 在班主任办公室里面。

然后班主任就是说把家长也叫过来, 一直沟通。

后面就去医院, 然后去医院查出来这个, 重度焦虑, 重度抑郁, 重度强迫。

三个全是重度。

这个比较天崩开局吧, 在现在看来, 大家都会觉得这是天崩开局。

一个小县城的普通青年, 普普通的孩子, 普通的家庭, 然后呢, 普通的初中, 普通的学校, 然后三项全是重度的心理疾病。

这个在我那个时候看来, 就已经没招了, 你知道吗。

确诊了之后, 医院给开的药, 我每天都要吃一大把一大把的药灌下去。

写到这里我觉得, 我有点撑不住了。我到这里我情绪已经上来了。

我留到第二篇讲吧。因为我自己的这个经历实在是, 我现在每次要去跟别人讲的时候, 我总是忍不住想哭。

因为我现在病可能说是好了, 但是那个伤疤, 就像是那个一道黑黑的口子, 刻在你心里面, 那个是抹不掉的。

所以这一篇就从我童年开始聊起吧。

然后下一篇, 再跟大家讲讲, 我是怎么突然有了一个命运的转折。我也觉得挺像是一个奇迹一样, 但是, 留到第二天吧。","zh","Origin","Merson随便聊","merson1asytalk","1921","4","1","1","18","1","2025-11-14 01:02:48","https://x.com/merson1asytalk/status/1989016106758267092","<a href=""https://mobile.twitter.com"" rel=""nofollow"">Twitter Web App</a>","","","",""
"1989063539382702260","@merson1asytalk 加油，期待下一篇！","ja","Reply","左岸森","rgsen8","55","0","0","0","2","0","2025-11-14 04:11:17","https://x.com/rgsen8/status/1989063539382702260","<a href=""http://twitter.com/download/iphone"" rel=""nofollow"">Twitter for iPhone</a>","","","",""
"1988671631263440956","以前研究过这事，但还没赚到钱XD

1. 需要港澳通行证和身份证，不需要护照
2. 人到香港，线上申请，寄回大陆，就可以不用去营业厅排队
3. 推荐中银、众安、汇丰、天星","zh","Origin","左岸森","rgsen8","776","2","0","0","8","4","2025-11-13 02:13:59","https://x.com/rgsen8/status/1988671631263440956","<a href=""http://twitter.com/download/iphone"" rel=""nofollow"">Twitter for iPhone</a>","","","",""
"1988671928488653138","@rgsen8 马上就赚到钱了！","zh","Reply","RachelWu","RachelWu2000","148","1","0","0","1","1","2025-11-13 02:15:10","https://x.com/RachelWu2000/status/1988671928488653138","<a href=""http://twitter.com/download/iphone"" rel=""nofollow"">Twitter for iPhone</a>","","","",""
"1988672072999137531","@RachelWu2000 冲！","ja","Reply","左岸森","rgsen8","46","0","0","0","1","0","2025-11-13 02:15:44","https://x.com/rgsen8/status/1988672072999137531","<a href=""http://twitter.com/download/iphone"" rel=""nofollow"">Twitter for iPhone</a>","","","",""
"1988577915399979018","咋说呢，确实是不知道我给别人的评论还能被疯狂推送，大多数情况只是想和原po互动，刚玩几周确实不会玩，以为只有post才推送。一个爱评论的小女孩轻轻的碎了 https://t.co/msS3rWSb4j","zh","Origin","RachelWu","RachelWu2000","15895","22","0","1","48","2","2025-11-12 20:01:35","https://x.com/RachelWu2000/status/1988577915399979018","<a href=""http://twitter.com/download/iphone"" rel=""nofollow"">Twitter for iPhone</a>","","","photo","https://pbs.twimg.com/media/G5jZEoDbUAA4uIB.jpg"
"1988647239473099252","@RachelWu2000 评论好看，照片更好看","zh","Reply","左岸森","rgsen8","178","0","0","0","2","0","2025-11-13 00:37:03","https://x.com/rgsen8/status/1988647239473099252","<a href=""http://twitter.com/download/iphone"" rel=""nofollow"">Twitter for iPhone</a>","","","",""
"1988271880768479471","很多年轻创业者，都有一个“隐性副作用”：
认知提前 5～10 年，但人生阶段被打乱了。

你白天和投资人、老板、行业前辈打交道，聊估值、模式、增长；
晚上回到同龄人中间，却发现很难再“没心没肺地玩耍”。

不是你变冷漠了，而是你看到的世界已经不太一样了。
这既是成长的红利，也是孤独的代价。","zh","Retweet","Mr Panda","PandaTalk8","39580","9","14","11","97","34","2025-11-11 23:45:31","https://x.com/PandaTalk8/status/1988271880768479471","<a href=""https://mobile.twitter.com"" rel=""nofollow"">Twitter Web App</a>","","","",""
"1986080872525615447","人一定要保持自主性。

前段时间结识一个79年的朋友，干钢结构。这老哥说话喷火，一晚能掀十个桌，到处有老婆。办事极老练，社交有章法，跟着现在这个老板干了十几年，一把手。

他老板更不是小角色，钢构项目遍布非洲，还在塞舌尔岛上开酒店、建缆车、搞旅游区，风风火火。这样的老板一定是强势的老板。一般人在他手下混，十年八年如一日。

老哥和我说，这回老板又接了新项目，还是交给他。

我想你俩十几年交情，这事顺利地云淡风轻。

但他不会把自主权交给别人哪怕一秒钟。抬价，安排不到位就退休，不接就是不接。听着狂，实则最稳，必拿下，清楚自己值什么，而事实也正如此。

而上班族很少有这样的“强势文化”。他们从二十几岁应聘开始就硬不起来，努力工作是为了被别人认可，离开了别人的规矩反而不自在，也不清楚自己的价值所在。

糊涂啊。

失去自主性即失去一切，正所谓他人即地狱。

#讲个故事","zh","Origin","左岸森","rgsen8","583996","32","76","10","677","373","2025-11-05 22:39:14","https://x.com/rgsen8/status/1986080872525615447","<a href=""http://twitter.com/download/iphone"" rel=""nofollow"">Twitter for iPhone</a>","#讲个故事","","",""
"1988110994518970430","@PandaTalk8 @rgsen8 panda哥到处都有老婆啊","zh","Reply","少个分号","shaogefenhao","186","1","0","0","4","0","2025-11-11 13:06:13","https://x.com/shaogefenhao/status/1988110994518970430","<a href=""http://twitter.com/download/android"" rel=""nofollow"">Twitter for Android</a>","","","",""
"1988111251734770146","@shaogefenhao @PandaTalk8 O原来是这样吗，好像听到了什么不得了的事情","zh","Reply","左岸森","rgsen8","65","0","0","0","2","0","2025-11-11 13:07:14","https://x.com/rgsen8/status/1988111251734770146","<a href=""http://twitter.com/download/iphone"" rel=""nofollow"">Twitter for iPhone</a>","","","",""
"1987701748862234778","有钱人真的对钱不感兴趣。

前两天钢构老板远道而来，住在会所。老哥带上我去看他，我才见到他的真面目。这老板是江苏常州人，戴方框眼镜，福相中闪着智慧，举止倒有种广东人的佛系。

周日傍晚我这里正吃着，他过来坐下聊，一边让老哥给他准备火锅。他项目很多，钱挣不少，但只享受四国间来回奔波的过程，每次回国只待半个月。他说，钱是好东西，但够用就好，享受奔波的过程更重要。还说贪官一样有钱，却要每天提心吊胆，全家冒险，到最后还不一定能保住。或许结果一样有钱，但生活质感完全不同。

很多家庭专注于有钱的结果，像贪官一样提心吊胆，患得患失，害怕明天和意外，最后还是人财两空。辛辛苦苦攒钱，到头来生病还是一无所有。这样的心态困局让人既过着贪官的生活，又没保住钱，还否定了自己的人生。

不要当“贪官”。不要有“贪官心态”。

钱可以有，心必须自由。

#讲个故事","zh","Origin","左岸森","rgsen8","203381","21","17","2","226","128","2025-11-10 10:00:01","https://x.com/rgsen8/status/1987701748862234778","<a href=""http://twitter.com"" rel=""nofollow"">Twitter Web Client</a>","#讲个故事","","",""
"1987820036279378272","@rgsen8 左兄，这个大老板年轻多大？大概有多大身家？","zh","Reply","Maurice","mauricelageorge","5969","1","0","0","0","0","2025-11-10 17:50:03","https://x.com/mauricelageorge/status/1987820036279378272","<a href=""https://mobile.twitter.com"" rel=""nofollow"">Twitter Web App</a>","","","",""
"1987890548196180270","@mauricelageorge 五十不到，可能A10","ja","Reply","左岸森","rgsen8","4346","1","0","0","2","0","2025-11-10 22:30:14","https://x.com/rgsen8/status/1987890548196180270","<a href=""http://twitter.com/download/iphone"" rel=""nofollow"">Twitter for iPhone</a>","","","",""
"1987135177533833653","至理名言","ja","Origin","左岸森","rgsen8","796","1","0","0","0","0","2025-11-08 20:28:40","https://x.com/rgsen8/status/1987135177533833653","<a href=""http://twitter.com/download/iphone"" rel=""nofollow"">Twitter for iPhone</a>","","","",""
"1987834138091561295","@rgsen8 就像有人想白嫖你的一些东西，你觉得也没什么大不了的，结果那个人白嫖完不感恩就算了还觉得你廉价","zh","Reply","Ashlyn He","AshlynHe1129","70","1","0","0","3","0","2025-11-10 18:46:05","https://x.com/AshlynHe1129/status/1987834138091561295","<a href=""http://twitter.com/download/iphone"" rel=""nofollow"">Twitter for iPhone</a>","","","",""
"1987835499734597939","@AshlynHe1129 是的，碰到这样的亲手把他送走😇","zh","Reply","左岸森","rgsen8","21","1","0","0","0","0","2025-11-10 18:51:29","https://x.com/rgsen8/status/1987835499734597939","<a href=""http://twitter.com/download/iphone"" rel=""nofollow"">Twitter for iPhone</a>","","","",""
"1987833700344852482","把当下看作结果，就会停下。
把当下看作过程，就会继续向前。","zh","Tweet","左岸森","rgsen8","659","0","0","0","4","1","2025-11-10 18:44:20","https://x.com/rgsen8/status/1987833700344852482","<a href=""http://twitter.com/download/iphone"" rel=""nofollow"">Twitter for iPhone</a>","","","",""
"1987445521846264047","最近我学到了一个新词，叫 “成长型思维（Growth Mindset）。”

它的核心意思是：
当你面对挫折、失败或情绪低谷时，不要把它们看作“终点”，
而要相信——它们都在为未来的你，铺路。

成长型思维告诉我们，
每一次失败其实都在悄悄雕刻你、锻炼你，
让你在未来某个时刻，变得更稳、更强、更通透。

有一句话我也很喜欢：

要么学到，要么得到。

人生不会总是一帆风顺。
有时候你赢了，有时候你学到了。
无论哪一种，
你都在变成一个更好的自己。","zh","Quoted","Ashlyn He","AshlynHe1129","9675","4","0","2","41","26","2025-11-09 17:01:52","https://x.com/AshlynHe1129/status/1987445521846264047","<a href=""https://mobile.twitter.com"" rel=""nofollow"">Twitter Web App</a>","","","",""
"1987775670064464188","@rgsen8 成功人士：健康，自由，金钱","zh","Origin","Nice奈斯","Liu70996005","8035","1","0","0","11","1","2025-11-10 14:53:45","https://x.com/Liu70996005/status/1987775670064464188","<a href=""http://twitter.com/download/iphone"" rel=""nofollow"">Twitter for iPhone</a>","","","",""
"1987776494391746610","@Liu70996005 想起一句话，生命诚可贵，爱情价更高，若为自由故，两者皆可抛。","zh","Reply","左岸森","rgsen8","6748","0","0","0","6","1","2025-11-10 14:57:02","https://x.com/rgsen8/status/1987776494391746610","<a href=""http://twitter.com/download/iphone"" rel=""nofollow"">Twitter for iPhone</a>","","","",""
"1987414133969723657","7K，Mark","en","Origin","serva huang","servasyy","22388","11","0","2","23","0","2025-11-09 14:57:08","https://x.com/servasyy/status/1987414133969723657","<a href=""https://mobile.twitter.com"" rel=""nofollow"">Twitter Web App</a>","","","",""
"1987767498960163060","@servasyy 神速","ja","Reply","左岸森","rgsen8","117","0","0","0","1","0","2025-11-10 14:21:17","https://x.com/rgsen8/status/1987767498960163060","<a href=""http://twitter.com/download/iphone"" rel=""nofollow"">Twitter for iPhone</a>","","","",""
"1987702076638720499","其实看看新疆很多地区，伊犁昭苏，莎车，塔县的村子里等等等，那些天山山脉下面居住的人，都是过着这样的日子。

他们并不是对生活没有什么期盼，恰恰相反，他们的生活状态正是他们对生活的热爱！

这才是人最自然淳朴的状态
人为什么一定要很功利的生活着呢？","zh","Origin","serva huang","servasyy","1480","3","0","0","8","1","2025-11-10 10:01:19","https://x.com/servasyy/status/1987702076638720499","<a href=""https://mobile.twitter.com"" rel=""nofollow"">Twitter Web App</a>","","","",""
"1987767229471944916","@servasyy 有机会也想去新疆看看","zh","Reply","左岸森","rgsen8","74","0","0","0","3","0","2025-11-10 14:20:13","https://x.com/rgsen8/status/1987767229471944916","<a href=""http://twitter.com/download/iphone"" rel=""nofollow"">Twitter for iPhone</a>","","","",""
"1986833372895748278","今天才看到BettaFish“微舆”这个项目。

一个20岁大学生的作业，三天冲上 GitHub Trending 第一，两万多 star。

简单说，它是一个多智能体舆情分析系统，纯 Python ，问答式分析，设计目标是破除信息茧房，还原舆情原貌，预测未来走向，辅助决策。

特性：
1. 支持30+ 主流平台
2. 7×24小时监控
3. 多模态处理
4. 多 Agent 协作分析
5. 趋势预测和结构化摘要

还没试过，但看设计就很强，配置说明也很详细。

Github: https://t.co/DOPaZyOW3h

#工具分享","zh","Tweet","左岸森","rgsen8","179716","16","141","1","727","793","2025-11-08 00:29:24","https://x.com/rgsen8/status/1986833372895748278","<a href=""http://twitter.com/download/iphone"" rel=""nofollow"">Twitter for iPhone</a>","#工具分享","","",""
"1986586625141579987","一下冲到了Github第一
在这个信息茧房的时代，这个东西确实非常好用

我也试了一下
能抓9个平台的信息，小红书，抖音，知乎，快手，贴吧等

推特和Reddit的话要自己写代码

Report出来的东西，最好换换模型。试下来国内模型比较容易产生幻觉

总之，自己改一下，
绝壁是一个超级优秀的产品，对自己学习或者内容输出各方面超级有用

开源地址:
https://t.co/sZDNkFKMbr","zh","Quoted","serva huang","servasyy","933311","67","461","11","2263","2856","2025-11-07 08:08:55","https://x.com/servasyy/status/1986586625141579987","<a href=""https://mobile.twitter.com"" rel=""nofollow"">Twitter Web App</a>","","","photo","https://pbs.twimg.com/media/G5HFyTjbAAA6Iem.jpg
https://pbs.twimg.com/media/G5HDXlqbIAIUg-q.jpg
https://pbs.twimg.com/media/G5HDXl3bIAI9daG.jpg"
"1986641422628626697","体制内30年，45岁的我，选择了辞职创业，
一年后，公司营收突破3亿。

1994年走进那家央企，从中专毕业的放样工起步。没有背景，没有捷径，只有一路自学、熬夜、自修，读完MBA。我相信：实力，才是属于自己的机会。

1998年，买了人生第一台电脑——奔腾133。从此，每个深夜都交给了PS、3Dmax、Flash……

2000年，做出第一支MV，挣了800块。那不只是第一笔外快，更是一个信号：掌握技能，才能真正掌握选择权。

2020年，疫情居家期间，我开始写公众号。不谈鸡汤，只写我懂的项目管理和职场成长。无心插柳，一年写作收入超过1.5万。那种创造的快感，久违而真实。

2024年7月，我正式离开体制。与朋友合伙创业，他负责海外，我主攻国内。如今我们营收突破3亿，不再为系统打工，而是为自己的梦想奔跑。

总有人问：快五十了，还折腾什么？我说：人生下半场，不该是熬日子，而是一次主动重启。

接下来，我会在这里，持续分享从体制内到创业者的真实历程——没有滤镜，只有转变。","zh","Origin","淘沙者(TheSandPicker)","Etudecn","92814","59","11","12","175","102","2025-11-07 11:46:39","https://x.com/Etudecn/status/1986641422628626697","<a href=""https://mobile.twitter.com"" rel=""nofollow"">Twitter Web App</a>","","","photo","https://pbs.twimg.com/media/G5H3v1jbIAUi5x8.png
https://pbs.twimg.com/media/G5H3xTDbIAcwHYE.jpg
https://pbs.twimg.com/media/G5H3ys1bIAAYKL7.jpg
https://pbs.twimg.com/media/G5H3zoDbIAQ1RN6.png"
"1986818574694945203","@Etudecn 一年三亿！","zh","Reply","左岸森","rgsen8","240","1","0","0","0","0","2025-11-07 23:30:36","https://x.com/rgsen8/status/1986818574694945203","<a href=""http://twitter.com/download/iphone"" rel=""nofollow"">Twitter for iPhone</a>","","","",""
"1986668797768704255","畸形的感情帖刷多了，突然看到干净爽朗的情侣，一下就感到如沐春风，像秋日坐在公园的长椅上，看向亮莹莹的海面那样舒服。说到这里，我都深呼吸了一次，祝福 https://t.co/CPOSdSq502","zh","Origin","vivi","vivi08377439","1639693","213","158","17","6250","752","2025-11-07 13:35:26","https://x.com/vivi08377439/status/1986668797768704255","<a href=""https://mobile.twitter.com"" rel=""nofollow"">Twitter Web App</a>","","","photo","https://pbs.twimg.com/media/G5IQbtcbIAA1JhR.jpg"
"1986816786877034678","@vivi08377439 祝福🎁","ja","Reply","左岸森","rgsen8","405","0","0","0","0","0","2025-11-07 23:23:29","https://x.com/rgsen8/status/1986816786877034678","<a href=""http://twitter.com/download/iphone"" rel=""nofollow"">Twitter for iPhone</a>","","","",""
"1986775154991513832","生活总是以片刻的欢愉引诱着我们，却因此付出了一生的辛劳。

在尼罗河流域的一个乡村，人们每月拿着六百块工资，二百住，二百吃，二百看病或喝酒，大致这样，月月如此。这样的人生很苦，日子平淡。可一到晚上，他们就能唱到天亮，跳到天亮，乐在其中，好像太阳落山就能取消苦难。

他们对人生没有什么期盼，自然也不会贷款。

我们常常以一种更远的眼光来决定当下的生活。我们擅长规划人生，计算未来，把每一笔开销都纳入理性的账本。房价、保险、理财，康波定律，凯利公式。而他们之中可能有人三十岁了，连下一周去哪儿打工都不知道，却从不焦虑。

他们的公式是玉米乘以根号K方分之3X+Y除以氯化钠加上朝鲜人参。

这样的对比能修正过远的抱负。过度追求完美的人，往往迈不出脚下这一步。

能力小，看一年；能力大，看三年；只有国家才能看五年十年。所以成事的秘诀在于找到能力和时间的平衡。

看得越远的人越容易被远方困住。
看得刚好的人，才能走得稳。

#一点思考","zh","Origin","左岸森","rgsen8","5551","4","3","2","23","11","2025-11-07 20:38:04","https://x.com/rgsen8/status/1986775154991513832","<a href=""http://twitter.com/download/iphone"" rel=""nofollow"">Twitter for iPhone</a>","#一点思考","","",""
"1986781013662658909","@rgsen8 昨天看圆桌派，讲述中国式父母，辛辛苦苦攒钱，到最后生病还是一无所有，一直思考未来和当下到底普通人应该怎么办呢。下个推文能否出个关于这个","zh","Reply","Nice奈斯","Liu70996005","282","1","0","0","1","0","2025-11-07 21:01:20","https://x.com/Liu70996005/status/1986781013662658909","<a href=""http://twitter.com/download/iphone"" rel=""nofollow"">Twitter for iPhone</a>","","","",""
"1986781455704526853","@Liu70996005 明白，安排！","ja","Reply","左岸森","rgsen8","202","0","0","0","2","0","2025-11-07 21:03:06","https://x.com/rgsen8/status/1986781455704526853","<a href=""http://twitter.com/download/iphone"" rel=""nofollow"">Twitter for iPhone</a>","","","",""
"1986443732393337120","前女友系列大排名！

排名根据推友们的赞评转综合统计得出！

有没有你的意难平？你的心动女生是哪个？

欢迎评论区留下你的最佳“前女友”💗 https://t.co/5zeIVgt5P8","zh","Origin","古一","MANISH1027512","7958","16","6","2","55","28","2025-11-06 22:41:06","https://x.com/MANISH1027512/status/1986443732393337120","<a href=""http://twitter.com/download/iphone"" rel=""nofollow"">Twitter for iPhone</a>","","","photo","https://pbs.twimg.com/media/G5FEBtxW0AAAVAy.jpg"
"1986529391338303940","@MANISH1027512 我劝你开一个最佳现女友，然后把四号放第一","zh","Reply","左岸森","rgsen8","223","2","0","0","6","0","2025-11-07 04:21:29","https://x.com/rgsen8/status/1986529391338303940","<a href=""http://twitter.com/download/iphone"" rel=""nofollow"">Twitter for iPhone</a>","","","",""
"1986080872525615447","人一定要保持自主性。

前段时间结识一个79年的朋友，干钢结构。这老哥说话喷火，一晚能掀十个桌，到处有老婆。办事极老练，社交有章法，跟着现在这个老板干了十几年，一把手。

他老板更不是小角色，钢构项目遍布非洲，还在塞舌尔岛上开酒店、建缆车、搞旅游区，风风火火。这样的老板一定是强势的老板。一般人在他手下混，十年八年如一日。

老哥和我说，这回老板又接了新项目，还是交给他。

我想你俩十几年交情，这事顺利地云淡风轻。

但他不会把自主权交给别人哪怕一秒钟。抬价，安排不到位就退休，不接就是不接。听着狂，实则最稳，必拿下，清楚自己值什么，而事实也正如此。

而上班族很少有这样的“强势文化”。他们从二十几岁应聘开始就硬不起来，努力工作是为了被别人认可，离开了别人的规矩反而不自在，也不清楚自己的价值所在。

糊涂啊。

失去自主性即失去一切，正所谓他人即地狱。

#讲个故事","zh","Origin","左岸森","rgsen8","583996","32","76","10","677","373","2025-11-05 22:39:14","https://x.com/rgsen8/status/1986080872525615447","<a href=""http://twitter.com/download/iphone"" rel=""nofollow"">Twitter for iPhone</a>","#讲个故事","","",""
"1986267568450232762","@rgsen8 一晚上掀翻十几桌，他是嫌朋友多，还是嫌身上痒，到处有老婆，他是长了50个蛋还是八十个屌，还是钱多的没地儿花。你妈的逼编故事能不能注意下逻辑","zh","Reply","Slice Toast","luomanmandunzi","5536","2","0","0","16","0","2025-11-06 11:01:06","https://x.com/luomanmandunzi/status/1986267568450232762","<a href=""https://mobile.twitter.com"" rel=""nofollow"">Twitter Web App</a>","","","",""
"1986509540506927614","@luomanmandunzi 着相了","ja","Reply","左岸森","rgsen8","3369","0","0","0","2","0","2025-11-07 03:02:36","https://x.com/rgsen8/status/1986509540506927614","<a href=""http://twitter.com/download/iphone"" rel=""nofollow"">Twitter for iPhone</a>","","","",""
"1986069573364256853","Write first word you see https://t.co/1FWUdAuFsZ","en","Origin","Rumi","rumilyrics","4990491","34444","3055","4385","32907","4190","2025-11-05 21:54:20","https://x.com/rumilyrics/status/1986069573364256853","<a href=""http://twitter.com/download/android"" rel=""nofollow"">Twitter for Android</a>","","","photo","https://pbs.twimg.com/media/G4_vv4FXsAAqTf_.jpg"
"1986507041309950149","@rumilyrics POWERFUL","en","Reply","左岸森","rgsen8","33","0","0","0","0","0","2025-11-07 02:52:40","https://x.com/rgsen8/status/1986507041309950149","<a href=""http://twitter.com/download/iphone"" rel=""nofollow"">Twitter for iPhone</a>","","","",""
"1986441676013895700","偶然读了读自己的书摘，分享一段丰富的：

一切学习与思考的目的，并不都是为了可用，更是为了心灵的自我完善。

我能给你的建议只是：直面烦恼认清孤独，而不是躲避它、拖延它。内心丰富的人，一生都要与之打交道；而对之过多的恐惧，只是青春期的特有现象。就像你，考试之前紧张，一进考场反倒镇静下来了。就像亚当、夏娃，刚出伊甸园，恐惧尤甚，一旦上路则别有洞天。

要紧的是果断地迈出第一步，对与错先都不管。自古就没有把一切都设计好再开步的事。

记得有位大学问家说过这样的意思：别想把一切都弄清楚，再去走路；比如路上有很多障碍，将其清理到你能走过去就好，无需全部清除干净。

鲁莽者要学会思考，善思者要克服的是犹豫。目的渴求完美，举步之计则无需周全。就像潘多拉盒子，每一答案都包含更多疑问；走路也如是，一步之后方见更多条路。更多条路，又只能选其一条。又是不可能先把每条都探清后再决定走哪一条。永远都是这样，所以过程重于目的。

当然，目的不可没有。但真正的目的在于人自身的完善。而完善，惟可于过程中求得。

史铁生.我或者“我”

当时附注了弗罗斯特.未选择的路

黄昏的树林里分出两条路，
可惜我不能同时去涉足，
我在那路口久久伫立，
我向着一条路极目望去，
直到它消失在丛林深处。
但我选了另外一条路，
它荒草萋萋，十分幽寂，
显得更诱人，更美丽；
虽然在这条小路上，
很少留下旅人的足迹。
那天清晨落叶满地，
两条路都未经脚印污染。
啊，留下一条路等改日再见！
但我知道路径延绵无尽头，
恐怕我难以再回返。
也许多少年后在某个地方，
我将轻声叹息将往事回顾：
一片树林里分出两条路——
而我选择了人迹更少的一条，
从此决定了我一生的道路。

#摘一段话","zh","Tweet","左岸森","rgsen8","762","2","0","0","14","1","2025-11-06 22:32:56","https://x.com/rgsen8/status/1986441676013895700","<a href=""http://twitter.com/download/iphone"" rel=""nofollow"">Twitter for iPhone</a>","#摘一段话","","",""
"1986351093379703202","花了五块钱，让大佬查看下网站的 SEO 优化有没有问题，结果，就是啥都没问题。。。是不是花的钱太少了 https://t.co/9mMjpLdi0E","zh","Origin","江辰（JChenCode）","hezhiqianye","563","5","0","0","1","1","2025-11-06 16:32:59","https://x.com/hezhiqianye/status/1986351093379703202","<a href=""https://mobile.twitter.com"" rel=""nofollow"">Twitter Web App</a>","","","photo","https://pbs.twimg.com/media/G5DvhyVbIAMtRn7.jpg"
"1986408073611678056","@hezhiqianye 给我十块钱帮你找出一个问题😋","zh","Reply","左岸森","rgsen8","73","1","0","0","1","0","2025-11-06 20:19:25","https://x.com/rgsen8/status/1986408073611678056","<a href=""http://twitter.com/download/iphone"" rel=""nofollow"">Twitter for iPhone</a>","","","",""
"1986364839623536912","也就是我要完全把控这件事情，不然我就不做。
很精辟👍","zh","Tweet","左岸森","rgsen8","940","0","0","0","3","0","2025-11-06 17:27:37","https://x.com/rgsen8/status/1986364839623536912","<a href=""http://twitter.com/download/iphone"" rel=""nofollow"">Twitter for iPhone</a>","","","",""
"1986352884548837689","有很多道理 看着好像很糙，但的确有用，用老外说的一句话讲 叫街头智慧(street smart)

回到这个主题上来 自主性，其实很多人尤其是好好学生包括我，都是被规训到没有自主性的，所以到最后发现坑的时候已经无能为力的。

何为混社会的自主性？

也就是我要完全把控这件事情，不然我就不做。

这点太重要了

见过太多人听家里话掉坑里面了

见过太多人听领导话最后不得不背锅

见过太多人跟随老板创业掉坑的事情

都是没有把自己自己的位置摆正，把自己放在一个很重要的位置造就的。

而我们的教育正好是一个让我们放弃自主性的一个过程。","zh","Quoted","卫斯理","imwsl90","6228","0","2","2","4","7","2025-11-06 16:40:06","https://x.com/imwsl90/status/1986352884548837689","<a href=""http://twitter.com/download/android"" rel=""nofollow"">Twitter for Android</a>","","","",""
"1986277018435264612","@rgsen8 你可别扯淡了，就算皇上的儿子，十几岁就册封太子，在皇上和辅政大臣面前也得老老实实听话，有个鸡毛强势？人的自主权和强势都是用某一段时间失去自主权交换的，你从小到达都强势？凭啥啊？你比别人多长个几把么？","zh","Origin","wocao2023","wocao2029","17163","2","0","0","42","3","2025-11-06 11:38:39","https://x.com/wocao2029/status/1986277018435264612","<a href=""https://mobile.twitter.com"" rel=""nofollow"">Twitter Web App</a>","","","",""
"1986301009887699237","@wocao2029 你可以曲线救国，但是不能一辈子硬不起来","zh","Reply","左岸森","rgsen8","10913","1","0","0","8","0","2025-11-06 13:13:59","https://x.com/rgsen8/status/1986301009887699237","<a href=""http://twitter.com/download/iphone"" rel=""nofollow"">Twitter for iPhone</a>","","","",""
"1986077085077840309","历时2个月，终于拿到香港高才签证了🇭🇰 https://t.co/n0FfO7a1CB","zh","Origin","Jason Zhou","jasonzhouu","302191","94","17","5","534","180","2025-11-05 22:24:11","https://x.com/jasonzhouu/status/1986077085077840309","<a href=""https://mobile.twitter.com"" rel=""nofollow"">Twitter Web App</a>","","","photo","https://pbs.twimg.com/media/G4_2k50agAEewHI.jpg"
"1986135329674564042","@jasonzhouu 恭喜🎉","ja","Reply","左岸森","rgsen8","650","1","0","0","0","0","2025-11-06 02:15:37","https://x.com/rgsen8/status/1986135329674564042","<a href=""http://twitter.com/download/iphone"" rel=""nofollow"">Twitter for iPhone</a>","","","",""
"1986112386047082504","拆成小任务，精确性就有了，比如不想看书是因为还没有拿出书、翻开书。","zh","Tweet","左岸森","rgsen8","1472","0","0","0","10","3","2025-11-06 00:44:27","https://x.com/rgsen8/status/1986112386047082504","<a href=""http://twitter.com/download/iphone"" rel=""nofollow"">Twitter for iPhone</a>","","","",""
"1986111257544392931","分享一个直面人性、立刻就能摆脱拖延症的方法和底层原理。

秘诀就是暗示自己“只做5秒钟”

比如你要背单词，但是拖延症犯了，就告诉自己“就背1个单词”，因为只背1个单词很容易，心理会很容易接受，于是就会做出对应的行为。

当你背了第一个单词，这时候你会发现你会想继续下去而不是中途停止。

同样，当工作一天很累回到家时，你可以告诉自己，“我坐在电脑桌边休息”，这时候你就会很自然地打开电脑，习惯性地打开要学习或者工作副业的内容。

底层原理有两个

1. 第一个底层原理是“简单的心理暗示”，背20个单词可能是一个需要花费时间很长的过程，而背1个单词只是看一遍。

背一遍的动作，花费的时间会非常少，简单的程度类似于你喝了一口水，大脑会很容易接受。

2. 第二个底层原理是“沉没成本”，完成第一步的时候你就已经在“付出成本”了。

打开背单词app，打开书，坐到书桌旁边是沉没成本，由于你已经付出了这个第一步成本。你会很容易想到“把这件事情做完”","zh","Quoted","Pluviobyte | 出海","Pluvio9yte","1814","1","0","1","7","1","2025-11-06 00:39:58","https://x.com/Pluvio9yte/status/1986111257544392931","<a href=""http://twitter.com/download/iphone"" rel=""nofollow"">Twitter for iPhone</a>","","","photo","https://pbs.twimg.com/media/G5AVp-MXoAAsYle.jpg"
"1986092616841408851","@rgsen8 我感觉你在说我","zh","Origin","Mr Panda","PandaTalk8","34147","2","0","0","6","0","2025-11-05 23:25:54","https://x.com/PandaTalk8/status/1986092616841408851","<a href=""https://mobile.twitter.com"" rel=""nofollow"">Twitter Web App</a>","","","",""
"1986094572473081900","@PandaTalk8 你也可以在塞舌尔开度假村","zh","Reply","左岸森","rgsen8","28403","1","0","0","3","0","2025-11-05 23:33:40","https://x.com/rgsen8/status/1986094572473081900","<a href=""http://twitter.com/download/iphone"" rel=""nofollow"">Twitter for iPhone</a>","","","",""
"1986083305419387276","经常觉得做生意创业
都得有一点老一辈人做实业的江湖气","zh","Origin","RachelWu","RachelWu2000","2610","2","0","0","16","0","2025-11-05 22:48:54","https://x.com/RachelWu2000/status/1986083305419387276","<a href=""http://twitter.com/download/iphone"" rel=""nofollow"">Twitter for iPhone</a>","","","",""
"1986086212818669646","@rgsen8 一起努力💪","zh","Reply","RachelWu","RachelWu2000","61","1","0","0","1","0","2025-11-05 23:00:27","https://x.com/RachelWu2000/status/1986086212818669646","<a href=""http://twitter.com/download/iphone"" rel=""nofollow"">Twitter for iPhone</a>","","","",""
"1986086421275234755","@RachelWu2000 💪💪💪","qme","Reply","左岸森","rgsen8","14","0","0","0","0","0","2025-11-05 23:01:17","https://x.com/rgsen8/status/1986086421275234755","<a href=""http://twitter.com/download/iphone"" rel=""nofollow"">Twitter for iPhone</a>","","","",""
"1986084370902360411","@rgsen8 我只想知道如何认识这样干练的朋友，并让他告诉你这些事情。","zh","Origin","Jason Lee","skaas777","29921","1","0","0","8","0","2025-11-05 22:53:08","https://x.com/skaas777/status/1986084370902360411","<a href=""https://mobile.twitter.com"" rel=""nofollow"">Twitter Web App</a>","","","",""
"1986084820963717507","@skaas777 来我这手把手教你，159半小时🥺","zh","Reply","左岸森","rgsen8","25493","1","0","0","6","1","2025-11-05 22:54:55","https://x.com/rgsen8/status/1986084820963717507","<a href=""http://twitter.com/download/iphone"" rel=""nofollow"">Twitter for iPhone</a>","","","",""
"1986002339602329842","谷歌推出了一个新玩意叫 Pomelli，能提取网站的品牌视觉，生成海报。

直接输入一个网址，Pomelli 会自动分析网站的风格、配色、字体；再输入活动主题，Pomelli就会生成几套同款风格的海报设计图。

适合想快速生成活动图、促销图的运营人，或者有品牌但缺设计师的小团队。

这个工具目前还在测试阶段，有局限：
1. 可编辑性很低，只能改文案内容，不能改图片或字体
2. 生成质量一般，需要超分
3. IP限制美、加、澳、新西兰

但是能帮你省些事：
1. 能给出直观的风格参考
2. 能帮你写活动文案

要看作风格参考器，跟Canvas那样的编辑器不一样。更简单更小白，可以节省草稿时间、快速试出感觉。","zh","Tweet","左岸森","rgsen8","6550","3","0","1","22","30","2025-11-05 17:27:10","https://x.com/rgsen8/status/1986002339602329842","<a href=""http://twitter.com/download/iphone"" rel=""nofollow"">Twitter for iPhone</a>","","","photo","https://pbs.twimg.com/media/G4-ymJbXoAAKXBa.jpg"
"1985162164181881258","我在小红书上的号是浙大吴美律，消费一下母校😄然后发了这篇帖子后，有人留言说浙大就这水平？别给浙大丢脸了，坦白讲看到的时候是有点内耗的，但是转念一想，浙大就这水平，也没毛病，为啥呢，

我是浙大法律系的，没有编程基础，现在学编程3个月，我想问下程序员，你们大一刚入学3个月的时候，一定不会犯错吗？

常见的一个误区是，如果一个人很厉害（比如学历还可以），在任何领域都不应该犯低级错误，然而这个观点是不成立的，

比如我是律师，我就看到过很多老板，在签合同上犯巨大的错误，大到法律专业出身的人会觉得离谱，比如合同主体名称写错，比如给别人做担保却不自知。

他们在创业上是厉害的，但在法律上不专业，也没有经过系统学习，就是会犯严重错误。

所以我们可以提出一个假设：任何人在新领域学习新事物时，都会犯错。

我们还可以提出另一个假设：擅长调动资源、聪明的人可以快速走过这段犯错的时光，像我这样不擅长求助、比较笨的人，通过在X上发推，获得了很多大佬的留言帮助，其实也帮我快速走出弯路了。

犯错是很正常的，也并不可耻，而是一种正常现象。

国内的教育体制、竞争机制下，每个中国年轻人的容错率都很低，可能大家中学都被这么骂过：“这道题我讲了多少遍了，怎么还能错！（班主任怒吼ing）”，这导致大家对犯错的容忍度很低，似乎人人都应该像颜回一样不贰过。有些人因此厌蠢，本质是对自己犯错的恐惧，投射到了别人身上。

然而我想说的是，这种观念其实是阻碍大家进步的，我们上课的时候，比较难的知识点，都是要学一学期的，甚至很多知识点，到中高考也没真正掌握，大部分简单知识点，也不可能指望一次学习就永远学会，学习就是这种缓慢而曲折的过程。

想通上面这点，其实我就完全放松了，现在我是一个工作之外业余时间刚学编程3个月的人，和AI协作的能力还有待提高，又没有找身边程序员朋友帮忙，同时忽略了夯实自己的编程基本功，所以走了些弯路，

如果不是发推，可能我还意识不到自己的问题，可能要走更久的弯路，可见多发推是件好事，我成长得更快了。

感谢panda总带我做推特，每天在群里看大家兴高采烈发推，互相up，更新的动力满满，群里也有大佬给我解答编程的问题，氛围真好！","zh","Origin","吴美律AI日记","wumeilv_ai","152018","40","7","11","101","35","2025-11-03 09:48:37","https://x.com/wumeilv_ai/status/1985162164181881258","<a href=""https://mobile.twitter.com"" rel=""nofollow"">Twitter Web App</a>","","","",""
"1985229065498788157","@wumeilv_ai 说明你正走在正确的路上，加油💪","zh","Reply","左岸森","rgsen8","98","0","0","0","2","0","2025-11-03 14:14:27","https://x.com/rgsen8/status/1985229065498788157","<a href=""http://twitter.com/download/iphone"" rel=""nofollow"">Twitter for iPhone</a>","","","",""
"1985224326350840271","由此可见大模型一定会像电力、电信那样，快速普及并成为一种基础建设。套壳是基本操作，也是最优选，没有什么可耻的。","zh","Tweet","左岸森","rgsen8","558","0","1","0","1","0","2025-11-03 13:55:37","https://x.com/rgsen8/status/1985224326350840271","<a href=""http://twitter.com/download/iphone"" rel=""nofollow"">Twitter for iPhone</a>","","","",""
"1985150960038257105","消息称苹果正在为 Siri 开发新版本

部分功能将依赖 Google 的 Gemini 模型

如复杂逻辑推理、搜索功能将由 Gemini 模型提供支持

核心 Siri 功能（如设备控制、本地任务执行等）仍由苹果自研模型负责。

似乎要抛弃 OpenAI，毕竟Google 每年还要给苹果几十亿美金🥲

用户在请求复杂查询（如多步骤逻辑推理、创意内容生成、网络搜索）时，Siri 会“委托”请求给 Gemini 模型处理。

这与苹果在搜索领域可能采用 Google Search 作为默认选项的逻辑类似。

据称 Google 将为苹果构建一个基于 Gemini 的定制模型，该模型运行在其 Private Cloud Compute 服务器上，避免直接暴露用户隐私。

Siri 不会直接整合 Google 服务

也不会显示 Gemini 的特性

而是“由 Gemini 模型在后台驱动”，Siri 的表现仍保持苹果的用户界面与体验风格。

新版 Siri 预计 2026年3月左右推出...","zh","Quoted","小互","imxiaohu","24143","14","5","6","67","13","2025-11-03 09:04:05","https://x.com/imxiaohu/status/1985150960038257105","<a href=""https://mobile.twitter.com"" rel=""nofollow"">Twitter Web App</a>","","","photo","https://pbs.twimg.com/media/G4ysRBVbEAAvn__.jpg"
"1984998665451139516","干中学","ja","Tweet","左岸森","rgsen8","463","0","0","0","2","0","2025-11-02 22:58:55","https://x.com/rgsen8/status/1984998665451139516","<a href=""http://twitter.com/download/iphone"" rel=""nofollow"">Twitter for iPhone</a>","","","",""
"1984927377215156621","为什么学了那么多，还是什么都不会？也许你的学习方法一开始就错了！

回想一下，是不是从小就被灌输这样的学习模式：先看教程，仔仔细细记笔记，然后感觉自己啥都学会了。结果呢？ 实际一上手，发现根本无从下手，之前学的全忘了

这就是学习界的“薛定谔的猫”，学了=没学

一个新的学习理念：“先做项目，只在卡住时才去搜索信息！

啥意思？ 就是别再死磕教程了！ 直接上手做，遇到问题再去查资料，解决问题！

一开始肯定会觉得很痛苦，各种报错，各种卡壳。 但相信我，这才是真正有效的学习！ 因为只有在实践中，你才会真正理解知识的含义，并牢牢记住它

为什么？ 因为：

“低需求” vs “高需求”： 先看教程时，你的大脑处于“低需求”状态，知识只是走马观花，转眼就忘。 而当你做项目遇到难题时，大脑会进入“高需求”状态，渴望获取知识来解决问题！ 这时候学到的东西，就像沙漠里的一滴水，会被大脑疯狂吸收！

“被动学习” vs “主动学习”： 看教程是被动接受知识，很容易昏昏欲睡。 而做项目是主动寻找知识，你会更有动力，更有成就感！

我自己也深受其益！ 以前喜欢把各种教程刷一遍，结果啥也没学会。 后来开始尝试做项目，遇到问题就搜索，虽然过程很痛苦，但最终学到了很多东西

所以，别犹豫了！ 开始你的第一个项目吧！","zh","Quoted","Ian (伊恩)","ianneo_ai","3882","7","3","3","31","21","2025-11-02 18:15:39","https://x.com/ianneo_ai/status/1984927377215156621","<a href=""https://mobile.twitter.com"" rel=""nofollow"">Twitter Web App</a>","","","photo","https://pbs.twimg.com/media/G4vgzZja8AA8IMZ.jpg"
"1984956848496333273","非洲人有无数苦难，没有一个能让非洲人归因于自己。

他们也习得性无助。

但是他们没有一点抑郁的理由。

对他们而言，非洲很大，路很长，人很多。
自己的命很短，钱很少，能力很小。
他们看到了这个事实，也接受这个事实。
这里的世界没有那么多奇迹，但每天都有事可做。 https://t.co/aqrJvYEeKv","zh","Tweet","左岸森","rgsen8","287","0","0","0","3","0","2025-11-02 20:12:46","https://x.com/rgsen8/status/1984956848496333273","<a href=""http://twitter.com/download/iphone"" rel=""nofollow"">Twitter for iPhone</a>","","","photo","https://pbs.twimg.com/media/G4v7uZKXgAA-RX-.jpg
https://pbs.twimg.com/media/G4v7uZOXwAA2WL3.jpg"
"1984950180232262115","心理学家塞利格曼做过一个实验：
狗被关在笼子里，地板会随机通电。
有的狗能跳出去逃避，有的狗不行。

几次之后，那些跳不出去的狗，大脑就会“学会”一种模式：

无论我做什么，都没用。

即使打开了笼子，也再也不尝试逃跑。

这就是“习得性无助”。

塞利格曼本人后来提出：

抑郁 = 习得性无助 + 消极归因方式

习得性无助造成了“无力”的体验，
而消极归因方式让这种无力感内化、固化、泛化、持续化，从而演变为抑郁。","zh","Tweet","左岸森","rgsen8","358","0","0","1","2","0","2025-11-02 19:46:16","https://x.com/rgsen8/status/1984950180232262115","<a href=""http://twitter.com/download/iphone"" rel=""nofollow"">Twitter for iPhone</a>","","","",""
"1984754249331589321","今天夜游觅食进了一家店，对桌坐着个美国老头，老板派头。立一部平板，一杯红酒，一瓶水，从我来前到走后，至少有整整五小时都在阅读，定力极强。莫名产生想和他下棋的冲动。

一万小时除以五等于五年半。

习惯的堆叠，或许成功的道路就是这么直白。","zh","Tweet","左岸森","rgsen8","261","0","1","0","1","0","2025-11-02 06:47:42","https://x.com/rgsen8/status/1984754249331589321","<a href=""http://twitter.com/download/iphone"" rel=""nofollow"">Twitter for iPhone</a>","","","",""
"1984718225436033426","下一个时代的电商
一定不再是广告营销
一定会是起量 信任 成交 转化

变成一个去中心化的平台，
素人投广，AI放大。

不会再依赖单个大号，
而是能低成本撬动成千上万素人同时发声，

本质上youmind这个产品的推广，
就是想学cluely只是没学明白。","zh","Retweet","RachelWu","RachelWu2000","2360","0","1","0","10","2","2025-11-02 04:24:33","https://x.com/RachelWu2000/status/1984718225436033426","<a href=""http://twitter.com/download/iphone"" rel=""nofollow"">Twitter for iPhone</a>","","","",""
"1984721838103023846","@yeel3001 叹为观止了刘总orz","zh","Origin","左岸森","rgsen8","43","1","0","0","0","0","2025-11-02 04:38:55","https://x.com/rgsen8/status/1984721838103023846","<a href=""http://twitter.com/download/android"" rel=""nofollow"">Twitter for Android</a>","","","",""
"1984461393417134542","原来潮汕话有英文翻译，Teochew。以后简历里也多会一个语言了😄。","zh","Origin","Walton 沃顿","0xwalton","433","2","0","0","2","0","2025-11-01 11:24:00","https://x.com/0xwalton/status/1984461393417134542","<a href=""http://twitter.com/download/iphone"" rel=""nofollow"">Twitter for iPhone</a>","","","",""
"1984496235797959150","@0xwalton 向李新野先生看齐🤤","ja","Reply","左岸森","rgsen8","114","1","0","0","0","0","2025-11-01 13:42:27","https://x.com/rgsen8/status/1984496235797959150","<a href=""http://twitter.com/download/iphone"" rel=""nofollow"">Twitter for iPhone</a>","","","",""
"1984090940777361566","早上看了一篇撩妹教程
评论区在骂娘的都是男的
点赞收藏的都是女的
总结：女性表示被撩到了，对对对，就是这样撩我；男性舔狗表示破防了。 https://t.co/QWUc6Sy5lB","zh","Origin","Jason Lee","skaas777","3240","2","1","1","6","3","2025-10-31 10:51:57","https://x.com/skaas777/status/1984090940777361566","<a href=""http://twitter.com/download/iphone"" rel=""nofollow"">Twitter for iPhone</a>","","","photo","https://pbs.twimg.com/media/G4joMJha8AYgQFd.jpg"
"1984197794056605961","@skaas777 好图，吃了","zh","Reply","左岸森","rgsen8","63","0","0","0","1","0","2025-10-31 17:56:33","https://x.com/rgsen8/status/1984197794056605961","<a href=""http://twitter.com/download/iphone"" rel=""nofollow"">Twitter for iPhone</a>","","","",""
"1984194174636429558","我早上开会
开完会健身
下午做产品设计
空了还得写推涨粉
半夜还得看美股
找各种利好利空
偶尔还得出差应酬见客户

而我的朋友你
只会在凌晨两点问我
这个男生为什么不理我了🌹 https://t.co/EZMkIc4cIB","zh","Origin","RachelWu","RachelWu2000","4484","13","2","0","44","5","2025-10-31 17:42:10","https://x.com/RachelWu2000/status/1984194174636429558","<a href=""http://twitter.com/download/iphone"" rel=""nofollow"">Twitter for iPhone</a>","","","photo","https://pbs.twimg.com/media/G4lGFYLaAAAIwiH.jpg"
"1984195638830272574","@RachelWu2000 让她找个牢坐","zh","Reply","左岸森","rgsen8","319","1","0","0","1","0","2025-10-31 17:47:59","https://x.com/rgsen8/status/1984195638830272574","<a href=""http://twitter.com/download/iphone"" rel=""nofollow"">Twitter for iPhone</a>","","","",""
"1984178045058527444","这阵子封号、限流的事很多。

饼干哥哥被封，大V流量骤降，换号也躲不过追踪。这些现象指向一个简单的事实：平台正在重新定义“谁值得被看见”。

Grok介入平台就意味着评分标准从“数据”转向“语义”。过去只能看数据，好比侧写，不够真实。现在直接看内容本身，反而利落。

过去靠字多、靠频繁发文可能就能撞上流量，

现在谁更有“活人感”，谁才会被推荐。

所以，那些仍能稳定增长的账号，
往往有这三个共通点：
1. 说“自己的事”。
2. 写“具体的场景”。
3. 有自然的互动节奏。

再给出三个猜想：
1. 第一人称叙事更容易获得认可，因为第一人称更容易写出有信息增量的内容，更有“活人感”。
2. 评分载体是单条推文，账号不为推文背书。低fo账号写出百万爆文完全可行。
3. 推荐算法不会基于账号信息，账号信息不影响推文搜索，热门搜索仍然是大流量来源。

强烈不建议靠复制粘贴刷存在感。一是容易被判定为低质量行为，二是靠数量拉起推荐，已经不再可行，三是增长的根本仍在于信任而不在于推文数据。

平台宁可短期误伤，也要让长期的生态更干净，让留下来的每个声音都是真实的、有“活人感”的。

所以，大V不是被限流，换号也不会被追踪。这些现象单纯是因为推文不够有“活人感”。

说到底，平台在提醒我们一个最简单的事实：
我们不是在对算法说话，我们是在对人说话。","zh","Origin","左岸森","rgsen8","3690","9","1","2","18","6","2025-10-31 16:38:04","https://x.com/rgsen8/status/1984178045058527444","<a href=""http://twitter.com/download/iphone"" rel=""nofollow"">Twitter for iPhone</a>","","","",""
"1984181552021225544","@rgsen8 想到一本书 - 如何讲好一个故事 好像是这个名字","zh","Reply","卫斯理","imwsl90","252","1","0","0","1","0","2025-10-31 16:52:00","https://x.com/imwsl90/status/1984181552021225544","<a href=""https://mobile.twitter.com"" rel=""nofollow"">Twitter Web App</a>","","","",""
"1984182084752261480","@imwsl90 好书，有机会一定读一下","zh","Reply","左岸森","rgsen8","109","0","0","0","0","0","2025-10-31 16:54:07","https://x.com/rgsen8/status/1984182084752261480","<a href=""http://twitter.com/download/iphone"" rel=""nofollow"">Twitter for iPhone</a>","","","",""
"1984180807830000109","推荐一下高能美女瑞秋姐@RachelWu2000 
“活人感”满分💯","zh","Origin","左岸森","rgsen8","338","1","0","0","1","0","2025-10-31 16:49:03","https://x.com/rgsen8/status/1984180807830000109","<a href=""http://twitter.com/download/iphone"" rel=""nofollow"">Twitter for iPhone</a>","","","",""
"1983934924852969481","一代人有一代人的叙事，技术的迭代远比我们想的快

18年，我本科是学语言学，刚入学的时候，因为在理工科院校，所以科研大创在做传统自然语言处理nlp，录语料库，语音标注，实习在英语流利说，搭语音类的评分模型。当时已经有人工智能这个概念但是好找工作的还是传统技术岗位，比如c++，java。

21年，辅修计算机，在北京百度科技园实习，做文心一言的产品经理，干了半年，当时属于自然语言处理部门，是个小组，产品和运营加起来10个人，对标的就是gpt3，但没人想好怎么产品化和界面化，ai也傻傻的。当时热门的部门是自动驾驶，好找工作的是懂计算机视觉的。

22年，我在伦敦读书，学计算机，chatgpt就出来了，所有学生都用他写代码作业，llm这个概念才被大家熟知。

直到现在，大模型的能力越来越强，各类垂类应用被大家开发和使用，ai能做的事情越来越多，普通的码农也就没这么好找工作了，也没这么多人想进大厂被消耗了。

下一个叙事是什么，谁都无法预测，当基本的劳动都被ai取代之后，人到底可以做什么，或许真的是天马行空，造火箭（确实是进了rklb股票，没有在推荐的意思）。","zh","Retweet","RachelWu","RachelWu2000","5624","3","1","0","31","13","2025-10-31 00:32:00","https://x.com/RachelWu2000/status/1983934924852969481","<a href=""https://mobile.twitter.com"" rel=""nofollow"">Twitter Web App</a>","","","",""
"1983760569607057724","赚钱分两步
1、找到答案
2、执行

如果你现在没有执行，说明你没有找到答案

如果你找到了答案，你现在应该执行

如果二者都不是，就与钱无缘","zh","Retweet","dontbesilent","dontbesilent12","4207","0","8","0","44","19","2025-10-30 12:59:10","https://x.com/dontbesilent12/status/1983760569607057724","<a href=""https://mobile.twitter.com"" rel=""nofollow"">Twitter Web App</a>","","","",""
"1983553864218353684","交作业 https://t.co/b6SSW1USa1","zh","Origin","Jason Lee","skaas777","483","6","0","0","8","1","2025-10-29 23:17:48","https://x.com/skaas777/status/1983553864218353684","<a href=""https://mobile.twitter.com"" rel=""nofollow"">Twitter Web App</a>","","","photo","https://pbs.twimg.com/media/G4b_tASWgAAV7kB.jpg
https://pbs.twimg.com/media/G4b_tASW0AAN5I5.jpg
https://pbs.twimg.com/media/G4b_tASXUAAEL6x.jpg
https://pbs.twimg.com/media/G4b_tAQXkAAoXzI.jpg"
"1983819571774857556","@skaas777 好看好看","ja","Reply","左岸森","rgsen8","15","1","0","0","1","0","2025-10-30 16:53:38","https://x.com/rgsen8/status/1983819571774857556","<a href=""http://twitter.com/download/iphone"" rel=""nofollow"">Twitter for iPhone</a>","","","",""
"1983575514963931173","@yeel3001 @xai 跟自己打不过就认定对面有外挂同理

连AI都觉得你的勤奋不可思议","zh","Origin","左岸森","rgsen8","22","1","0","0","0","0","2025-10-30 00:43:50","https://x.com/rgsen8/status/1983575514963931173","<a href=""http://twitter.com/download/iphone"" rel=""nofollow"">Twitter for iPhone</a>","","","",""
"1983573611144216982","@chimaosheriff 说来听听，让我也害怕害怕😧","zh","Origin","左岸森","rgsen8","478","0","0","0","1","0","2025-10-30 00:36:16","https://x.com/rgsen8/status/1983573611144216982","<a href=""http://twitter.com/download/iphone"" rel=""nofollow"">Twitter for iPhone</a>","","","",""
"1983251811394826583","余华说：“精神内耗，说白了就是自己心里的戏太多了。言未出，结局已演千百遍；身未动，心中已过万重山；行未果，假想苦难愁不展；事已毕，过往仍在脑中演。”","zh","Tweet","左岸森","rgsen8","165","0","0","0","3","1","2025-10-29 03:17:33","https://x.com/rgsen8/status/1983251811394826583","<a href=""http://twitter.com/download/iphone"" rel=""nofollow"">Twitter for iPhone</a>","","","",""
"1982900438442865142","@slOb225azEd4H0C 邪修又一次改变了世界","zh","Origin","左岸森","rgsen8","28","0","0","0","0","0","2025-10-28 04:01:19","https://x.com/rgsen8/status/1982900438442865142","<a href=""http://twitter.com/download/android"" rel=""nofollow"">Twitter for Android</a>","","","",""
"1982895424244724121","ShipAny Two 快要发布了。🚀 https://t.co/eZNEfu0xiI","zh","Origin","idoubi","idoubicc","5137","5","1","0","33","13","2025-10-28 03:41:24","https://x.com/idoubicc/status/1982895424244724121","<a href=""http://twitter.com/download/iphone"" rel=""nofollow"">Twitter for iPhone</a>","","","photo","https://pbs.twimg.com/media/G4So39OXMAAb4tD.jpg"
"1982899481826967565","@idoubicc 猫主子高低得拿一个最佳陪伴奖🏆","zh","Reply","左岸森","rgsen8","343","0","0","0","0","0","2025-10-28 03:57:31","https://x.com/rgsen8/status/1982899481826967565","<a href=""http://twitter.com/download/android"" rel=""nofollow"">Twitter for Android</a>","","","",""
"1982886441568088139","我下午 3 点的精神状态像是正常人夜里 3 点

我夜里 3 点的精神状态，感觉比正常人下午 3 点还兴奋 10 倍","zh","Origin","dontbesilent","dontbesilent12","5991","18","0","0","24","0","2025-10-28 03:05:42","https://x.com/dontbesilent12/status/1982886441568088139","<a href=""http://twitter.com/download/iphone"" rel=""nofollow"">Twitter for iPhone</a>","","","",""
"1982897002376769635","@dontbesilent12 dont哥always online🫡","en","Reply","左岸森","rgsen8","187","0","0","0","2","0","2025-10-28 03:47:40","https://x.com/rgsen8/status/1982897002376769635","<a href=""http://twitter.com/download/iphone"" rel=""nofollow"">Twitter for iPhone</a>","","","",""
"1982888353151496584","原来高手的裸辞只在一瞬间","zh","Tweet","左岸森","rgsen8","281","0","0","0","2","0","2025-10-28 03:13:18","https://x.com/rgsen8/status/1982888353151496584","<a href=""http://twitter.com/download/iphone"" rel=""nofollow"">Twitter for iPhone</a>","","","",""
"1982884681281602020","创业初期，我靠4个副业搞钱，拿回了现金流的掌控权。

很多人迟迟不敢全职创业，就是因为手上没有现金流会焦虑。但其实即使创业失败了，其他各方面的收入加起来也会比打工赚钱。

我曾是上海某大厂的AI产品经理，996，工作稳定，老实上班，从不思考额外收入。去年12月裸辞，我意识到不能啃老创业，焦虑感瞬间拉满。我决定：在产品拿到投资前，必须多方创收，给自己稳定的现金流。

第一个：海外大学生考前辅导。 利用高学历背景，线上辅导（一小时400-600），备考、写论文。这是所有高学历人群最快能赚到现金流的方式。
第二个：香港保险。 利用香港身份，考了保险牌照。不懈努力挖掘客户成交几单，一单就能赶上我之前上班一个月的收入。这是高客单价、高杠杆的变现方式。
第三个：兼职调酒师。 今年4月在西雅图考了调酒证，晚上兼职调酒，顺便也能自己喝点。这是在异国他乡的兴趣变现，也是保持社交和放松的方式。
第四个：美股交易。 今年四月底大回调，趁着这个时候无脑进的特斯拉、英伟达、苹果等等，目前都新高，也赚了不少。这是利用专业知识，让钱生钱。

所以就这样，从一个被996困住的打工人，变成了一个拥有多条现金流的“自由创业者”。

总结就是，当你没有退路的时候，就会想法设法搞钱。","zh","Quoted","RachelWu","RachelWu2000","45999","29","17","10","168","102","2025-10-28 02:58:42","https://x.com/RachelWu2000/status/1982884681281602020","<a href=""https://mobile.twitter.com"" rel=""nofollow"">Twitter Web App</a>","","","",""
"1982790506540061023","我在厨房洗碗

我儿子送给我的

他让我仔细看看🤦‍♂️🤦‍♂️🤦‍♂️ https://t.co/OZTPhayluB","zh","Origin","卫斯理","imwsl90","4058","7","0","1","10","6","2025-10-27 20:44:29","https://x.com/imwsl90/status/1982790506540061023","<a href=""http://twitter.com/download/iphone"" rel=""nofollow"">Twitter for iPhone</a>","","","photo","https://pbs.twimg.com/media/G4RJckcXQAEId2Y.jpg"
"1982857584546906390","@imwsl90 顶级思维","zh","Reply","左岸森","rgsen8","51","0","0","0","0","0","2025-10-28 01:11:02","https://x.com/rgsen8/status/1982857584546906390","<a href=""http://twitter.com/download/iphone"" rel=""nofollow"">Twitter for iPhone</a>","","","",""
"1982840029665018006","精益创新的五大原则：
用户导向（以用户为中心，不是自我为中心）
行动导向（行动优先于认知）
科学试错（通过科学试错深化认知）
目标可移（在实施的过程中不断修整创业路径）
快速迭代（用最低的成本，最快的速度迭代）

精益战略核心：小步快跑，快速迭代","zh","Tweet","左岸森","rgsen8","201","0","0","0","0","0","2025-10-28 00:01:17","https://x.com/rgsen8/status/1982840029665018006","<a href=""http://twitter.com/download/iphone"" rel=""nofollow"">Twitter for iPhone</a>","","","",""
"1636168286571483136","《精益创业》，亚马逊上高达1万多人打分4.6星，前些年在大陆也十分流行，谈创业必谈到这本书。

中英文下载：https://t.co/Ulq2Zx8Yu6 https://t.co/2x4EvWK6UB","zh","Quoted","亮子纠缠AI","ailiangzi","35109","4","93","2","286","51","2023-03-16 08:51:32","https://x.com/ailiangzi/status/1636168286571483136","<a href=""https://mobile.twitter.com"" rel=""nofollow"">Twitter Web App</a>","","https://github.com/henryhu712/books2/tree/master/The.Lean.Startup","photo","https://pbs.twimg.com/media/FrTVyyIaYAEpvGA.jpg
https://pbs.twimg.com/media/FrTV2rZaQAA3Okl.png
https://pbs.twimg.com/media/FrTV5SZagAAMoDo.png"
"1982801220558311760","说创业九死一生的就是扯淡， 你只要不整天做梦， 创业是获取财富最稳妥的办法。","zh","Retweet","Mr Panda","PandaTalk8","45150","49","20","4","223","58","2025-10-27 21:27:04","https://x.com/PandaTalk8/status/1982801220558311760","<a href=""https://mobile.twitter.com"" rel=""nofollow"">Twitter Web App</a>","","","",""
"1982781222737625092","@yeel3001 只是个要开始喊你刘总的家伙🙂","zh","Origin","左岸森","rgsen8","23","1","0","0","0","0","2025-10-27 20:07:36","https://x.com/rgsen8/status/1982781222737625092","<a href=""http://twitter.com/download/iphone"" rel=""nofollow"">Twitter for iPhone</a>","","","",""
"1982775349588136372","mark

商业的内核都是每个草台班子组成一个系统

先干，干没多少成本，想成本很大","zh","Tweet","左岸森","rgsen8","205","0","0","0","4","0","2025-10-27 19:44:16","https://x.com/rgsen8/status/1982775349588136372","<a href=""http://twitter.com/download/iphone"" rel=""nofollow"">Twitter for iPhone</a>","","","",""
"1982639072607932570","因为他们知道：

商业的内核都是每个草台班子组成一个系统
先干，干没多少成本，想成本很大","zh","Quoted","超级个体｜柿子","yaohui12138","1098","0","0","1","1","2","2025-10-27 10:42:45","https://x.com/yaohui12138/status/1982639072607932570","<a href=""https://mobile.twitter.com"" rel=""nofollow"">Twitter Web App</a>","","","",""
"1982773924359496014","@yeel3001 太猛了刘总，你是自己生产吗？","zh","Origin","左岸森","rgsen8","23","1","0","0","0","0","2025-10-27 19:38:36","https://x.com/rgsen8/status/1982773924359496014","<a href=""http://twitter.com/download/iphone"" rel=""nofollow"">Twitter for iPhone</a>","","","",""
"1982437335846551842","… https://t.co/7dv4Sjtn43","zxx","Origin","跑调的毕加索","Vox35112635","558955","321","30","8","995","183","2025-10-26 21:21:07","https://x.com/Vox35112635/status/1982437335846551842","<a href=""http://twitter.com/download/iphone"" rel=""nofollow"">Twitter for iPhone</a>","","","photo","https://pbs.twimg.com/media/G4MIPgxXEAAsk5f.jpg"
"1982766664757412140","@Vox35112635 这下好了都知道你又菜又爱玩了","zh","Reply","左岸森","rgsen8","353","0","0","0","0","0","2025-10-27 19:09:45","https://x.com/rgsen8/status/1982766664757412140","<a href=""http://twitter.com/download/iphone"" rel=""nofollow"">Twitter for iPhone</a>","","","",""
"1982459280482537842","朋友放弃浙大强基本博，申请港大语言学。

我想问题不大，偶尔奢侈一把也未尝不可。

风物长宜放眼量。","zh","Origin","左岸森","rgsen8","244","1","0","1","0","0","2025-10-26 22:48:19","https://x.com/rgsen8/status/1982459280482537842","<a href=""http://twitter.com/download/iphone"" rel=""nofollow"">Twitter for iPhone</a>","","","",""
"1982490306911322132","@rgsen8 哈哈哈我本科学的就是语言学，这东西真的挺难，要会句法、语音、脑电、心理、哲学等等；因为这个赛道太窄所以读出来可以当大学老师或者去大厂做nlp语言学方向专家","zh","Reply","RachelWu","RachelWu2000","127","1","0","0","1","0","2025-10-27 00:51:36","https://x.com/RachelWu2000/status/1982490306911322132","<a href=""https://mobile.twitter.com"" rel=""nofollow"">Twitter Web App</a>","","","",""
"1982516990242906119","@RachelWu2000 这好巧啊😧 你出来以后什么感受","zh","Reply","左岸森","rgsen8","25","1","0","0","0","0","2025-10-27 02:37:38","https://x.com/rgsen8/status/1982516990242906119","<a href=""http://twitter.com/download/iphone"" rel=""nofollow"">Twitter for iPhone</a>","","","",""
"1982463791100006511","香农的全名是 Claude Elwood Shannon

画家莫奈的全名是 Claude Monet

作曲家德彪西的全名是 Claude Debussy

还有法国哲学家Claude Lévi-Strauss

你可能再找不出第二个像Claude这样传奇的名字了","zh","Tweet","左岸森","rgsen8","405","0","0","1","4","0","2025-10-26 23:06:14","https://x.com/rgsen8/status/1982463791100006511","<a href=""http://twitter.com/download/iphone"" rel=""nofollow"">Twitter for iPhone</a>","","","",""
"1982336029714690173","刚发现，Claude 是致敬“香农” - 《信息论》的作者，香农很多人都知道，他全名是：Claude Shannon。 https://t.co/9K4NnFzH2X","zh","Quoted","👈 李浪溪 | 三维整合成长陪伴者","SeabornLi","2579","0","0","2","2","1","2025-10-26 14:38:34","https://x.com/SeabornLi/status/1982336029714690173","<a href=""https://mobile.twitter.com"" rel=""nofollow"">Twitter Web App</a>","","","photo","https://pbs.twimg.com/media/G4KrR58W8AAc6m_.jpg"
"1981936716769362348","5000fo达成✅打卡留念

今天生日收到了最好的礼物🎁

承蒙大家厚爱，从0到5000竟然只用了24天，真的没想到😊

一开始是想做个技术博主，没想到歪打正着成了AI摄影师🤣

从vibe coding到vibe shooting，

只为在你纷繁复杂的timeline中，增加一抹亮色

另外也感谢熊老板@PandaTalk8 和老卫@imwsl90 的优质社群和众多优秀群友托举，帮助我度过了艰难的冷启动期🙏🏻

后续会继续给大家带来更多优秀作品， 想看什么风格都可以留言告诉我哦（瑟瑟除外）

所以，今年能破万fo吗？🧐","zh","Origin","古一","MANISH1027512","3743","23","0","1","35","1","2025-10-25 12:11:50","https://x.com/MANISH1027512/status/1981936716769362348","<a href=""http://twitter.com/download/iphone"" rel=""nofollow"">Twitter for iPhone</a>","","","photo","https://pbs.twimg.com/media/G4FA74TWAAA315E.jpg"
"1981982332988096908","@MANISH1027512 @PandaTalk8 @imwsl90 恭喜恭喜，祝早日破万fo🎁","zh","Reply","左岸森","rgsen8","30","1","0","0","2","0","2025-10-25 15:13:06","https://x.com/rgsen8/status/1981982332988096908","<a href=""http://twitter.com/download/iphone"" rel=""nofollow"">Twitter for iPhone</a>","","","",""
"1981827041772417438","我眼中的「出海3.0」时代已经到来 🚀：

出海1.0: 货出海。核心是供应链，把义乌小商品卖到全球。
出海2.0: 品牌出海。核心是产品力，让世界认 DJI、Anker。
出海3.0: 叙事出海。核心是影响力，输出像《黑神话：悟空》这样的文化符号和故事。
AI 时代，最高维的竞争终将是叙事权的竞争。","zh","Origin","YC (Yucheng Liu)","lyc_zh","97611","12","11","4","75","73","2025-10-25 04:56:01","https://x.com/lyc_zh/status/1981827041772417438","<a href=""https://typefully.com/"" rel=""nofollow"">Typefully</a>","","","",""
"1981971500656689450","@lyc_zh 叙事权👍
或者说文化影响力、软实力","zh","Reply","左岸森","rgsen8","555","0","0","0","2","0","2025-10-25 14:30:03","https://x.com/rgsen8/status/1981971500656689450","<a href=""http://twitter.com/download/iphone"" rel=""nofollow"">Twitter for iPhone</a>","","","",""
"1981200872245006474","https://t.co/RKsHsw0T9F","zxx","Origin","hsn","hsn8086","257761","13","75","2","3487","78","2025-10-23 11:27:51","https://x.com/hsn8086/status/1981200872245006474","<a href=""https://mobile.twitter.com"" rel=""nofollow"">Twitter Web App</a>","","","photo","https://pbs.twimg.com/media/G36jr_qXYAAAZlM.jpg"
"1981781455207354441","@slOb225azEd4H0C @hsn8086 一只魔鬼","ja","Reply","左岸森","rgsen8","171","0","0","0","0","0","2025-10-25 01:54:53","https://x.com/rgsen8/status/1981781455207354441","<a href=""http://twitter.com/download/iphone"" rel=""nofollow"">Twitter for iPhone</a>","","","",""
"1981743504217801122","好胜心决定下限，好奇心决定上限。","zh","Origin","左岸森","rgsen8","103","1","1","0","2","0","2025-10-24 23:24:05","https://x.com/rgsen8/status/1981743504217801122","<a href=""http://twitter.com/download/iphone"" rel=""nofollow"">Twitter for iPhone</a>","","","",""
"1981778782324478382","@yeel3001 好色心也很重要，而且自有大儒会为我辩经 https://t.co/XgQRqqFUfr","zh","Reply","左岸森","rgsen8","32","0","1","0","2","0","2025-10-25 01:44:16","https://x.com/rgsen8/status/1981778782324478382","<a href=""http://twitter.com/download/iphone"" rel=""nofollow"">Twitter for iPhone</a>","","","photo","https://pbs.twimg.com/media/G4CxSuuWoAAK_e2.jpg"
"1973387346549653656","Sora邀请码接力，建了一个微信群。
- 群里分享可用的邀请码。
- 👉 注册成功后把邀请码再反馈到群里，继续传递给其他人。
还有提示词交流群，分享交流有意思的提示词🏆国庆来这玩 https://t.co/lDzVpmTpY0","zh","Origin","左岸森","rgsen8","1201","1","0","0","0","0","2025-10-01 21:59:41","https://x.com/rgsen8/status/1973387346549653656","<a href=""http://twitter.com/download/iphone"" rel=""nofollow"">Twitter for iPhone</a>","","","photo","https://pbs.twimg.com/media/G2LhUmRXcAEveRb.jpg
https://pbs.twimg.com/media/G2LhUmaW8AAq_Na.jpg"
"1976481413542314070","@rgsen8 二维码过期了","zh","Reply","bowenzuo","bowenzuo172700","15","1","0","0","0","0","2025-10-10 10:54:24","https://x.com/bowenzuo172700/status/1976481413542314070","<a href=""http://twitter.com/download/iphone"" rel=""nofollow"">Twitter for iPhone</a>","","","",""
"1981362952931266609","@bowenzuo172700 新的二维码 https://t.co/HXPWyTmC7a","zh","Reply","左岸森","rgsen8","17","0","0","0","0","0","2025-10-23 22:11:54","https://x.com/rgsen8/status/1981362952931266609","<a href=""http://twitter.com/download/iphone"" rel=""nofollow"">Twitter for iPhone</a>","","","photo","https://pbs.twimg.com/media/G383GakWoAAcb44.jpg"
"1981339398039036101","很喜感🌝 https://t.co/EZuJ5IRrAH","zh","Tweet","左岸森","rgsen8","173","0","0","0","2","0","2025-10-23 20:38:18","https://x.com/rgsen8/status/1981339398039036101","<a href=""http://twitter.com/download/iphone"" rel=""nofollow"">Twitter for iPhone</a>","","","photo","https://pbs.twimg.com/media/G38hq2SX0AAQ1Wo.jpg"
"1981338048815387037","今日最佳！

提示词 @WMLabs_Cloud

生成一张三拼图格式的艺术感写真图，每张图固定比例4:3，海边写真图，场景为海边沙滩，天空呈淡紫与灰色渐变，海面平静。画面中有人物和参考图一致。上部第一张为近景，站在沙滩上的背影，头发被风吹起，添加中英字幕“海的那边是什么- What's beyond the sea?”，

中部第二张是手持橙色花束，侧身站立于海边，添加中英字幕“你不用告诉我- you don't have to tell me”;下部第三张是面部特写，头发随风飘动，添加中英字幕“我自己会去看-l will go and see it myself”。整体色调清冷三张图合成一个三宫格。比例 3:4","zh","Quoted","少个分号","shaogefenhao","5146","1","1","1","21","22","2025-10-23 20:32:56","https://x.com/shaogefenhao/status/1981338048815387037","<a href=""http://twitter.com/download/android"" rel=""nofollow"">Twitter for Android</a>","","","photo","https://pbs.twimg.com/media/G38gdGqXAAA2kL1.jpg"
"1980789375459094573","请克制住看见一个新东西还没使用或者思考就想吹上天的冲动。","zh","Origin","BECOOL","becool_me","434","2","1","0","1","0","2025-10-22 08:12:43","https://x.com/becool_me/status/1980789375459094573","<a href=""https://mobile.twitter.com"" rel=""nofollow"">Twitter Web App</a>","","","",""
"1980815993032306855","@becool_me 哈哈 很多自媒体 也许自己还没体验 但是视频吹的自己是资深使用者一样
现在就是 看到新东西 跟风吹 吹完反正流量有了 东西好不好和我有啥关系 
然后自媒体的风气就越来越差了","zh","Reply","AI产品玩家","AIPMLogi","202","2","0","0","2","0","2025-10-22 09:58:29","https://x.com/AIPMLogi/status/1980815993032306855","<a href=""https://mobile.twitter.com"" rel=""nofollow"">Twitter Web App</a>","","","",""
"1981330930011705397","@AIPMLogi @becool_me 真实","zh","Reply","左岸森","rgsen8","20","0","0","0","0","0","2025-10-23 20:04:39","https://x.com/rgsen8/status/1981330930011705397","<a href=""http://twitter.com/download/iphone"" rel=""nofollow"">Twitter for iPhone</a>","","","",""
"1980999220397302031","我不能是最后一个发现这个的吧？ https://t.co/eMFmFSrhba","zh","Tweet","左岸森","rgsen8","102","0","0","0","2","0","2025-10-22 22:06:33","https://x.com/rgsen8/status/1980999220397302031","<a href=""http://twitter.com/download/iphone"" rel=""nofollow"">Twitter for iPhone</a>","","","photo","https://pbs.twimg.com/media/G33sSaMWQAEjVkZ.jpg"
"1980997150906663012","相对更流行的方式是：

1. 框架：Next.js
2. 平台：Vercel
3. 代码：Claude Code，前端能力强
4. UI库：shadcn，其它也可以
     特效库：ReactBits，不用也可以
5. 数据库：Supabase
6. OA：BetterAuth，功能强大但配置不如NextAuth简单
7.  邮件：Resend
8. 支付：Creem早期过渡，尽早上Stripe","zh","Tweet","左岸森","rgsen8","855","1","1","0","7","15","2025-10-22 21:58:20","https://x.com/rgsen8/status/1980997150906663012","<a href=""http://twitter.com/download/iphone"" rel=""nofollow"">Twitter for iPhone</a>","","","",""
"1980409457504055733","推荐一套快速开发海外产品的技术栈：

1. 应用框架：Next.js
2. 部署平台：Vercel 🤣
3. UI 组件库：shadcn
4. AI 组件工具：v0
5. 数据库和 ORM：Prisma
6. 用户认证：Better Auth
7. 邮件服务：Resend
8. 支付方案：Polar

快来锐评一下！ https://t.co/HYO86K10gN","zh","Quoted","出海去孵化器","chuhaiqu","3931","3","3","1","20","41","2025-10-21 07:03:03","https://x.com/chuhaiqu/status/1980409457504055733","<a href=""https://typefully.com/"" rel=""nofollow"">Typefully</a>","","","photo","https://pbs.twimg.com/media/G3vT6AsacAU1m3J.png"
"1975878780825772139","https://t.co/9zgEa6dILj","zxx","Tweet","左岸森","rgsen8","97","0","0","0","3","0","2025-10-08 18:59:46","https://x.com/rgsen8/status/1975878780825772139","<a href=""http://twitter.com/download/iphone"" rel=""nofollow"">Twitter for iPhone</a>","","","photo","https://pbs.twimg.com/media/G2u7Rc3WQAAKLoI.jpg"
"1973387346549653656","Sora邀请码接力，建了一个微信群。
- 群里分享可用的邀请码。
- 👉 注册成功后把邀请码再反馈到群里，继续传递给其他人。
还有提示词交流群，分享交流有意思的提示词🏆国庆来这玩 https://t.co/lDzVpmTpY0","zh","Tweet","左岸森","rgsen8","1201","1","0","0","0","0","2025-10-01 21:59:41","https://x.com/rgsen8/status/1973387346549653656","<a href=""http://twitter.com/download/iphone"" rel=""nofollow"">Twitter for iPhone</a>","","","photo","https://pbs.twimg.com/media/G2LhUmRXcAEveRb.jpg
https://pbs.twimg.com/media/G2LhUmaW8AAq_Na.jpg"
"1957195547250749778","https://t.co/5YY3dFT9mq","zxx","Tweet","左岸森","rgsen8","89","0","0","0","0","0","2025-08-18 05:39:16","https://x.com/rgsen8/status/1957195547250749778","<a href=""http://twitter.com/download/iphone"" rel=""nofollow"">Twitter for iPhone</a>","","","photo","https://pbs.twimg.com/media/Gyla-MlXUAAjptb.jpg"
"1925284705504538993","Google 这次发布的亮点，不在于生成效果胜过谁，而在于它不再强调模型能力本身，而是把重点落在工具和接口的衔接。

简单说，OpenAI 展示了“模型”，而 Google 发布的是“模型应该如何在真实系统中运作”。

最强的AI，不一定做得最多，但可能是配得上最多任务的那个。","zh","Tweet","左岸森","rgsen8","132","0","1","0","0","0","2025-05-22 04:16:58","https://x.com/rgsen8/status/1925284705504538993","<a href=""http://twitter.com/download/iphone"" rel=""nofollow"">Twitter for iPhone</a>","","","",""
"1920441750797136039","Macbook ChAir https://t.co/VIKRGa6oBc","fr","Tweet","左岸森","rgsen8","96","0","0","0","0","0","2025-05-08 19:32:48","https://x.com/rgsen8/status/1920441750797136039","<a href=""http://twitter.com/download/iphone"" rel=""nofollow"">Twitter for iPhone</a>","","","photo","https://pbs.twimg.com/media/GqbHlY4XsAAeq7G.jpg"
"1909724463555293369","有时候还是要多出去看看，去感受不一样的人文，去发现新的美。

只有当你浸泡在完全不同的环境中，你才会真正放下。

那些异国的美景，美到能令人开悟。","zh","Tweet","左岸森","rgsen8","81","0","0","0","0","0","2025-04-09 05:46:07","https://x.com/rgsen8/status/1909724463555293369","<a href=""http://twitter.com/download/iphone"" rel=""nofollow"">Twitter for iPhone</a>","","","",""
"1908672883175403546","历史的车轮滚滚向前，全球正加速布局AI基础设施。

这不仅是风口，更是一场影响深远的工业革命。

快速试错，稳健发展，紧跟AI时代。

种一棵树最好的时间是十年前，其次是现在。与其临渊羡鱼，不如退而结网。

现在出发，尚不晚。

#AI  #IndustrialRevolution
#TechFuture  #DigitalEconomy https://t.co/zlhnhz5Msi","zh","Tweet","左岸森","rgsen8","90","0","0","0","0","0","2025-04-06 08:07:31","https://x.com/rgsen8/status/1908672883175403546","<a href=""http://twitter.com/download/iphone"" rel=""nofollow"">Twitter for iPhone</a>","#AI, #IndustrialRevolution, #TechFuture, #DigitalEconomy","","photo","https://pbs.twimg.com/media/Gnz33HQWQAAyiEf.jpg"
"1906804587295564235","掌握常规的专业软件+新兴的技术栈/工作流

再借助各路AI完成创意和各种杂事

似乎已经可以实现99%的需求🤔","zh","Tweet","左岸森","rgsen8","87","0","0","0","0","0","2025-04-01 04:23:34","https://x.com/rgsen8/status/1906804587295564235","<a href=""http://twitter.com/download/iphone"" rel=""nofollow"">Twitter for iPhone</a>","","","",""
"1906401927631360061","个人成长是第一位，其他随缘就好。 https://t.co/Ic0TCYvn3b","zh","Tweet","左岸森","rgsen8","86","0","0","0","2","0","2025-03-31 01:43:33","https://x.com/rgsen8/status/1906401927631360061","<a href=""http://twitter.com/download/iphone"" rel=""nofollow"">Twitter for iPhone</a>","","","photo","https://pbs.twimg.com/media/GnTmclqWgAAMcU_.jpg"
"1836097993797513299","人有悲欢离合，月有阴晴圆缺，此事古难全。
但愿人长久，千里共婵娟。 https://t.co/Ym0r265eQl","zh","Tweet","左岸森","rgsen8","110","0","0","0","0","0","2024-09-18 01:40:49","https://x.com/rgsen8/status/1836097993797513299","<a href=""http://twitter.com/download/iphone"" rel=""nofollow"">Twitter for iPhone</a>","","","photo","https://pbs.twimg.com/media/GXshZBHbYAAw-aA.jpg"
