﻿"User ID","Name","Username","Bio","Tweets Count","Followers Count","Following Count","Favourites Count","Media Count","Professional","Location","Website","Verified","Is Blue Verified","Verified Type","Protected","Can DM","Created At","Profile URL","Avatar URL","Profile Banner URL"
"1280882761100910598","比特进","roger73005305","#Bitget 注册进群:https://t.co/ywqSbJVvAE
#valuescan  邀请码: A6VUDJ","18500","59844","995","8819","3056","金融服务","Poland","https://www.valuescan.io/login?inviteCode=A6VUDJ","false","true","","false","true","2020-07-08 23:13:55","https://x.com/roger73005305","https://pbs.twimg.com/profile_images/1931553533041819648/Vn71V0qK_400x400.jpg",""
"1976131804437544962","xaicreator","xaicreatorcom","Your AI Agent help you to draft, schedule & grow on X 

For creators, agencies & companies","2","92","1","5","2","","","https://xaicreator.com","false","false","","false","false","2025-10-09 11:45:19","https://x.com/xaicreatorcom","https://pbs.twimg.com/profile_images/1986431543259369472/huYkmMf6_400x400.jpg","https://pbs.twimg.com/profile_banners/1976131804437544962/1762437165"
"839464991510020097","AI自动化坤哥","noexcuse555","95后｜连续创业10年｜做过日入百万的IP产品
用n8n+AI帮你搭建自动赚钱系统
每周分享可落地工作流","234","3969","98","279","73","社交媒体影响者","免费社群👉","https://www.skool.com/aiagent-2146/about?ref=6d304c88a49e4ecab501b3888c816aa7","false","true","","false","true","2017-03-08 21:17:05","https://x.com/noexcuse555","https://pbs.twimg.com/profile_images/1986306052078587904/O8-eipb__400x400.jpg","https://pbs.twimg.com/profile_banners/839464991510020097/1762407243"
"1830732320967671808","Conductor","conductor_build","Run a team of coding agents on your Mac.","101","3999","7","262","7","","","http://conductor.build","false","true","","false","false","2024-09-03 06:20:10","https://x.com/conductor_build","https://pbs.twimg.com/profile_images/1978565082876665857/z09F5qO3_400x400.jpg","https://pbs.twimg.com/profile_banners/1830732320967671808/1760552391"
"1114178203713540096","噪点noisepoint","noisepoint_agi","野生AI驯化员 ｜关注VIBE CODING与AIGC｜产品｜创过业｜ 互联网｜INTJ ｜读书 ｜个人成长","1119","1019","175","2308","103","","","","false","true","","false","false","2019-04-05 22:49:18","https://x.com/noisepoint_agi","https://pbs.twimg.com/profile_images/1971231071904595968/QpVvT0Z8_400x400.jpg",""
"577995721","bliss","xuser_24678","","1","11","755","49","0","","","","false","false","","false","false","2012-05-12 19:59:57","https://x.com/xuser_24678","https://pbs.twimg.com/profile_images/1726135101531291648/bFpmEZI-_400x400.jpg","https://pbs.twimg.com/profile_banners/577995721/1762228673"
"1278213605779886080","Elizabeth伊丽莎白","Elizabethofyou","#bitcoin holder since 2019 | degen trader $wif $trump 50x ｜#defi Youtuber 社区https://t.co/B2w8J7Rtoi 购买数字货币用 https://t.co/dPCsuM8TXW","21547","136251","1662","33353","2054","金融服务","base in Dubai 🇦🇪","https://linktr.ee/2049elizabeth","false","true","","false","true","2020-07-01 14:27:34","https://x.com/Elizabethofyou","https://pbs.twimg.com/profile_images/1675021641888436225/7410Tjfe_400x400.jpg","https://pbs.twimg.com/profile_banners/1278213605779886080/1666408556"
"1618873272661315584","小樱💞｜实用工具分享","xiaoying_eth","🪪  努力做个哇塞的仙女 👸

🐬 分享 AI 前沿干货 ｜打破信息壁垒 ｜AI项目实操

🌻 实用工具推荐官 | 工匠日记","6430","122179","203","14814","5081","","AI 起号、赚钱、提效工具 : Flowith  👉 ","https://bit.ly/4nghyp7","false","true","","false","true","2023-01-27 15:27:49","https://x.com/xiaoying_eth","https://pbs.twimg.com/profile_images/1668476737389494272/5kE7iqyp_400x400.jpg","https://pbs.twimg.com/profile_banners/1618873272661315584/1686630830"
"256523056","DAN KOE","thedankoe","notes to myself. building @edendotso","30121","546654","948","84463","1272","作家","the goods:","https://letters.thedankoe.com","false","true","","false","true","2011-02-23 22:25:39","https://x.com/thedankoe","https://pbs.twimg.com/profile_images/1845856303174037504/Q7ZZqVFa_400x400.jpg","https://pbs.twimg.com/profile_banners/256523056/1711767394"
"780262031899242496","志辉","iamzhihui","10 年架构师，现在在学习 AI， 喜欢分享点有用，有趣的事情","733","3416","635","805","59","","","","false","true","","false","false","2016-09-26 12:25:39","https://x.com/iamzhihui","https://pbs.twimg.com/profile_images/1978098197122748417/jxAKxT1n_400x400.jpg","https://pbs.twimg.com/profile_banners/780262031899242496/1761282558"
"1966322844490665984","饼干哥哥AGI（2.0）","bggg_ai","重生之我继续在X 分享AI干货知识：AI编程、n8n 工作流、AI 绘画","217","4422","208","287","85","","","","false","true","","false","false","2025-09-12 10:12:55","https://x.com/bggg_ai","https://pbs.twimg.com/profile_images/1982968532481802240/eZp14eKY_400x400.jpg",""
"3876168012","Jimmy Cheung","remixdesigner","一半产品，一半设计；一边自驱，一边拖延；喜欢有趣的工具，也热衷于创造工具。 正在尝试通过小而美的独立产品模式养活自己。
Open Source Project: https://t.co/zl3Ytl0c3D
iOS APP Somno: https://t.co/IOxHc7Wt4k","1888","9934","514","3870","107","","","https://github.com/xiaochunjimmy","false","true","","false","true","2015-10-13 11:08:29","https://x.com/remixdesigner","https://pbs.twimg.com/profile_images/1818914330299011072/SfoOfROS_400x400.jpg","https://pbs.twimg.com/profile_banners/3876168012/1722497681"
"1517093052032057344","AI 航海家","ai_voyager168","AI
出海
赚$","5155","2177","1483","1939","909","","beijing","","false","true","","false","false","2022-04-21 18:49:16","https://x.com/ai_voyager168","https://pbs.twimg.com/profile_images/1959514476774137856/aUSaRxrG_400x400.jpg","https://pbs.twimg.com/profile_banners/1517093052032057344/1756019634"
"1733818969134661632","Mike Yang","Mike_yanger","AI Entrepreneur | Indie Dev ｜The Lord is my shepherd, I shall not want. He makes me lie down in green pastures, He leads me beside still waters.","1675","4310","636","1456","63","","","http://mikeyang.cc","false","true","","false","false","2023-12-10 20:01:00","https://x.com/Mike_yanger","https://pbs.twimg.com/profile_images/1988067877984022529/VaAsqCpN_400x400.jpg","https://pbs.twimg.com/profile_banners/1733818969134661632/1760690176"
"1810481842761674752","少个分号","shaogefenhao","🐒 技术管理者
📚 技术书作者（《程序员的认知心得》等）
🔩 被反复毒打的创业者 
📐 记录对世界游戏规则的认知
X  闲逛/quote/评论家(自封 😂)
🌍 分享英语学习、AI 、编程、好书","2716","11973","162","1132","358","","","http://shaogefenhao.com","false","true","","false","true","2024-07-09 09:11:40","https://x.com/shaogefenhao","https://pbs.twimg.com/profile_images/1810481997447598080/29VPjdy__400x400.jpg","https://pbs.twimg.com/profile_banners/1810481842761674752/1762220095"
"1981749555600510976","团子Joy_出海2.0","Tuanzi_Joy7","金融从业者，英/西/韩语精进中，分享AI+出海+副业搞钱+学习（主外语）前沿资讯，坚持长期主义的ENTJ，小红书：元宝团子Joy","127","79","68","166","11","","Shenzhen","","false","false","","false","false","2025-10-24 23:48:32","https://x.com/Tuanzi_Joy7","https://pbs.twimg.com/profile_images/1981750676242747392/ZRGZULKK_400x400.jpg","https://pbs.twimg.com/profile_banners/1981749555600510976/1762275455"
"3169447909","Zi Wang","ziwang86","Building... | Uber Eats 0→1; scaled 2 startups to B (1 unicorn & 1 w/ 1000x revenue growth) | Ex-@Uber
 @Google @Microsoft @MagicEden @Blackbird","207","245","395","392","44","","California, USA","","false","true","","false","true","2015-04-24 09:54:36","https://x.com/ziwang86","https://pbs.twimg.com/profile_images/1939175216644513792/sL2385DP_400x400.jpg",""
"830429456","sitin","sitinme","增长黑客/ 社群运营/AI 出海赚美刀
对爬虫和RPA机器人有一点研究，https://t.co/di794U7drW
擅长用AI搞点副业 /  vx： 257735","3631","20586","332","45","1071","科技","","http://ipengtao.com/","false","true","","false","false","2012-09-18 13:39:32","https://x.com/sitinme","https://pbs.twimg.com/profile_images/3569591888/2aad771c0c1919fb7577a7b625a93d0a_400x400.jpeg",""
"1068479892537384960","n8n.io","n8n_io","Workflow automation for technical teams to build AI solutions that integrate with any app or API at no-code speed and code flexibility. Open and self-hostable","2430","67557","1","3108","970","软件公司","Berlin, Germany","https://n8n.io","false","true","","false","true","2018-11-30 20:20:32","https://x.com/n8n_io","https://pbs.twimg.com/profile_images/1536335358803251202/-gASF0c6_400x400.png","https://pbs.twimg.com/profile_banners/1068479892537384960/1742982170"
"1567179325551812609","Li Xiangyu 香鱼🐬","LiXiang1947","Neuroscience PhD diving deep into AI | Going all-in on global product adventures | English vibes: @lixiangyu9710 | Email to xiangyuli997@gmail.com","16217","16368","1587","23168","434","科技","","https://scholar.google.com/citations?hl=zh-CN&user=FQlzamQAAAAJ","false","true","","false","true","2022-09-06 23:54:12","https://x.com/LiXiang1947","https://pbs.twimg.com/profile_images/1911584400224948224/QbglopMa_400x400.jpg","https://pbs.twimg.com/profile_banners/1567179325551812609/1729084908"
"100399047","Tz","Tz_2022","AI is the steam engine of the mind. AI是心灵的蒸汽机。
科幻是现实的有效坍塌。加速正在被加速。
看，那千尺海啸正扑面而来，而我们还在海滩上捡垃圾。
念念不忘，必有回响。","5109","11021","1366","8744","955","科技","Edinburgh, UK","","false","false","","false","false","2009-12-30 12:06:23","https://x.com/Tz_2022","https://pbs.twimg.com/profile_images/1579478276287905794/7-2NGiY3_400x400.jpg","https://pbs.twimg.com/profile_banners/100399047/1724471757"
"880606715141529600","Robinson · 鲁棒逊","python_xxt","AI & Robustness in chaos.

Insight  → Strategy → Operation

Now,not How.

我对现实世界的认知
贫瘠到无法自知其贫瘠","6259","20917","494","24206","349","","Deep thinker try to think","","false","true","","false","true","2017-06-30 09:59:36","https://x.com/python_xxt","https://pbs.twimg.com/profile_images/1980814059525033985/d9tb6rAG_400x400.jpg","https://pbs.twimg.com/profile_banners/880606715141529600/1760968248"
"1657386392085733376","frank","frank160997328","nice to meet :Frank163888","3714","74","1185","328","23","","China yunnan","","false","false","","false","true","2023-05-13 22:04:55","https://x.com/frank160997328","https://pbs.twimg.com/profile_images/1973184786278785029/Pc0WRUfo_400x400.jpg","https://pbs.twimg.com/profile_banners/1657386392085733376/1702812629"
"1689902999437750273","化骨绵掌","likefeiwu","褪色者·宝爸 / 代码锻造学徒 / 小红书×AI探路人 / indie dev. 初见者","5334","2704","1398","800","57","","","","false","false","","false","false","2023-08-11 15:34:13","https://x.com/likefeiwu","https://pbs.twimg.com/profile_images/1905145938794131456/8QmYX7H1_400x400.jpg","https://pbs.twimg.com/profile_banners/1689902999437750273/1691739567"
"1745332167218196480","SagaSu","sujingshen","AI Entrepreneur | Bootstrapped to $1M+ Revenue | AI Tools & Marketing Guru |
https://t.co/wZlo4aRUoC","3417","3002","139","1357","461","科技","广州","https://sagasu.art/","false","true","","false","false","2024-01-11 14:30:05","https://x.com/sujingshen","https://pbs.twimg.com/profile_images/1980203192643125248/emG7LMcm_400x400.jpg",""
"1708132468216487936","在悉尼和稀泥","JamesGoong","💰 上班牛马，下班副业，周末学术，闲暇咨询。边赚工资边搞钱 🚀 做过产品，踩过坑，亏过百万，也赚过📖 记录真实的赚钱过程，研究副业、出海方法，分享真实经历","3386","21626","286","6187","395","企业家","微信和社群请看链接 👉","https://linktr.ee/jamesgong","false","true","","false","true","2023-09-30 22:51:41","https://x.com/JamesGoong","https://pbs.twimg.com/profile_images/1708132603872874496/Z-Bau7vu_400x400.jpg","https://pbs.twimg.com/profile_banners/1708132468216487936/1696085717"
"1477948736156454913","马东锡 NLP","dongxi_nlp","Prev. PhD @Stockholm_Uni | Alumni @KTHuniversity @uppsalauni Sharing insights on AI, autonomous agents, and large language & reasoning models","2296","32449","831","6587","224","科技","Stockholm, Sweden","","false","true","","false","true","2022-01-03 18:23:54","https://x.com/dongxi_nlp","https://pbs.twimg.com/profile_images/1955352181453774848/QfD9wuqD_400x400.jpg","https://pbs.twimg.com/profile_banners/1477948736156454913/1680195487"
"1788123537099878400","松果先森","songguoxiansen","资深Prompt收藏爱好者，关注AI前沿技术：LLM、AI编程、AI图像、AI视频等等。 
免费提示词（NanoBanana、GPT5、Veo3）：https://t.co/jvdn30IlxD
微信公众号：松果先森，AI交流TG群:https://t.co/sw1SKkjcUq","1281","12426","460","1011","462","","","https://opennana.com","false","true","","false","false","2024-05-08 16:27:56","https://x.com/songguoxiansen","https://pbs.twimg.com/profile_images/1903485147330330624/XiZjvALM_400x400.jpg",""
"814884992698368000","加密钟师傅🕊️","drmrzhong","资深设计师 | 社群运营 | Ai出海赚美刀
Web3 Builder | Alpha Research | vx: drmrzhong","30355","12552","12217","38239","2194","科技","Los Angeles, CA","https://www.mintpot.co/","false","true","","false","true","2016-12-31 01:24:57","https://x.com/drmrzhong","https://pbs.twimg.com/profile_images/1821535071234674688/wWswj6ij_400x400.jpg","https://pbs.twimg.com/profile_banners/814884992698368000/1684169033"
"1207900452659978240","hashsky(AI Research & Alpha Hunter)","0xhashsky","AI Research & Alpha drops for followers.
聚焦Ai与web3,提供前沿信息.
目标研究100个Ai项目!
Ai时代,远比我们想象的要精彩!
给关注我的人提供更多的价值!","2237","3139","4698","2046","60","","","","false","true","","false","true","2019-12-20 13:48:16","https://x.com/0xhashsky","https://pbs.twimg.com/profile_images/1940202246744002561/gBuM1ORf_400x400.jpg","https://pbs.twimg.com/profile_banners/1207900452659978240/1751374426"
"1392110156452823044","Berryxia.AI","berryxia_ai","🧠✨Building AI tools AI System Prompt 🐳 | Make WinMaxle Keyboard  Not a designer, not a programmer, Love Design & Coding & Prompt！ 
💼📮:Andyhuo@me.com","5310","16777","1805","2375","1213","金融服务","hongkong","https://yw.app/3bD49AG","false","true","","false","true","2021-05-11 21:31:49","https://x.com/berryxia_ai","https://pbs.twimg.com/profile_images/1911247392478789632/JvXU6qyM_400x400.jpg","https://pbs.twimg.com/profile_banners/1392110156452823044/1760658386"
"1413340227687571456","YC (Yucheng Liu)","lyc_zh","⛴️ 为出海企业构建软基建 via #出海去 @chuhaiqu 
🚀 X BoostClub 350 万推特社区 #XBC Founder
📈 佐治亚理工 ➡️ 码弱 ➡️ TechLead ➡️ CTO ➡️ 超级个体 
🦾 一人独角兽必将出现 
♊️ INTJ/ENTJ 左右横跳 
📍 Boston","5120","12190","1634","5465","847","社区","Boston, MA","https://regrowth.so/watchlists/x-boostclub-a044a9436ec34d399abef5042600a7d2","false","true","","false","true","2021-07-09 11:32:38","https://x.com/lyc_zh","https://pbs.twimg.com/profile_images/1964737537479512064/KXewSKLV_400x400.jpg","https://pbs.twimg.com/profile_banners/1413340227687571456/1735691977"
"728569042261286912","听摇滚骑摩托的老太","qmtdlt1","自由职业者，正在自学英语，寻求志同道合的小伙伴一起组队成长！🌟","539","83","171","663","59","科技","","http://youngforyou.top/","false","true","","false","false","2016-05-06 20:56:10","https://x.com/qmtdlt1","https://pbs.twimg.com/profile_images/1905601766475046912/Nbnq1y8S_400x400.jpg","https://pbs.twimg.com/profile_banners/728569042261286912/1709632373"
"2445001998","冰河","binghe_sun","🎉 爱技术，爱赚钱，爱分享！

🐬 分享 赚钱项目 ｜打破信息壁垒 ｜副业避坑

🌻 能拆解的赚钱项目才有意义

🪐 知识星球社群/公众号：“钱来有道” 

🌌 小宇宙 |Podcasts |QQ音乐  播客 “钱来有道”

🎀 搞钱训练营  https://t.co/58qRl0IBTf","3180","24411","159","352","539","","","http://qianlai.flowus.cn","false","true","","false","true","2014-04-15 14:33:45","https://x.com/binghe_sun","https://pbs.twimg.com/profile_images/1967594037571121152/jS1dH7FJ_400x400.jpg","https://pbs.twimg.com/profile_banners/2445001998/1710989203"
"1850075259120369664","吴美律AI日记","wumeilv_ai","🎯AI编程入门与提效📌出海实战与案例分享❤️自媒体与流量增长🏃‍♀️正在尝试通过AI编程搭建第一个出海网站 知识星球：吴美律AI实战营","967","3005","473","1959","78","","","","false","true","","false","false","2024-10-26 15:21:38","https://x.com/wumeilv_ai","https://pbs.twimg.com/profile_images/1963855479287037952/va2PFwKK_400x400.jpg",""
"1580525407077634048","西里森森","sirisensen","公众号/小红书 西里森森 📮合作：319089366@qq.com /微信：Nocipopoo  持续关注AI，欢迎同频朋友交流想法 保持热爱与好奇，这个时代需要一点好玩的东西~ 梦想是做出真正有价值的产品","191","3457","400","134","103","","上海","","false","true","","false","false","2022-10-13 19:46:48","https://x.com/sirisensen","https://pbs.twimg.com/profile_images/1951924638306709504/Ae8jztwK_400x400.jpg","https://pbs.twimg.com/profile_banners/1580525407077634048/1753951033"
"1470050550083465217","DN-Samuel 🧑‍💻","SamuelQZQ","AI领域视频博主 全网60万关注 | Crypto Builder & Holder｜苏州线下开发者社群🐷理人｜前微软工程师","1290","19210","703","2818","131","","","http://qzq.at","false","true","","false","true","2021-12-12 23:19:17","https://x.com/SamuelQZQ","https://pbs.twimg.com/profile_images/1633090580543676416/7nhHRLUS_400x400.jpg","https://pbs.twimg.com/profile_banners/1470050550083465217/1678194113"
"1605","Sam Altman","sama","AI is cool i guess","7283","4125862","974","1024","375","","SF","http://blog.samaltman.com","false","true","","false","false","2006-07-17 06:01:55","https://x.com/sama","https://pbs.twimg.com/profile_images/1904933748015255552/k43GMz63_400x400.jpg",""
"1529821061411246081","Olivert","indiehackercase","数据分析师，分享AI自媒体搞钱副业，只做线上项目。资源分享：https://t.co/RDR5wnZMXQ 雅思词汇解读：https://t.co/0LwWCC8dWU，最近在学加密Crypto","6596","27040","3912","376","1615","","","","false","false","","false","false","2022-05-26 21:45:58","https://x.com/indiehackercase","https://pbs.twimg.com/profile_images/1977258121816162304/1hNmA_d8_400x400.jpg","https://pbs.twimg.com/profile_banners/1529821061411246081/1704296957"
"1404738934043602947","Jackywine","Jackywine","年终复盘 ing","23446","25671","2806","76693","3594","风险投资","","","false","true","","false","true","2021-06-15 17:54:01","https://x.com/Jackywine","https://pbs.twimg.com/profile_images/1805875520430915586/x3t_sQdd_400x400.jpg","https://pbs.twimg.com/profile_banners/1404738934043602947/1750768857"
"825202230458347520","Moby","readyfor2025","连续创业者&产品经理。早年腾讯&360 PM。创业：①PC 2C工具产品②社交APP ③社交APP外包 ④垂类2B SAAS ⑤2G智慧城市 。间歇性抑郁，从创造中寻找多巴胺。","397","3506","467","443","21","","","","false","true","","false","true","2017-01-28 12:41:58","https://x.com/readyfor2025","https://pbs.twimg.com/profile_images/1746102064730742784/jsnSJgwq_400x400.jpg","https://pbs.twimg.com/profile_banners/825202230458347520/1705155150"
"1865299069092139008","Fox@MkSaaS.com","indie_maker_fox","🚀 The best AI SaaS boilerplate - https://t.co/VyNtTrZM3p
🔥 The best directory boilerplate with AI - https://t.co/wEvJ1DcAlj
🎉 https://t.co/zubXJCoqju & https://t.co/tfQf8T6IR7","5924","8283","1004","7254","1030","","🟩🟩🟩🟩🟩🟩🟩🟩🟩🟧 $100K","https://mksaas.link/discord","false","true","","false","true","2024-12-07 15:35:39","https://x.com/indie_maker_fox","https://pbs.twimg.com/profile_images/1905643474952880129/HiunneWW_400x400.jpg","https://pbs.twimg.com/profile_banners/1865299069092139008/1748222129"
"720332644521807872","阿西_出海（2.0版）","imaxichuhai","🚀 关注AI、LLM、MCP、AI图像视频 (Interested in AI,LLM,MCP,Stable Diffusion) 💡 推特增长手册：https://t.co/ObLlRqWsJp | 商业合作DM | 公众号：阿西-出海","471","4516","115","272","116","","推特运营经验","https://mp.weixin.qq.com/s/I5ROj6UfXu_3-k_aIYe1eQ","false","true","","false","true","2016-04-14 03:27:40","https://x.com/imaxichuhai","https://pbs.twimg.com/profile_images/1971521661326499840/jJeiSVuo_400x400.jpg","https://pbs.twimg.com/profile_banners/720332644521807872/1763005062"
"1882653904879714305","象骑士Hack","xiangqishi","高校副教授，玩网盘拉新、AI出海
vx: okok6a
知识星球：https://t.co/nEEwvrz9Iz","824","1093","2500","1020","126","","","","false","true","","false","false","2025-01-24 12:57:29","https://x.com/xiangqishi","https://pbs.twimg.com/profile_images/1957744398261010432/q6AX_KIM_400x400.jpg",""
"3115761206","YT Jia 贾跃亭","YTJiaFF","Founder and Co-CEO of @FaradayFuture. Chief Advisor of CXC10. Faraday Future 创始人、全球联席首席执行官，CXC10首席顾问","1047","28827","384","515","272","汽车","Los Angeles, CA","http://www.ff.com","false","true","","false","false","2015-03-30 01:59:06","https://x.com/YTJiaFF","https://pbs.twimg.com/profile_images/1668429333067878401/BabBWQV2_400x400.jpg","https://pbs.twimg.com/profile_banners/3115761206/1758729621"
"1874157623714426880","木子不写代码","ai_muzi","一起构建和分享最前沿的AI商业化应用！
油管up主:木子不写代码 | 图卢兹大学机器学习博士 | 前空客研发工程师
Youtuber | PhD in Machine Learning, University of Toulouse | Former R&D Engineer @ Airbus.","706","4725","291","574","87","","关注油管 -》","https://www.youtube.com/channel/UCY3SgqRpZd0GWWk8dRCybdw","false","true","","false","false","2025-01-01 02:16:19","https://x.com/ai_muzi","https://pbs.twimg.com/profile_images/1874157706174509056/DiVz40Wo_400x400.jpg","https://pbs.twimg.com/profile_banners/1874157623714426880/1758805968"
"1932328766556258304","MR BOB","BOB00Z","重新感知世界","605","138","78","473","48","","","","false","false","","false","false","2025-06-10 14:49:06","https://x.com/BOB00Z","https://pbs.twimg.com/profile_images/1966718732543373312/DZWmqhdE_400x400.jpg","https://pbs.twimg.com/profile_banners/1932328766556258304/1757737804"
"1717726640040783872","泊舟","bozhou_ai","🧠AI 程序员 & Vibe 编码者 | 构建 AI 工具、系统提示与高效流程 | 热爱设计、编码，将想法转化为影响力🚀| 云服务器，高端显卡租赁","1705","4511","487","2378","156","科技","杭州","","false","true","","false","true","2023-10-27 10:15:31","https://x.com/bozhou_ai","https://pbs.twimg.com/profile_images/1971027619232796672/RvWGRpkC_400x400.jpg","https://pbs.twimg.com/profile_banners/1717726640040783872/1760612203"
"51904755","Morris","Morris_LT","某不知名Web3.0创业公司 - 创始人&CEO&首席擦屁股执行官！#Bitcoin 和 #Dogecoin 信仰者、老韭菜、囤币党。《旷野之心》作者，私信开放订购：https://t.co/W2fM1ccAiv","69813","167493","412","51215","6991","","𝕏Ɖ","","false","true","","false","true","2009-06-29 09:07:03","https://x.com/Morris_LT","https://pbs.twimg.com/profile_images/1661240746018754560/8Shwdpaj_400x400.jpg","https://pbs.twimg.com/profile_banners/51904755/1709362287"
"1587376519860539392","牛油果先生","huolong010","产品人 | 研究Ai是工作也是爱好｜探索被动收入 ｜专注于Ai实践，搁这聊聊Ai","3744","760","369","1816","449","","杭州","","false","true","","false","true","2022-11-01 17:30:46","https://x.com/huolong010","https://pbs.twimg.com/profile_images/1911808425031282689/kxDjOSeg_400x400.jpg","https://pbs.twimg.com/profile_banners/1587376519860539392/1761818871"
"1906640877302489088","已泰","YiTalksx","学懂投资的底层逻辑，
听懂市场和公司的真实故事，
掌握全球交易与理财的实用技巧。
关注我，让你的财富之路更清晰、更自由！
YouTube:https://t.co/fZLQvlGBiV","1749","441","385","186","844","","🟩🟩🟩🟩🟩🟩🟩🟧🟨🟨 $100K","https://qyj.xyz","false","true","","false","false","2025-03-31 17:33:11","https://x.com/YiTalksx","https://pbs.twimg.com/profile_images/1925360265253855235/sVVcCkxU_400x400.jpg","https://pbs.twimg.com/profile_banners/1906640877302489088/1755325108"
"711903677317918720","尚攻Schango","Yangzi812","风云奔走十年兵，惨淡入经营。问对酒当歌，曹侯墓上，何用虚名。","4841","669","513","3987","677","","","https://www.youtube.com/channel/UC_9oqHH6tKQGFl-r4W0TP-g","false","true","","false","true","2016-03-21 21:13:58","https://x.com/Yangzi812","https://pbs.twimg.com/profile_images/1916815297203589120/35c2ZQMc_400x400.jpg","https://pbs.twimg.com/profile_banners/711903677317918720/1761804005"
"1957643575128383489","Yep大白","easyopss","认真生活，慢慢变富｜目标：开发1000+实用小工具、副业日入1K｜分享从0到1的AI编程心得、副业变现路径和生活日常。#大白小应用","1410","2510","463","544","171","","VX：qinniao1234","https://www.easyops.work","false","true","","false","true","2025-08-19 11:20:27","https://x.com/easyopss","https://pbs.twimg.com/profile_images/1965629767912407040/YqlalUBV_400x400.jpg","https://pbs.twimg.com/profile_banners/1957643575128383489/1761021967"
"41899159","Chad You 尤哥","youcc","Med Data with YOU | 与你分享医疗数据洞见","4164","767","1395","30175","717","","Tennessee, USA","https://chadyou.substack.com/","false","true","","false","false","2009-05-23 04:56:23","https://x.com/youcc","https://pbs.twimg.com/profile_images/1143228569092526083/SYVscUSp_400x400.png","https://pbs.twimg.com/profile_banners/41899159/1744485228"
"1071173526839672832","Gary Q（老Q）","GaryQ37208050","不说伤人话，不给人忠告，不抱怨，不解释。 真话不全说，假话全不说。科学硕士，教育学硕士，工商管理硕士，从来没读过博士，因为我不想读博士。

和@wobushimiao有个共同的YouTube频道：https://t.co/TYCBCXILNM，欢迎常来坐坐。","18606","13441","896","63894","1368","","","","false","true","","false","false","2018-12-08 06:44:05","https://x.com/GaryQ37208050","https://pbs.twimg.com/profile_images/1579236282122702851/RXBqaA0X_400x400.jpg","https://pbs.twimg.com/profile_banners/1071173526839672832/1737066462"
"1761409802402689024","Musk Liu","FenyiLiu36606","Futurist in Training  🏫SJTU AI PhD0 | 💻Building SciMaster | AI for a better tomorrow！","202","87","1078","901","26","科技","","","false","true","","false","false","2024-02-24 23:17:49","https://x.com/FenyiLiu36606","https://pbs.twimg.com/profile_images/1826130342350065664/EnnqsfPy_400x400.jpg","https://pbs.twimg.com/profile_banners/1761409802402689024/1760969903"
"1639460977510092803","极客杰尼","seekjourney","老实憨厚的技术人｜AI出海实战派：https://t.co/dLMTi0TT4n ｜公众号：极客杰尼  ｜编程之道：https://t.co/TRfntMpEIK｜公众号排版器：https://t.co/Nbya0npukd","2331","4480","771","3327","525","","","https://www.geekjourney.dev","false","true","","false","false","2023-03-25 10:55:48","https://x.com/seekjourney","https://pbs.twimg.com/profile_images/1969069943766536192/opyw1L1U_400x400.jpg","https://pbs.twimg.com/profile_banners/1639460977510092803/1759826188"
"618751087","tangjinzhou","tangjinzhou","@mentorbook_ai

Open-source creator (https://t.co/RZwQkvYf58, 21K⭐)

Creator of https://t.co/XaPx3hQDiS  https://t.co/BmCv4BAxxo https://t.co/qHDd127xwr","2030","8215","614","3043","96","","","https://www.mentorbook.ai","false","true","","false","true","2012-06-26 13:03:46","https://x.com/tangjinzhou","https://pbs.twimg.com/profile_images/1952273219903508480/WeOr6NmB_400x400.jpg","https://pbs.twimg.com/profile_banners/618751087/1760516850"
"26654586","M.","wlzh","🎯AI玩家","5002","8404","263","7837","1041","","VX&TG：+gxjdian","https://t.me/tgmShare","false","true","","false","true","2009-03-26 09:31:32","https://x.com/wlzh","https://pbs.twimg.com/profile_images/1971564093330100224/LUdVXeKz_400x400.jpg","https://pbs.twimg.com/profile_banners/26654586/1755613642"
"1783506872290664448","Kevin Ma","kevinma_dev_zh","👨‍💻 全栈开发 | 兩个娃 🧒 | 四只貓😸 | 喜欢听许巍/李健 🎶, 喜欢读王小波 📚 | 做过运维, 做过开发, 创过业, 在工厂打过杂 | 努力养家糊口 | 坚持学英语 | 分享英语, AI, 自媒体","2538","6184","593","6255","106","","","https://kevinma2010.net/service/","false","true","","false","true","2024-04-25 22:43:41","https://x.com/kevinma_dev_zh","https://pbs.twimg.com/profile_images/1783509931813154816/O2ZjRUSc_400x400.jpg","https://pbs.twimg.com/profile_banners/1783506872290664448/1714057364"
"36952268","Tony出海","iamtonyzhu","Tony出海营销, Founder, Ship AI startups。10年前从国内互联网产品转行跨境电商。 社媒高转化 + SEO持续增长","5268","16195","1671","5337","930","","Tony出海营销手册👉","https://chuhaihao.com","false","true","","false","true","2009-05-01 22:23:58","https://x.com/iamtonyzhu","https://pbs.twimg.com/profile_images/1731259755891732480/C4u-Yz1V_400x400.jpg",""
"1892802325586333699","serva huang","servasyy","古早程序员 | AI出海 | 自由职业
机车游侠&机速购&骑享租创始人
15年前 freelance 起步 → 连续创业者 → 亏过1个亿，逆风翻盘中
分享创业，AI，生活，读书，健身，中医","2952","8215","540","5308","116","","","","false","true","","false","true","2025-02-21 13:03:54","https://x.com/servasyy","https://pbs.twimg.com/profile_images/1969304899877027840/Ok6tYp0b_400x400.jpg","https://pbs.twimg.com/profile_banners/1892802325586333699/1760433997"
"1812478919104466944","达轮AI","DalunTheLi","🌍 出海创业者 | 🤖 AI实践者 | 分享全球化与AI的真实见闻 |半吊子金融民工 | Finance & CS Double Major |Notion爱好者 | 英X @DarrenTheLi","248","51","166","102","29","科技","","","false","false","","false","false","2024-07-14 21:28:02","https://x.com/DalunTheLi","https://pbs.twimg.com/profile_images/1959775712375930880/qrZPJJze_400x400.jpg","https://pbs.twimg.com/profile_banners/1812478919104466944/1756082341"
"1699791054814445568","神奇小喷菇","xpg0970","一切不为我所有，但一切可为我所用

AI超级个体 在路上","1000","180","1326","1594","78","科技","","","false","true","","false","true","2023-09-07 22:28:52","https://x.com/xpg0970","https://pbs.twimg.com/profile_images/1979093536453591040/VY9N-c3M_400x400.jpg","https://pbs.twimg.com/profile_banners/1699791054814445568/1762710385"
"1850452841925861376","小年","XiaoNianTalk","自媒体干货+碎碎念","3400","14207","421","2197","341","教育","V：xiaonianpyq","https://www.xiaohongshu.com/user/profile/5dd6bf6600000000010064a3","false","true","","false","true","2024-10-27 16:22:05","https://x.com/XiaoNianTalk","https://pbs.twimg.com/profile_images/1888771094670151680/OxhjIgQX_400x400.jpg",""
"1807043606320214016","外贸赶路人Michael","imichaelsoho","公众号：外贸赶路人 🌊解决外贸跨境出海问题🎨打造个人商业自媒体，SOHO一人公司，数字游民，Web3，努力奔赴自由职业ing📱咨询沟通交流⬇️","2900","5267","572","1806","644","社交媒体影响者","vx/WeChat: sohofree","https://imichaelsoho.com/","false","true","","false","true","2024-06-29 21:29:15","https://x.com/imichaelsoho","https://pbs.twimg.com/profile_images/1936062878068449280/jgFgn3AS_400x400.jpg","https://pbs.twimg.com/profile_banners/1807043606320214016/1750767077"
"1465353663786799110","0xqiuqiu","0xqiuqiuu","👩‍💻BuilderHero @OpenBuildxyz｜🇹🇭 数字游民 ｜💚INFJ Nomad Life https://t.co/4XwDTp9AxX🏄","3491","6028","2880","4796","576","Blockchain","Thailand","https://linktr.ee/zqiuqiu","false","true","","false","true","2021-11-30 00:15:30","https://x.com/0xqiuqiuu","https://pbs.twimg.com/profile_images/1857094513329631232/Xbn1ZUP-_400x400.jpg","https://pbs.twimg.com/profile_banners/1465353663786799110/1736470443"
"3151608288","AppSail.dev","AppSaildotDEV","Build  https://t.co/6hXCeF4SjA  https://t.co/bJvmBtFnWm
🚀 X BoostClub 350w+ 社区  #XBC Partner
🏂 🏄 🛹 Lover of boards & freedom
#独立开发者 #港卡 #汇丰卓越  #资金回国
付费咨询请私信","4444","10601","1214","5521","267","科技","Singapore","https://x-boostclub.notion.site/","false","true","","false","true","2015-04-12 23:43:33","https://x.com/AppSaildotDEV","https://pbs.twimg.com/profile_images/1898997683634978816/jmJl9q7A_400x400.jpg",""
"921074636095348737","Bob Zhang | Humorist","affLeopard","Content Marketer | Public Speaker | Ex-Standup Comic
📝Tweet tips on Content Marketing, X Marketing.
分享内容营销、X营销的干货和技巧。帮你创作优质内容、获得更多客户！
English X: @Bobzhangai","3245","3217","709","6911","836","","查看精选帖子👉","https://x.com/affLeopard/status/1988770822769799221","false","true","","false","true","2017-10-20 02:04:40","https://x.com/affLeopard","https://pbs.twimg.com/profile_images/1972532533821927424/JMzRd4Jg_400x400.jpg","https://pbs.twimg.com/profile_banners/921074636095348737/1760725191"
"1602939289532502016","翼小旭Sunny Zou","zouxulucky","效率工具PM｜10+年软件出海 & 商业化经验｜动手党，偶尔手搓小工具 记录产品思考 & 出海实战","1504","2307","326","1045","63","","","http://zouxu.fun","false","true","","false","false","2022-12-14 16:11:57","https://x.com/zouxulucky","https://pbs.twimg.com/profile_images/1970297019656011777/zAIB1kLc_400x400.jpg","https://pbs.twimg.com/profile_banners/1602939289532502016/1758118655"
"1595639813213782022","david bai","David_vision66","Fulltime backend Engineer, self-taught fullstack dev, dad of 2 👨‍👧‍👦. Sharing tech insights & building in public 🚀. Products: PrivyDrop .app  p2p file share","96","179","337","249","4","","singapore","https://www.PrivyDrop.app/","false","false","","false","false","2022-11-24 12:46:07","https://x.com/David_vision66","https://pbs.twimg.com/profile_images/1851629875960131584/gy2DtPDK_400x400.jpg","https://pbs.twimg.com/profile_banners/1595639813213782022/1754052918"
"1487318664260952069","wu xudan","WuXudan","co de","24","11","211","33","0","","","","false","false","","false","false","2022-01-29 14:56:42","https://x.com/WuXudan","https://pbs.twimg.com/profile_images/1487318772717273090/IVGpxGmu_400x400.png",""
"312717842","清源","sourcecold_","程序員，出海素人，文博萌新，正直勇敢有閱讀量。","76","83","968","60","4","","Code Farm","","false","false","","false","false","2011-06-07 23:20:21","https://x.com/sourcecold_","https://pbs.twimg.com/profile_images/557880226898644992/GeWFBnnT_400x400.png",""
"1682044077595037697","雨果","Zerspace","🏂 在职前端开发者 | 正探索独立开发之路 🤝 乐于助人，扶老奶奶过马路 🌱 正在构建我的第一个产品，记录从 0 到 1 的全过程。","86","71","300","23","28","","Crafting the Future","","false","false","","false","false","2023-07-20 23:05:45","https://x.com/Zerspace","https://pbs.twimg.com/profile_images/1968848989073367040/jv9dnsqQ_400x400.jpg","https://pbs.twimg.com/profile_banners/1682044077595037697/1758245165"
"1106585966247100417","Winrey","Winrey1998","Tech founder & builder. | 这里有创业者发疯日寄 & 各种胡言乱语","51","69","176","178","1","","Shanghai","","false","true","","false","true","2019-03-16 00:00:28","https://x.com/Winrey1998","https://pbs.twimg.com/profile_images/1836091155412357120/482JUFSE_400x400.jpg","https://pbs.twimg.com/profile_banners/1106585966247100417/1552665829"
"1336511272611762176","tayiiiiiiii","tayiiiiiiii","独角兽算法工程师出身，毕业一年果断辞职创业中。专注自媒体和AI技术服务，正在寻找志同道合的伙伴一起探讨机会！","101","8","238","318","1","","","","false","false","","false","false","2020-12-09 11:21:42","https://x.com/tayiiiiiiii","https://pbs.twimg.com/profile_images/1625648648389550080/2JbayOsA_400x400.jpg","https://pbs.twimg.com/profile_banners/1336511272611762176/1676419843"
"1583348128886816768","九紫 🤖AI x Crypto","ninezi2049","AI x Crypto｜出版3本书📚️
超级个体 ｜Vibe Coding实践🤖
加密世界 ｜7年实战 💰️
退市CEO ｜20多年创业🏖️
AI艺术家 ｜5W+画作🎨
只保留X   ｜跟上未来👩‍🚀","1144","286","306","16637","353","企业家","","","false","false","","false","false","2022-10-21 14:43:30","https://x.com/ninezi2049","https://pbs.twimg.com/profile_images/1859813828554326016/HyoobWPY_400x400.jpg",""
"1515866610283687941","王通达","wangtongda2","","4976","253","3868","17153","24","","","","false","false","","false","false","2022-04-18 09:36:03","https://x.com/wangtongda2","https://pbs.twimg.com/profile_images/1515866717569789953/JL33U5MP_400x400.jpg",""
"603330617","Munger","Munger1924","","37","62","1050","117","1","","","","false","false","","false","false","2012-06-09 13:17:10","https://x.com/Munger1924","https://pbs.twimg.com/profile_images/1600135332489412608/WFYZTtlj_400x400.jpg","https://pbs.twimg.com/profile_banners/603330617/1445937056"
"1114865761","水木易","ohmuyi","终生学习者 | 连续创业者 | 前产品经理 | 前前菜鸟程序员 | 前前前哲学硕士学渣 | 个人网站: https://t.co/SmsEu5xP1w | 个人博客: https://t.co/TKArTESlzU","1702","810","356","267","449","产品经理","大湾区","https://shuimuyi.com","false","true","","false","true","2013-01-24 01:23:09","https://x.com/ohmuyi","https://pbs.twimg.com/profile_images/1961305939795165184/bBNP1DD2_400x400.jpg","https://pbs.twimg.com/profile_banners/1114865761/1755657344"
"1965832077758095360","自由李亿freeliyi","freeliyi","长居欧洲写代码｜靠写作为生多年
公开记录每日尝试与进步
创业、投资、学语言、自我成长
目标是通过输出积累专长
希望自己积极快乐活在当下
快乐事业=退休（x，yt）
和自己的全能自恋相处中｜复利追求者
探索自由和搞钱","2076","13962","275","1902","117","","","http://www.youtube.com/@freeliyi","false","true","","false","false","2025-09-11 01:38:04","https://x.com/freeliyi","https://pbs.twimg.com/profile_images/1968787922926125056/bbPLoTRN_400x400.jpg",""
"452072245","铁锤人","lxfater","我在用 AI 协助我创业，赚钱，走向自由
我的录屏软件  https://t.co/S9MMiRiy7L
github 维护 3w star 项目：https://t.co/ytvQf2mtZO","9839","50202","1109","5517","1005","社交媒体影响者","我的所有信息-》》","https://www.lxfater.com","false","true","","false","true","2012-01-01 19:26:00","https://x.com/lxfater","https://pbs.twimg.com/profile_images/1723719195995807744/9JIAjVJr_400x400.jpg","https://pbs.twimg.com/profile_banners/452072245/1762837704"
"3348577678","Neo Reid","Neo_Reidlab","关注我，见证我如何从0赚到第一个100w，顺便也赚到你自己的第一个100w。

写给在路上的Builders：把 AI 用在真实场景，减少无效忙碌 

分享我的认知、产品思考、实用工具与复盘、落地案例、踩坑复盘","334","1046","432","666","55","","","","false","true","","false","false","2015-06-28 12:45:15","https://x.com/Neo_Reidlab","https://pbs.twimg.com/profile_images/1949463190095769600/ffsi7d2J_400x400.jpg","https://pbs.twimg.com/profile_banners/3348577678/1753623948"
"1739629538324488192","Andy","anmo886393_anmo","","112","138","441","39","42","","","","false","true","","false","false","2023-12-26 20:49:51","https://x.com/anmo886393_anmo","https://pbs.twimg.com/profile_images/1961655619926249472/fr3dO8h7_400x400.jpg","https://pbs.twimg.com/profile_banners/1739629538324488192/1756530147"
"885997627845771264","张有菜","caiwithai","👨🏻‍💻 中文系 | 大厂码农 | 独立开发 🔍 复利实践：2025年被动收入9万刀 | 计算与信息差 💡 不卖课❗持续分享科技、投资、创业、优秀工具、踩坑经验 🌟 正在用AI探索下一个增长引擎...高效工作和创造","207","3810","895","307","19","","Beijing","https://magua.app","false","true","","false","false","2017-07-15 07:01:10","https://x.com/caiwithai","https://pbs.twimg.com/profile_images/1965610470188130305/2Q4hqfRq_400x400.jpg","https://pbs.twimg.com/profile_banners/885997627845771264/1759895700"
"1914978318795079680","凉光一现","QusetionHub","✨intj to enfj｜💭创业＆认知｜💦沪漂｜💫在职教学主管｜💻独立开发学习ing","1519","4195","289","1854","144","","","","false","true","","false","true","2025-04-23 17:44:08","https://x.com/QusetionHub","https://pbs.twimg.com/profile_images/1944986011882135552/6885Cdi2_400x400.jpg","https://pbs.twimg.com/profile_banners/1914978318795079680/1750229629"
"2943557672","1024","xiaohua_888","全干工程师 只工作不上班 公众号：硅基思维","897","1960","417","697","337","","","","false","true","","false","false","2014-12-26 13:33:06","https://x.com/xiaohua_888","https://pbs.twimg.com/profile_images/1873938005683298306/KeuC-zZO_400x400.jpg","https://pbs.twimg.com/profile_banners/2943557672/1762297891"
"1758735409826476032","Mark Roie","MarkRoie80403","医学研究生，主攻病原与免疫学，思考ai与现代生物医疗的协作","279","648","276","124","16","","china","","false","true","","false","false","2024-02-17 14:09:43","https://x.com/MarkRoie80403","https://pbs.twimg.com/profile_images/1937560836144529410/tcuEpkK-_400x400.jpg",""
"1166950087399837696","Robin Seun","RobinSeun","城市规划博士 ｜ 规划咨询师｜参加国家经济形势研讨｜宏观经济研究｜妄图转码｜狂爱看书｜自由和稳定每天都在撕裂我…","1550","5330","658","938","286","教育","","","false","true","","false","false","2019-08-29 13:46:05","https://x.com/RobinSeun","https://pbs.twimg.com/profile_images/1166950238004711424/KAk20SS__400x400.jpg",""
"1619961638140149766","李举刚","justinleei","ai产品合伙人，白天写代码，晚上追热点，把点子变成产品的“全能螺丝钉”。","1976","8895","659","2700","143","","","https://lijugang.ai","false","true","","false","true","2023-01-30 15:32:32","https://x.com/justinleei","https://pbs.twimg.com/profile_images/1835526576374423553/3n_W8X1y_400x400.jpg","https://pbs.twimg.com/profile_banners/1619961638140149766/1732447168"
"155252642","黄赟","huangyun_122","正在研究 100个 AI 变现案例， 用数据思维解构商业增长","8006","72108","1080","2354","1600","","Shanghai Pudong","","false","true","","false","true","2010-06-14 00:04:08","https://x.com/huangyun_122","https://pbs.twimg.com/profile_images/1183766724534882305/SIxSKinT_400x400.jpg","https://pbs.twimg.com/profile_banners/155252642/1555159810"
"1866821173755121666","木马人","cnyzgkc","🚀 Frontend @ Big Tech | ESTJ 
✍️ 分享AI 资讯 / AI 副业实战 / AI 自媒体
 📍公众号：木马人 AI","2449","2121","1152","2208","263","","Los Angeles, CA","","false","false","","false","true","2024-12-11 20:23:59","https://x.com/cnyzgkc","https://pbs.twimg.com/profile_images/1963499609017495553/kuzkS82V_400x400.jpg","https://pbs.twimg.com/profile_banners/1866821173755121666/1760602138"
"1071299684315017217","安仔","geekshellio","👨‍💻 Entrepreneur & Full-stack-engineer
☁️ AI | Web3 | Cloud Native Researcher
🐚  @myshell_ai Creator","702","2159","294","1152","185","","Hong Kong","","false","true","","false","true","2018-12-08 15:05:23","https://x.com/geekshellio","https://pbs.twimg.com/profile_images/1723248873806942208/EalEraX0_400x400.jpg","https://pbs.twimg.com/profile_banners/1071299684315017217/1742632894"
"1917061030464917504","MuleRun","mulerun_ai","Agent marketplace where users run daily tasks and creators run their business. Start to run your AI worker 👉 https://t.co/1kvSaswEZF","411","8596","156","620","142","","","https://discord.gg/7Whtng2Wrm","false","true","","false","true","2025-04-29 11:39:13","https://x.com/mulerun_ai","https://pbs.twimg.com/profile_images/1985173728628449280/PbGrlaA2_400x400.jpg","https://pbs.twimg.com/profile_banners/1917061030464917504/1762963486"
"4398626122","OpenAI","OpenAI","OpenAI’s mission is to ensure that artificial general intelligence benefits all of humanity. We’re hiring: https://t.co/dJGr6Lg202","1507","4501046","4","1218","446","","","https://openai.com","false","true","Business","false","false","2015-12-07 06:51:08","https://x.com/OpenAI","https://pbs.twimg.com/profile_images/1885410181409820672/ztsaR0JW_400x400.jpg","https://pbs.twimg.com/profile_banners/4398626122/1759076948"
"940799429380067333","破音poyin.com","poyincom","人性研究员｜情绪洞察大师｜九年职业泡沫舞蹈家｜PVE群体心理分析师｜Stepn幸存者 ｜","5508","27744","800","12479","1275","概念艺术家","个人网站","http://www.poyin.com","false","true","","false","true","2017-12-13 12:23:57","https://x.com/poyincom","https://pbs.twimg.com/profile_images/1818324349348429824/qpN5gimT_400x400.jpg","https://pbs.twimg.com/profile_banners/940799429380067333/1706982050"
"1811362100369031168","Truman","rumanT260775","💻独立开发者
出海网站收入稳定🔪
HappyShip零代码建站工具（https://t.co/apFYYiSg2J）
Cursor中文教程网（ https://t.co/7eqYhJzQTN）
持续分享我做产品路上的所见所闻 | 感谢关注😁","1543","7379","384","1345","275","","Hong Kong","","false","true","","false","true","2024-07-11 19:29:19","https://x.com/rumanT260775","https://pbs.twimg.com/profile_images/1972590655047344128/Mt7nT22M_400x400.jpg","https://pbs.twimg.com/profile_banners/1811362100369031168/1755254575"
"985830788674404352","炮爷_已婚版","rotor187","💪妻宝男，让老婆变富婆
👑唯媳妇和搞钱不可辜负
🌹公🀄️号：炮爷Hack｜炮爷聊AI
❤️创业做过婚恋、出境游、红薯高客单等","1322","4035","364","1736","267","科技","","https://okjk.co/XkhvZP","false","true","","false","false","2018-04-16 18:42:30","https://x.com/rotor187","https://pbs.twimg.com/profile_images/1976333241494929409/w6d7IOQe_400x400.jpg","https://pbs.twimg.com/profile_banners/985830788674404352/1757857535"
"1759822347081773056","xujiang","xnhi267739","使用AI","83","15","497","480","0","","","","false","false","","false","false","2024-02-20 14:08:52","https://x.com/xnhi267739","https://pbs.twimg.com/profile_images/1768637761643569152/nO9FzlxI_400x400.jpg",""
"1148997983658078208","KyroX","Kyrogogogo","裸辞自由职业 → 稳定收入 → 打造复利产品
NextJS / Wordpress","120","60","91","63","11","","","","false","false","","false","false","2019-07-11 00:50:41","https://x.com/Kyrogogogo","https://pbs.twimg.com/profile_images/1910163567703465984/sSWbaPQr_400x400.jpg",""
"1941362230832005120","陆鸢北","IAMLUYUANBEI","Hi,这里是小北！设计+独立开发 记录我的开发过程和思考","148","680","322","321","9","","","http://rendaily.com","false","true","","false","true","2025-07-05 13:03:29","https://x.com/IAMLUYUANBEI","https://pbs.twimg.com/profile_images/1941362907964637185/oVkeanlP_400x400.jpg","https://pbs.twimg.com/profile_banners/1941362230832005120/1751692019"
"959687094728761344","小卓Jen","xiaozhuojen","👩🏼‍💻全栈独立开发｜ n8n｜AI｜🐳 出海路上的自由人","182","49","77","83","33","","","","false","false","","false","false","2018-02-03 15:16:48","https://x.com/xiaozhuojen","https://pbs.twimg.com/profile_images/1965750152146407424/yYrAdb8y_400x400.jpg","https://pbs.twimg.com/profile_banners/959687094728761344/1755166713"
"1697596025773678592","蔡荔谈AI (公众号）","JonathanCaiSG","新加坡DataRaccoon创始人 | TGO新加坡分会会员 | 微信公众号：蔡荔谈AI

曾经的硅谷AI从业者，IBM高级经理，国内十年创业

教育背景：清华大学 | 新加坡国立大学","7129","987","921","5290","994","","Singapore","","false","true","","false","false","2023-09-01 21:03:39","https://x.com/JonathanCaiSG","https://pbs.twimg.com/profile_images/1821859467212025856/143i2qpi_400x400.jpg",""
"2674021682","zeromike","coolzeromike","- podcast 大话前端、大话英语、大话雅思单词 host
- study English
Focus on AI, Indie Hacker,Remote work
All views are my own","2270","749","369","637","321","","","https://bento.me/talktoweb","false","true","","false","true","2014-07-23 22:34:00","https://x.com/coolzeromike","https://pbs.twimg.com/profile_images/1728246581894557696/YSqXHNQY_400x400.jpg",""
"1164388321545449472","卫斯理","imwsl90","程序员/产品经理/销售/中年已婚带2娃

- 互联网、编程、AI、情感、历史、八卦

TG: https://t.co/qhzcXic3G8

X增长陪跑服务，请TG联系！

VPS: https://t.co/MUq5TvH5p2
魔法：https://t.co/B5SfJ7LlqH","73271","78696","7438","44158","12376","科技","V: wesley6020","https://imwsl.com","false","true","","false","true","2019-08-22 12:06:29","https://x.com/imwsl90","https://pbs.twimg.com/profile_images/1770626410606141440/HFy0Ibg3_400x400.jpg",""
"1593576606680854528","叨哥RC","FitnessLeague6","🌍 Share the World","2243","98","326","282","72","","","","false","true","","false","false","2022-11-18 20:07:44","https://x.com/FitnessLeague6","https://pbs.twimg.com/profile_images/1905440646904905729/ziWxob6x_400x400.jpg","https://pbs.twimg.com/profile_banners/1593576606680854528/1757323580"
"1929608531717812224","井然","jingran96","AI出海创业者｜前建筑工程副总｜跨界实战派  
从土木工程到AI赛道，裸辞转型，三个月实现美金收入。专注AI产品落地与全球市场，分享跨界成长、实战经验见解。
欢迎大家关注我，后续持续更新AI出海成长之路，看看非技术人是如何转变AI应用高手的（会成为高手的！）😆","84","813","74","53","12","","","","false","false","","false","false","2025-06-03 02:39:12","https://x.com/jingran96","https://pbs.twimg.com/profile_images/1940056069046259712/x5tTp8lt_400x400.jpg","https://pbs.twimg.com/profile_banners/1929608531717812224/1757414551"
"1830880351801221120","凡人小北","frxiaobei","行道途中。非求速成，惟求通达。
2023 年扎进AI ，打通Know-How，不少赚钱项目，踩过坑，也见过光。
围城里待得够久了，出来聊聊世界，聊聊技术、聊聊赚钱。","3831","19050","351","4586","224","","vx/WeChat: frxiaobei","https://www.frxiaobei.com/","false","true","","false","true","2024-09-03 16:08:10","https://x.com/frxiaobei","https://pbs.twimg.com/profile_images/1916849689783402496/DC10b7O3_400x400.jpg","https://pbs.twimg.com/profile_banners/1830880351801221120/1728362842"
"3178231","宝玉","dotey","Prompt Engineer, dedicated to learning and disseminating knowledge about AI, software engineering, and engineering management.","27045","144644","1452","37980","4693","","Chicago, IL","https://baoyu.io","false","true","","false","true","2007-04-02 11:42:14","https://x.com/dotey","https://pbs.twimg.com/profile_images/561086911561736192/6_g58vEs_400x400.jpeg",""
"1718896922277314560","熠辉 Indie","yihui_indie","我的AI编程课(https://t.co/HVZn3ItASW) |B站up主 | 分享创造 + 无限迭代ing","4358","38720","720","2762","1036","","Hong Kong","https://happyaicoding.com","false","true","","false","true","2023-10-30 15:45:42","https://x.com/yihui_indie","https://pbs.twimg.com/profile_images/1804848821702377472/fSfFlGTf_400x400.jpg","https://pbs.twimg.com/profile_banners/1718896922277314560/1753789761"
"1874442058653646848","NikoChen","guishou_56","前360安全开发工程师｜现独立开发者
从0到1打造AI SaaS产品 🚀
分享$0 → $10000/月的技术创业之路
年化40%的稳定盈利交易者，追求长期复利增长 📈","576","2918","66","40","124","","距你100m","https://bento.me/nikochen","false","true","","false","false","2025-01-01 21:07:08","https://x.com/guishou_56","https://pbs.twimg.com/profile_images/1981237534475653120/0AjGVqQ0_400x400.jpg","https://pbs.twimg.com/profile_banners/1874442058653646848/1747057670"
"1588829429333037056","章工","435hz","三角眼观天下，覆船口吞乾坤。
天纵英才，献忠回来。
仅在X有账号，其它平台不是本人。","18164","113105","86","5832","2107","","","","false","false","","false","true","2022-11-05 17:44:16","https://x.com/435hz","https://pbs.twimg.com/profile_images/1591818969236717569/q95i8uvS_400x400.jpg",""
"1148573793347964931","Yong Jia","PeterJiax","💼 Full-Stack Developer 🛠️ AI automation & AI agents","177","100","540","161","16","","Sydney, New South Wales","","false","true","","false","true","2019-07-09 20:45:06","https://x.com/PeterJiax","https://pbs.twimg.com/profile_images/1895966787755225088/tb6HKgJG_400x400.jpg","https://pbs.twimg.com/profile_banners/1148573793347964931/1740868733"
"1554325830708314112","droidHZ","hezhiyan7","嗨，这里是赫兹，网站出海生意人 ，公开记录网站开发每一步！","959","2892","303","815","97","","","http://droidhz.com","false","true","","false","false","2022-08-02 12:39:09","https://x.com/hezhiyan7","https://pbs.twimg.com/profile_images/1942385394554728448/b9FlYTW2_400x400.jpg","https://pbs.twimg.com/profile_banners/1554325830708314112/1757243110"
"1893908299319484416","阿衡Eve","yqx1026492","独立游戏开发、自由职业、菜鸡程序员
AI 玩家、VibeCoding 爱好者","94","56","247","185","12","","suzhou","","false","true","","false","false","2025-02-24 14:18:33","https://x.com/yqx1026492","https://pbs.twimg.com/profile_images/1963813711069790208/NqZjWV7r_400x400.jpg","https://pbs.twimg.com/profile_banners/1893908299319484416/1757339181"
"3122661542","Yangyi","Yangyixxxx","Believing is seeing","13736","109001","499","5391","2847","科技","","https://lnk.bio/yangyi","false","true","","false","true","2015-04-01 11:00:40","https://x.com/Yangyixxxx","https://pbs.twimg.com/profile_images/1790540021327712256/72wMFr9-_400x400.jpg","https://pbs.twimg.com/profile_banners/3122661542/1702609915"
"1370411559650877442","阿林 Leo","wangrunlin_","创业 / 独立开发者 / 数字游民 / Web 开发工程师 /
终身学习者 / 保持思考 💡 / 世界公民 / Open & Peace & Love ❤️","1751","1569","1629","21384","206","","Earth","https://wangrunlin.com","false","false","","false","true","2021-03-13 00:29:54","https://x.com/wangrunlin_","https://pbs.twimg.com/profile_images/1396660861243064324/riL7U6ml_400x400.jpg","https://pbs.twimg.com/profile_banners/1370411559650877442/1747892001"
"1717728951123025920","AI产品黄叔","PMbackttfuture","两家大厂AI产品顾问 我的AI编程社团：https://t.co/SLvvrAwXeD","946","10157","222","919","270","","","","false","true","","false","true","2023-10-27 10:24:41","https://x.com/PMbackttfuture","https://pbs.twimg.com/profile_images/1743267669124816896/wv6pXt1q_400x400.jpg",""
"756319701861601281","鱼总聊AI","AI_Jasonyu","👋 鱼总 / Jason｜8 年出海产品 📈 单款产品 $200k+ 收入，全靠自然流量 💡 代表产品：PaywallPro（付费墙情报&优化）、Portix APP 🍼 2胎爸爸 & AI 内容创作者 这里聊：AI · 出海 · 订阅 · 创业心路 https://t.co/KDI27Daaoi","1261","6247","952","1297","276","","Shaanxi","https://www.paywallpro.app","false","true","","false","true","2016-07-22 10:47:23","https://x.com/AI_Jasonyu","https://pbs.twimg.com/profile_images/1877193368725581824/7_ocNC-C_400x400.jpg","https://pbs.twimg.com/profile_banners/756319701861601281/1760544606"
"36889519","Ramin Nasibov","RaminNasibov","Designer 🎨 E-Mail: ramin@nasibov.me","81879","819844","319838","915592","68238","艺术家","Metaverse","https://www.nasibov.me","false","true","","false","true","2009-05-01 13:13:30","https://x.com/RaminNasibov","https://pbs.twimg.com/profile_images/1779874423719227392/us7m3cZt_400x400.jpg","https://pbs.twimg.com/profile_banners/36889519/1619434484"
"1753339277386342400","Qwen","Alibaba_Qwen","Open foundation models for AGI.","588","123345","4","289","310","","","https://qwen.ai/","false","true","Business","false","false","2024-02-02 16:47:32","https://x.com/Alibaba_Qwen","https://pbs.twimg.com/profile_images/1894073235379273728/0ROUmdkE_400x400.jpg","https://pbs.twimg.com/profile_banners/1753339277386342400/1731637054"
"44196397","Elon Musk","elonmusk","","89376","229164790","1228","183420","4236","","","","false","true","","false","false","2009-06-03 04:12:29","https://x.com/elonmusk","https://pbs.twimg.com/profile_images/1983681414370619392/oTT3nm5Z_400x400.jpg","https://pbs.twimg.com/profile_banners/44196397/1739948056"
"745273","Naval","naval","Incompressible","26825","2944922","0","270653","308","","","https://nav.al","false","true","","false","false","2007-02-02 07:05:04","https://x.com/naval","https://pbs.twimg.com/profile_images/1256841238298292232/ycqwaMI2_400x400.jpg","https://pbs.twimg.com/profile_banners/745273/1588490328"
"1481606855491145729","被减数","Lessnoise365","🤖 AIGC博士在读 | Build & Share AI Stuff

🎨 有一家创意设计公司 
✍️ 想当一名作家

💭 记录写作、思考、工具与商业洞察

📖 公众号：被减数 | 💬 V: Lessnoise365","891","6353","673","1399","242","","New Zealand","http://Lessnoise365.com","false","true","","false","true","2022-01-13 20:39:56","https://x.com/Lessnoise365","https://pbs.twimg.com/profile_images/1899666481169743872/NaLCTYmg_400x400.jpg","https://pbs.twimg.com/profile_banners/1481606855491145729/1741750770"
"3452911","Kevin Weil 🇺🇸","kevinweil","VP Science @OpenAI, BoD @Cisco @nature_org, LTC @USArmyReserve
Ex: Pres @Planet, Head of Product @Instagram @Twitter
❤️ @elizabeth ultramarathons kids cats math","20364","112945","2708","35559","1316","","Portola Valley, CA","https://instagram.com/kevinweil","false","true","","false","true","2007-04-05 03:29:46","https://x.com/kevinweil","https://pbs.twimg.com/profile_images/536369378632032256/fleA5Ipm_400x400.jpeg","https://pbs.twimg.com/profile_banners/3452911/1347980185"
"1657474831","Gorden Sun","Gorden_Sun","只发AI相关信息，个人维护的AI资讯日报（已连续日更两年半）👇","6239","38334","1611","123","2273","科技","","https://gorden-sun.notion.site/527689cd2b294e60912f040095e803c5?v=4f6cc12006c94f47aee4dc909511aeb5","false","true","","false","true","2013-08-09 18:31:29","https://x.com/Gorden_Sun","https://pbs.twimg.com/profile_images/1522159828231409664/GPpXyPT1_400x400.jpg","https://pbs.twimg.com/profile_banners/1657474831/1705626134"
"1928711169419956224","Jason Zhu","GoSailGlobal","独立开发，AI SaaS出海， AI价值内容分享 — 让AI工具就像积木一样构建产品，拼出无限可能！👉🏻 https://t.co/BDEkVzvki1","2424","7618","1501","4300","336","","china","","false","true","","false","false","2025-05-31 15:13:12","https://x.com/GoSailGlobal","https://pbs.twimg.com/profile_images/1949434880959676416/GEQGVlME_400x400.jpg","https://pbs.twimg.com/profile_banners/1928711169419956224/1755945863"
"1836798585565786112","周彦充（ai副业项目社群）","zycbat888","10年互联网营销推广，干过自媒体，电商，目前一人公司，目前专业ai副业项目，社群。我的微 zycbat   我新的座右铭：拥抱变化，享受痛苦","2347","982","167","2703","984","","","","false","true","","false","false","2024-09-20 00:04:52","https://x.com/zycbat888","https://pbs.twimg.com/profile_images/1905470743221338112/5TFnVVcr_400x400.jpg","https://pbs.twimg.com/profile_banners/1836798585565786112/1741613589"
"1851933324463476738","逐梦AI赚钱实战","AmbitiousXU","🚀 一名四线城市正在创业的00后小伙
🌐 全网10万粉丝（ins四万）
📈 0基础➡️月入四万（十个月）
🤝 寻找有雄心的小伙伴共同进步
🌍 全平台同名：逐梦AI赚钱实战","1272","7054","75","656","618","","微信：zmxu604 (备注推特)，更多资料👉","","false","true","","false","true","2024-10-31 18:25:02","https://x.com/AmbitiousXU","https://pbs.twimg.com/profile_images/1851933706220638209/g6oPGRtD_400x400.jpg","https://pbs.twimg.com/profile_banners/1851933324463476738/1749888349"
"168139512","Geek","geekbb","🧠在家居士 | 🥦素食者 | 🏃🏻马拉松爱好者 | 💰省钱小能手 | 搭🪜技术资深学者 | 👨‍💻科技宅 | 🆕更新狂 | 🆅 六边型战五渣","23767","99623","393","16475","6146","科技","火星","https://www.igeekbb.com","false","false","","false","true","2010-07-18 22:10:39","https://x.com/geekbb","https://pbs.twimg.com/profile_images/1644898947272671233/7959WGOK_400x400.jpg","https://pbs.twimg.com/profile_banners/168139512/1689476157"
"1959890780023365632","kino","chuhai_AI","","25","5","31","86","0","","","","false","false","","false","false","2025-08-25 16:09:25","https://x.com/chuhai_AI","https://pbs.twimg.com/profile_images/1959890849640443904/Rp3yBUJY_400x400.png",""
"732437001572474880","Yue","caiyue5","iOS indie @MusicMateApp_. 附：我自己在25年10月自助注册英国公司，然后开通了 Stripe 全球收款的教程 ⬇️：https://t.co/75EXV6UHRG","4471","8455","421","7700","547","摩托车维修店","Earth","https://www.xiaohongshu.com/goods-detail/68a55e0d33fcf8000193e083","false","true","","false","true","2016-05-17 13:06:04","https://x.com/caiyue5","https://pbs.twimg.com/profile_images/1595657315394662400/1VSIhOcO_400x400.jpg","https://pbs.twimg.com/profile_banners/732437001572474880/1734788448"
"1778396153496924160","毅行出海 Sven","sven_ai","🚀 前上市公司技术总监&架构师，带过十亿级产品&百人技术团队！
✈️ 现离开舒适圈，深耕AI出海，用AI打造全球化产品！
📈 创建https://t.co/ELdIsawOlx - 帮你实现AI出海营销 & SEO营销！
🚀 加入“毅行出海俱乐部”，从0到1实现AI出海：https://t.co/Hit874n2SG","3203","5226","896","1562","559","","","https://SoPilot.net","false","true","","false","true","2024-04-11 20:14:31","https://x.com/sven_ai","https://pbs.twimg.com/profile_images/1894675747584790529/LXdRFooV_400x400.jpg","https://pbs.twimg.com/profile_banners/1778396153496924160/1744277269"
"1549652272862285824","Guangzheng Li","iguangzhengli","Blog📰:  https://t.co/wcsjbz3ezH
GitHub🚀:  https://t.co/spQ6r1GWVa
独立开发者社区：https://t.co/rpuRYZxxfa
独立开发者启动模板🛫:  https://t.co/qVmbw0h5MY","606","19725","194","302","146","","","https://guangzhengli.com","false","true","","false","true","2022-07-20 15:09:52","https://x.com/iguangzhengli","https://pbs.twimg.com/profile_images/1558725699665416198/kzh2dLrr_400x400.jpg","https://pbs.twimg.com/profile_banners/1549652272862285824/1660464169"
"1662987945312399360","不会理发的Tony老师","Saladin91527181","iOS开发者｜App出海｜分享如何实现App用户增涨｜直面用户与思考｜作品：「iPlayer本地音乐播放器」「灵动歌单」 「音乐转换器」｜➡️ https://t.co/FMOEWjWOkg","378","266","54","147","138","移动应用程序","Hong Kong","https://apps.apple.com/cn/app/id6737089849","false","false","","false","false","2023-05-29 09:03:29","https://x.com/Saladin91527181","https://pbs.twimg.com/profile_images/1944021508809994240/b0BhHH9A_400x400.jpg","https://pbs.twimg.com/profile_banners/1662987945312399360/1715761498"
"2815325906","刘小排","bourneliu66","AI产品创业者

Raphael AI - https://t.co/tJOiC33sAI
AnyVoice - https://t.co/MQkmOW2lbu
Fast3D - https://t.co/6m3JO8jJvc","123","11091","81","14","58","","","https://raphael.app/","false","true","","false","false","2014-09-18 01:37:10","https://x.com/bourneliu66","https://pbs.twimg.com/profile_images/1955860656919625728/sCkP_hTF_400x400.png",""
"885086674828578816","Mr Panda","PandaTalk8","Solo Developer ｜ Growth Coach｜Helping creators build their personal brand on X  
公众号：PandaTalk8","20038","56167","6645","56809","1215","教育","","https://xgrowth.xlearnity.ai/","false","true","","false","true","2017-07-12 18:41:22","https://x.com/PandaTalk8","https://pbs.twimg.com/profile_images/1738715996737933312/QHUuRDK1_400x400.jpg","https://pbs.twimg.com/profile_banners/885086674828578816/1760969154"
"1894314002291068928","AI产品玩家","AIPMLogi","用AI做产品与技术｜重塑数字化物流","2365","2034","96","125","332","产品经理","china","https://shipmenttrack.us","false","true","","false","true","2025-02-25 17:10:38","https://x.com/AIPMLogi","https://pbs.twimg.com/profile_images/1950043485438107648/ZDHr_b4u_400x400.jpg","https://pbs.twimg.com/profile_banners/1894314002291068928/1753763503"
"913314383526223872","赵纯想","chunxiangai","🎬 https://t.co/Xd1e236W65 
💬 https://t.co/UVx8yZHIBo 
📖 https://t.co/T13Crt8lg5","2113","31177","340","1676","308","移动应用程序","","https://chunxiang.space","false","true","","false","true","2017-09-28 16:08:12","https://x.com/chunxiangai","https://pbs.twimg.com/profile_images/1851554473174286336/nuzwVwa2_400x400.jpg","https://pbs.twimg.com/profile_banners/913314383526223872/1734401000"
"398685439","爱犬人士","Onlylovedogs","S偏DOM喜K9，《索摩国际俱乐部》创始人、主理人。秋遇佳人，柟舍柟分；心有翎曦，安暖相伴。俱乐部专业活动私信或者找@SuoMoJLB777，俱乐部福利：https://t.co/nmUOzcDOiH 桃https://t.co/9kbxGgfeXV","3869","25122","36","649","855","宠物护理与服务","青岛","https://k.youshop10.com/G4qteC61","false","true","","false","true","2011-10-26 20:04:58","https://x.com/Onlylovedogs","https://pbs.twimg.com/profile_images/1509387728689197057/BhI-Wi1l_400x400.jpg","https://pbs.twimg.com/profile_banners/398685439/1668105080"
"715183792697303041","获取影片机器人","HuoQubot","在推文中提及@HuoQubot 将在几秒回复你相关视频下载链接。 请关注我 获取通知。","832379","1295839","114","19","1","","","","false","false","","false","true","2016-03-30 22:27:58","https://x.com/HuoQubot","https://pbs.twimg.com/profile_images/1805124494555750400/A_atuS58_400x400.jpg","https://pbs.twimg.com/profile_banners/715183792697303041/1693686201"
"1646010116624334848","WeNext(nexty.dev)","weijunext","⛵️全栈工程师，出海开发者，Next.js 手艺人 ｜
Next.js SaaS 模板：https://t.co/YzCDmGttme ｜
Nextjs 中文文档：https://t.co/Ek37EFh3tI ｜
开源：https://t.co/vMeadXy9OD","1520","13532","1113","1121","347","科技","Singapore","https://bento.me/weijunext","false","true","","false","true","2023-04-12 12:39:37","https://x.com/weijunext","https://pbs.twimg.com/profile_images/1752225823644413952/xqXypTHQ_400x400.jpg","https://pbs.twimg.com/profile_banners/1646010116624334848/1690107043"
"1886649086612557824","Luke","Luke85870540949","一名程序员，喜欢玩AI","13","82","45","23","2","","Hong Kong","","false","false","","false","true","2025-02-04 13:33:03","https://x.com/Luke85870540949","https://pbs.twimg.com/profile_images/1886649924747730944/eKhJ1H0t_400x400.jpg",""
"362252075","哥飞","gefei55","哥飞，出海鼓励师，SEO爱好者，Adsense玩家，出海AI工具方向创业者。
同名公众号写了五百多篇出海搞流量免费教程文章。","2370","45403","1044","777","606","科技","Guangdong","https://new.web.cafe/","false","true","","false","false","2011-08-26 10:49:30","https://x.com/gefei55","https://pbs.twimg.com/profile_images/1600285780555202560/TE8ad_yJ_400x400.jpg",""
"2524054428","Luo说不啰嗦","LuoSays","全栈创业者：
- https://t.co/MNlf5lc1G3
- https://t.co/KZEK3kuwNU
- https://t.co/0ilSrNfWRI

主打陪伴的出海陪跑师：@chuhaiqu
发行了 4 张专辑的 AI 音乐练习生：@LuoSuno","13297","29946","671","8547","861","科技","Estonia","https://luosays.com","false","true","","false","true","2014-05-26 11:49:28","https://x.com/LuoSays","https://pbs.twimg.com/profile_images/1735526136405434368/CgtbRyhq_400x400.jpg","https://pbs.twimg.com/profile_banners/2524054428/1745211558"
"6690032","向阳乔木","vista8","喜欢摇滚乐、爱钓鱼的PM
网站：https://t.co/vnUpLt752o","5988","68130","1370","6718","1765","科技","Beijing","","false","true","","false","true","2007-06-09 13:48:52","https://x.com/vista8","https://pbs.twimg.com/profile_images/1960882043249942533/h4J39ERy_400x400.jpg","https://pbs.twimg.com/profile_banners/6690032/1681134125"
"1302118861995536387","Panda","Jiaxi_Cui","Video AI","2238","15630","849","2533","384","","BeiJing","https://scholar.google.com/citations?user=QRV7CjgAAAAJ","false","true","","false","true","2020-09-05 13:38:34","https://x.com/Jiaxi_Cui","https://pbs.twimg.com/profile_images/1677124881144770560/W6zZ-Zux_400x400.jpg","https://pbs.twimg.com/profile_banners/1302118861995536387/1758038923"
"1669276256","歸藏(guizang.ai)","op7418","关注人工智能、LLM 、 AI 图像视频和设计（Interested in AI, LLM, Stable Diffusion, and design）

AIGC 周刊主理人｜公众号：歸藏的AI工具箱","21119","105625","1218","36555","7241","","","https://www.guizang.ai/","false","true","","false","true","2013-08-14 10:18:36","https://x.com/op7418","https://pbs.twimg.com/profile_images/1636981205504786434/xDl77JIw_400x400.jpg","https://pbs.twimg.com/profile_banners/1669276256/1706450781"
"1131442257675083777","Cell 细胞","cellinlab","⚡️ 「BIP 订阅制真人秀」概念提出者 ｜ 💻 独立开发者 ｜🌍 造物矩阵 @ZaoWuJuZhen & 小火炉播客 @XiaohuoluFM 创始人 ｜🎯 关注 AI & Crypto · 构建创作者生态 · 探索个体与社区的更多可能 ｜🌐 English: @CellNomad","12001","20037","4512","13347","2235","科技","","https://www.cellinlab.com","false","true","","false","true","2019-05-23 14:10:30","https://x.com/cellinlab","https://pbs.twimg.com/profile_images/1634900405724545031/gQgQEpaj_400x400.jpg","https://pbs.twimg.com/profile_banners/1131442257675083777/1732942869"
"1745528837088161792","出海去孵化器","chuhaiqu","⛴️#出海去 帮助一人企业做好出海增长

我们是一个赋能独立创客、一人公司和小微团队的新型社区孵化器，帮独立创客打造全球化一人公司。

📖会员(课程): https://t.co/YLAkpwse6m
🚀加速营(孵化): https://t.co/4KVsRFIwZG
🗣️微信听友群: https://t.co/APS8qLRgMr
🔍公众号/视频号/小宇宙/即刻: 同名","2307","13326","343","1452","834","专业服务","🔗 更多详情见官网","https://chuhaiqu.club","false","true","","false","true","2024-01-12 03:31:25","https://x.com/chuhaiqu","https://pbs.twimg.com/profile_images/1803421997063438337/wqT7zWXC_400x400.jpg","https://pbs.twimg.com/profile_banners/1745528837088161792/1720877883"
"1818475336520351744","Steven W.","Steven1522758","🚀 SaaS 和 AI 软件开发者 |  独立开发践行者
❇️ 分享有关创业、团队、产品、SEO 和 AI 的经验
➡️ 产品：https://t.co/8nVDaoFXiH, https://t.co/41JPBUG52N, https://t.co/L97WS1VMyh","242","2411","100","271","146","","北京","https://vdraw.ai","false","false","","false","true","2024-07-31 10:34:48","https://x.com/Steven1522758","https://pbs.twimg.com/profile_images/1818531909351477248/3YjGJV7e_400x400.jpg","https://pbs.twimg.com/profile_banners/1818475336520351744/1735779375"
"1838581855320444928","Next蔡蔡","aiyacaicai","Specializing in AI Coding and AI agents, with a broader interest in emerging AI trends. Guided by personal curiosity","80","49","360","304","15","","","https://youtube.com/@aiyacaicai?si=165HQajG2PJ9PqjE","false","true","","false","false","2024-09-24 22:11:07","https://x.com/aiyacaicai","https://pbs.twimg.com/profile_images/1911436951619604480/6NTKd8qh_400x400.jpg","https://pbs.twimg.com/profile_banners/1838581855320444928/1744557493"
"1474067654","李继刚","lijigang_com","Reader.  Thinker.  Prompter.","627","30082","32","232","85","","","","false","true","","false","false","2013-06-01 15:32:24","https://x.com/lijigang_com","https://pbs.twimg.com/profile_images/599778700943446016/N-a6Jbep_400x400.jpg","https://pbs.twimg.com/profile_banners/1474067654/1750226514"
"232519529","AI进化论-花生","AlchainHust","🤖AI Native Coder：「小猫补光灯」「拍照学单词」
🎥经营20万+粉丝的YouTube/B站频道：AI进化论-花生
💡AI编程知识星球：https://t.co/qkSYGBzeRw
小红书：花叔（只工作不上班版
公众号：花叔
即刻：Alchian花生","821","19929","270","606","208","","","https://huasheng.ai/","false","false","","false","false","2010-12-31 19:18:07","https://x.com/AlchainHust","https://pbs.twimg.com/profile_images/1851546452184752128/koJVfNWf_400x400.jpg","https://pbs.twimg.com/profile_banners/232519529/1740280664"
"1029863486619172865","深田えいみ","fukada0318","Hi！EIMI FUKADA！/Instagram▶︎https://t.co/azJSW8rkujお仕事案件▶︎fukadaeimi0318@gmail.com YouTube▶︎深田えいみ/Aime(エメ)ブランド・プロデュース商品 詳細リンク▶","2477","4405015","143","3489","1848","","","https://linktr.ee/fukadaeimi","false","true","","false","false","2018-08-16 06:52:43","https://x.com/fukada0318","https://pbs.twimg.com/profile_images/1560873663020142592/QKnFG09i_400x400.jpg","https://pbs.twimg.com/profile_banners/1029863486619172865/1598276523"
"733363843825467392","yami","chanbaekkailu1","魔法少女 / Model / Cosplayer【お仕事依頼: realyami0624@163.com】","4267","2019484","256","21647","1308","","上海","","false","true","","false","true","2016-05-20 02:29:00","https://x.com/chanbaekkailu1","https://pbs.twimg.com/profile_images/1809266437678415872/RfoVlwQ4_400x400.jpg","https://pbs.twimg.com/profile_banners/733363843825467392/1732100753"
"4066344732","三上悠亜","yua_mikami","アパレル👗@mistreass カラコン🩷@majetteofficial公式ファンクラブ🎀⇨https://t.co/yLnVMfuyBtお仕事依頼はこちら💌⇨yuamikami.management@gmail.com","17301","8848109","252","70265","8866","","公式ホームページ⇨","https://miss.co.jp/","false","true","","false","false","2015-10-30 15:49:43","https://x.com/yua_mikami","https://pbs.twimg.com/profile_images/1691638672431677440/Jv7f6X6A_400x400.jpg","https://pbs.twimg.com/profile_banners/4066344732/1717412142"
