﻿"User ID","Name","Username","Bio","Tweets Count","Followers Count","Following Count","Favourites Count","Media Count","Professional","Location","Website","Verified","Is Blue Verified","Verified Type","Protected","Can DM","Created At","Profile URL","Avatar URL","Profile Banner URL"
"1892802325586333699","serva huang","servasyy","古早程序员 | AI出海 | 自由职业
机车游侠&机速购&骑享租创始人
15年前 freelance 起步 → 连续创业者 → 亏过1个亿，逆风翻盘中
分享创业，AI，生活，读书，健身，中医","2931","8129","540","5246","115","","","","false","true","","false","true","2025-02-21 13:03:54","https://x.com/servasyy","https://pbs.twimg.com/profile_images/1969304899877027840/Ok6tYp0b_400x400.jpg","https://pbs.twimg.com/profile_banners/1892802325586333699/1760433997"
"1966322844490665984","饼干哥哥AGI（2.0）","bggg_ai","重生之我继续在X 分享AI干货知识：AI编程、n8n 工作流、AI 绘画","213","4355","208","283","84","","","","false","true","","false","false","2025-09-12 10:12:55","https://x.com/bggg_ai","https://pbs.twimg.com/profile_images/1982968532481802240/eZp14eKY_400x400.jpg",""
"1976131804437544962","xaicreator","xaicreatorcom","Your AI Agent help you to draft, schedule & grow on X 

For creators, agencies & companies","2","92","1","5","2","","","https://xaicreator.com","false","false","","false","false","2025-10-09 11:45:19","https://x.com/xaicreatorcom","https://pbs.twimg.com/profile_images/1986431543259369472/huYkmMf6_400x400.jpg","https://pbs.twimg.com/profile_banners/1976131804437544962/1762437165"
"1597654998971604992","金融汪","yuyy614893671","油管频道：金融汪 ，网址：https://t.co/mE0zmyZHPv

金融市场老兵. Former Investment manager. 观察和理解这个世界每天在发生着什么，是我的兴趣也是工作。X上的内容只是分享，不是投资建议。","16013","61907","452","3335","4176","商业和工业","","https://www.youtube.com/@shijiejinrongwang","false","true","","false","false","2022-11-30 02:13:44","https://x.com/yuyy614893671","https://pbs.twimg.com/profile_images/1832901799470411776/mpHf_iT0_400x400.jpg","https://pbs.twimg.com/profile_banners/1597654998971604992/1725832829"
"1929754872855121922","RachelWu","RachelWu2000","INFP ♈️| Linguistics→ Tech | Gen Z Founder | Building AI applications (VC-backed) @pulsetact","1258","2606","110","4227","62","","Hongkong","","false","true","","false","false","2025-06-03 12:20:00","https://x.com/RachelWu2000","https://pbs.twimg.com/profile_images/1948336597910650880/cbnMcmpM_400x400.jpg","https://pbs.twimg.com/profile_banners/1929754872855121922/1758715454"
"427612058","尤雨溪","yuxiyou","@youyuxi 的中文小号。@voidzerodev 创始人，开源软件开发者，Vue / Vite 作者。此号只聊技术无关的闲话（偶尔破戒警告","1647","112573","250","1059","168","","Singapore","https://evanyou.me","false","false","","false","false","2011-12-04 03:03:55","https://x.com/yuxiyou","https://pbs.twimg.com/profile_images/1904818433897984000/0K6AhwWU_400x400.jpg","https://pbs.twimg.com/profile_banners/427612058/1652336566"
"1516941936971554817","杀破狼 WolfyXBT","Wolfy_XBT","数据分析｜信息整理｜全职韭菜｜兼职傻逼｜币安返佣：https://t.co/0iHUM5kFgG｜买 Memecoin 推荐使用 GMGN：https://t.co/So9qyNKHTQ","19820","820397","6840","48420","2505","","交易所返佣链接 👉","http://linktr.ee/killthewolf","false","true","","false","true","2022-04-21 08:48:42","https://x.com/Wolfy_XBT","https://pbs.twimg.com/profile_images/1680938637628944384/2FYk0Ft4_400x400.jpg","https://pbs.twimg.com/profile_banners/1516941936971554817/1734990370"
"885086674828578816","Mr Panda","PandaTalk8","Solo Developer ｜ Growth Coach｜Helping creators build their personal brand on X  
公众号：PandaTalk8","20028","56126","6644","56762","1215","教育","","https://xgrowth.xlearnity.ai/","false","true","","false","true","2017-07-12 18:41:22","https://x.com/PandaTalk8","https://pbs.twimg.com/profile_images/1738715996737933312/QHUuRDK1_400x400.jpg","https://pbs.twimg.com/profile_banners/885086674828578816/1760969154"
"1560257944893083648","Hayes","neatprompts","Head of Engineering @ growth-stage AI company. Scaling models and teams toward AGI. Notes and thoughts along the way.","4370","71066","36","720","2029","","SF","","false","true","","false","true","2022-08-18 21:31:10","https://x.com/neatprompts","https://pbs.twimg.com/profile_images/1977771769038553088/6OuLzFLD_400x400.jpg","https://pbs.twimg.com/profile_banners/1560257944893083648/1758002628"
"1718896922277314560","熠辉 Indie","yihui_indie","我的AI编程课(https://t.co/HVZn3ItASW) |B站up主 | 分享创造 + 无限迭代ing","4353","38700","720","2756","1034","","Hong Kong","https://happyaicoding.com","false","true","","false","true","2023-10-30 15:45:42","https://x.com/yihui_indie","https://pbs.twimg.com/profile_images/1804848821702377472/fSfFlGTf_400x400.jpg","https://pbs.twimg.com/profile_banners/1718896922277314560/1753789761"
"1472063616","Zara Zhang","zarazhangrui","Building AI x learning products. Harvard’17. Side project: https://t.co/QTlH7OGcGy YouTube: https://t.co/8xzbGWtf6w Substack: https://t.co/dDPEWGiuBW","1108","16298","1314","1030","206","","San Jose, CA","http://www.zarazhang.com","false","true","","false","true","2013-05-31 20:52:30","https://x.com/zarazhangrui","https://pbs.twimg.com/profile_images/1742369596534067200/Ts-5zSJ6_400x400.jpg",""
"1953337039510003712","Tibo","thsottiaux","Codex @OpenAI","464","12760","38","1046","14","","","","false","true","","false","true","2025-08-07 14:07:07","https://x.com/thsottiaux","https://pbs.twimg.com/profile_images/1953339828738899968/WWQlU2RT_400x400.jpg",""
"340380290","Christina Wadsworth Kaplan","ChristinaHartW","leading personalization & proactivity (Pulse) @OpenAI | previously @Meta, @Instagram","68","8481","195","458","3","","San Francisco, CA","","false","true","","false","false","2011-07-23 00:14:58","https://x.com/ChristinaHartW","https://pbs.twimg.com/profile_images/1283157241206472704/76HJJfEc_400x400.jpg",""
"352806502","Thariq","trq212","Claude Code @anthropicai.   prev @ycombinator W20, mit media lab","3345","24050","1428","49562","351","","SF via Toronto","http://thariq.io","false","true","","false","true","2011-08-11 11:16:59","https://x.com/trq212","https://pbs.twimg.com/profile_images/1976939058741039104/r3GgzqRh_400x400.jpg","https://pbs.twimg.com/profile_banners/352806502/1722547496"
"1744205257125634048","老安-【专注出海项目】","chaogewc","🌍 稳定出海变现项目，自营项目
🔥 签合同，包落地，有保障，有实力！
✈️ https://t.co/YCDgiX3S58","2668","20231","76","106","2316","企业家","V:OLDAN2025","https://jxxow1l399a.feishu.cn/docx/AGLWd4DkfoVZL9xH2eHcL2Z3n0b","false","false","","false","false","2024-01-08 11:52:00","https://x.com/chaogewc","https://pbs.twimg.com/profile_images/1972538789466943488/V19KufJI_400x400.png","https://pbs.twimg.com/profile_banners/1744205257125634048/1762186825"
"1380719534970040322","Alex Albert","alexalbert__","Claude Relations @AnthropicAI. Opinions are my own!","2081","105200","665","7365","521","","San Francisco","https://alexalbert.me/","false","true","","false","true","2021-04-10 11:09:58","https://x.com/alexalbert__","https://pbs.twimg.com/profile_images/1856486626072915968/JEQpB9CW_400x400.jpg","https://pbs.twimg.com/profile_banners/1380719534970040322/1723397536"
"1521851592827310080","快乐冠军","KLGJ8888","发什么就看什么｜@Lu_lu4Xi1是小号","7342","189671","753","15110","646","","好用vpn👉🏻","https://tw01.damoplane.one/#/register?code=ATyPkgkN","false","true","","false","true","2022-05-04 21:58:05","https://x.com/KLGJ8888","https://pbs.twimg.com/profile_images/1645592507559063554/wDXTr60v_400x400.jpg","https://pbs.twimg.com/profile_banners/1521851592827310080/1717862584"
"1737438242382000128","@jiamimao 猫叔","jiamimaodashu","一切都是自己的选择。拥抱加密行业是最正确的那个。","16985","28524","2226","22231","1329","","","","false","true","","false","true","2023-12-20 19:42:38","https://x.com/jiamimaodashu","https://pbs.twimg.com/profile_images/1758305253488009216/9xVsPFM5_400x400.jpg","https://pbs.twimg.com/profile_banners/1737438242382000128/1704261808"
"1071224721046261760","karminski-牙医","karminski3","A coder, road bike rider, server fortune teller, electronic waste collector, co-founder of KCORES, ex-director at IllaSoft, KingsoftOffice, Juejin.","3984","29410","1434","2022","2166","","Asia/Beijing","https://kcores.com","false","true","","false","true","2018-12-08 10:07:30","https://x.com/karminski3","https://pbs.twimg.com/profile_images/1071225168360427520/2tY0hY6b_400x400.jpg","https://pbs.twimg.com/profile_banners/1071224721046261760/1736987799"
"916052708930588672","Circleboom","circleboom","We create intuitive and easy-to-use social media products for brands, SMBs and users to grow and strengthen their social network. @circleboomhub @circleboomdev","28351","191852","1109","230","2324","","Cherry Hill, NJ, USA","http://circleboom.com","false","true","Business","false","true","2017-10-06 05:29:20","https://x.com/circleboom","https://pbs.twimg.com/profile_images/945783707973152768/sVrt7xvP_400x400.jpg","https://pbs.twimg.com/profile_banners/916052708930588672/1522286239"
"33836629","Andrej Karpathy","karpathy","Building @EurekaLabsAI. Previously Director of AI @ Tesla, founding team @ OpenAI, CS231n/PhD @ Stanford. I like to train large deep neural nets.","9814","1471414","1026","20697","826","","Stanford","https://karpathy.ai","false","true","","false","true","2009-04-21 14:49:15","https://x.com/karpathy","https://pbs.twimg.com/profile_images/1296667294148382721/9Pr6XrPB_400x400.jpg","https://pbs.twimg.com/profile_banners/33836629/1407117611"
"1914978318795079680","凉光一现","QusetionHub","✨intj to enfj｜💭创业＆认知｜💦沪漂｜💫在职教学主管｜💻独立开发学习ing","1518","4195","289","1853","144","","","","false","true","","false","true","2025-04-23 17:44:08","https://x.com/QusetionHub","https://pbs.twimg.com/profile_images/1944986011882135552/6885Cdi2_400x400.jpg","https://pbs.twimg.com/profile_banners/1914978318795079680/1750229629"
"1415979016901648386","Shelly","0xShellywang","AI 探索 ，币圈摸鱼
很爱买锅跟做饭，INFJ网络话痨
0市场预算实现1500万用户
跑过百亿交易额
Cooking MaybeAI & OmniMCP & Footprint","1658","3259","237","3637","87","科技","","","false","true","","false","true","2021-07-16 18:18:08","https://x.com/0xShellywang","https://pbs.twimg.com/profile_images/1981420859915980801/NOikKlsx_400x400.jpg","https://pbs.twimg.com/profile_banners/1415979016901648386/1761035102"
"1404738934043602947","Jackywine","Jackywine","年终复盘 ing","23439","25671","2805","76646","3594","风险投资","","","false","true","","false","true","2021-06-15 17:54:01","https://x.com/Jackywine","https://pbs.twimg.com/profile_images/1805875520430915586/x3t_sQdd_400x400.jpg","https://pbs.twimg.com/profile_banners/1404738934043602947/1750768857"
"1948730310100979712","U哥","uge198568","在这里记录脑海中每天的奇思妙想或者胡说八道。
📲 小红书：U哥帮你看号","425","385","62","99","16","","","","false","true","","false","false","2025-07-25 21:01:33","https://x.com/uge198568","https://pbs.twimg.com/profile_images/1948730438329270276/p3p1rzVY_400x400.jpg","https://pbs.twimg.com/profile_banners/1948730310100979712/1753449365"
"100399047","Tz","Tz_2022","AI is the steam engine of the mind. AI是心灵的蒸汽机。
科幻是现实的有效坍塌。加速正在被加速。
看，那千尺海啸正扑面而来，而我们还在海滩上捡垃圾。
念念不忘，必有回响。","5094","11019","1365","8739","955","科技","Edinburgh, UK","","false","false","","false","false","2009-12-30 12:06:23","https://x.com/Tz_2022","https://pbs.twimg.com/profile_images/1579478276287905794/7-2NGiY3_400x400.jpg","https://pbs.twimg.com/profile_banners/100399047/1724471757"
"1704733865997377536","nicekate","nicekate8888","AI and tech aficionado, keen on radios and e-readers.

🌐 https://t.co/aW55vLd67a","2185","10299","2146","19396","1056","","","","false","true","","false","true","2023-09-21 13:46:53","https://x.com/nicekate8888","https://pbs.twimg.com/profile_images/1737278828798767104/Ym9jifD8_400x400.jpg",""
"1716002749412966401","ThirdBro🌊RIVER","dngzsn37461","Code meets Capital
在AI与Web3的交汇处寻找答案
独立开发 | web3Builder | 信息分享 | meme","462","1305","268","108","62","","","","false","true","","false","false","2023-10-22 16:05:34","https://x.com/dngzsn37461","https://pbs.twimg.com/profile_images/1928131988525043717/O_-VQ_TE_400x400.jpg","https://pbs.twimg.com/profile_banners/1716002749412966401/1748537575"
"1881991469730594816","余温","gkxspace","05年  🌲独立开发者  🌸连续创业者 | 目前总收入七位数
✨分享创业历程  💓我的目标:“做出一家伟大的公司！”
创业做过多类业务 : 代写 | 交友 | 旅拍 | agent产品 | ai教育……","1995","7209","547","1418","107","","微信和社群","https://yuwen.website","false","true","","false","true","2025-01-22 17:05:13","https://x.com/gkxspace","https://pbs.twimg.com/profile_images/1952432952928784384/k7SIkQ7I_400x400.jpg","https://pbs.twimg.com/profile_banners/1881991469730594816/1758132248"
"452072245","铁锤人","lxfater","我在用 AI 协助我创业，赚钱，走向自由
我的录屏软件  https://t.co/S9MMiRiy7L
github 维护 3w star 项目：https://t.co/ytvQf2mtZO","9836","50205","1109","5514","1005","社交媒体影响者","我的所有信息-》》","https://www.lxfater.com","false","true","","false","true","2012-01-01 19:26:00","https://x.com/lxfater","https://pbs.twimg.com/profile_images/1723719195995807744/9JIAjVJr_400x400.jpg","https://pbs.twimg.com/profile_banners/452072245/1762837704"
"16681326","Frank Wang 玉伯","lifesinger","I am curious and honest","4227","15052","884","688","88","","FUTURE","http://youmind.com","false","true","","false","false","2008-10-10 17:36:41","https://x.com/lifesinger","https://pbs.twimg.com/profile_images/1965120373781114880/rLnJ1xpC_400x400.jpg","https://pbs.twimg.com/profile_banners/16681326/1755700256"
"1392110156452823044","Berryxia.AI","berryxia_ai","🧠✨Building AI tools AI System Prompt 🐳 | Make WinMaxle Keyboard  Not a designer, not a programmer, Love Design & Coding & Prompt！ 
💼📮:Andyhuo@me.com","5296","16752","1805","2361","1212","金融服务","hongkong","https://yw.app/3bD49AG","false","true","","false","true","2021-05-11 21:31:49","https://x.com/berryxia_ai","https://pbs.twimg.com/profile_images/1911247392478789632/JvXU6qyM_400x400.jpg","https://pbs.twimg.com/profile_banners/1392110156452823044/1760658386"
"1723331","indigo","indigo11","Co-founder of https://t.co/WosXbyLukR / Partner of Brilliant Phoenix / ex-Weibo. Investor, Writer, Coder, Gamer & Amateur Cook. e/acc, 𝕏 is my notebook …","8334","45622","1032","14171","2721","","Canada","http://indigox.me","false","true","","false","true","2007-03-21 16:10:31","https://x.com/indigo11","https://pbs.twimg.com/profile_images/1521250220067098624/ZhlFfRWZ_400x400.png","https://pbs.twimg.com/profile_banners/1723331/1631392155"
"6690032","向阳乔木","vista8","喜欢摇滚乐、爱钓鱼的PM
网站：https://t.co/vnUpLt752o","5978","68109","1370","6714","1762","科技","Beijing","","false","true","","false","true","2007-06-09 13:48:52","https://x.com/vista8","https://pbs.twimg.com/profile_images/1960882043249942533/h4J39ERy_400x400.jpg","https://pbs.twimg.com/profile_banners/6690032/1681134125"
"1477948736156454913","马东锡 NLP","dongxi_nlp","Prev. PhD @Stockholm_Uni | Alumni @KTHuniversity @uppsalauni Sharing insights on AI, autonomous agents, and large language & reasoning models","2293","32450","830","6584","224","科技","Stockholm, Sweden","","false","true","","false","true","2022-01-03 18:23:54","https://x.com/dongxi_nlp","https://pbs.twimg.com/profile_images/1955352181453774848/QfD9wuqD_400x400.jpg","https://pbs.twimg.com/profile_banners/1477948736156454913/1680195487"
"345437084","徹言","iamcheyan","程序员・作家・编剧  / 東京都在住 🗼","14649","41933","7574","100326","2606","","東京 墨田区","http://iamcheyan.com","false","true","","false","true","2011-07-31 00:05:20","https://x.com/iamcheyan","https://pbs.twimg.com/profile_images/1752946036358909952/o_vVoTim_400x400.jpg","https://pbs.twimg.com/profile_banners/345437084/1714718985"
"1485262989121007625","Raunak Yadush","raunak_yadush","⚙️AI , Tech & Online Business Insights | 90K+ on LinkedIn | Community Builder | Free Tools & Resources 📩 | Dm for Collabs raunakyadush@gmail.com","7795","5701","11","5455","512","Software developer/Programmer/Software engineer","Hyderabad, Telangana","https://www.linkedin.com/in/raunakyadush/","false","true","","false","true","2022-01-23 22:48:21","https://x.com/raunak_yadush","https://pbs.twimg.com/profile_images/1915255912857829376/auEfd-8P_400x400.jpg","https://pbs.twimg.com/profile_banners/1485262989121007625/1745467700"
"2815325906","刘小排","bourneliu66","AI产品创业者

Raphael AI - https://t.co/tJOiC33sAI
AnyVoice - https://t.co/MQkmOW2lbu
Fast3D - https://t.co/6m3JO8jJvc","122","11058","81","14","58","","","https://raphael.app/","false","true","","false","false","2014-09-18 01:37:10","https://x.com/bourneliu66","https://pbs.twimg.com/profile_images/1955860656919625728/sCkP_hTF_400x400.png",""
"763901306264322049","Susan STEM","feltanimalworld","Founder of the Entropy Control Theory : Language as system design  用结构抵抗熵增","33798","40564","6061","43137","1676","","Virginia, USA","https://www.entropycontroltheory.com","false","true","","false","false","2016-08-12 08:53:58","https://x.com/feltanimalworld","https://pbs.twimg.com/profile_images/1941884420048265216/Dbcchu0q_400x400.jpg","https://pbs.twimg.com/profile_banners/763901306264322049/1511626510"
"1933619890180796419","Paul Sims","SimslearnAi","Learn AI Today and Future proof yourself. I help you to 10x Your Business with AI. ✉ DM or Mail for collab: coderpaulsims@gmail.com","19933","7718","273","17791","1012","","New York","","false","true","","false","true","2025-06-14 04:18:35","https://x.com/SimslearnAi","https://pbs.twimg.com/profile_images/1933732790434213888/HWediMzk_400x400.jpg","https://pbs.twimg.com/profile_banners/1933619890180796419/1749872203"
"3122661542","Yangyi","Yangyixxxx","Believing is seeing","13736","109063","499","5391","2847","科技","","https://lnk.bio/yangyi","false","true","","false","true","2015-04-01 11:00:40","https://x.com/Yangyixxxx","https://pbs.twimg.com/profile_images/1790540021327712256/72wMFr9-_400x400.jpg","https://pbs.twimg.com/profile_banners/3122661542/1702609915"
"1851933324463476738","逐梦AI赚钱实战","AmbitiousXU","🚀 一名四线城市正在创业的00后小伙
🌐 全网10万粉丝（ins四万）
📈 0基础➡️月入四万（十个月）
🤝 寻找有雄心的小伙伴共同进步
🌍 全平台同名：逐梦AI赚钱实战","1273","7059","75","656","618","","微信：zmxu604 (备注推特)，更多资料👉","","false","true","","false","true","2024-10-31 18:25:02","https://x.com/AmbitiousXU","https://pbs.twimg.com/profile_images/1851933706220638209/g6oPGRtD_400x400.jpg","https://pbs.twimg.com/profile_banners/1851933324463476738/1749888349"
"2827471609","吕立青_JimmyLv (🐣, 🐣) 2𐃏25 | building bibigpt.co","Jimmy_JingLv","🚧 building https://t.co/AJfZ3LMlgq
https://t.co/SSdYgVYZsz
https://t.co/s0m0tpQMDH
https://t.co/Z3WryKZr0l

🐣learning/earning while helping others
❤️making software, storytelling videos
🔙alibaba @thoughtworks","7199","14739","4710","17368","1543","科技","crossbell.io/@jimmylv","https://jimmylv.cn","false","true","","false","true","2014-09-23 12:56:37","https://x.com/Jimmy_JingLv","https://pbs.twimg.com/profile_images/1904951563657129984/FUJlM4dy_400x400.jpg","https://pbs.twimg.com/profile_banners/2827471609/1668128967"
"745273","Naval","naval","Incompressible","26821","2944446","0","270480","308","","","https://nav.al","false","true","","false","false","2007-02-02 07:05:04","https://x.com/naval","https://pbs.twimg.com/profile_images/1256841238298292232/ycqwaMI2_400x400.jpg","https://pbs.twimg.com/profile_banners/745273/1588490328"
"2214840878","Steven Kotler","steven_kotler","Author (3 Pulitzer Nominations, 11 Bestsellers). Executive Director of the Flow Research Collective. Gravity Lover.","9521","31614","1680","7378","826","作者","","https://www.gnarcountry.com/","false","true","","false","false","2013-11-26 07:46:02","https://x.com/steven_kotler","https://pbs.twimg.com/profile_images/1009235726385508352/RE11jkTK_400x400.jpg","https://pbs.twimg.com/profile_banners/2214840878/1670687824"
"4739212399","Odyssey","OdysseysEth","INTP Stoic 碳基叛徒 证伪主义者 Strong Reciprocity","1357","27709","189","627","20","","Singapore","https://rabbit-hole.notion.site/","false","true","","false","true","2016-01-11 00:50:38","https://x.com/OdysseysEth","https://pbs.twimg.com/profile_images/1495019639264452613/kWM2KtWc_400x400.png","https://pbs.twimg.com/profile_banners/4739212399/1650072467"
"381289719","Nassim Nicholas Taleb","nntaleb","Flaneur: probability (philosophy), probability (mathematics), probability (real life),Phoenician wine, deadlifts & dead languages. Greco-Levantine.Canaan. #RWRI","50626","1113842","1624","93355","6339","教育","","https://www.amazon.com/Statistical-Consequences-Fat-Tails-Preasymptotics/dp/B0CD8X5YC5/ref=sr_1_1?ke","false","true","","false","false","2011-09-28 10:19:07","https://x.com/nntaleb","https://pbs.twimg.com/profile_images/1835982938879508480/q4-Esddn_400x400.jpg","https://pbs.twimg.com/profile_banners/381289719/1402489958"
"1206084655843180545","硅谷王川 Chuan","Svwang1","Twitter is my Chain-Of-Thought. Reading history is my end-to-end training. Not financial advice. 一言不合就拉黑。评论区只对订阅用户开放。

Runner: 1 km, 3'49; 5 km, 23'07","9420","168161","472","3911","422","科技","","http://chuan.us/","false","true","","false","true","2019-12-15 13:33:22","https://x.com/Svwang1","https://pbs.twimg.com/profile_images/1206267442546167808/hizG_npB_400x400.jpg","https://pbs.twimg.com/profile_banners/1206084655843180545/1629847981"
"1850452841925861376","小年","XiaoNianTalk","自媒体干货+碎碎念","3400","14162","418","2197","341","教育","V：xiaonianpyq","https://www.xiaohongshu.com/user/profile/5dd6bf6600000000010064a3","false","true","","false","true","2024-10-27 16:22:05","https://x.com/XiaoNianTalk","https://pbs.twimg.com/profile_images/1888771094670151680/OxhjIgQX_400x400.jpg",""
"1909900694825676800","Nina·Ai ⭕️","NinaAi12","自由职业两年｜web3｜ai营销增长","106","14","79","10","49","","","","false","false","","false","false","2025-04-09 17:26:33","https://x.com/NinaAi12","https://pbs.twimg.com/profile_images/1951564020844208128/FGWXm49a_400x400.jpg","https://pbs.twimg.com/profile_banners/1909900694825676800/1754124097"
"3151608288","AppSail.dev","AppSaildotDEV","Build  https://t.co/6hXCeF4SjA  https://t.co/bJvmBtFnWm
🚀 X BoostClub 350w+ 社区  #XBC Partner
🏂 🏄 🛹 Lover of boards & freedom
#独立开发者 #港卡 #汇丰卓越  #资金回国
付费咨询请私信","4427","10584","1213","5507","267","科技","Singapore","https://x-boostclub.notion.site/","false","true","","false","true","2015-04-12 23:43:33","https://x.com/AppSaildotDEV","https://pbs.twimg.com/profile_images/1898997683634978816/jmJl9q7A_400x400.jpg",""
"965583025957371904","Mike Futia","mikefutia","AI Automation Partner for DTC Brands & Agencies | 🎧 Book a call: https://t.co/ChkiPk9nMu | 📩  Free AI Workflows: https://t.co/toYJ1NbXQ6","5968","43687","1016","24173","679","","free ecomm AI community 👉  ","https://mikefutia.com/free-community-x","false","true","","false","false","2018-02-19 21:45:07","https://x.com/mikefutia","https://pbs.twimg.com/profile_images/1923873453498646528/wNZGnvlf_400x400.jpg","https://pbs.twimg.com/profile_banners/965583025957371904/1741551275"
"756319701861601281","鱼总聊AI","AI_Jasonyu","👋 鱼总 / Jason｜8 年出海产品 📈 单款产品 $200k+ 收入，全靠自然流量 💡 代表产品：PaywallPro（付费墙情报&优化）、Portix APP 🍼 2胎爸爸 & AI 内容创作者 这里聊：AI · 出海 · 订阅 · 创业心路 https://t.co/KDI27Daaoi","1254","6224","952","1291","276","","Shaanxi","https://www.paywallpro.app","false","true","","false","true","2016-07-22 10:47:23","https://x.com/AI_Jasonyu","https://pbs.twimg.com/profile_images/1877193368725581824/7_ocNC-C_400x400.jpg","https://pbs.twimg.com/profile_banners/756319701861601281/1760544606"
"2445001998","冰河","binghe_sun","🎉 爱技术，爱赚钱，爱分享！

🐬 分享 赚钱项目 ｜打破信息壁垒 ｜副业避坑

🌻 能拆解的赚钱项目才有意义

🪐 知识星球社群/公众号：“钱来有道” 

🌌 小宇宙 |Podcasts |QQ音乐  播客 “钱来有道”

🎀 搞钱训练营  https://t.co/58qRl0IBTf","3163","24405","159","352","535","","","http://qianlai.flowus.cn","false","true","","false","true","2014-04-15 14:33:45","https://x.com/binghe_sun","https://pbs.twimg.com/profile_images/1967594037571121152/jS1dH7FJ_400x400.jpg","https://pbs.twimg.com/profile_banners/2445001998/1710989203"
"1605","Sam Altman","sama","AI is cool i guess","7283","4125517","974","1024","375","","SF","http://blog.samaltman.com","false","true","","false","false","2006-07-17 06:01:55","https://x.com/sama","https://pbs.twimg.com/profile_images/1904933748015255552/k43GMz63_400x400.jpg",""
"3178231","宝玉","dotey","Prompt Engineer, dedicated to learning and disseminating knowledge about AI, software engineering, and engineering management.","27034","144628","1452","37977","4688","","Chicago, IL","https://baoyu.io","false","true","","false","true","2007-04-02 11:42:14","https://x.com/dotey","https://pbs.twimg.com/profile_images/561086911561736192/6_g58vEs_400x400.jpeg",""
"1134490948438843399","Damien Masson","damienhci","Assistant Professor in HCI @UMontreal @Mila_Quebec @IVADO_Qc. Previously: PostDoc @UofT | PhD @uwhci | Master's @LokiTeamInria | Internship @ADSKResearch","81","1311","205","290","21","","","http://damienmasson.com","false","false","","false","false","2019-06-01 00:04:54","https://x.com/damienhci","https://pbs.twimg.com/profile_images/1649454902958063642/CBiO5fVw_400x400.jpg",""
"913314383526223872","赵纯想","chunxiangai","🎬 https://t.co/Xd1e236W65 
💬 https://t.co/UVx8yZHIBo 
📖 https://t.co/T13Crt8lg5","2113","31182","340","1673","308","移动应用程序","","https://chunxiang.space","false","true","","false","true","2017-09-28 16:08:12","https://x.com/chunxiangai","https://pbs.twimg.com/profile_images/1851554473174286336/nuzwVwa2_400x400.jpg","https://pbs.twimg.com/profile_banners/913314383526223872/1734401000"
"1917061030464917504","MuleRun","mulerun_ai","Agent marketplace where users run daily tasks and creators run their business. Start to run your AI worker 👉 https://t.co/1kvSaswEZF","410","8591","156","619","141","","","https://discord.gg/7Whtng2Wrm","false","true","","false","true","2025-04-29 11:39:13","https://x.com/mulerun_ai","https://pbs.twimg.com/profile_images/1985173728628449280/PbGrlaA2_400x400.jpg","https://pbs.twimg.com/profile_banners/1917061030464917504/1762963486"
"2751923820","Simon@Twillot","mytwillot","Cooking Twillot - A Twitter data management tool hits $1,500 MRR in just 2 months https://t.co/vsIS5B5wYa","3712","3457","322","2974","282",""," 🟩🟩🟩🟩⬜️⬜️⬜️⬜️⬜️⬜️ $5000MRR","https://www.twillot.com/","false","true","","false","true","2014-08-21 19:41:20","https://x.com/mytwillot","https://pbs.twimg.com/profile_images/1789982655100194816/eznb-5Di_400x400.png",""
"1766643751819395072","Paul Graham Essays 📝","pgessays","Daily wisdom from @paulg’s essays, interviews and lectures to help you think clearer, build better and make smarter decisions. https://t.co/9rajjQ01WJ","628","1250","1","3987","103","","never miss an essay 📩👇 ","https://paulgrahamessays.substack.com","false","false","","false","false","2024-03-10 09:54:56","https://x.com/pgessays","https://pbs.twimg.com/profile_images/1780762955346583552/tH2mkJgu_400x400.jpg","https://pbs.twimg.com/profile_banners/1766643751819395072/1713927924"
"183749519","Paul Graham","paulg","","50696","2087711","780","146453","1743","","","http://paulgraham.com","false","true","","false","false","2010-08-28 04:13:59","https://x.com/paulg","https://pbs.twimg.com/profile_images/1824002576/pg-railsconf_400x400.jpg","https://pbs.twimg.com/profile_banners/183749519/1401332683"
"1732683816685514752","LotusDecoder","LotusDecoder","AI --人类外部认知扩展","5039","4315","1762","32455","212","科技","","","false","true","","false","true","2023-12-07 16:50:04","https://x.com/LotusDecoder","https://pbs.twimg.com/profile_images/1905945014683013121/TXca5wDN_400x400.jpg","https://pbs.twimg.com/profile_banners/1732683816685514752/1741421294"
"1873211207295090689","阿崔cxr","cuixr1314","句乐部创始人 
一个通过句子游戏化练习英语的工具  https://t.co/x1kXQqTerV
合作wx：cuixr1314","948","8767","100","582","125","教育","","","false","true","","false","false","2024-12-29 11:35:43","https://x.com/cuixr1314","https://pbs.twimg.com/profile_images/1873212662840213507/BP1d5XVP_400x400.jpg",""
"804592206","代码家","daimajia","🎸独立投资人 / 👨‍💼 前真格基金投资 VP / 🚀 峰瑞资本投资经理 / 🛠️ 掘金联合创始人 / 🌊 GitHub 4w 星达成者 / 🎓 北京师范大学计算机硕士 / 🎓 西安西北大学学士","2084","13445","3901","3883","267","","Beijing","http://github.com/daimajia","false","true","","false","true","2012-09-05 21:23:53","https://x.com/daimajia","https://pbs.twimg.com/profile_images/1079686710282182663/tBz4bUwK_400x400.jpg","https://pbs.twimg.com/profile_banners/804592206/1520867626"
"1596695231717871616","dontbesilent","dontbesilent12","🔍 商业哲学爱好者  📡 维特根斯坦种草主播  🫆 生活合伙人 @XiaoNianTalk  📱 全网同名：dontbesilent 聊赚钱","12098","55605","905","7931","1183","教育","","https://www.xiaohongshu.com/user/profile/63fc8880000000001f0329db","false","true","","false","true","2022-11-27 10:39:52","https://x.com/dontbesilent12","https://pbs.twimg.com/profile_images/1840665561287798784/GJCK0iKf_400x400.jpg","https://pbs.twimg.com/profile_banners/1596695231717871616/1762833879"
"1562814939336941570","Concretum Research","ConcretumR","We swing and trade intraday US markets exploiting statistical edges. We investigate the effect of demand/supply imbalance across time-frames and asset-classes","1664","11615","371","1511","689","","Switzerland","http://www.concretumgroup.com","false","true","","false","true","2022-08-25 22:51:41","https://x.com/ConcretumR","https://pbs.twimg.com/profile_images/1891463737590071296/0qNtD6JS_400x400.jpg","https://pbs.twimg.com/profile_banners/1562814939336941570/1680272615"
"1577241403","@levelsio","levelsio","🇪🇺https://t.co/NdorAWqJC3
📸https://t.co/lAyoqmSBRX $125K/m
🏡https://t.co/1oqUgfD6CZ $40K/m
🛰https://t.co/ZHSvI2wjyW $38K/m
🌍https://t.co/UXK5AFqCaQ $16K/m
👙https://t.co/RyXpqGuFM3 $14K/m
💾https://t.co/M1hEUBAynC $6K/m","163671","748328","2365","153262","17811","","📕 My book $5K/m  👉","http://readMAKE.com","false","true","","false","false","2013-07-08 17:31:59","https://x.com/levelsio","https://pbs.twimg.com/profile_images/1589756412078555136/YlXMBzhp_400x400.jpg","https://pbs.twimg.com/profile_banners/1577241403/1665964220"
"630067994","李自然 Nate Lee","nateleex","CEO, Bootloader AI
我也绝非等闲之辈！🥹","454","7689","180","60","348","","Shanghai","","false","false","","false","false","2012-07-08 17:31:51","https://x.com/nateleex","https://pbs.twimg.com/profile_images/1972004674665697285/aW-7XdRD_400x400.jpg","https://pbs.twimg.com/profile_banners/630067994/1700634566"
"1146457192897421312","JuneLiu SpicyGum🍬","SpicygumL","Check my links🌶️▶️https://t.co/uXg8RAxAWB ◀此列表外皆为假冒 / DM & updates⬇️","13834","1790443","533","40221","476","","👉🏻","https://onlyfans.com/juneliu","false","true","","false","true","2019-07-04 00:34:29","https://x.com/SpicygumL","https://pbs.twimg.com/profile_images/1347830166152744960/MswfNm6h_400x400.jpg","https://pbs.twimg.com/profile_banners/1146457192897421312/1609692104"
