﻿"User ID","Name","Username","Bio","Tweets Count","Followers Count","Following Count","Favourites Count","Media Count","Professional","Location","Website","Verified","Is Blue Verified","Verified Type","Protected","Can DM","Created At","Profile URL","Avatar URL","Profile Banner URL"
"1392110156452823044","Berryxia.AI","berryxia_ai","🧠✨Building AI tools AI System Prompt 🐳 | Make WinMaxle Keyboard  Not a designer, not a programmer, Love Design & Coding & Prompt！ 
💼📮:Andyhuo@me.com","5345","16898","1805","2402","1221","金融服务","hongkong","https://yw.app/3bD49AG","false","true","","false","true","2021-05-11 21:31:49","https://x.com/berryxia_ai","https://pbs.twimg.com/profile_images/1911247392478789632/JvXU6qyM_400x400.jpg","https://pbs.twimg.com/profile_banners/1392110156452823044/1760658386"
"6690032","向阳乔木","vista8","喜欢摇滚乐、爱钓鱼的PM
网站：https://t.co/vnUpLt752o","6004","68189","1370","6736","1773","科技","Beijing","","false","true","","false","true","2007-06-09 13:48:52","https://x.com/vista8","https://pbs.twimg.com/profile_images/1960882043249942533/h4J39ERy_400x400.jpg","https://pbs.twimg.com/profile_banners/6690032/1681134125"
"1966322844490665984","饼干哥哥AGI（2.0）","bggg_ai","重生之我继续在X 分享AI干货知识：AI编程、n8n 工作流、AI 绘画","237","4534","211","302","91","","","","false","true","","false","false","2025-09-12 10:12:55","https://x.com/bggg_ai","https://pbs.twimg.com/profile_images/1982968532481802240/eZp14eKY_400x400.jpg",""
"1294771800","Melis✨","miilesus","Content Marketing Specialist @eachlabs | Architect | UI/UX Designer | AI Explorer","3185","5977","762","32727","977","","İstanbul, Türkiye","https://www.instagram.com/miilesus","false","true","","false","true","2013-03-24 19:01:00","https://x.com/miilesus","https://pbs.twimg.com/profile_images/1964387029472436224/LeBvLrNr_400x400.jpg","https://pbs.twimg.com/profile_banners/1294771800/1762546246"
"1866821173755121666","木马人","cnyzgkc","🚀 Frontend @ Big Tech | ESTJ 
✍️ 分享AI 资讯 / AI 副业实战 / AI 自媒体
 📍公众号：木马人 AI","2494","2140","1158","2268","262","","Los Angeles, CA","","false","false","","false","true","2024-12-11 20:23:59","https://x.com/cnyzgkc","https://pbs.twimg.com/profile_images/1963499609017495553/kuzkS82V_400x400.jpg","https://pbs.twimg.com/profile_banners/1866821173755121666/1760602138"
"756319701861601281","鱼总聊AI","AI_Jasonyu","👋 鱼总 / Jason｜8 年出海产品 📈 单款产品 $200k+ 收入，全靠自然流量 💡 代表产品：PaywallPro（付费墙情报&优化）、Portix APP 🍼 2胎爸爸 & AI 内容创作者 这里聊：AI · 出海 · 订阅 · 创业心路 https://t.co/KDI27Daaoi","1288","6262","951","1327","277","","Shaanxi","https://www.paywallpro.app","false","true","","false","true","2016-07-22 10:47:23","https://x.com/AI_Jasonyu","https://pbs.twimg.com/profile_images/1877193368725581824/7_ocNC-C_400x400.jpg","https://pbs.twimg.com/profile_banners/756319701861601281/1760544606"
"100399047","Tz","Tz_2022","AI is the steam engine of the mind. AI是心灵的蒸汽机。
科幻是现实的有效坍塌。加速正在被加速。
看，那千尺海啸正扑面而来，而我们还在海滩上捡垃圾。
念念不忘，必有回响。","5109","11051","1366","8750","955","科技","Edinburgh, UK","","false","false","","false","false","2009-12-30 12:06:23","https://x.com/Tz_2022","https://pbs.twimg.com/profile_images/1579478276287905794/7-2NGiY3_400x400.jpg","https://pbs.twimg.com/profile_banners/100399047/1724471757"
"1685355844119220225","卡尔的AI沃茨","aiwarts","分享一些好用、优雅的 AI 、工作流和创作方式，一起边学边做，前字节coder, Al and tech Educator, LearnPrompt founder","5202","10810","1054","8556","1682","","Earth","https://github.com/LearnPrompt","false","true","","false","false","2023-07-30 02:26:17","https://x.com/aiwarts","https://pbs.twimg.com/profile_images/1685356596204040192/DYVeb0ww_400x400.jpg","https://pbs.twimg.com/profile_banners/1685355844119220225/1690655390"
"1889280268667928576","BNT","Binetsu_aiphoto","AI Photographer │ ""体温""を感じるようなAI作品 │ ふとした瞬間や表情を切り取ります │ 画像はAI生成しており、特定の人物と一切関係はありません。 │ 無断転載には厳しく対応いたします。","809","51155","68","5959","452","","写真集はこちらから","https://ctee.kr/place/binetsu","false","true","","false","false","2025-02-11 19:48:24","https://x.com/Binetsu_aiphoto","https://pbs.twimg.com/profile_images/1899259024408981504/4SwpkZEO_400x400.jpg","https://pbs.twimg.com/profile_banners/1889280268667928576/1754031229"
"1736717167981182976","-Zho-","ZHO_ZHO_ZHO","Aichitect ➟ Architect | Artist | AI explorer","3854","30173","164","2683","2246","","","https://github.com/ZHO-ZHO-ZHO","false","true","","false","false","2023-12-18 19:57:34","https://x.com/ZHO_ZHO_ZHO","https://pbs.twimg.com/profile_images/1736718001905303553/eLVgZgbv_400x400.jpg","https://pbs.twimg.com/profile_banners/1736717167981182976/1702925198"
"1558317849508122629","CuiMao","CuiMao","我是一名智力低下的博士生，我想学习一下这篇论文，请用傻子都能懂的语言详细给我讲一下这篇文章怎么做的，特别是模型和实证方面","8503","22237","960","6656","1001","科技","","","false","true","","false","true","2022-08-13 13:01:53","https://x.com/CuiMao","https://pbs.twimg.com/profile_images/1987475348288925696/UEjtXq1b_400x400.jpg","https://pbs.twimg.com/profile_banners/1558317849508122629/1760427513"
"745273","Naval","naval","Incompressible","26825","2947557","0","270754","308","","","https://nav.al","false","true","","false","false","2007-02-02 07:05:04","https://x.com/naval","https://pbs.twimg.com/profile_images/1256841238298292232/ycqwaMI2_400x400.jpg","https://pbs.twimg.com/profile_banners/745273/1588490328"
"16681326","Frank Wang 玉伯","lifesinger","I am curious and honest","4241","15091","888","713","89","","FUTURE","http://youmind.com","false","true","","false","false","2008-10-10 17:36:41","https://x.com/lifesinger","https://pbs.twimg.com/profile_images/1965120373781114880/rLnJ1xpC_400x400.jpg","https://pbs.twimg.com/profile_banners/16681326/1755700256"
"36952268","Tony出海","iamtonyzhu","Tony出海营销, Founder, Ship AI startups。10年前从国内互联网产品转行跨境电商。 社媒高转化 + SEO持续增长","5270","16198","1671","5337","932","","Tony出海营销手册👉","https://chuhaihao.com","false","true","","false","true","2009-05-01 22:23:58","https://x.com/iamtonyzhu","https://pbs.twimg.com/profile_images/1731259755891732480/C4u-Yz1V_400x400.jpg",""
"6161782","saberma","saberma","🚁D厂12年 🇯🇵移居日本 💰出海赚钱","696","2111","165","1693","10","","福岡","https://github.com/saberma","false","false","","false","false","2007-05-19 23:17:11","https://x.com/saberma","https://pbs.twimg.com/profile_images/477267992/po_400x400.jpg",""
"1807043606320214016","外贸赶路人Michael","imichaelsoho","公众号：外贸赶路人 🌊解决外贸跨境出海问题🎨打造个人商业自媒体，SOHO一人公司，数字游民，Web3，努力奔赴自由职业ing📱咨询沟通交流⬇️","2928","5293","574","1831","647","社交媒体影响者","vx/WeChat: sohofree","https://imichaelsoho.com/","false","true","","false","true","2024-06-29 21:29:15","https://x.com/imichaelsoho","https://pbs.twimg.com/profile_images/1936062878068449280/jgFgn3AS_400x400.jpg","https://pbs.twimg.com/profile_banners/1807043606320214016/1750767077"
"3151608288","AppSail.dev","AppSaildotDEV","Build  https://t.co/6hXCeF4SjA  https://t.co/bJvmBtFnWm
🚀 X BoostClub 350w+ 社区  #XBC Partner
🏂 🏄 🛹 Lover of boards & freedom
#独立开发者 #港卡 #汇丰卓越  #资金回国
付费咨询请私信","4485","10620","1215","5568","270","科技","Singapore","https://x-boostclub.notion.site/","false","true","","false","true","2015-04-12 23:43:33","https://x.com/AppSaildotDEV","https://pbs.twimg.com/profile_images/1898997683634978816/jmJl9q7A_400x400.jpg",""
"358792499","yukang","cyukang","","628","3019","688","1399","45","","","http://catcoding.me","false","false","","false","false","2011-08-20 22:22:08","https://x.com/cyukang","https://pbs.twimg.com/profile_images/1169871709756743680/S5l5xpQ5_400x400.jpg","https://pbs.twimg.com/profile_banners/358792499/1657000535"
"1567179325551812609","Li Xiangyu 香鱼🐬","LiXiang1947","Neuroscience PhD diving deep into AI | Going all-in on global product adventures | English vibes: @lixiangyu9710 | Email to xiangyuli997@gmail.com","16318","16474","1591","23329","442","科技","","https://scholar.google.com/citations?hl=zh-CN&user=FQlzamQAAAAJ","false","true","","false","true","2022-09-06 23:54:12","https://x.com/LiXiang1947","https://pbs.twimg.com/profile_images/1911584400224948224/QbglopMa_400x400.jpg","https://pbs.twimg.com/profile_banners/1567179325551812609/1729084908"
"1404738934043602947","Jackywine","Jackywine","年终复盘 ing","23512","25691","2808","76787","3601","风险投资","","","false","true","","false","true","2021-06-15 17:54:01","https://x.com/Jackywine","https://pbs.twimg.com/profile_images/1805875520430915586/x3t_sQdd_400x400.jpg","https://pbs.twimg.com/profile_banners/1404738934043602947/1750768857"
"1735423477799342080","艾略特","elliotchen100","代码/设计/运营 @TenFramework 一个开源语音 AI 框架 ｜日常分享 AI ｜English @elliotchen200","5678","17229","834","9141","760","科技","","https://github.com/TEN-framework/ten-framework","false","true","","false","true","2023-12-15 06:16:36","https://x.com/elliotchen100","https://pbs.twimg.com/profile_images/1762647700103929856/cU4FBIrp_400x400.jpg","https://pbs.twimg.com/profile_banners/1735423477799342080/1758976286"
"1830880351801221120","凡人小北","frxiaobei","行道途中。非求速成，惟求通达。
2023 年扎进AI ，打通Know-How，不少赚钱项目，踩过坑，也见过光。
围城里待得够久了，出来聊聊世界，聊聊技术、聊聊赚钱。","3844","19134","351","4596","224","","vx/WeChat: frxiaobei","https://www.frxiaobei.com/","false","true","","false","true","2024-09-03 16:08:10","https://x.com/frxiaobei","https://pbs.twimg.com/profile_images/1916849689783402496/DC10b7O3_400x400.jpg","https://pbs.twimg.com/profile_banners/1830880351801221120/1728362842"
"451425069","海拉鲁编程客","hylarucoder","🖥️ Indie Maker
🛠️ 星球「海哥和他的小伙伴们」
📌 油管「海拉鲁编程客」
 🌸 沦为程序员的段子手/猫咪","14541","18964","1023","3799","1721","科技","👉","https://discord.gg/QpUU4ayM2m","false","true","","false","true","2011-12-31 20:37:37","https://x.com/hylarucoder","https://pbs.twimg.com/profile_images/1725593465/1e73398765998062c75cc3f6____400x400.jpg","https://pbs.twimg.com/profile_banners/451425069/1581146904"
"1690891807784329216","Johann Sathianathen","johann_sath","Founder @jars_global (ex-@cisco) • 1x exit • $jars
Growing
https://t.co/if75nOQcyi
https://t.co/ivmxHzW6F4
https://t.co/gwJ3YTB6eR","4492","1611","700","6236","547","企业家","Chiang Mai, Thailand","https://www.johann.fyi","false","true","","false","false","2023-08-14 09:03:40","https://x.com/johann_sath","https://pbs.twimg.com/profile_images/1923699783882932224/D_lLjJUI_400x400.jpg","https://pbs.twimg.com/profile_banners/1690891807784329216/1754463854"
"1130628715","十里","okooo5km","🔖 Building · Sharing 
✨ Zipic · TimeGo · KeygenGo · HiPixel · Orchard · Prism","3329","5489","728","9653","747","","5km","https://5km.studio","false","true","","false","true","2013-01-29 18:07:21","https://x.com/okooo5km","https://pbs.twimg.com/profile_images/1907070842108006400/2a9cSz5L_400x400.jpg","https://pbs.twimg.com/profile_banners/1130628715/1752132025"
"81712767","Lee Robinson","leerob","Teaching developers @cursor_ai, previously @vercel","14571","205762","751","51379","1163","","Iowa, USA","https://leerob.com","false","true","","false","true","2009-10-12 07:48:28","https://x.com/leerob","https://pbs.twimg.com/profile_images/1862717563311968256/xfgt1L9l_400x400.jpg","https://pbs.twimg.com/profile_banners/81712767/1759897679"
"1667405369142910976","Andy四海为家","AndyRoamer","越南旅居中｜独立开发者｜后厂村产品经理｜AI时代原住民｜户外爱好者｜Vlog博主","589","9522","401","1041","96","科技","四海为家","http://andyroamer.com","false","false","","false","true","2023-06-10 13:36:46","https://x.com/AndyRoamer","https://pbs.twimg.com/profile_images/1726986233753325568/njE73r0l_400x400.jpg","https://pbs.twimg.com/profile_banners/1667405369142910976/1700581347"
"1812747678897586176","Zhong Jian","houzhongji89090","💡 Indie Maker | 🚀 Building cool stuff
📩 https://t.co/n1DcXJEuvx – Secure and anonymous temporary mail service
🌟 https://t.co/VN56L8F8bc – Submit your project for","951","4433","299","496","91","","","https://tempmail100.com/","false","false","","false","false","2024-07-15 15:15:13","https://x.com/houzhongji89090","https://pbs.twimg.com/profile_images/1875900401016557568/zU1bKyZK_400x400.jpg","https://pbs.twimg.com/profile_banners/1812747678897586176/1733106687"
"14642331","GREG ISENBERG","gregisenberg","I run a portfolio of internet companies and host @startupideaspod. CEO: @latecheckoutplz we build companies like @ideabrowser, @meetLCA, @boringmarketer etc","61060","541457","895","109663","2787","","more →","http://gregisenberg.com/","false","true","","false","true","2008-05-04 07:08:05","https://x.com/gregisenberg","https://pbs.twimg.com/profile_images/1577116785656139776/5mi0qgTz_400x400.jpg","https://pbs.twimg.com/profile_banners/14642331/1722363147"
"2827471609","吕立青_JimmyLv (闭关ing) 2𐃏25","Jimmy_JingLv","🚧 building https://t.co/AJfZ3LMlgq
https://t.co/606cFUoda3
https://t.co/s0m0tpQMDH

🐣learning/earning while helping others
❤️making software, storytelling videos
🔙alibaba @thoughtworks","7204","14749","4708","17371","1543","科技","crossbell.io/@jimmylv","https://jimmylv.cn","false","true","","false","true","2014-09-23 12:56:37","https://x.com/Jimmy_JingLv","https://pbs.twimg.com/profile_images/1904951563657129984/FUJlM4dy_400x400.jpg","https://pbs.twimg.com/profile_banners/2827471609/1668128967"
"950460643173216256","idoubi","idoubicc","Building https://t.co/mOqCgk7jjr  /  https://t.co/vK21lE7HkK. ex: WechatPay Global","694","21371","336","352","176","","all in AI","","false","true","","false","true","2018-01-09 04:14:10","https://x.com/idoubicc","https://pbs.twimg.com/profile_images/1657754264729448448/1AOP0K4c_400x400.jpg","https://pbs.twimg.com/profile_banners/950460643173216256/1715493813"
"1266657572758536193","Jarod Xu","Jarodxu7","Co-founder & CEO of @Trickle_HQ","1097","665","421","2672","121","企业家","San Francisco, CA","https://trickle.so/","false","true","","false","false","2020-05-30 17:08:06","https://x.com/Jarodxu7","https://pbs.twimg.com/profile_images/1905139432388481025/yqgfS-R5_400x400.jpg","https://pbs.twimg.com/profile_banners/1266657572758536193/1742974112"
"1413340227687571456","YC (Yucheng Liu)","lyc_zh","⛴️ 为出海企业构建软基建 via #出海去 @chuhaiqu Founder
🦾 为超级团队打造数字员工 @LuciusAI_HQ Co-founder
🚀 X BoostClub 400 万推特社区 #XBC Founder
🦄 一人独角兽必将出现 
♊️ INTJ/ENTJ 左右横跳 
📍 Boston","5131","12266","1634","5475","848","社区","Boston, MA","https://regrowth.so/watchlists/x-boostclub-a044a9436ec34d399abef5042600a7d2","false","true","","false","true","2021-07-09 11:32:38","https://x.com/lyc_zh","https://pbs.twimg.com/profile_images/1964737537479512064/KXewSKLV_400x400.jpg","https://pbs.twimg.com/profile_banners/1413340227687571456/1735691977"
"1131442257675083777","Cell 细胞","cellinlab","⚡️ 「BIP 订阅制真人秀」概念提出者 ｜ 💻 独立开发者 ｜🌍 造物矩阵 @ZaoWuJuZhen & 小火炉播客 @XiaohuoluFM 创始人 ｜🎯 关注 AI & Crypto · 构建创作者生态 · 探索个体与社区的更多可能 ｜🌐 English: @CellNomad","12052","20121","4523","13429","2240","科技","","https://www.cellinlab.com","false","true","","false","true","2019-05-23 14:10:30","https://x.com/cellinlab","https://pbs.twimg.com/profile_images/1634900405724545031/gQgQEpaj_400x400.jpg","https://pbs.twimg.com/profile_banners/1131442257675083777/1732942869"
"842560988683550721","Jason Zhou","jasonzhou1993","I build & teach AI stuff | Learn to build with AI at @aibuilderclub_ | Building @SuperDesignDev","1601","26103","605","1139","299","企业家","Sydney, New South Wales","https://www.youtube.com/@AIJasonZ","false","true","","false","true","2017-03-17 10:19:28","https://x.com/jasonzhou1993","https://pbs.twimg.com/profile_images/1613651966663749632/AuQiWkVc_400x400.jpg","https://pbs.twimg.com/profile_banners/842560988683550721/1659186166"
"18246463","🏆Wolf Mike Mozart🏆AI Filmmaker🏆","JeepersMedia","🏆Filmmaker Producer🏆Writer 🏆Billion Views YouTube AI CPP~Kling Runway~Hailuo~Higgsfield Moonvalley~Leonardo~Pika,~Pixverse ~Freepik~ CapCut~Dzine+50more","61831","31079","28534","149408","30251","娱乐和休闲","Connecticut, USA","https://discord.gg/fAkHsDsDfx","false","true","","false","true","2008-12-20 01:39:58","https://x.com/JeepersMedia","https://pbs.twimg.com/profile_images/1916557261691830272/PKiBlb6E_400x400.jpg","https://pbs.twimg.com/profile_banners/18246463/1743381581"
"1305977422748278785","Wise","trikcode","React, .NET Engineer 👨‍💻 | Chess | building @ship_together | DM  for only partnership","30940","63059","6690","52606","1945","","127.0.0.1","https://shiptogether.dev/","false","true","","false","true","2020-09-16 05:11:21","https://x.com/trikcode","https://pbs.twimg.com/profile_images/1865344228294881280/-izmVeg3_400x400.jpg","https://pbs.twimg.com/profile_banners/1305977422748278785/1737354642"
"896944549263687681","Shabnam Katoch","Shavikatoch","Growth Marketer for Startups | SaaS | Headshot Photo","1758","1488","1509","20954","83","专业服务","New Delhi, India","https://www.headshotphoto.io?via=sz","false","false","","true","true","2017-08-14 12:00:19","https://x.com/Shavikatoch","https://pbs.twimg.com/profile_images/1866136770217119745/-9qfb9y8_400x400.jpg","https://pbs.twimg.com/profile_banners/896944549263687681/1735725997"
"1865299069092139008","Fox@MkSaaS.com","indie_maker_fox","🚀 The best AI SaaS boilerplate - https://t.co/VyNtTrZM3p
🔥 The best directory boilerplate with AI - https://t.co/wEvJ1DcAlj
🎉 https://t.co/zubXJCoqju & https://t.co/tfQf8T6IR7","5936","8284","1003","7266","1035","","🟩🟩🟩🟩🟩🟩🟩🟩🟩🟧 $100K","https://mksaas.link/discord","false","true","","false","true","2024-12-07 15:35:39","https://x.com/indie_maker_fox","https://pbs.twimg.com/profile_images/1905643474952880129/HiunneWW_400x400.jpg","https://pbs.twimg.com/profile_banners/1865299069092139008/1748222129"
"800710502351409154","Corey Chiu","realcoreychiu","💻 Software Engineer / Indie Hacker 🎓CS from @SUSTechSZ 💡做有意思和有用的产品  🚀 梦想是Coding around the world  📧 paid collabs➡️iamcoreychiu@gmail.com","3591","9048","583","5639","586","","Talk is cheap 👉","http://showmethe.codes","false","true","","false","true","2016-11-21 22:40:35","https://x.com/realcoreychiu","https://pbs.twimg.com/profile_images/1808894379253510146/_SFe0D22_400x400.jpg","https://pbs.twimg.com/profile_banners/800710502351409154/1732758682"
"1315914126","Martin","hongzeqin","技术热爱者，AI 探索中，理想是一人公司！","612","320","157","102","46","","China","https://blog.hackerpie.com","false","false","","false","false","2013-03-30 15:04:12","https://x.com/hongzeqin","https://pbs.twimg.com/profile_images/1824721600505348096/KBogv9Tl_400x400.jpg","https://pbs.twimg.com/profile_banners/1315914126/1506184307"
"1490631","Fenng","Fenng","你所看到的都不是真实的。","46092","221497","5691","51790","1902","科技","Singapore","https://nocode.com","false","true","","false","true","2007-03-19 19:04:33","https://x.com/Fenng","https://pbs.twimg.com/profile_images/1899444791106007040/kWQcEPwH_400x400.jpg","https://pbs.twimg.com/profile_banners/1490631/1646896675"
"1772151534681530368","Tencent EdgeOne","TencentCloudEO","Tencent EdgeOne provides layer-4/7 security protection and acceleration services to the global market based on Tencent's global edge nodes.","233","4008","10","563","129","","","https://edgeone.ai/?from_mkt=twitter","false","true","","false","true","2024-03-25 14:40:47","https://x.com/TencentCloudEO","https://pbs.twimg.com/profile_images/1797913114496860160/eoZiAqRp_400x400.jpg","https://pbs.twimg.com/profile_banners/1772151534681530368/1753934047"
"1745528837088161792","出海去孵化器","chuhaiqu","⛴️#出海去 帮助一人企业做好出海增长

我们是一个赋能独立创客、一人公司和小微团队的新型社区孵化器，帮独立创客打造全球化一人公司。

📖会员(课程): https://t.co/YLAkpwse6m
🚀加速营(孵化): https://t.co/4KVsRFIwZG
🗣️微信听友群: https://t.co/APS8qLRgMr
🔍公众号/视频号/小宇宙/即刻: 同名","2314","13335","343","1456","835","专业服务","🔗 更多详情见官网","https://chuhaiqu.club","false","true","","false","true","2024-01-12 03:31:25","https://x.com/chuhaiqu","https://pbs.twimg.com/profile_images/1803421997063438337/wqT7zWXC_400x400.jpg","https://pbs.twimg.com/profile_banners/1745528837088161792/1720877883"
"427089628","Lex Fridman","lexfridman","Host of Lex Fridman Podcast.
Interested in robots and humans.","3927","4463441","616","8141","1215","","Austin and Boston","https://youtube.com/lexfridman","false","true","","false","false","2011-12-03 11:06:19","https://x.com/lexfridman","https://pbs.twimg.com/profile_images/1854713863817646088/nTmsz7jR_400x400.jpg","https://pbs.twimg.com/profile_banners/427089628/1641354050"
"816653","TechCrunch","TechCrunch","Technology news and analysis with a focus on founders and startup teams. Got a tip? https://t.co/J0WxnZxSRY","282141","10066353","462","7441","51488","媒体和新闻公司","San Francisco, CA","https://techcrunch.com/newsletters","false","true","Business","false","true","2007-03-07 09:27:09","https://x.com/TechCrunch","https://pbs.twimg.com/profile_images/1096066608034918401/m8wnTWsX_400x400.png","https://pbs.twimg.com/profile_banners/816653/1730923287"
"1152073433410261005","10xMyLife","hhmy27","AI | Crypto | 起舞吧","5604","10853","1726","9601","538",""," ","","false","false","","false","true","2019-07-19 12:31:25","https://x.com/hhmy27","https://pbs.twimg.com/profile_images/1990256506819010560/KY1yT56T_400x400.jpg","https://pbs.twimg.com/profile_banners/1152073433410261005/1741931760"
"1728481676567953408","小朴在做独立开发","leohuntercn","👨‍💻独立开发者｜INFJ 记录独立开发出海流水账； 不定期分享社媒增长经验心得； 偶尔分享个人生活；本人言论保鲜期为72小时，过期视为放屁处理😜","1572","7394","292","1462","98","","Shanghai","","false","false","","false","true","2023-11-26 02:32:19","https://x.com/leohuntercn","https://pbs.twimg.com/profile_images/1755259774944661504/JW0EpzVv_400x400.jpg","https://pbs.twimg.com/profile_banners/1728481676567953408/1705851148"
"920141035212124161","Journeyman","JourneymanChina","🛠  Founder https://t.co/8W09BmupVP 正在打造最好的视觉笔记软件
💰  Ex Co-Founder https://t.co/W9oZurRLgw
🤓  All In 出海  | 斜杠中年 | 分享被动收入经验","11082","40208","509","1082","3231","","Shanghai","http://noteey.com/","false","true","","false","true","2017-10-17 12:14:52","https://x.com/JourneymanChina","https://pbs.twimg.com/profile_images/1677830837134561280/zB6gCCLY_400x400.jpg",""
"1848617633060687875","Tencent EdgeOne Developers","EdgeOneDevs","Stay informed with the latest updates and announcements for developers using Tencent EdgeOne. For help with your account please try @EdgeOneDevs.","38","113","8","17","1","","","https://edgeone.ai?from_mkt=x_eodev","false","false","","false","false","2024-10-22 14:49:45","https://x.com/EdgeOneDevs","https://pbs.twimg.com/profile_images/1849282640605839360/FdfQjqH__400x400.jpg","https://pbs.twimg.com/profile_banners/1848617633060687875/1753934129"
"215939847","勃勃OC","bboczeng","美股投资日报：https://t.co/8rs6JWg78E，免费订阅即可阅读，东半球最理性的基本面分析与市场总结；仅需$5一月，加入会员群共同讨论、分享和进步。入群链接见网站首页右上角“会员项目”板块。会员群不喊单不带单。推文和博客为个人意见，Not Financial Advice","102269","184704","700","114603","16996","","Texas, USA","http://boist.org","false","true","","false","true","2010-11-15 18:36:54","https://x.com/bboczeng","https://pbs.twimg.com/profile_images/1830797876731224064/bg8OYzEG_400x400.jpg","https://pbs.twimg.com/profile_banners/215939847/1519708662"
"851054131418505216","柴郡🔔｜Crypto+AI Plus","0xCheshire","比特币至少还有10倍上涨空间，这意味着它会到达100万美元 #DYOR 

交流群：https://t.co/lkMXOPWONd

#Binance 近3亿用户共同选择，出入金安全：https://t.co/WIPio1MiCP

#OKX 专属邀请：https://t.co/IspkjNJMTs","41394","140220","1014","25709","17888","","点击开始购买你人生第一枚比特币（保姆级教程）👉","https://0xcheshire.gitbook.io/web3/","false","true","","false","true","2017-04-09 20:48:11","https://x.com/0xCheshire","https://pbs.twimg.com/profile_images/1843286202528796673/PUyK9V4D_400x400.jpg","https://pbs.twimg.com/profile_banners/851054131418505216/1728312486"
"1529821061411246081","Olivert","indiehackercase","数据分析师，分享AI自媒体搞钱副业，只做线上项目。资源分享：https://t.co/RDR5wnZMXQ 雅思词汇解读：https://t.co/0LwWCC8dWU，最近在学加密Crypto","6599","27061","3926","376","1621","","","","false","false","","false","false","2022-05-26 21:45:58","https://x.com/indiehackercase","https://pbs.twimg.com/profile_images/1977258121816162304/1hNmA_d8_400x400.jpg","https://pbs.twimg.com/profile_banners/1529821061411246081/1704296957"
"11765952","Justin","interjc","🥷🏼 ENTJ-A｜程序员
🧑‍💻 @yokogaisha｜AIGC
🎓 AI 课程：https://t.co/MNSqx9ncpS
📱 Wechat：justinchencn","28873","27216","1598","64430","3365","科技","Osaka, Japan","https://interjc.net","false","true","","false","true","2008-01-03 02:38:17","https://x.com/interjc","https://pbs.twimg.com/profile_images/1791761180610211840/JrLnAGtF_400x400.jpg","https://pbs.twimg.com/profile_banners/11765952/1712804144"
"470129898","Tibo","tibo_maker","Built Tweet Hunter, Taplio (sold $8m)
Growing https://t.co/OyNJ8ZUyOh - https://t.co/jS9GQJ5Ps8 - https://t.co/EFUcKeBbpU - https://t.co/JkVOl1O0S1 - https://t.co/KG9PgxJabg
Sharing weekly tips about growth: https://t.co/ereQodN3Ov","43301","167570","3122","59568","3381","","","https://www.tmaker.io","false","true","","false","true","2012-01-21 18:46:25","https://x.com/tibo_maker","https://pbs.twimg.com/profile_images/1631931185180934144/59z_ZFKm_400x400.jpg","https://pbs.twimg.com/profile_banners/470129898/1751102143"
"272736093","Barret李靖","Barret_China","Software Engineer | Lifelong Learner | Dad of 2 | AI Explorer | Cloud Native | Sharing insights and experiences | 📩 DM opened | 小胡子哥，一个有趣的灵魂","2384","77628","392","482","801","","Email: barret.china@gmail.com","http://www.barretlee.com","false","true","","false","true","2011-03-27 10:48:44","https://x.com/Barret_China","https://pbs.twimg.com/profile_images/639253390522843136/c96rrAfr_400x400.jpg","https://pbs.twimg.com/profile_banners/272736093/1692884927"
"2524054428","Luo说不啰嗦","LuoSays","一个挑战者。
一个清醒的普通人。
一个精致的利他主义者。  
一个体面而克制的效率玩家。  
一个自洽并多线运转的行动主义者。  
一个情绪节能却成果过载的连续创业者。

Portfolio: GNGM, HeyForm, @chuhaiqu @LuoSuno","13297","29941","671","8547","861","科技","Estonia","https://luosays.com","false","true","","false","true","2014-05-26 11:49:28","https://x.com/LuoSays","https://pbs.twimg.com/profile_images/1735526136405434368/CgtbRyhq_400x400.jpg","https://pbs.twimg.com/profile_banners/2524054428/1745211558"
"3122661542","Yangyi","Yangyixxxx","Believing is seeing","13742","109047","499","5393","2848","科技","","https://lnk.bio/yangyi","false","true","","false","true","2015-04-01 11:00:40","https://x.com/Yangyixxxx","https://pbs.twimg.com/profile_images/1790540021327712256/72wMFr9-_400x400.jpg","https://pbs.twimg.com/profile_banners/3122661542/1702609915"
"1618873272661315584","小樱💞｜实用工具分享","xiaoying_eth","🪪  努力做个哇塞的仙女 👸

🐬 分享 AI 前沿干货 ｜打破信息壁垒 ｜AI项目实操

🌻 实用工具推荐官 | 工匠日记","6432","122234","203","14813","5082","","AI 起号、赚钱、提效工具 : Flowith  👉 ","https://bit.ly/4nghyp7","false","true","","false","true","2023-01-27 15:27:49","https://x.com/xiaoying_eth","https://pbs.twimg.com/profile_images/1668476737389494272/5kE7iqyp_400x400.jpg","https://pbs.twimg.com/profile_banners/1618873272661315584/1686630830"
"1521688129559613440","Tw93","HiTw93","Father of Pake • MiaoYan • Mole • XRender","4751","108069","300","2260","1578","","Hangzhou","https://github.com/tw93","false","true","","false","true","2022-05-04 11:08:23","https://x.com/HiTw93","https://pbs.twimg.com/profile_images/1960753219115868169/EOxKSK4w_400x400.jpg","https://pbs.twimg.com/profile_banners/1521688129559613440/1707744563"
"881184734264479747","作业本","zuoyeben666","","739","97487","376","89","269","","","","false","true","","false","true","2017-07-02 00:16:27","https://x.com/zuoyeben666","https://pbs.twimg.com/profile_images/1583341387214307328/ZK0ZrXby_400x400.jpg",""
"18824096","西乔 XiQiao","recatm","Gen-AI applied researcher-advisor.

Author of book «Illustrated History of Programming» | 20 yrs experience Digital Artist & Designer","31005","134111","3388","7299","3208","","Canada","","false","true","","false","true","2009-01-10 10:22:53","https://x.com/recatm","https://pbs.twimg.com/profile_images/1533734744382484480/5hhrkMgz_400x400.jpg","https://pbs.twimg.com/profile_banners/18824096/1724852118"
"885086674828578816","Mr Panda","PandaTalk8","Solo Developer ｜ Growth Coach｜Helping creators build their personal brand on X  
公众号：PandaTalk8","20076","56226","6648","56839","1215","教育","","https://xgrowth.xlearnity.ai/","false","true","","false","true","2017-07-12 18:41:22","https://x.com/PandaTalk8","https://pbs.twimg.com/profile_images/1738715996737933312/QHUuRDK1_400x400.jpg","https://pbs.twimg.com/profile_banners/885086674828578816/1760969154"
"1367360490427453441","路飞 🏴‍☠️ AI 研究员🧐","0xluffy_eth","🌍 分享工具和资料
🔭 专注于 AI、效率工具、Web3 的信息挖掘和评测
⛵️ 海贼·王路飞的狂热粉丝，坚信勇气和冒险精神可以开启人生新篇章 

🧧 10,000元红包雨 + 1000款 AI 工具合集，100% 免费领取 
📱打开抖音领取👉 https://t.co/ksOCiri13u","8197","125637","127","10944","6347","","","","false","true","","false","true","2021-03-04 14:25:27","https://x.com/0xluffy_eth","https://pbs.twimg.com/profile_images/1612405554491850752/G2adJo0p_400x400.jpg","https://pbs.twimg.com/profile_banners/1367360490427453441/1673262832"
"237243234","Y11-杨继芸-靠谱找工作、找面试题、改简历、模拟面试","seclink","找工作、找面试题、改简历、模拟面试。关注：
创业（冷启动） ｜ 认知心理学｜智能体 ｜ 强化学习

building：
 - https://t.co/A4YmEz90B8","9797","25629","335","19168","1634","科技","san francisco","https://www.jobleap.cn/","false","true","","false","true","2011-01-12 20:04:13","https://x.com/seclink","https://pbs.twimg.com/profile_images/1709859553414893568/a_eQ9NYf_400x400.jpg","https://pbs.twimg.com/profile_banners/237243234/1696221251"
"64662332","阑夕","foxshuo","说什么是你的自由，做什么是我的权利，如果我做的得不到你的赞同，那就对了，否则我将与你一样平淡无奇。","1944","172683","784","13948","645","科技","中国","","false","true","","false","true","2009-08-11 16:23:02","https://x.com/foxshuo","https://pbs.twimg.com/profile_images/1550395556685819910/qnbrCfBf_400x400.jpg","https://pbs.twimg.com/profile_banners/64662332/1427376009"
"18896395","大帅老猿","ezshine","边开房车边写代码走遍了中国 33 个省份，目前在清迈陪读，日常分享编程，游戏，AI，SEO，营销和生活。

🔍全网同名，个人微信@itdashuai","15556","50210","569","3210","2617","","blog ➡️","https://dashu.ai","false","true","","false","true","2009-01-12 17:29:14","https://x.com/ezshine","https://pbs.twimg.com/profile_images/687927732311863297/iJSmNFUt_400x400.jpg","https://pbs.twimg.com/profile_banners/18896395/1700505811"
"1718896922277314560","熠辉 Indie","yihui_indie","我的AI编程课(https://t.co/HVZn3ItASW) |B站up主 | 分享创造 + 无限迭代ing","4369","38737","722","2771","1042","","Hong Kong","https://happyaicoding.com","false","true","","false","true","2023-10-30 15:45:42","https://x.com/yihui_indie","https://pbs.twimg.com/profile_images/1804848821702377472/fSfFlGTf_400x400.jpg","https://pbs.twimg.com/profile_banners/1718896922277314560/1753789761"
"1102444843140182016","Kai","real_kai42","独立开发者，20k stars 开源项目 Qwerty Learner 作者，《Web Worker 播客》主播，数码爱好者

仅聊技术和生活，仅代表个人观点，不太擅长文字，但话痨∠(｀ω´*) 

个人主页/咨询服务/内推 : https://t.co/ZCsVg4sr1t

ex @BytedanceTalk @hulu","4483","26756","1126","5809","775","科技","Vancouver, British Columbia","https://kaiyi.cool","false","true","","false","true","2019-03-04 13:45:07","https://x.com/real_kai42","https://pbs.twimg.com/profile_images/1706347168393764864/DoRcb3kd_400x400.jpg","https://pbs.twimg.com/profile_banners/1102444843140182016/1735983286"
"847710142548160514","独立开发者｜欧维Ove","lvloomystery","独立开发者｜内容创作者
作品：
简单设计 https://t.co/scuPe8Xw4e
Launch https://t.co/EtsmOlXd0e
SuperAcos https://t.co/HBuz8re3MP
独立开发前线 https://t.co/erSUpRs4my","1627","9241","256","1120","371","","Xi'an","https://muselink.cc/ove","false","false","","false","false","2017-03-31 15:20:22","https://x.com/lvloomystery","https://pbs.twimg.com/profile_images/1748361183965614081/9WbVKROD_400x400.png","https://pbs.twimg.com/profile_banners/847710142548160514/1689158912"
"10760982","sundyme","sundyme","🚀科技探险家＆设计迷｜AI狂热分子｜💡分享前沿科技资讯、创意灵感｜🎨发掘顶尖设计师、工作室、实用软件工具｜📚倡导阅读，行动力，健康生活｜🌟与您共勉，共同进步！","3538","18610","1658","11847","796","科技","Monterey Park, CA","","false","true","","false","true","2007-12-01 14:52:01","https://x.com/sundyme","https://pbs.twimg.com/profile_images/1638907044924387329/_yul1GE8_400x400.jpg","https://pbs.twimg.com/profile_banners/10760982/1679581149"
"1669276256","歸藏(guizang.ai)","op7418","关注人工智能、LLM 、 AI 图像视频和设计（Interested in AI, LLM, Stable Diffusion, and design）

AIGC 周刊主理人｜公众号：歸藏的AI工具箱","21137","105642","1218","36575","7252","","","https://www.guizang.ai/","false","true","","false","true","2013-08-14 10:18:36","https://x.com/op7418","https://pbs.twimg.com/profile_images/1636981205504786434/xDl77JIw_400x400.jpg","https://pbs.twimg.com/profile_banners/1669276256/1706450781"
"216939636","Andrew Ng","AndrewYNg","Co-Founder of Coursera; Stanford CS adjunct faculty. Former head of Baidu AI Group/Google Brain. #ai #machinelearning, #deeplearning #MOOCs","1948","1291798","1048","1658","438","","Palo Alto, CA","http://www.andrewng.org","false","true","","false","false","2010-11-18 11:39:11","https://x.com/AndrewYNg","https://pbs.twimg.com/profile_images/733174243714682880/oyG30NEH_400x400.jpg","https://pbs.twimg.com/profile_banners/216939636/1483126470"
"7252032","Rei","chloerei","Web 开发者，https://t.co/6EF6wT84rP 创建者。
@ruby_china 管理员。","40337","7220","245","1755","1946","","","http://chloerei.com","false","false","","false","true","2007-07-04 23:25:52","https://x.com/chloerei","https://pbs.twimg.com/profile_images/1659477381890068485/H_REkSic_400x400.jpg","https://pbs.twimg.com/profile_banners/7252032/1716303030"
"1717707158379454464","Daniel Fang","fang_danie121","投稿邮箱：danielfang121@gmail.com
基督徒，诗人，自由职业者，异见份子，
我的嘴除了赞美上帝，不会赞美任何人。","188349","131693","14008","321288","22709","","","https://www.youtube.com/channel/UCYlCldblgb_12kAaOtbZvJQ","false","true","","false","false","2023-10-27 08:58:19","https://x.com/fang_danie121","https://pbs.twimg.com/profile_images/1977670189585174528/aBfxxSxL_400x400.jpg","https://pbs.twimg.com/profile_banners/1717707158379454464/1732389132"
"2262723812","ahhhhfs","abskoop","❤️虚假推友🫶🫰😘💕 收集分享各种互联网垃圾｜投稿侵权请私信｜谢谢不接推｜TG频道订阅更新:https://t.co/OmSvNms9yl ｜小号:@ahhhhfs l🔔重复刷无相关评论会被拉黑｜链接打不开用Chrome浏览器，不要用国产浏览器","59011","731249","1203","26146","22883","科技","有空翻翻👉","https://dizhi.abskoop.com/","false","true","","false","true","2013-12-26 19:26:41","https://x.com/abskoop","https://pbs.twimg.com/profile_images/1429676617329119233/C_U_KwBv_400x400.jpg","https://pbs.twimg.com/profile_banners/2262723812/1629809938"
"4872036415","穆尼","MooenyChu","资深自媒体从业者 ，Video Creator，常旅客玩家。收集分享各种互联网“垃圾”🤦‍♂️。
YouTube个人主页：https://t.co/Pbj0Tqfmse
个人站点：https://t.co/aTt9JDSiAD 

Paid promotion Private message me","6489","33293","1975","1512","1361","社交媒体影响者","Zhejiang","","false","true","","false","true","2016-02-07 12:59:53","https://x.com/MooenyChu","https://pbs.twimg.com/profile_images/1961440330605101056/7OK_Syv5_400x400.jpg","https://pbs.twimg.com/profile_banners/4872036415/1661840453"
"22938360","kevinzhow","kevinzhow","💻 Maker | Making Japanese Learning App | KanaOrigin | Oyomi｜Miraa 👀 @miraa_app","40898","39019","2162","30627","2880","产品设计师","埼玉 越谷市","https://bento.me/kevinzhow","false","true","","false","true","2009-03-06 00:20:19","https://x.com/kevinzhow","https://pbs.twimg.com/profile_images/1808138216585023490/xQ3u-b4x_400x400.jpg","https://pbs.twimg.com/profile_banners/22938360/1671088220"
"259611996","Bear Liu","bearbig","Product Designer, 10 year+ podcaster and author of 2 books. Love things around design, tech and productivity, making JAM at https://t.co/ZhUT9zdkzg 🍯","17978","108936","2600","5180","6414","产品设计师","Free newsletter  👉","https://bear.academy","false","true","","false","true","2011-03-02 14:53:54","https://x.com/bearbig","https://pbs.twimg.com/profile_images/803996540696084480/Z-uk8--s_400x400.jpg","https://pbs.twimg.com/profile_banners/259611996/1746610243"
"57618417","90千帕","90kPa","Non omnis moriar. 

#Philharmonic #camping #bikepacking #prepper","43474","42915","165","7218","1635","","Changsha","","false","false","","false","true","2009-07-17 19:25:42","https://x.com/90kPa","https://pbs.twimg.com/profile_images/1234865639845552134/KNL5SRqe_400x400.jpg","https://pbs.twimg.com/profile_banners/57618417/1550673578"
"1650822571032739841","暖暖爱分享","nuannuan_share","❤️ 痴迷挖各种好用的效率工具和AI
🙈 资深运营项目负责人
⭕️ 可以不光芒万丈，但不要停止发光
🌟 每天看看有惊喜 ⬇️","2293","45043","42","3763","2057","","","https://box123.io/","false","true","","false","true","2023-04-25 19:22:28","https://x.com/nuannuan_share","https://pbs.twimg.com/profile_images/1815679339981365249/LpPdN7UY_400x400.jpg","https://pbs.twimg.com/profile_banners/1650822571032739841/1721726664"
"25960398","Ping.","pingchn","Aim to be a creator, Creator of @ideashellAI ping@ideaos.com","9720","20666","477","3418","1741","","","https://pingchn.com","false","true","","false","false","2009-03-23 13:35:44","https://x.com/pingchn","https://pbs.twimg.com/profile_images/1547897263149973504/R2JDnNQR_400x400.jpg","https://pbs.twimg.com/profile_banners/25960398/1651285730"
"51904755","Morris","Morris_LT","某不知名Web3.0创业公司 - 创始人&CEO&首席擦屁股执行官！#Bitcoin 和 #Dogecoin 信仰者、老韭菜、囤币党。《旷野之心》作者，私信开放订购：https://t.co/W2fM1ccAiv","69830","167650","412","51229","6991","","𝕏Ɖ","","false","true","","false","true","2009-06-29 09:07:03","https://x.com/Morris_LT","https://pbs.twimg.com/profile_images/1661240746018754560/8Shwdpaj_400x400.jpg","https://pbs.twimg.com/profile_banners/51904755/1709362287"
"1551258526584115204","AI Will","FinanceYF5","增长顾问 | AI行业分析师，Learn in Public","40144","177965","1908","5200","22066","媒体和新闻公司","San Francisco Bay area","https://linktr.ee/hanweilang","false","false","","false","true","2022-07-25 01:30:38","https://x.com/FinanceYF5","https://pbs.twimg.com/profile_images/1896818103016935424/ucw3T2uW_400x400.jpg","https://pbs.twimg.com/profile_banners/1551258526584115204/1760393812"
"147786784","yetone","yetone","I built a Cursor-like experience plugin for Neovim: avante.nvim","16817","62210","4449","17545","1919","木匠","无","https://github.com/yetone","false","true","","false","false","2010-05-25 09:52:30","https://x.com/yetone","https://pbs.twimg.com/profile_images/1458663772017491971/h1-KC--K_400x400.jpg","https://pbs.twimg.com/profile_banners/147786784/1635109454"
"5967912","Tinyfool","tinyfool","Youtuber
20年老程序员，业已退休，不以写代码为主业。
不是英语老师，但开发了""英语轻松读""，做了广受好评的学习英语的视频。
心在日本，人目前在天津
Youtube：
英语学习之路 https://t.co/fY05anVN8r
胡说八道 https://t.co/FQLaNWFD5j","103680","187117","885","6016","4747","科技","Tianjin","https://codechina.org/","false","false","","false","true","2007-05-12 01:10:33","https://x.com/tinyfool","https://pbs.twimg.com/profile_images/1634730992278839297/vZg4HnAl_400x400.jpg","https://pbs.twimg.com/profile_banners/5967912/1647360059"
"331379561","Tony Dinh 🎯","tdinh_me","Building software I love to use. https://t.co/p4T2vFZoJ1, https://t.co/y0Lq4RQRsu, https://t.co/KfFdieGrVf. Learn to build and learn to sell, you will be unstoppable.","26871","170363","916","32750","3638","","How I made my first million 👉","https://www.myindiebook.com","false","true","","false","true","2011-07-08 10:41:44","https://x.com/tdinh_me","https://pbs.twimg.com/profile_images/1604292546645172224/SL57a00s_400x400.png","https://pbs.twimg.com/profile_banners/331379561/1713074291"
"1398934230407606278","老白（每日干货分享✊）","laobaishare","收集和分享好东西：🌍泛互联网 + 💻科技 + 🤖️Al + 📃学习 + 🤑Crypto 

🧰 我常用的AI效率工具Flowith ：https://t.co/c6gH4Yf6EN","9281","190745","425","12570","5966","科技","","","false","true","","false","true","2021-05-30 17:28:41","https://x.com/laobaishare","https://pbs.twimg.com/profile_images/1688863542110507008/RO_U6ecN_400x400.jpg","https://pbs.twimg.com/profile_banners/1398934230407606278/1686798589"
"1143449852308668418","米开朗基杨","CarsonYangk8s","@Sealos_io 开发者布道师，硅基生命脑残粉，专注于 AI 与云原生技术研究、开源思想传播，个人博客：https://t.co/1YkFYxqBuA","1888","29892","527","287","635","","Hangzhou","https://sealos.io","false","false","","false","true","2019-06-25 17:24:23","https://x.com/CarsonYangk8s","https://pbs.twimg.com/profile_images/1917215019592552448/kIsKlrpW_400x400.jpg","https://pbs.twimg.com/profile_banners/1143449852308668418/1628056198"
"1387708368056328194","千寻 🌸","Crypto_QianXun","👧 Crypto Girl  / 放下成见，拥抱变化

💻 币圈工具分享 /  项目研究 / 赛道分析

⬇️ Youtube 频道，每周更新，欢迎订阅～

永远保持空杯心态，终身学习

✉️ 合作请 DM 私信","4715","68194","623","18876","2310","","","https://www.youtube.com/@Crypto_QianXun","false","true","","false","true","2021-04-29 18:00:43","https://x.com/Crypto_QianXun","https://pbs.twimg.com/profile_images/1623552966837039112/-lRznnfc_400x400.jpg","https://pbs.twimg.com/profile_banners/1387708368056328194/1675867834"
"720680424234557440","Linmi","Linmiv","探索未知，迭代新知，沉淀认知｜Notion 中文社区负责人｜探索项目管理 ｜Twitter 是笔记 ｜帮助小产品增长","3840","50198","459","651","1087","科技","t.me/linmi","https://linmi.cc","false","false","","false","true","2016-04-15 02:29:37","https://x.com/Linmiv","https://pbs.twimg.com/profile_images/1618918991694802944/lyvoUHuR_400x400.jpg","https://pbs.twimg.com/profile_banners/720680424234557440/1755792356"
"24124203","Baye","waylybaye","一个自由的程序员，以卖 App 为生。边全球旅居边创作产品。作品：熊猫吃短信、DAMA、ServerCat、OpenCat，Miley。","14497","154631","507","21566","754","","中华人民共和国","","false","true","","false","true","2009-03-13 12:05:00","https://x.com/waylybaye","https://pbs.twimg.com/profile_images/1807439424009175040/F2mBMzcN_400x400.jpg",""
"1580781","ruanyf","ruanyf","Stay Focused, Keep Shipping. Build Early, Build Always. Improve yourself, Write solid/simple/stupid code.","4935","191352","374","13734","2957","科技","Shanghai, China","http://www.ruanyifeng.com","false","false","","false","true","2007-03-20 10:53:02","https://x.com/ruanyf","https://pbs.twimg.com/profile_images/2363795309/wbi37mdkxhr2trsr4ofa_400x400.jpeg","https://pbs.twimg.com/profile_banners/1580781/1355537048"
"1766283136592429056","Nextify","nextify2024","别用 Vercel 了，试试 https://t.co/XBKDw9XNKn
别用 V0 了， 试试https://t.co/pxNLlDO5pI","13443","22252","353","32664","710","企业家","HK","https://nextify.ltd","false","true","","false","true","2024-03-09 10:01:41","https://x.com/nextify2024","https://pbs.twimg.com/profile_images/1924314148650811392/wIRdLxXp_400x400.jpg","https://pbs.twimg.com/profile_banners/1766283136592429056/1713277813"
"121908437","图拉鼎","tualatrix","生活在杭州良渚的开发者。最近在做 https://t.co/Fu0JLSMTGF","105977","105822","1195","23101","19684","","Hangzhou, China","https://imtx.me","false","true","","false","true","2010-03-11 08:35:59","https://x.com/tualatrix","https://pbs.twimg.com/profile_images/675270246509350912/lV9-F5ey_400x400.jpg","https://pbs.twimg.com/profile_banners/121908437/1757298561"
"52468378","luolei","luoleiorg","💻 Full-Stack Developer / 📖 Lifetime Learner / 🚧 Building & Sharing / 🎬 YouTuber https://t.co/7g47VdNMnN / 📝 https://t.co/6ucNiJ2gyg / 👨‍🚀 More https://t.co/smbFyIb6Hc","9765","56463","1534","1349","4582","","Shenzhen","https://luolei.org","false","true","","false","true","2009-07-01 02:05:29","https://x.com/luoleiorg","https://pbs.twimg.com/profile_images/1550157622300786688/672YmCpB_400x400.jpg","https://pbs.twimg.com/profile_banners/52468378/1658420826"
"6782882","Orange AI","oran_ge","聊硅基 AI，看有机 Orange。","133733","140720","785","1990","6045","科技","Mars","https://listenhub.ai","false","true","","false","true","2007-06-13 13:03:33","https://x.com/oran_ge","https://pbs.twimg.com/profile_images/1760074488073629696/ceSsuVCY_400x400.png","https://pbs.twimg.com/profile_banners/6782882/1740229481"
"1588829429333037056","章工","435hz","三角眼观天下，覆船口吞乾坤。
天纵英才，献忠回来。
仅在X有账号，其它平台不是本人。","18172","113159","86","5862","2107","","","","false","false","","false","true","2022-11-05 17:44:16","https://x.com/435hz","https://pbs.twimg.com/profile_images/1591818969236717569/q95i8uvS_400x400.jpg",""
"763901306264322049","Susan STEM","feltanimalworld","Founder of the Entropy Control Theory : Language as system design  用结构抵抗熵增","33839","40687","6062","43202","1678","","Virginia, USA","https://www.entropycontroltheory.com","false","true","","false","false","2016-08-12 08:53:58","https://x.com/feltanimalworld","https://pbs.twimg.com/profile_images/1941884420048265216/Dbcchu0q_400x400.jpg","https://pbs.twimg.com/profile_banners/763901306264322049/1511626510"
"2162747077","𝗖𝘆𝗱𝗶𝗮𝗿","Cydiar404","🧑🏻‍🦯带属性浪迹互联网20年 | 202209开始创业 | 我是产品经理 · 强迫癌 | 我是设计师 · 像素眼 | 我能说5分钟脱口秀 | 绝不给SB老板打工 | 长期主义 | 利他主义 | 哆啦C梦 | 超级奶爸 | ENFJ | Cydiar.eth | Agent | RAG | Lucy","15681","57137","810","15608","2157","","✨","http://www.cydiar.com","false","true","","false","true","2013-10-29 20:19:55","https://x.com/Cydiar404","https://pbs.twimg.com/profile_images/1980204817009037312/rFrZZ8ab_400x400.jpg","https://pbs.twimg.com/profile_banners/2162747077/1761938560"
"86696715","自力6XStudio","hzlzh","6X Studio 创始人 | @fyfyFM 枫言枫语播客主播 | 前腾讯微信设计师 📱 App：@LockLauncherApp、@MenubarX、2Camera、@AppChatX、StickerX、钢琴小组件、桌面计算器等 🎙️ 中文播客榜 https://t.co/w0pn19L5cS  (一人公司，诚邀独立开发者合作）","24260","41093","1425","2707","3306","科技","Shenzhen","https://hzlzh.app","false","true","","false","false","2009-11-01 18:19:00","https://x.com/hzlzh","https://pbs.twimg.com/profile_images/1603751216139628544/frk7BA9G_400x400.png","https://pbs.twimg.com/profile_banners/86696715/1759070354"
"148027226","Leo Xiang","leeoxiang","10年RTC音视频经验，专注于实时通信技术；

目前在负责Voice + AI方向的云产品；

奶爸，正在教刚出生的小宝宝学习大模型；

个人言论跟公司无关。

https://t.co/KpaWku9xfX
https://t.co/SUN1RBbkH4","3975","16704","850","2612","560","科技","銀河系","https://realtimeai.dev/","false","true","","false","true","2010-05-26 01:04:34","https://x.com/leeoxiang","https://pbs.twimg.com/profile_images/1754500495883034624/BC9wwhgN_400x400.jpg","https://pbs.twimg.com/profile_banners/148027226/1707140491"
"1721852226141028352","Levi Yuan","levinomad","低成本国家旅居，出海AI应用开发者, 做一些有意思的小产品
🌏 华人宜居城市排名：https://t.co/FmKRHFGxeK
📕google adsense被动收入社区：https://t.co/G0FvHB0Oce","970","18428","84","746","183","","","","false","false","","false","true","2023-11-07 19:29:11","https://x.com/levinomad","https://pbs.twimg.com/profile_images/1902015254433079296/9xAuxBYh_400x400.jpg","https://pbs.twimg.com/profile_banners/1721852226141028352/1728130452"
"296593919","Viking","vikingmute","独立开发者 自由职业
作品 - 简单简历 https://t.co/xMu5JFIGnr 五分钟打造程序员的金牌简历

课程 - 慕课网精英讲师 https://t.co/NTyFFrvHwL

经历 - 不上班的1000天 https://t.co/bonuLQCCsY

视频 - https://t.co/aQYLgujIyC","2582","59790","280","734","1280","","Shanghai","http://vikingz.me","false","true","","false","true","2011-05-11 10:08:52","https://x.com/vikingmute","https://pbs.twimg.com/profile_images/725179208528322560/TPjU7qop_400x400.jpg","https://pbs.twimg.com/profile_banners/296593919/1461731223"
"168139512","Geek","geekbb","🧠在家居士 | 🥦素食者 | 🏃🏻马拉松爱好者 | 💰省钱小能手 | 搭🪜技术资深学者 | 👨‍💻科技宅 | 🆕更新狂 | 🆅 六边型战五渣","23774","99698","393","16488","6151","科技","火星","https://www.igeekbb.com","false","false","","false","true","2010-07-18 22:10:39","https://x.com/geekbb","https://pbs.twimg.com/profile_images/1644898947272671233/7959WGOK_400x400.jpg","https://pbs.twimg.com/profile_banners/168139512/1689476157"
"3178231","宝玉","dotey","Prompt Engineer, dedicated to learning and disseminating knowledge about AI, software engineering, and engineering management.","27056","144696","1452","38033","4694","","Chicago, IL","https://baoyu.io","false","true","","false","true","2007-04-02 11:42:14","https://x.com/dotey","https://pbs.twimg.com/profile_images/561086911561736192/6_g58vEs_400x400.jpeg",""
"806464682823282688","Tom Huang","tuturetom","Building the open-source agentic workspace for Human-AI collaboration → https://t.co/i68tK8Smms, ex @tiktok_us","8750","30309","6402","8604","2498","","","https://www.refly.ai","false","true","","false","true","2016-12-07 19:45:38","https://x.com/tuturetom","https://pbs.twimg.com/profile_images/1033199673035522048/WI-JLSAc_400x400.jpg","https://pbs.twimg.com/profile_banners/806464682823282688/1754537357"
"915881319967727616","理想是自由","mundane799699","尝试独立开发中
RedArchive小红书收藏点赞导出
https://t.co/gw0UvqirZp
微信读书笔记导出
https://t.co/UKqsxBl0Av","2038","12657","1143","28181","378","","杭州","","false","false","","false","true","2017-10-05 18:08:17","https://x.com/mundane799699","https://pbs.twimg.com/profile_images/1630430007163236352/2K2crvRW_400x400.jpg",""
"1764818331822182400","小互","imxiaohu","学AI找小互，找小互，上 https://t.co/4PVaHEr5r3 ...

小互AI日报 社群：https://t.co/LIEXfWUHv1","7742","76036","1499","1861","4865","","Mars","http://xiaohu.ai","false","true","","false","true","2024-03-05 09:01:23","https://x.com/imxiaohu","https://pbs.twimg.com/profile_images/1765404718959095808/BX7VN1hS_400x400.jpg","https://pbs.twimg.com/profile_banners/1764818331822182400/1717126346"
"452072245","铁锤人","lxfater","我在用 AI 协助我创业，赚钱，走向自由
我的录屏软件  https://t.co/S9MMiRiy7L
github 维护 3w star 项目：https://t.co/ytvQf2mtZO","9845","50243","1109","5529","1006","社交媒体影响者","我的所有信息-》》","https://www.lxfater.com","false","true","","false","true","2012-01-01 19:26:00","https://x.com/lxfater","https://pbs.twimg.com/profile_images/1723719195995807744/9JIAjVJr_400x400.jpg","https://pbs.twimg.com/profile_banners/452072245/1762837704"
"1577241403","@levelsio","levelsio","🇪🇺https://t.co/NdorAWqJC3
📸https://t.co/lAyoqmSBRX $125K/m
🏡https://t.co/1oqUgfD6CZ $40K/m
🛰https://t.co/ZHSvI2wjyW $38K/m
🌍https://t.co/UXK5AFqCaQ $16K/m
👙https://t.co/RyXpqGuFM3 $14K/m
💾https://t.co/M1hEUBAynC $6K/m","163729","749300","2370","153334","17816","","📕 My book $5K/m  👉","http://readMAKE.com","false","true","","false","false","2013-07-08 17:31:59","https://x.com/levelsio","https://pbs.twimg.com/profile_images/1589756412078555136/YlXMBzhp_400x400.jpg","https://pbs.twimg.com/profile_banners/1577241403/1665964220"
"362252075","哥飞","gefei55","哥飞，出海鼓励师，SEO爱好者，Adsense玩家，出海AI工具方向创业者。
同名公众号写了五百多篇出海搞流量免费教程文章。","2372","45405","1044","777","606","科技","Guangdong","https://new.web.cafe/","false","true","","false","false","2011-08-26 10:49:30","https://x.com/gefei55","https://pbs.twimg.com/profile_images/1600285780555202560/TE8ad_yJ_400x400.jpg",""
"1646010116624334848","WeNext(nexty.dev)","weijunext","⛵️全栈工程师，出海开发者，Next.js 手艺人 ｜
Next.js SaaS 模板：https://t.co/YzCDmGttme ｜
Nextjs 中文文档：https://t.co/Ek37EFh3tI ｜
开源：https://t.co/vMeadXy9OD","1520","13530","1113","1122","347","科技","Singapore","https://bento.me/weijunext","false","true","","false","true","2023-04-12 12:39:37","https://x.com/weijunext","https://pbs.twimg.com/profile_images/1752225823644413952/xqXypTHQ_400x400.jpg","https://pbs.twimg.com/profile_banners/1646010116624334848/1690107043"
"42352056","郭宇 guoyu.eth","turingou","Retired. 只活一次等于没活。","7499","153444","511","4166","2546","社交媒体影响者","東京 港区","https://guoyu.mirror.xyz/","false","true","","false","true","2009-05-25 12:50:07","https://x.com/turingou","https://pbs.twimg.com/profile_images/1870511184761483265/QO7R0Ow3_400x400.jpg","https://pbs.twimg.com/profile_banners/42352056/1651418512"
"182821975","Evan You","youyuxi","Husband / Father of two / Founder @voidzerodev / Creator @vuejs & @vite_js. Chinese-only alt: @yuxiyou","12335","296245","1819","10396","445","","Singapore","https://voidzero.dev","false","true","","false","false","2010-08-25 21:45:01","https://x.com/youyuxi","https://pbs.twimg.com/profile_images/1856284397072478208/hSEXLkPN_400x400.jpg","https://pbs.twimg.com/profile_banners/182821975/1752288337"
"44196397","Elon Musk","elonmusk","","89408","229229529","1227","183509","4236","","","","false","true","","false","false","2009-06-03 04:12:29","https://x.com/elonmusk","https://pbs.twimg.com/profile_images/1983681414370619392/oTT3nm5Z_400x400.jpg","https://pbs.twimg.com/profile_banners/44196397/1739948056"
