﻿"User ID","Name","Username","Bio","Tweets Count","Followers Count","Following Count","Favourites Count","Media Count","Professional","Location","Website","Verified","Is Blue Verified","Verified Type","Protected","Can DM","Created At","Profile URL","Avatar URL","Profile Banner URL"
"1479510124079185921","大漠孤鹰⛓","LCA176232","只有这个号和小号@FPL99386519是本人的，其他的均为假冒。","15555","44440","908","99472","11902","社交媒体影响者","Hong Kong","","false","true","","false","false","2022-01-08 01:48:08","https://x.com/LCA176232","https://pbs.twimg.com/profile_images/1837533564059242499/yQxLlDc8_400x400.jpg","https://pbs.twimg.com/profile_banners/1479510124079185921/1693075910"
"1902656511157190656","Wild Rose","YellowRose82752","Freedom and whisky gang thegither","94","39","29","42","27","","Denia, Spain","","false","false","","false","true","2025-03-20 17:40:50","https://x.com/YellowRose82752","https://pbs.twimg.com/profile_images/1909605613107290112/kB1sAYH9_400x400.jpg","https://pbs.twimg.com/profile_banners/1902656511157190656/1762450276"
"1597980266349219840","Fisher🍁","HelloFisher2022","游戏开发工程师 数字牧民","1332","81","170","73","81","商业和工业","","","false","false","","false","false","2022-11-30 23:46:14","https://x.com/HelloFisher2022","https://pbs.twimg.com/profile_images/1976403134231855104/FIuHkUkA_400x400.jpg","https://pbs.twimg.com/profile_banners/1597980266349219840/1723391500"
"1718896922277314560","熠辉 Indie","yihui_indie","我的AI编程课(https://t.co/HVZn3ItASW) |B站up主 | 分享创造 + 无限迭代ing","4379","39148","723","2777","1044","","Hong Kong","https://happyaicoding.com","false","true","","false","true","2023-10-30 15:45:42","https://x.com/yihui_indie","https://pbs.twimg.com/profile_images/1804848821702377472/fSfFlGTf_400x400.jpg","https://pbs.twimg.com/profile_banners/1718896922277314560/1753789761"
"125515674","sanvi.dev","sanvibyfish","做过产品的技术，现居曼谷 🇹🇭

AI + Crypto ｜求职中，咨询合作 请DM","4793","1696","949","718","465","","Bangkok, Thailand","http://sanvi.dev","false","true","","false","true","2010-03-23 09:48:06","https://x.com/sanvibyfish","https://pbs.twimg.com/profile_images/1925168321550594048/UZl1QlcZ_400x400.jpg","https://pbs.twimg.com/profile_banners/125515674/1747838627"
"1205503686912270336","亚军&王歪嘴","yajunwwz","店铺：https://t.co/D1435SA7XM 博客：https://t.co/bhwowVEzq0","21466","241466","2181","1637","9535","社交媒体影响者","厨房","https://j.youzan.com/2ub0kB","false","true","","false","true","2019-12-13 23:04:18","https://x.com/yajunwwz","https://pbs.twimg.com/profile_images/1265146085070299136/3xSUb-Og_400x400.jpg","https://pbs.twimg.com/profile_banners/1205503686912270336/1745226614"
"1079266148372205568","Tenedd","ctcaib","IT","1480","259","3180","1204","15","","Turkey","","false","true","","false","true","2018-12-30 14:41:16","https://x.com/ctcaib","https://pbs.twimg.com/profile_images/1080509044496842752/yVsf-M3__400x400.jpg",""
"1732794145398484992","程序员老熊","xiongchun007","👨‍💻Programmer, #Java #Python #DataScience

🧩Creator of @DataCollie (Universal DB Tool)

🎉梦游诗人, 喜欢优美的文字 向往风一样的自由","3702","9245","2161","10847","676","科技","","https://www.youtube.com/@xiongchun","false","true","","false","true","2023-12-08 00:08:59","https://x.com/xiongchun007","https://pbs.twimg.com/profile_images/1850515744104263680/QdGAs4y6_400x400.jpg","https://pbs.twimg.com/profile_banners/1732794145398484992/1713068170"
"1527743101242064896","李麦麦LeeMaimai","LeeMmai","允许一切如其所是","11889","18341","1551","43731","2507","","","","false","true","","false","true","2022-05-21 04:08:57","https://x.com/LeeMmai","https://pbs.twimg.com/profile_images/1976130864913555456/NvjZydJQ_400x400.jpg","https://pbs.twimg.com/profile_banners/1527743101242064896/1759080290"
"1250244861036335104","Aurora","linnaQueen3","終其一生的瞎折騰，原來最好的自己是出廠時。","6695","193","340","73855","160","","","","false","false","","false","false","2020-04-15 10:09:57","https://x.com/linnaQueen3","https://pbs.twimg.com/profile_images/1846717808429666304/ngMQWM8d_400x400.jpg","https://pbs.twimg.com/profile_banners/1250244861036335104/1729127332"
"228692195","0xTank | PopLab.AI","tankxu","AI Startup | DeSci + AI4SCI | tankxu.eth | Ex - BeWater Head of Product & Partner; Bitget; Tencent Cloud","3813","2658","1008","7602","821","科技","Chiang Mai, Thailand","https://poplab.ai","false","true","","false","true","2010-12-20 20:06:31","https://x.com/tankxu","https://pbs.twimg.com/profile_images/1936525072975450112/8g83RF0Z_400x400.jpg","https://pbs.twimg.com/profile_banners/228692195/1611331414"
"1750034536166313984","🐲翔九天 🌊RIVER","bigenaiwang","WLFI大户持有者，相信美债背书的USD1。专注布道meme！！！ 
TG社区： https://t.co/QwkSYGf0nL","48563","14279","4359","53422","321","","","","false","true","","false","true","2024-01-24 13:55:40","https://x.com/bigenaiwang","https://pbs.twimg.com/profile_images/1953834455761879040/-CBWyxbO_400x400.jpg","https://pbs.twimg.com/profile_banners/1750034536166313984/1748445365"
"1416591456970502145","火烈鸟🦩🇦🇺","HY198964","猫奴，喜欢碎碎念；吃货，一个认真的吃货….","28805","20571","1389","60957","2170","","Australia","","false","true","","false","true","2021-07-18 10:51:54","https://x.com/HY198964","https://pbs.twimg.com/profile_images/1444870052264566789/OnIEvMiY_400x400.jpg","https://pbs.twimg.com/profile_banners/1416591456970502145/1722313947"
"1600512379741081600","月夜青龙🐉","YueyeQinglong","千秋邈矣独留我,百战归来再读书","4798","272","137","1000","139","娱乐和休闲","","","false","false","","false","true","2022-12-07 23:28:13","https://x.com/YueyeQinglong","https://pbs.twimg.com/profile_images/1878267556903133184/JflR_Z-N_400x400.jpg",""
"39684308","元真爸爸","andyc212","宁静，致远","385","79","107","82","20","","Eagle Nest","","false","false","","false","false","2009-05-13 12:07:55","https://x.com/andyc212","https://pbs.twimg.com/profile_images/1656283781937111041/EqTe_FHp_400x400.jpg","https://pbs.twimg.com/profile_banners/39684308/1683723853"
"1567179325551812609","Li Xiangyu 香鱼🐬","LiXiang1947","Neuroscience PhD diving deep into AI | Going all-in on global product adventures | English vibes: @lixiangyu9710 | Email to xiangyuli997@gmail.com","16485","16531","1612","23494","452","科技","","https://scholar.google.com/citations?hl=zh-CN&user=FQlzamQAAAAJ","false","true","","false","true","2022-09-06 23:54:12","https://x.com/LiXiang1947","https://pbs.twimg.com/profile_images/1911584400224948224/QbglopMa_400x400.jpg","https://pbs.twimg.com/profile_banners/1567179325551812609/1729084908"
"31865633","ZMCCJ","zmccj","Build it, refine it, fix It, loving it.
创建，优化，修复，热爱。
My creation 我开发的产品 https://t.co/mX98WSTYLF Draw in browser professionally 浏览器里的专业仿真画板","402","38","210","610","20","","","","false","false","","false","true","2009-04-16 22:59:59","https://x.com/zmccj","https://pbs.twimg.com/profile_images/1917410853000728576/JxM2oqf__400x400.jpg",""
"825202230458347520","Moby","readyfor2025","连续创业者&产品经理。早年腾讯&360 PM。创业：①PC 2C工具产品②社交APP ③社交APP外包 ④垂类2B SAAS ⑤2G智慧城市 。间歇性抑郁，从创造中寻找多巴胺。","400","3510","468","446","21","","","","false","true","","false","true","2017-01-28 12:41:58","https://x.com/readyfor2025","https://pbs.twimg.com/profile_images/1746102064730742784/jsnSJgwq_400x400.jpg","https://pbs.twimg.com/profile_banners/825202230458347520/1705155150"
"1862635329322459136","Pepper","yuechang777","","913","232","99","93","34","","","","false","false","","false","true","2024-11-30 07:11:12","https://x.com/yuechang777","https://pbs.twimg.com/profile_images/1910410444646604800/UeADaKrq_400x400.jpg",""
"1775784547273355264","叁叁","sugar9283675796","多晒阳光多看树 少看政治 会麻木","541","151","39","636","98","","曼谷","","false","true","","false","true","2024-04-04 15:17:50","https://x.com/sugar9283675796","https://pbs.twimg.com/profile_images/1945699759265636353/SFpjBDJX_400x400.jpg","https://pbs.twimg.com/profile_banners/1775784547273355264/1757831420"
"1717824672153407488","Leon Lytic","LeonLytic","套利赎身🪙","2637","1808","501","369","65","专业服务","岚岛","","false","true","","false","false","2023-10-27 16:45:18","https://x.com/LeonLytic","https://pbs.twimg.com/profile_images/1724518233544568832/n9092cZ1_400x400.jpg","https://pbs.twimg.com/profile_banners/1717824672153407488/1699992302"
"880606715141529600","Robinson · 鲁棒逊","python_xxt","AI & Robustness in chaos.

Insight  → Strategy → Operation

Now,not How.

我对现实世界的认知
贫瘠到无法自知其贫瘠","6275","21297","494","24296","351","","Deep thinker try to think","","false","true","","false","true","2017-06-30 09:59:36","https://x.com/python_xxt","https://pbs.twimg.com/profile_images/1980814059525033985/d9tb6rAG_400x400.jpg","https://pbs.twimg.com/profile_banners/880606715141529600/1760968248"
"3765054853","EBI_ST","iamebistudio","天才的笨淡，笨淡的天才！曾浪迹哈尼外儿智能楼宇部门十多年，曾最年轻的技术专家，现油腻后转战国内企业混吃混喝…… 欢迎访问http://8.138.145.28","8852","168","331","13644","321","科技","Beijing","https://www.youtube.com/@iamebistudio/","false","false","","false","false","2015-10-03 09:44:13","https://x.com/iamebistudio","https://pbs.twimg.com/profile_images/1584776905001009152/MmYLH8Ih_400x400.jpg","https://pbs.twimg.com/profile_banners/3765054853/1708653145"
"1220290277056897025","Pangyu 胖鱼 🐠","pangyusio","🎓 CS/AI PhD，🤖 Machine Learning/NLP/LLM Researcher，📍Singapore｜
🔍 关注 AI、科技、财经、历史、社会，📚 爱知求真 ｜
🌟 ENTJ，热爱思考，热爱生活，💪 坚持运动和阅读 ｜","8681","25805","1389","44439","406","科技","Singapore","https://linktr.ee/pangyus","false","true","","false","false","2020-01-23 18:20:59","https://x.com/pangyusio","https://pbs.twimg.com/profile_images/1220290486516228096/TwYdOfQ7_400x400.jpg","https://pbs.twimg.com/profile_banners/1220290277056897025/1580727980"
"1475304235663511552","吃瓜党人🇯🇵✝️","Great_Bystander","一位光荣的吃瓜党人，著名社会不活动家，我家大王忠诚的守护人，猫条联合储备委员会主席，皇家铲屎官，御赐王下七崴脚，御前带猫侍卫。小号@GAOTU_2022吃瓜党人二世😼","79847","35052","5279","337019","5987","","東京 杉並区","","false","true","","false","true","2021-12-27 11:17:03","https://x.com/Great_Bystander","https://pbs.twimg.com/profile_images/1612687963883986948/iJMUy4Ur_400x400.jpg","https://pbs.twimg.com/profile_banners/1475304235663511552/1667713154"
"1156261462005862400","秦川右取","boeingsun1","我仍在旷野，往东是迦南，往西是埃及","2148","401","324","1952","241","","清迈，泰国","","false","false","","false","false","2019-07-31 01:53:09","https://x.com/boeingsun1","https://pbs.twimg.com/profile_images/1674066160319361024/DnSyzQKV_400x400.jpg","https://pbs.twimg.com/profile_banners/1156261462005862400/1686571003"
"1191181961600987136","有时相思","hnHeNVdVtpqODq7","假道士，假学究，祖上也曾阔过。梦想是当一个纨绔子弟，带着狗腿子整日游手好闲，上街调戏良家妇女，待找到合法地方，開辦經營一間青樓，招徠八方嫖客令人開心快樂、增加就業。第一个招明霸进来","6417","473","685","14265","188","","","","false","false","","false","false","2019-11-04 10:35:23","https://x.com/hnHeNVdVtpqODq7","https://pbs.twimg.com/profile_images/1648975410661830657/eFavXT-G_400x400.jpg",""
"1793837778314338304","豹国师","Woliketouzhele","主张反共复清，西方民主，马列那一套，都是殖人思维，见了皇帝和官员三跪九叩才是正统，为什么长膝盖？就是用来下跪的","9078","69","776","36982","1084","","笼国(网址是编程随想博客)","https://program-think.blogspot.com/?m=1","false","false","","false","false","2024-05-24 10:54:39","https://x.com/Woliketouzhele","https://pbs.twimg.com/profile_images/1892849509895430146/IKe388hE_400x400.jpg","https://pbs.twimg.com/profile_banners/1793837778314338304/1716565434"
"1301004096388780032","hainan","hainanren_syd","chinese / father","8970","223","1169","1269","0","","","","false","false","","false","true","2020-09-02 11:48:52","https://x.com/hainanren_syd","https://pbs.twimg.com/profile_images/1329722103034048517/BE4FbWEU_400x400.jpg",""
"1625550501772201992","纽约博叔","drunclenyc","定居纽约，Commodity Quant。一儿一女俩娃爸，生活日常推，偶尔随想杂谈，中间偏右但不极端","10813","22346","898","6831","1833","金融服务","New York, NY","","false","true","","false","true","2023-02-15 01:40:32","https://x.com/drunclenyc","https://pbs.twimg.com/profile_images/1687188596166406144/ONl4hSDD_400x400.jpg","https://pbs.twimg.com/profile_banners/1625550501772201992/1696534082"
"573757199","Vintage","eternoveritas","澳門人在台北","226324","31909","975","1311","4965","","Formosa","","false","false","","false","true","2012-05-08 00:04:38","https://x.com/eternoveritas","https://pbs.twimg.com/profile_images/1232204778010075138/r89UkB6L_400x400.jpg","https://pbs.twimg.com/profile_banners/573757199/1582615561"
"1521477269365030914","BSKT👾","BSKT3303","心灵按摩大师｜链上老农民 🧑‍🌾 保持学习力与先进性🧘🏻‍♂️ 热爱去中心化理念向往自由世界｜深度思考做自己 💪 记录加密货币研究心得🤖DYOR #圆桌大派对🎉🇨🇳","5714","1424","649","20211","282","","","","false","false","","false","true","2022-05-03 21:10:34","https://x.com/BSKT3303","https://pbs.twimg.com/profile_images/1910955461240647680/-4h72Xk2_400x400.jpg","https://pbs.twimg.com/profile_banners/1521477269365030914/1744442264"
"1796310950523584512","半枚灵丹","guo345555","","3352","108","341","4166","89","娱乐和休闲","葡萄牙","","false","false","","false","false","2024-05-31 06:41:48","https://x.com/guo345555","https://pbs.twimg.com/profile_images/1867151489480953856/vdBSqoMd_400x400.jpg",""
"1224584823714377728","金子~泰国事务","njjinzi","公司业务：润泰、留学、签证(泰国签证疑难杂症)、中泰双保关、护照洗白、房地产、泰国驾照、银行开户、民宿、泰国法务…… 郑重声明： 泰国已经成了我们的第二家园，感恩泰国这块异国土地承载了我们！在这里我们享受到了自由和惬意…… 愿意帮助基督徒、觉醒者润 粉红就算了吧……","24377","3254","3875","73916","423","教育","曼谷","","false","true","","false","true","2020-02-04 14:46:02","https://x.com/njjinzi","https://pbs.twimg.com/profile_images/1576772620644929537/MkWBGDfl_400x400.jpg",""
"1271830033343172610","老黑","laohei789","比特币是通往自由的利剑，配置你的比特币资产， https://t.co/LWhWkJtWZs 邀请码: woj1","31528","35231","1356","8137","3899","媒体和新闻公司","","","false","false","","false","true","2020-06-13 23:41:32","https://x.com/laohei789","https://pbs.twimg.com/profile_images/1797947585010831361/Xb90FQd__400x400.jpg","https://pbs.twimg.com/profile_banners/1271830033343172610/1717499095"
"882021659561009152","麥浪MaiLang","cw4587","","2115","205","425","16404","92","","","","false","false","","false","true","2017-07-04 07:42:05","https://x.com/cw4587","https://pbs.twimg.com/profile_images/1223642539606999040/5lULHM0n_400x400.jpg",""
"50969839","老杨","laoyang945","如花美眷，似水流年，春风再美也比不上你的笑｜如果我很久没发推，你可以问我在看什么书｜锁推的fo我会被B哦","265162","64569","5409","5920","3717","","东八区","","false","false","","false","false","2009-06-26 15:59:00","https://x.com/laoyang945","https://pbs.twimg.com/profile_images/1236244215631249408/m8OsZo3U_400x400.jpg","https://pbs.twimg.com/profile_banners/50969839/1430892377"
"1506847564171124736","RJ","RJDAIGOGO","理性，中国，客气","27316","12968","2114","28251","3402","商业和工业","","","false","true","","false","false","2022-03-24 12:17:40","https://x.com/RJDAIGOGO","https://pbs.twimg.com/profile_images/1645072499405881344/UX7zH8Ae_400x400.jpg","https://pbs.twimg.com/profile_banners/1506847564171124736/1681050944"
"16076416","南瓜🎃💙💛","wingoffire","说点怪话，负能量博主","17169","19091","915","958","1341","科技","Phuket","","false","true","","false","true","2008-09-01 11:42:06","https://x.com/wingoffire","https://pbs.twimg.com/profile_images/1766216158716264448/Ql_BnDh__400x400.jpg",""
"1377660360862351514","北美王路飞","kingluffywang","油管Up主，分享人工智障知识，视频揭露股票圈的割韭菜惯犯雷公 LEI（aka 老雷，雷公资本，LEI & Lonecapital）希望喜欢本频道的朋友可以关注支持! 抖音：Kingluffywang","16457","31535","1219","39626","2639","","United States","https://youtube.com/c/%E5%8C%97%E7%BE%8E%E7%8E%8B%E8%B7%AF%E9%A3%9E","false","true","","false","true","2021-04-02 00:33:48","https://x.com/kingluffywang","https://pbs.twimg.com/profile_images/1566823398885441537/AymfNGhx_400x400.jpg","https://pbs.twimg.com/profile_banners/1377660360862351514/1745430450"
"956790588791078912","Mr. Owen","owenxusir","IT软件,信息技术,电商网络,独立思想，言论自由,普世价值,感恩谦卑！","6963","34171","1765","3929","365","科技","","http://www.tixab.com","false","true","","false","true","2018-01-26 15:27:07","https://x.com/owenxusir","https://pbs.twimg.com/profile_images/1964550875843874819/3pDHPqiD_400x400.jpg","https://pbs.twimg.com/profile_banners/956790588791078912/1757915579"
"1508702963295928320","Player1","Player19890604","XY = Male XX = Female Others are Mental Illness. That is all, as simple as it and fxxk DEI👎","18441","779","357","17882","598","","Singapore","","false","false","","false","true","2022-03-29 15:10:05","https://x.com/Player19890604","https://pbs.twimg.com/profile_images/1790604317478752256/_Dhi0sWc_400x400.jpg","https://pbs.twimg.com/profile_banners/1508702963295928320/1715748340"
"8225062","Xiaoli","ZhaoX1a0l1","低欲望 ｜果粉｜看谁都是傻逼｜内心强大｜咖啡因上瘾者｜你说的都对｜减重中｜小粉红 and 恨国党滚远点","22433","188","326","421","8564","","距您：1.6公里    IP归属地：球外势力","https://zhaoxiao.li","false","false","","false","false","2007-08-16 22:46:01","https://x.com/ZhaoX1a0l1","https://pbs.twimg.com/profile_images/1987134955122806784/hdLxfo9v_400x400.jpg","https://pbs.twimg.com/profile_banners/8225062/1743849789"
"1611177311558332417","Mandy","WineofLiberty","威士忌，醉鬼，旅行","8736","5410","244","3641","961","","San Phak Wan, Thailand","","false","false","","true","true","2023-01-06 09:46:43","https://x.com/WineofLiberty","https://pbs.twimg.com/profile_images/1984579183809609728/Q4EL0Hqa_400x400.jpg","https://pbs.twimg.com/profile_banners/1611177311558332417/1673417923"
"1186651487155322880","Ronald Simmons🇺🇸🦅✝️","RonaldSimmonsUS","American, Christian, patriot(Republican), journalist, Julian Assange supporter.
God bless America!
🇺🇸🤝🇮🇱
#MadeInUSA
#1A
#2A
#FollowBack 100%
#IFBAP","165237","62066","52635","199548","25366","记者","Washington, DC","","false","true","","false","true","2019-10-22 22:32:26","https://x.com/RonaldSimmonsUS","https://pbs.twimg.com/profile_images/1343476573706485760/y4nITVko_400x400.jpg","https://pbs.twimg.com/profile_banners/1186651487155322880/1624920673"
"259611996","Bear Liu","bearbig","Product Designer, 10 year+ podcaster and author of 2 books. Love things around design, tech and productivity, making JAM at https://t.co/ZhUT9zdkzg 🍯","17990","108970","2600","5184","6417","产品设计师","Free newsletter  👉","https://bear.academy","false","true","","false","true","2011-03-02 14:53:54","https://x.com/bearbig","https://pbs.twimg.com/profile_images/803996540696084480/Z-uk8--s_400x400.jpg","https://pbs.twimg.com/profile_banners/259611996/1746610243"
"1125414486863515654","莎伦の 玫瑰🌹🇯🇵✝️","SharonHanJP","用纯真的心❤️和眼👀窥探这个世界！用锋利的牙齿和手中的剑保护自己和爱的人⚔️🛡相信上帝，忠於自己！✝️备用号：@SharonRoseJP ❤️🇯🇵日本著名语言学校留学 免中介费直招🏫私信话题仅关于留学，就业与旅行☕️","61709","35498","3013","218734","6759","","東京 港區","","false","true","","false","true","2019-05-06 22:58:17","https://x.com/SharonHanJP","https://pbs.twimg.com/profile_images/1552295500539240448/PPQRb4Qg_400x400.jpg","https://pbs.twimg.com/profile_banners/1125414486863515654/1669533033"
"1730507327110086656","Thirteen/十三娘","qixioxio","十三的树洞！---拉黑有三：1.无脑，2.无礼，3.我高兴！ 没什么重要的事请不要给我私信，我不爱闲聊，谢谢啊！","16241","5318","514","27194","919","","","","false","true","","false","false","2023-12-01 16:41:28","https://x.com/qixioxio","https://pbs.twimg.com/profile_images/1804527400149196800/ZehwPgTp_400x400.jpg","https://pbs.twimg.com/profile_banners/1730507327110086656/1719070545"
"1715650984565985280","小小上上狼","QingyunH48652","就算在2B的世界中，我也自认为是脑残之王。","6465","7891","333","1273","680","","曼谷","","false","true","","false","true","2023-10-21 16:47:45","https://x.com/QingyunH48652","https://pbs.twimg.com/profile_images/1886893946774937600/YolJiFXg_400x400.jpg","https://pbs.twimg.com/profile_banners/1715650984565985280/1744368260"
"17954028","杜罗隐士","MasterDouro","不问世事隐居大西洋边，随心发布生活与思想的点滴。
* 注 - 性别：男；爱好：女。","8903","1131","278","5804","628","","葡萄牙","","false","false","","false","true","2008-12-08 10:47:16","https://x.com/MasterDouro","https://pbs.twimg.com/profile_images/1902399116321431553/RGJnde_s_400x400.jpg","https://pbs.twimg.com/profile_banners/17954028/1742402272"
"367212879","SamGor 三哥（afffun.com）","biggor888","❤️ I enjoy freedom in a broad sense.

做了二十几年生意，这两年主要是玩AI。与AI结对编程写了很多个项目，小工具，不限语言。

电报：https://t.co/U1eVGld290

私站：https://t.co/Um7miDPttp

资源：https://t.co/KPMOsOBGHZ","15483","5205","557","4961","2101","科技","Freedom","https://afffun.com","false","true","","false","true","2011-09-03 23:46:25","https://x.com/biggor888","https://pbs.twimg.com/profile_images/1837848554549006336/h5T_xLWN_400x400.jpg","https://pbs.twimg.com/profile_banners/367212879/1577979595"
"1643248727086477312","りてんてん（山花詩田）","litiantian511","大阪在住｜作家・詩人・中国語教師 言葉と自由を愛し、試練の中で故郷を離れました。 心と心が響き合う中国語を教えています🌿","7910","37484","1103","20442","1204","","","","false","false","","false","true","2023-04-04 21:47:18","https://x.com/litiantian511","https://pbs.twimg.com/profile_images/1830632536432947200/Ep5a2Sj-_400x400.jpg","https://pbs.twimg.com/profile_banners/1643248727086477312/1680616449"
"1306131084250210307","Roast Duck","RoastDuck20","加州州政府职员...IT 项目/合同经理…喜爱旅游购物美食...五毛小粉红离远点","39154","13594","563","70327","7879","","Sacramento, CA","","false","true","","false","false","2020-09-16 15:21:44","https://x.com/RoastDuck20","https://pbs.twimg.com/profile_images/1692754406859575296/Yl2ZcFx1_400x400.jpg","https://pbs.twimg.com/profile_banners/1306131084250210307/1641892489"
"1682763330585341952","Jack Sam","jacksan66888","创业者","2666","480","327","6364","434","商业和工业","Madrid, Comunidad de Madrid","","false","false","","false","false","2023-07-22 22:53:12","https://x.com/jacksan66888","https://pbs.twimg.com/profile_images/1907670144693972992/SIWb5pvG_400x400.jpg",""
"1765289651164921856","Ivy有🐱啦~","Ivy596040013226","INFJ-A      🐱捡的，🐟钓的
               不爱健身的晒猫狂魔不是好钓鱼佬","25922","2581","220","21752","2091","","","","false","true","","false","false","2024-03-06 16:14:24","https://x.com/Ivy596040013226","https://pbs.twimg.com/profile_images/1980810990015901696/ecFn7PD8_400x400.jpg","https://pbs.twimg.com/profile_banners/1765289651164921856/1761717951"
"1599631018679742464","Hardison","Hardison0910","Financial Technology Worker｜Candidate for the Nobel Prize in Economics｜Book/AI Game Author🤗｜近期作品👉https://t.co/kNt4ePXxcF  ｜【战无敌】EA产品👉https://t.co/LxURFTBgzd","8428","5677","2010","3704","1585","","Anywhere On Earth","http://hardison0910.free.nf/","false","false","","false","true","2022-12-05 13:05:54","https://x.com/Hardison0910","https://pbs.twimg.com/profile_images/1962320918811705345/ROmoT7ns_400x400.jpg","https://pbs.twimg.com/profile_banners/1599631018679742464/1757648544"
"1635708896021970959","屠夫吳淦","wg2015709","一个不缺激情和好奇心的人，一个不识趣的傻二。","10458","25097","1239","152","827","","","","false","false","","false","true","2023-03-15 02:26:53","https://x.com/wg2015709","https://pbs.twimg.com/profile_images/1960077695070752768/980n4nCI_400x400.jpg",""
"92041464","Yumin","YuminAI","努力生活，髡贼，硅谷软件工程师，在美国落地生根","7674","2786","3450","8355","229","Software developer/Programmer/Software engineer","Sunnyvale, CA","http://craft.yumin.ai","false","true","","false","true","2009-11-23 23:25:41","https://x.com/YuminAI","https://pbs.twimg.com/profile_images/1907121660433711104/2ItQOi8n_400x400.jpg","https://pbs.twimg.com/profile_banners/92041464/1630173114"
"1559761626668011526","马保国","Xhiiic","反中医，反传武，反洗脑，反独裁","1345","87","98","717","5","娱乐和休闲","","","false","false","","false","true","2022-08-17 12:38:52","https://x.com/Xhiiic","https://pbs.twimg.com/profile_images/1671769960266498050/C5o-DHth_400x400.jpg",""
"1420205241404772352","烟波@WorkWork｜🍡","YanboOfficial","21yo.｜prev. DevRel & Now building @WorkWorkOrg｜Drop out｜Digital Nomad & Photoghapher｜Backpacking trip to 18 countries｜i@work-work.org","17839","5385","1534","91201","2417","科技","Remote","https://bonjour.bio/yanbo","false","true","","false","true","2021-07-28 10:11:40","https://x.com/YanboOfficial","https://pbs.twimg.com/profile_images/1721865807926538240/lGu5XZsR_400x400.png","https://pbs.twimg.com/profile_banners/1420205241404772352/1682784511"
"4840324966","罗玉凤","Menghuanlangqi2","典型低端人口，没什么可说的。 联系邮箱：menghuanlangqing85@gmail.com  YouTube 频道 https://t.co/PtHCxLMxGy","6694","132694","555","27680","1506","","New York, NY","","false","true","","false","true","2016-01-24 08:06:50","https://x.com/Menghuanlangqi2","https://pbs.twimg.com/profile_images/1801786845732253696/PNX0UJ_G_400x400.jpg","https://pbs.twimg.com/profile_banners/4840324966/1716559847"
"627891592","亿点点","Hann7963","","1839","101","368","1694","94","","United Kingdom","","false","false","","false","false","2012-07-06 08:45:47","https://x.com/Hann7963","https://pbs.twimg.com/profile_images/1554594886795796481/6_sID-m2_400x400.jpg","https://pbs.twimg.com/profile_banners/627891592/1594643188"
"1489976572945702915","Katherine🇨🇦","Katherine77711","We don't know what will happen tomorrow ,so don't stay mad for too long. Learn to leave things behind. Some things are just not worth it. But you are worth it.","1998","211","929","4358","43","","Thailand","","false","false","","false","false","2022-02-05 22:58:07","https://x.com/Katherine77711","https://pbs.twimg.com/profile_images/1761785038251962368/JiqN1yIU_400x400.jpg","https://pbs.twimg.com/profile_banners/1489976572945702915/1708877102"
"869570310067990528","怕怕8964","8964_dean","勇者喜欢巨乳有什么问题？对了，还有蜜桃臀😘","11231","120","2294","191387","1895","体育、健身和娱乐","","","false","false","","true","false","2017-05-30 23:04:52","https://x.com/8964_dean","https://pbs.twimg.com/profile_images/1761720037965180928/fybFA2-D_400x400.jpg","https://pbs.twimg.com/profile_banners/869570310067990528/1699862528"
"762120336599048192","Ki","lordanakun","Tesla 🇺🇸🥜 ( o.o ) 🍌","14265","675","792","85060","1617","科技","","","false","true","","false","false","2016-08-07 10:57:02","https://x.com/lordanakun","https://pbs.twimg.com/profile_images/1074109289411895296/VVNbt4rI_400x400.jpg",""
"1159395338421243904","blue","blue20190808","Thinker","742","67","75","3475","28","","France","","false","false","","false","true","2019-08-08 17:26:04","https://x.com/blue20190808","https://pbs.twimg.com/profile_images/1930218024860082176/sYKKRhvC_400x400.jpg","https://pbs.twimg.com/profile_banners/1159395338421243904/1751202748"
"4064405712","寻雾","BoyYingjiezou1","So you have to trust that the dots will somehow connect in your future.","1348","595","229","826","19","","","","false","false","","false","false","2015-10-30 11:37:12","https://x.com/BoyYingjiezou1","https://pbs.twimg.com/profile_images/1192265091347099648/W1mZsq7P_400x400.jpg",""
"255218981","👈 李浪溪 | 三维整合成长陪伴者","SeabornLi","🚀 认知重构+情感支持+行动落地
👥 个人数字孪生 App 技术合伙人
🧑‍💻 前外企培训师 | 服务过JD，腾讯，DJI 等
💡 大厂研发教练 | 服务过华为，HSBC 等
📚 终身学习者 | MSc AI @livuni 在读
📧 小报童《溪行记》更新中 https://t.co/9rpyMIkp1I","1123","1471","376","1836","260","企业家","北京➡️深圳➡️成都➡️大理🔜清迈","https://waterlee.site","false","true","","false","false","2011-02-21 06:44:20","https://x.com/SeabornLi","https://pbs.twimg.com/profile_images/1821359859981508608/Gqy-7kw2_400x400.jpg","https://pbs.twimg.com/profile_banners/255218981/1760585378"
"1393595636851773442","光头吴@Wutaigo","Wutaigo","泰国资深法律、投资、移民专家，泰工作20多年，盈科外服泰国分公司董事长，法人股东，国王研究院法律系毕业，苏南达皇家大学公共发展管理学院哲学博士，提供一站式企业解决方案。","59633","27882","3167","92041","3550","律师和律师事务所","Bangkok, Thailand","","false","true","","false","true","2021-05-15 23:54:47","https://x.com/Wutaigo","https://pbs.twimg.com/profile_images/1902738791644979200/uNpoXhxk_400x400.jpg","https://pbs.twimg.com/profile_banners/1393595636851773442/1627703186"
"307232823","James","mrjamespanda","努力奋斗，降低预期，享受过程，接受结果。","2780","336","528","5670","164","","","","false","false","","false","false","2011-05-29 16:01:29","https://x.com/mrjamespanda","https://pbs.twimg.com/profile_images/1904706337680089090/ZTx6tjze_400x400.jpg","https://pbs.twimg.com/profile_banners/307232823/1699106652"
"1604499730167631872","你永远不会懂","Spacezero006","","618","23","27","1745","10","","","","false","false","","false","false","2022-12-18 23:32:21","https://x.com/Spacezero006","https://pbs.twimg.com/profile_images/1898245662304854016/X1pyL08c_400x400.jpg",""
"763901306264322049","Susan STEM","feltanimalworld","Founder of the Entropy Control Theory : Language as system design  用结构抵抗熵增","33874","40729","6063","43245","1679","","Virginia, USA","https://www.entropycontroltheory.com","false","true","","false","false","2016-08-12 08:53:58","https://x.com/feltanimalworld","https://pbs.twimg.com/profile_images/1941884420048265216/Dbcchu0q_400x400.jpg","https://pbs.twimg.com/profile_banners/763901306264322049/1511626510"
"1851790206","日本大誠不動産·石川港","shichuangang","🇨🇳北京人在东京，旅日25年 🇯🇵多品牌餐饮创始人 🇯🇵大诚不动产创始人，开发，建筑，买卖，租赁 💰正和博弈，遇见即共赢🤝 📪278831120@qq.com 微信：minato5024","76524","62520","6571","362176","16316","","東京","","false","true","","false","true","2013-09-10 23:42:22","https://x.com/shichuangang","https://pbs.twimg.com/profile_images/1448820474847268883/79tNbYBv_400x400.jpg","https://pbs.twimg.com/profile_banners/1851790206/1675401658"
"915107152640876544","Syunren","Syunren0204","国籍:中国、居住地:日本","6378","353","640","57473","179","","日本 大阪","","false","false","","false","false","2017-10-03 14:52:01","https://x.com/Syunren0204","https://pbs.twimg.com/profile_images/1903368959434653696/Tl_FaxtJ_400x400.jpg",""
"916742991833894913","走过、路过、看过👋","Poncon99","中推是情绪训练的试验场。看不同观点，哪怕意见相左，都是体验心平气和的机会。
关注、并不代表认可或欣赏对方的观点，不认可时，我大概会说出来。","46530","2553","1268","59479","1113","","🏖","","false","false","","false","false","2017-10-08 03:12:16","https://x.com/Poncon99","https://pbs.twimg.com/profile_images/1639980507323592704/mJSX7yGw_400x400.jpg","https://pbs.twimg.com/profile_banners/916742991833894913/1701528143"
"91510492","Z.Chow","ZChow_com","開始吳國人，接著越國人，最後楚國人。
Regardless of your origin and background, you can choose to be a kind person.","4738","401","300","857","178","","海外","","false","false","","false","true","2009-11-21 13:29:50","https://x.com/ZChow_com","https://pbs.twimg.com/profile_images/1766253439275917312/sn4jTscW_400x400.jpg","https://pbs.twimg.com/profile_banners/91510492/1718321620"
"975329340","花果山大圣","shengxj1","不爱上班的程序员, 靠谱的前端讲师， 卖课为生，前端 Web3  程序员英语 私教, 独立开发
努力做最好的程序员讲师
油管主页：https://t.co/kEcslLs1vs
加入电报群:  https://t.co/fQEVZn8uNH
合作微信：itdasheng168","11713","54217","1141","2096","2318","","Remote","https://linktr.ee/shengxj","false","true","","false","true","2012-11-28 12:19:05","https://x.com/shengxj1","https://pbs.twimg.com/profile_images/1956649801128329216/9dfodVqp_400x400.jpg","https://pbs.twimg.com/profile_banners/975329340/1700320345"
"864288047369605120","PeggyWang","PeggyWangXY","一个死多头，All in❤️ChiangMai，4猫1狗8鹦鹉1鹩哥🤭讨厌大部分人类，喜欢大部分动物，生活在清迈，在清莱种咖啡","973","262","651","2853","138","","","","false","false","","false","false","2017-05-16 09:15:03","https://x.com/PeggyWangXY","https://pbs.twimg.com/profile_images/1878629082210217984/EAISXixN_400x400.jpg","https://pbs.twimg.com/profile_banners/864288047369605120/1494897614"
"800507025113292801","shapeless","shapeless2000","We knew a million things we could hardly understand.","24783","440","176","1879","141","","United States","","false","false","","false","false","2016-11-21 09:12:02","https://x.com/shapeless2000","https://pbs.twimg.com/profile_images/803431401127297025/a741mzWt_400x400.jpg",""
"86889819","沈仝","jessyshen","SQZ基金管理合伙人，Adera AI 联合创始人 咖啡会聊创投https://t.co/TsrrMpzkg4","14971","130029","900","878","1123","企业家","Newport Beach, CA","","false","false","","false","false","2009-11-02 14:50:57","https://x.com/jessyshen","https://pbs.twimg.com/profile_images/1985875668983562244/evKvQuqf_400x400.jpg","https://pbs.twimg.com/profile_banners/86889819/1740278476"
"1787713992980566016","Sunny","Sunny_S1018","心之所向，皆是天堂！","11","11","7","50","3","","Chiang Mai, Thailand","","false","false","","false","true","2024-05-07 13:20:14","https://x.com/Sunny_S1018","https://pbs.twimg.com/profile_images/1818840803248332800/BCwjikqw_400x400.jpg","https://pbs.twimg.com/profile_banners/1787713992980566016/1722480505"
"1749717035607891968","Louise Y","LouiseY32713","中年少女； 自由职业（长期无业，时而有业）； 目前在迈村陪读； 间歇式健身（仅限Just Dance）； 被迫爱做手工（仅限闺女的安静书）；","88","241","11","5","60","","Chiang Mai Province, Thailand","","false","false","","false","false","2024-01-23 16:53:57","https://x.com/LouiseY32713","https://pbs.twimg.com/profile_images/1875936648510500865/uasakJLv_400x400.jpg","https://pbs.twimg.com/profile_banners/1749717035607891968/1736093138"
"1587413541945892864","东南亚熬夜的枸杞","boo_hz","🛫 一起 #出海去 成为「超级个体」 

✍️ 不逐流量 只是我的想法碎碎念：
 - 海外产品独立开发及运营增长经验
 - 生活 | 阅读 | 效率","901","2674","218","1438","195","","","","false","false","","false","true","2022-11-01 19:57:50","https://x.com/boo_hz","https://pbs.twimg.com/profile_images/1903757505593012224/rCyNaJEY_400x400.jpg","https://pbs.twimg.com/profile_banners/1587413541945892864/1710440989"
"857728192542638082","梦中人","MengzhongrenNYC","若爱 必为你赴汤蹈火 若恨 定与你不共戴天","17887","1892","373","11060","291","","United States  New York","","false","false","","false","false","2017-04-28 06:48:31","https://x.com/MengzhongrenNYC","https://pbs.twimg.com/profile_images/1287943517818560512/I5uTPIId_400x400.jpg","https://pbs.twimg.com/profile_banners/857728192542638082/1496262379"
"1703010959139516416","Loozon","Fnjjjhjnbdd14","","193","21","116","1963","1","","","","false","false","","false","true","2023-09-16 19:40:41","https://x.com/Fnjjjhjnbdd14","https://pbs.twimg.com/profile_images/1786078303386013696/H-_eUjmu_400x400.jpg",""
"345437084","徹言","iamcheyan","程序员・作家・编剧  / 東京都在住 🗼","14702","42281","7571","100636","2619","","東京 墨田区","http://iamcheyan.com","false","true","","false","true","2011-07-31 00:05:20","https://x.com/iamcheyan","https://pbs.twimg.com/profile_images/1752946036358909952/o_vVoTim_400x400.jpg","https://pbs.twimg.com/profile_banners/345437084/1714718985"
"22403539","0xGarfield｜加菲众","DJWZ","🚀 Audio Innovator | 🎵 Music Tech Pioneer | 📻 Former HIT FM DJ | 🏆 Red Dot & A’Design Award Winner | 🎙 TEDx Speaker | 🌍 Bridging Music, Tech & Innovation","5958","14432","1731","7266","1841","","Chiang Mai, Thailand","https://0xgarfield.com/","false","true","","false","false","2009-03-02 04:38:53","https://x.com/DJWZ","https://pbs.twimg.com/profile_images/1747544490909577216/6kTPQaNy_400x400.jpg","https://pbs.twimg.com/profile_banners/22403539/1720372768"
"1709489684131504128","Joy'1","Q111978832","一个普通人 私信请说明来意，闲聊不回复","5430","18355","518","7832","531","","Singapore","","false","false","","false","true","2023-10-04 16:44:42","https://x.com/Q111978832","https://pbs.twimg.com/profile_images/1857276428469116928/LvI1MfT__400x400.jpg","https://pbs.twimg.com/profile_banners/1709489684131504128/1696411831"
"23889209","Wallfacer005","Wallfacer005","Digital Nomad, Indie Maker/Hacker, Full Stack Developer, Product Manager
数字游民、独立创客、全栈开发、产品经理","1318","674","1519","203","100","","","","false","false","","false","true","2009-03-12 11:49:55","https://x.com/Wallfacer005","https://pbs.twimg.com/profile_images/1687667708857606144/sgda2UL7_400x400.jpg","https://pbs.twimg.com/profile_banners/23889209/1708934241"
"1166053849859272704","Milan丨米兰 🇹🇭","DoggieMMA","人只有在举目无亲的远方才能真正的活着。 Co-founder @p2p_solidarity","274","137","678","3630","7","社交媒体影响者","","","false","true","","false","true","2019-08-27 02:24:45","https://x.com/DoggieMMA","https://pbs.twimg.com/profile_images/1933908024449724416/VUHAqBox_400x400.jpg","https://pbs.twimg.com/profile_banners/1166053849859272704/1749914589"
"1497995045223677952","Amei","Ameiqiu333","分享生活日常。分享泰国美食 分享泰国的美好事物。","96734","26501","2537","213459","7530","娱乐和休闲","อ.สันกำแพง, จ.เชียงใหม่","https://youtube.com/@ameiqiu1983?si=k7VzfPgAXIsA_vLP","false","true","","false","false","2022-02-28 02:00:34","https://x.com/Ameiqiu333","https://pbs.twimg.com/profile_images/1956617072764743680/wfCQlDe__400x400.jpg","https://pbs.twimg.com/profile_banners/1497995045223677952/1686467535"
"1448268064894570498","龙少爷｜Crypto💎💤🎶","longshao1191","龙少爷数字货币早期布道者 A10 Capital持续投中多个一级市场的龙头 标的 二级自有投研团队 1️⃣：Bitget注册🔗链接https://t.co/H9y54mPGTm","5713","12791","6256","11082","724","","Hong Kong","","false","true","","false","false","2021-10-13 20:43:15","https://x.com/longshao1191","https://pbs.twimg.com/profile_images/1649036136290058241/TJi738Vv_400x400.jpg","https://pbs.twimg.com/profile_banners/1448268064894570498/1685247142"
"826103749009514496","LinusCheung","LinusCheung1912","I'm a newbie.
人生有幾多三年！
保護母語
EN.JA
半路出家
專注於設計、產品和工程","16324","296","509","35979","624","","","","false","false","","false","false","2017-01-31 00:24:16","https://x.com/LinusCheung1912","https://pbs.twimg.com/profile_images/833624794822172672/wr8kko28_400x400.jpg","https://pbs.twimg.com/profile_banners/826103749009514496/1487586611"
"11765952","Justin","interjc","🥷🏼 ENTJ-A｜程序员
🧑‍💻 @yokogaisha｜AIGC
🎓 AI 课程：https://t.co/MNSqx9ncpS
📱 Wechat：justinchencn","28887","27234","1599","64503","3367","科技","Osaka, Japan","https://interjc.net","false","true","","false","true","2008-01-03 02:38:17","https://x.com/interjc","https://pbs.twimg.com/profile_images/1791761180610211840/JrLnAGtF_400x400.jpg","https://pbs.twimg.com/profile_banners/11765952/1712804144"
"279807532","Ein Verne","einverne","随笔 https://t.co/tjGBYsZ70c 投资 https://t.co/2l21fsXU9S Japan https://t.co/s4cK7S1Pkr","2599","840","2280","1481","253","","","http://blog.einverne.info","false","false","","false","true","2011-04-10 10:07:13","https://x.com/einverne","https://pbs.twimg.com/profile_images/1357895964925652992/G9tBCoLV_400x400.jpg",""
"885086674828578816","Mr Panda","PandaTalk8","Solo Developer ｜ Growth Coach｜Helping creators build their personal brand on X  
公众号：PandaTalk8","20116","56239","6650","56943","1217","教育","","https://xgrowth.xlearnity.ai/","false","true","","false","true","2017-07-12 18:41:22","https://x.com/PandaTalk8","https://pbs.twimg.com/profile_images/1738715996737933312/QHUuRDK1_400x400.jpg","https://pbs.twimg.com/profile_banners/885086674828578816/1760969154"
"885874569562644481","HappyQQ_AI","HappyQQ_AI","曾在职场干过程序员、架构师、技术总监的活。
现在是一名连续技术创业者，虽千万人吾往矣。
现在也是一名业余的自说自话的脱口秀爱好者。
专注𝗔𝗜、软件开发、系统架构等前沿技术领域。
公众号：移动互联网    （公众号真的是这么靓）
微信号：HappyQQ_AI（添加时注明来自推特）","39485","18680","3354","123256","1452","科技","","https://github.com/HappyQQ","false","false","","false","true","2017-07-14 22:52:10","https://x.com/HappyQQ_AI","https://pbs.twimg.com/profile_images/1963127781685858304/bQ6BtMOn_400x400.jpg","https://pbs.twimg.com/profile_banners/885874569562644481/1733154719"
"1465353663786799110","0xqiuqiu","0xqiuqiuu","👩‍💻BuilderHero @OpenBuildxyz｜🇹🇭 数字游民 ｜💚INFJ Nomad Life https://t.co/4XwDTp9AxX🏄","3492","6039","2885","4800","576","Blockchain","Thailand","https://linktr.ee/zqiuqiu","false","true","","false","true","2021-11-30 00:15:30","https://x.com/0xqiuqiuu","https://pbs.twimg.com/profile_images/1857094513329631232/Xbn1ZUP-_400x400.jpg","https://pbs.twimg.com/profile_banners/1465353663786799110/1736470443"
"1399618092511100929","Chacha","ChachaCryptoX","#BTC 比特币到20万美金, #ETH 到8000美金 #DOGE 狗狗币到1.5美金, #SOL 到800美金，资深软件开发工程师, Web3 Buidler, Crypto Holder, English Learning.","5739","765","1926","8547","852","软件应用程序","Mount Olympus","https://www.binance.com/activity/referral-entry/CPA?ref=CPA_00Z4Z6C8UI","false","true","","false","false","2021-06-01 14:45:43","https://x.com/ChachaCryptoX","https://pbs.twimg.com/profile_images/1981927780020334592/Lzehj9wf_400x400.jpg","https://pbs.twimg.com/profile_banners/1399618092511100929/1720962406"
"18896395","大帅老猿","ezshine","边开房车边写代码走遍了中国 33 个省份，目前在清迈陪读，日常分享编程，游戏，AI，SEO，营销和生活。

🔍全网同名，个人微信@itdashuai","15564","50256","568","3213","2618","","blog ➡️","https://dashu.ai","false","true","","false","true","2009-01-12 17:29:14","https://x.com/ezshine","https://pbs.twimg.com/profile_images/687927732311863297/iJSmNFUt_400x400.jpg","https://pbs.twimg.com/profile_banners/18896395/1700505811"
