﻿"User ID","Name","Username","Bio","Tweets Count","Followers Count","Following Count","Favourites Count","Media Count","Professional","Location","Website","Verified","Is Blue Verified","Verified Type","Protected","Can DM","Created At","Profile URL","Avatar URL","Profile Banner URL"
"1727548535816724480","meng shao","shao__meng","邵猛，中年失业程序员 😂

专注 - Context Engineering, AI Agents.
分享 - AI papers, apps and OSS.

ex Microsoft MVP

合作 - 私信/邮箱：shaomeng@outlook.com

📢 公众号/小红书: AI 启蒙小伙伴","11177","20209","1101","56630","5596","科技","","https://x.com/shao__meng/status/1958758580347445703","false","true","","false","true","2023-11-23 12:44:15","https://x.com/shao__meng","https://pbs.twimg.com/profile_images/1764498070841233408/qeTwfeW8_400x400.jpg","https://pbs.twimg.com/profile_banners/1727548535816724480/1726640651"
"3178231","宝玉","dotey","Prompt Engineer, dedicated to learning and disseminating knowledge about AI, software engineering, and engineering management.","27161","145027","1457","38220","4712","","Chicago, IL","https://baoyu.io","false","true","","false","true","2007-04-02 11:42:14","https://x.com/dotey","https://pbs.twimg.com/profile_images/561086911561736192/6_g58vEs_400x400.jpeg",""
"806464682823282688","Tom Huang","tuturetom","Building the open-source agentic workspace for Human-AI collaboration → https://t.co/i68tK8Smms, ex @tiktok_us","8771","30329","6408","8622","2499","","","https://www.refly.ai","false","true","","false","true","2016-12-07 19:45:38","https://x.com/tuturetom","https://pbs.twimg.com/profile_images/1033199673035522048/WI-JLSAc_400x400.jpg","https://pbs.twimg.com/profile_banners/806464682823282688/1754537357"
"1551258526584115204","AI Will","FinanceYF5","增长顾问 | AI行业分析师，Learn in Public","40277","177984","1914","5206","22123","媒体和新闻公司","San Francisco Bay area","https://linktr.ee/hanweilang","false","false","","false","true","2022-07-25 01:30:38","https://x.com/FinanceYF5","https://pbs.twimg.com/profile_images/1896818103016935424/ucw3T2uW_400x400.jpg","https://pbs.twimg.com/profile_banners/1551258526584115204/1760393812"
"1239771839464783872","LinearUncle","LinearUncle","👑 AI coding - 职业工程师
📊 Visualization  - AI svg可视化技巧探索者
💻 Prompt Engineering - 提示词爱好者","4892","8568","949","22635","888","","中国","","false","true","","false","false","2020-03-17 12:33:41","https://x.com/LinearUncle","https://pbs.twimg.com/profile_images/1906323582759874560/6Elwf5WN_400x400.jpg",""
"1830880351801221120","凡人小北","frxiaobei","行道途中。非求速成，惟求通达。
2023 年扎进AI ，打通Know-How，不少赚钱项目，踩过坑，也见过光。
围城里待得够久了，出来聊聊世界，聊聊技术、聊聊赚钱。","3997","19649","361","4847","245","","vx/WeChat: frxiaobei","https://www.frxiaobei.com/","false","true","","false","true","2024-09-03 16:08:10","https://x.com/frxiaobei","https://pbs.twimg.com/profile_images/1916849689783402496/DC10b7O3_400x400.jpg","https://pbs.twimg.com/profile_banners/1830880351801221120/1728362842"
