﻿"User ID","Name","Username","Bio","Tweets Count","Followers Count","Following Count","Favourites Count","Media Count","Professional","Location","Website","Verified","Is Blue Verified","Verified Type","Protected","Can DM","Created At","Profile URL","Avatar URL","Profile Banner URL"
"18423600","LU","maklu","","3571","576","570","1091","196","赛车运动商店","Earth","","false","false","","true","false","2008-12-28 14:48:41","https://x.com/maklu","https://pbs.twimg.com/profile_images/1597791427282423808/jXu0Gf0X_400x400.jpg","https://pbs.twimg.com/profile_banners/18423600/1741513378"
"1515128158835691526","Ring Hyacinth","ring_hyacinth","Artist working with #AI","332","12169","338","712","191","","","http://hyacinth.im","false","true","","false","true","2022-04-16 08:41:37","https://x.com/ring_hyacinth","https://pbs.twimg.com/profile_images/1811285605252313088/w5sCj3nH_400x400.jpg","https://pbs.twimg.com/profile_banners/1515128158835691526/1666290243"
"139920094","透明雜誌","FuckingDisco_","谢谢你提醒我 ｜ 喜欢胶片和暗房的人我们可以交朋友｜有些经验的UX设计师｜","3074","746","341","4672","849","","Shinjuku-ku, Tokyo","","false","false","","false","true","2010-05-04 09:59:54","https://x.com/FuckingDisco_","https://pbs.twimg.com/profile_images/1194455059255283712/WLE4-3Fv_400x400.jpg","https://pbs.twimg.com/profile_banners/139920094/1638023924"
"1507723638249713664","月半","yuebanzhu","一直在日本。似乎是一名法律工作者。右翼，非典型自由主义。政治面貌境外势力汉奸叛徒反革命分子。荒川商学院🥱创始人。https://t.co/zwDurJQwha宫司🥳私信回复较慢（一般周三周六晚上回复）","45070","13902","5203","287011","3612","","日本东京","","false","true","","false","true","2022-03-26 22:18:40","https://x.com/yuebanzhu","https://pbs.twimg.com/profile_images/1529606141545545728/ufDWA7bY_400x400.jpg","https://pbs.twimg.com/profile_banners/1507723638249713664/1689938735"
"1276688173750317056","かがり","cyousei6","非中介，为了避免闲聊，咨询赴日 1000日元/50RMB一小时，先款后问。","14768","7228","228","27276","1801","","大阪","","false","false","","false","true","2020-06-27 09:26:08","https://x.com/cyousei6","https://pbs.twimg.com/profile_images/1738816393255227392/Pdk1HP0M_400x400.jpg","https://pbs.twimg.com/profile_banners/1276688173750317056/1703401120"
"1330347878997344256","观海听涛","agassi0213","","172","60","376","2435","30","","","","false","false","","false","false","2020-11-22 11:10:35","https://x.com/agassi0213","https://pbs.twimg.com/profile_images/1768523454012325888/qUPjyQmI_400x400.jpg","https://pbs.twimg.com/profile_banners/1330347878997344256/1710484209"
"1141417774201184257","Valve","valvesoftware","We make games, Steam, and hardware.

For support, visit https://t.co/VRsFD4GURP.","199","792344","11","3","70","","Bellevue, WA","http://valvesoftware.com","false","false","Business","false","false","2019-06-20 02:49:38","https://x.com/valvesoftware","https://pbs.twimg.com/profile_images/1196563043150204928/X6pfa2YZ_400x400.jpg","https://pbs.twimg.com/profile_banners/1141417774201184257/1590023384"
"1166761","Dash","DashHuang","心动公司 CEO，TapTap、VeryCD创始人。","7848","108889","661","12234","1133","游戏玩家","Auckland","https://huang.co","false","true","","false","false","2007-03-15 00:39:20","https://x.com/DashHuang","https://pbs.twimg.com/profile_images/1126525862537351169/xJVtWSnu_400x400.jpg","https://pbs.twimg.com/profile_banners/1166761/1645038101"
"103739996","なかじ @毎日ジム リリース🚀","nkjzm","エンジニアとユーチューバーやってます！活動: #Vフレット @vfret_app Webサイト: https://t.co/4BQAmBZHb2 著書『「VRならでは」の体験を作る Unity+VRゲーム開発ガイド』技術評論社","40052","7860","749","289036","8483","科技","","https://youtube.com/@nkjzm","false","true","","false","true","2010-01-11 11:11:12","https://x.com/nkjzm","https://pbs.twimg.com/profile_images/1382984805613113346/ynsBpjec_400x400.jpg","https://pbs.twimg.com/profile_banners/103739996/1705624881"
"1457299802","吉田＠↓スパムです","netatank","体重が９０ｋｇ以下になるまで絶対に動画を更新することはないです","6728","250984","251","9774","1173","科技","Hell","https://www.youtube.com/channel/UC9WJo5ZJVXMZiA5XV2jLx5Q","false","true","","false","false","2013-05-25 23:30:56","https://x.com/netatank","https://pbs.twimg.com/profile_images/1940339611957354496/YdpbFlzB_400x400.jpg","https://pbs.twimg.com/profile_banners/1457299802/1687970997"
"116256580","SunLau","sunlau_cn","土得掉渣","10541","6496","425","4307","1750","室内设计师","Suzhou","https://www.zhihu.com/people/sunlau","false","true","","false","true","2010-02-22 03:43:17","https://x.com/sunlau_cn","https://pbs.twimg.com/profile_images/834851652/180_400x400.jpg","https://pbs.twimg.com/profile_banners/116256580/1650647311"
"19905027","ugmbbc","ugmbbc","","341","315","292","742","21","","Budapest, Hungary","","false","false","","true","false","2009-02-02 20:58:59","https://x.com/ugmbbc","https://pbs.twimg.com/profile_images/657463622042423296/mseuRc05_400x400.jpg","https://pbs.twimg.com/profile_banners/19905027/1445586875"
"33808769","Impress Watch","impress_watch","Impress Watchの公式Xアカウントです。ネットサービスやIT、ガジェット、マネーなど「くらしを変えるテクノロジー」や「新しいライフスタイル」を紹介してきます","83116","64223","44","70","39734","媒体和新闻公司","東京都千代田区","https://www.watch.impress.co.jp/","false","true","Business","false","false","2009-04-21 12:17:45","https://x.com/impress_watch","https://pbs.twimg.com/profile_images/1042611424369864704/Vdq78CFJ_400x400.jpg","https://pbs.twimg.com/profile_banners/33808769/1537412851"
"1905532312177311745","LovartAI","lovart_ai","The design agent. Ideate, create & deliver - all in one place.
🎨🎙️🎞️ ｜ https://t.co/S8TmoIlI1S","289","19609","172","1564","147","","San Francisco","https://www.lovart.ai","false","true","","false","true","2025-03-28 16:08:12","https://x.com/lovart_ai","https://pbs.twimg.com/profile_images/1921463929634729984/3l477prv_400x400.jpg","https://pbs.twimg.com/profile_banners/1905532312177311745/1745376432"
"14784489","wabi","wabi","The first personal software platform. Get early access 👇","413","13060","42","2997","17","","SF","https://wabi.ai/","false","true","Business","false","true","2008-05-15 18:46:38","https://x.com/wabi","https://pbs.twimg.com/profile_images/1984298640819535872/Tq9M6Lya_400x400.jpg","https://pbs.twimg.com/profile_banners/14784489/1760792252"
"33803410","ケータイ Watch","ktai_watch","Impress Watchのスマホ・モバイル情報サイト「ケータイ Watch」の公式アカウントです。スマートフォンをはじめ、モバイル機器の商品情報に加え、国内外の通信業界の動向、展示会レポートなどをお届けします！　個別にお返事はできませんが、コメントは編集部で拝読いたします。","74939","128374","299","120","52761","媒体和新闻公司","","","false","true","Business","false","true","2009-04-21 11:59:56","https://x.com/ktai_watch","https://pbs.twimg.com/profile_images/1704679557574656000/HYX8bOrZ_400x400.png","https://pbs.twimg.com/profile_banners/33803410/1695262735"
"210480753","岡本悠馬","yuma_okamoto","中国語通訳＆鍼灸師｜サイマル・アカデミー同時通訳科修了｜中国の小学校の教科書を暗唱する学習会を開催しています📖","10986","4840","883","44118","1397","","","https://nanten-labo.com/","false","true","","false","true","2010-10-31 22:54:23","https://x.com/yuma_okamoto","https://pbs.twimg.com/profile_images/1485512292943171587/m7RvXGBc_400x400.jpg","https://pbs.twimg.com/profile_banners/210480753/1728080102"
"2314872278","はやぽん","Hayaponlog","兼業ライター。執筆先https://t.co/A0ZG6qFsoM 得意ジャンルはスマホ、イヤホン、EVです。（BYD SEALを保有） はやぽんログ！では、スマホのレビューからEVの情報を発信してます。ご依頼はサイト内のお問い合わせから。リンクは#ad#prを含みます。","47644","20819","273","18232","11364","社交媒体影响者","Japan Niigata","https://hayaponlog.com","false","true","","false","true","2014-01-28 12:46:57","https://x.com/Hayaponlog","https://pbs.twimg.com/profile_images/1617888746418102275/Em37e9OA_400x400.jpg","https://pbs.twimg.com/profile_banners/2314872278/1658221924"
"1109624192746414081","浅草不知秋～姚远","qiancaobuzhiqiu","做一个生活家。","32154","47076","2796","65854","9750","咨询机构","Osaka-fu, Japan","","false","true","","false","true","2019-03-24 09:13:18","https://x.com/qiancaobuzhiqiu","https://pbs.twimg.com/profile_images/1231559248548515840/VC2mRMgx_400x400.jpg","https://pbs.twimg.com/profile_banners/1109624192746414081/1744333348"
"50592690","Charles Young","Snowcharles","Gaming journalist since 2003 | Ex-EIC of IGN China & Game Bonfire | To be misunderstood is the destiny of those who speak | Live free or die | 日本語を一生懸命に勉強しています","3117","8797","183","2978","1593","游戏玩家","Tokyo","","false","true","","false","true","2009-06-25 16:41:27","https://x.com/Snowcharles","https://pbs.twimg.com/profile_images/1916173223248670720/ckb0U3Tq_400x400.jpg","https://pbs.twimg.com/profile_banners/50592690/1742519597"
"1229707931639136256","しゅぷら","shupra004","中国語大喜利アカウント。FF外通知は基本的に切っています。基本フォロバしてますが、割と見落としがちなので鍵垢の方含めフォロバ無かったらリプかDMください。","7502","6347","5334","641624","1482","美容、化妆品和个人护理","日本","","false","false","","false","false","2020-02-18 18:03:22","https://x.com/shupra004","https://pbs.twimg.com/profile_images/1439410017963163649/SEBLvwfg_400x400.jpg","https://pbs.twimg.com/profile_banners/1229707931639136256/1621171447"
"755183838532370432","1X","1x_tech","NEO The Home Robot | Order Today","226","130567","17","9046","27","机器人公司","Palo Alto, CA","http://1x.tech/neo","false","false","Business","false","true","2016-07-19 07:33:52","https://x.com/1x_tech","https://pbs.twimg.com/profile_images/1983234898866642944/hf9603Sx_400x400.jpg","https://pbs.twimg.com/profile_banners/755183838532370432/1761675032"
"3663917780","ちろあぽ","synup16g","IT現場にてﾏｳｽで画面ﾎﾟﾁﾎﾟﾁする簡単なお仕事をしてるｲｯﾇ@帝愛、得意業務は下座り、ゆるふわｼﾌｫﾝ主義なﾎﾟｽﾄを心掛けています、［趣味］雀魂（アカウント：かぬおれ、ID：96981834、フレンド枠余りまくってるのでお気軽に）","500","6007","3963","21689","45","","地下帝国","https://mond.how/ja/synup16g","false","false","","false","false","2015-09-24 06:41:05","https://x.com/synup16g","https://pbs.twimg.com/profile_images/1539626274213470208/8qgQWnTh_400x400.jpg","https://pbs.twimg.com/profile_banners/3663917780/1716894748"
"80554806","２５５","nikokosan","漫画家です。Vtuberが好きです。これまでのお仕事情報はhttps://t.co/HjlRrjTucSなど。ほしい物リスト:https://t.co/2eJ2ARqpOf。リプライへのお返事は気まぐれです。Skeb:https://t.co/tQ1jh9y44y","90892","81715","1532","37416","6536","","ちば","https://www.twitch.tv/nikokosan","false","true","","false","false","2009-10-07 19:37:52","https://x.com/nikokosan","https://pbs.twimg.com/profile_images/1871121282596765696/n5n03aUx_400x400.jpg","https://pbs.twimg.com/profile_banners/80554806/1635997896"
"981539567823085568","書きちらし","kakichirashi","ボールペンで、誰かの言葉を手本に字の練習をしています｜リプライ欄の出典も含めご高覧ください｜ウィットと毒に富んだフレーズが好きです｜普段は薬剤師をしています｜ツイートが一冊の本になりました✍️→ https://t.co/XrRgYbvoRj ｜アソシエイトとしてAmazonに参加しています","14242","152571","613","29129","3737","","ペン先","http://www.youtube.com/@kakichirashi","false","true","","false","true","2018-04-04 22:30:43","https://x.com/kakichirashi","https://pbs.twimg.com/profile_images/1525454477742198784/GiobTmD__400x400.jpg","https://pbs.twimg.com/profile_banners/981539567823085568/1744250908"
"1742923424056713217","Google AI Studio","GoogleAIStudio","The fastest path from prompt to production with Gemini","50","69491","2","102","23","","It's time to build","https://ai.studio/build","false","false","Business","false","true","2024-01-04 22:58:26","https://x.com/GoogleAIStudio","https://pbs.twimg.com/profile_images/1957558782067896323/6jXpPKD4_400x400.png","https://pbs.twimg.com/profile_banners/1742923424056713217/1753024915"
"3233484298","Year Progress","year_progress","The only progress bar you'd rather see go slower (or faster?)","1243","694878","4","130","383","","UTC","https://yearsprogress.com/","false","true","","false","true","2015-05-04 21:35:27","https://x.com/year_progress","https://pbs.twimg.com/profile_images/1875327937236312064/PZmuX8ZT_400x400.jpg","https://pbs.twimg.com/profile_banners/3233484298/1568150628"
"1660598418409127937","GitHubDaily","GitHub_Daily","💡 挖掘开源的价值
🧑🏻‍💻 坚持分享 GitHub 上高质量、有趣、实用的教程、AI工具、前沿 AI 技术
🧐 A list cool, interesting projects of GitHub.
✏️ 公众号：GitHubDaily","1545","54240","136","33","1526","","","https://github.com/GitHubDaily/GitHubDaily","false","true","","false","true","2023-05-22 18:48:49","https://x.com/GitHub_Daily","https://pbs.twimg.com/profile_images/1660876795347111937/EIo6fIr4_400x400.jpg","https://pbs.twimg.com/profile_banners/1660598418409127937/1684818863"
"798478","scavin","scavin","小众软件作者，私信开放","33989","187984","1769","256","2756","","","http://www.appinn.com","false","false","","false","false","2007-02-28 00:14:40","https://x.com/scavin","https://pbs.twimg.com/profile_images/555221394741407744/WQ885j8m_400x400.png","https://pbs.twimg.com/profile_banners/798478/1493911105"
"282522910","𝙋𝙖𝙨𝙨𝙡𝙪𝙤","passluo","在所有文化中，对地狱的描述都是重复。","26892","54448","1546","37795","2198","","","","false","true","","false","true","2011-04-15 19:10:43","https://x.com/passluo","https://pbs.twimg.com/profile_images/1597030973161422848/JrgJ5kiR_400x400.jpg","https://pbs.twimg.com/profile_banners/282522910/1631544376"
"127416347","電磁彈射快樂小狗🐩","zippedzoo","🎄主人的快樂小狗。皮一下最開心！！有容｜有財｜會榨汁會發電🩵","8323","581","484","13644","399","移动应用程序","earth","","false","false","","false","true","2010-03-29 11:54:56","https://x.com/zippedzoo","https://pbs.twimg.com/profile_images/1971083570388271107/ezjRKxVa_400x400.jpg","https://pbs.twimg.com/profile_banners/127416347/1728501239"
"17861157","言小瓷","onlyswan","只有快感和罪孽滔天","20951","62866","2091","18534","873","社交媒体影响者","earth","","false","false","","false","true","2008-12-04 13:31:32","https://x.com/onlyswan","https://pbs.twimg.com/profile_images/1973578075637227520/ntT5qiDO_400x400.jpg","https://pbs.twimg.com/profile_banners/17861157/1716443567"
"1741305134838394880","マキ","mxcnmaa","人生を記録するのが好きです。日常生活を共有しましょう
私は普段アニメを見るのが好きです。 🥰
ガンダムの模型。旅行。グルメな食べ物。 ✈️
時々釣りに行くのも好きです。 🐟
新しい友達を作るのが好きです。","75","676","612","67","45","","Taiwan","","false","true","","false","false","2023-12-31 11:48:14","https://x.com/mxcnmaa","https://pbs.twimg.com/profile_images/1904753131629797377/16GbrGq-_400x400.jpg","https://pbs.twimg.com/profile_banners/1741305134838394880/1742963518"
"1212617657003859968","滝沢ガレソ","tkzwgrs","Twitterの“今”がわかる！話題の事件などを1ツイートでわかりやすくまとめます。タバコ休憩にちょうどいいアカウントを目指しています。タレコミやお仕事のご依頼はDMまで。
専属フェミニズムアドバイザー:  @minorit403 避難垢:@subgare3 削除要請はgrsakujo@Gメールドットコムまで","44020","2963771","3940","12819","13262","","","","false","true","","false","true","2020-01-02 14:12:41","https://x.com/tkzwgrs","https://pbs.twimg.com/profile_images/1908133544586817536/nmB3e5q3_400x400.png","https://pbs.twimg.com/profile_banners/1212617657003859968/1743769848"
"2974311683","Smart Air","SmartAirFilters","Smart Air HQ. A social enterprise & B Corp. Clean air made simple and effective.","16207","8217","1558","17182","6307","医疗和保健","Global","https://smartairfilters.com/","false","false","","false","true","2015-01-12 16:15:56","https://x.com/SmartAirFilters","https://pbs.twimg.com/profile_images/1936355402871894016/tG3GAcRl_400x400.jpg","https://pbs.twimg.com/profile_banners/2974311683/1750680620"
"1141738094485315584","Rainier","mtrainier2020","Cogito, ergo sum","11566","138424","999","6746","2322","科技","Seattle","","false","true","","false","true","2019-06-21 00:02:28","https://x.com/mtrainier2020","https://pbs.twimg.com/profile_images/1904800624769982465/iRK-BnOh_400x400.jpg","https://pbs.twimg.com/profile_banners/1141738094485315584/1614971352"
"14046502","Luyu Zhang","goocarlos","CEO&Founder of @dify_ai","2768","20863","883","2579","459","","San Jose, CA","","false","true","","false","true","2008-02-27 12:22:21","https://x.com/goocarlos","https://pbs.twimg.com/profile_images/1904818806780039168/nOwgrMVE_400x400.jpg","https://pbs.twimg.com/profile_banners/14046502/1672642535"
"1193795842005594115","mikito","mikito330","「Difyで作るAIエージェント開発 入門講座」Udemy講師 / 元搭乗系(空港システム)開発者 / 元沖縄県民 /開発, 講演, 出版のご依頼はDMまで。Speak in 🇯🇵🇺🇸🇨🇳","19814","3008","2014","34614","3561","","","https://note.com/mikito330","false","true","","false","false","2019-11-11 15:41:34","https://x.com/mikito330","https://pbs.twimg.com/profile_images/1921991882281717760/Fj26BJDN_400x400.jpg",""
"296593919","Viking","vikingmute","独立开发者 自由职业
作品 - 简单简历 https://t.co/xMu5JFIGnr 五分钟打造程序员的金牌简历

课程 - 慕课网精英讲师 https://t.co/NTyFFrvHwL

经历 - 不上班的1000天 https://t.co/bonuLQCCsY

视频 - https://t.co/aQYLgujIyC","2585","59816","280","737","1283","","Shanghai","http://vikingz.me","false","true","","false","true","2011-05-11 10:08:52","https://x.com/vikingmute","https://pbs.twimg.com/profile_images/725179208528322560/TPjU7qop_400x400.jpg","https://pbs.twimg.com/profile_banners/296593919/1461731223"
"115897222","yan5xu","yan5xu","🤖 AI 野生研究员 | ex @ManusAI_HQ & @hey_im_monica
推特内容仅代表个人观点，和公司无关","2026","7062","357","1437","129","科技","✈️wuhan","","false","true","","false","true","2010-02-20 18:32:45","https://x.com/yan5xu","https://pbs.twimg.com/profile_images/1818445093218430976/2Pvxg6Vf_400x400.jpg","https://pbs.twimg.com/profile_banners/115897222/1480174486"
"1379817817416028166","Tom Zhang","tom_jiahao","complex robotics @DaxoRobotics","456","4954","1133","1313","52","","Austin, TX","http://daxo-robotics.com","false","true","","false","true","2021-04-07 23:26:30","https://x.com/tom_jiahao","https://pbs.twimg.com/profile_images/1941215331944374272/9Np5nDAy_400x400.jpg","https://pbs.twimg.com/profile_banners/1379817817416028166/1753297603"
"1940667632723869696","Daxo Robotics","DaxoRobotics","Must we robots be understood?
Check out more contents at @tom_jiahao","13","1505","0","25","0","","","","false","false","","false","false","2025-07-03 15:03:21","https://x.com/DaxoRobotics","https://pbs.twimg.com/profile_images/1940668085666492416/Sq4WD35O_400x400.jpg","https://pbs.twimg.com/profile_banners/1940667632723869696/1751972693"
"56505125","Chrome","googlechrome","The official X account for the Google Chrome browser.","181357","6774784","83","1681","693","","Mountain View, California","http://chrome.com","false","true","Business","false","true","2009-07-14 05:51:56","https://x.com/googlechrome","https://pbs.twimg.com/profile_images/1605280848089169920/IuDGmUk__400x400.png","https://pbs.twimg.com/profile_banners/56505125/1758301053"
"1652464041359732736","Roche(ろしゅ)","flzroche","Microsoft Certified Professional / Composer, Arranger and Guitarist / UKRock, Blues, Jazz / INFP-T /  #猫 #ADHD #DELTAFORCE ※学生で個人事業主です(学割嬉しい) / 手帳2級なのに年金出ていない何故","4368","182","289","1512","174","科技","Japan","https://deltheta.me","false","false","","false","false","2023-04-30 08:05:12","https://x.com/flzroche","https://pbs.twimg.com/profile_images/1882610300186411008/PtWsxC4j_400x400.png","https://pbs.twimg.com/profile_banners/1652464041359732736/1745230915"
"1376179255072161793","CoffeeVectors","CoffeeVectors","AI Filmmaker & Digital Artist","28350","39699","1218","58117","968","艺术家","","https://linktr.ee/coffeevectors","false","true","","false","true","2021-03-28 22:28:03","https://x.com/CoffeeVectors","https://pbs.twimg.com/profile_images/1377052500096864256/QbDSLEJ1_400x400.jpg",""
"4685749051","Progress Bar 2025","ProgressBar202_","Dividing the year into 100 pieces.","997","1438599","1","72","997","","UTC +0 / GMT","","false","true","","false","false","2016-01-01 07:06:47","https://x.com/ProgressBar202_","https://pbs.twimg.com/profile_images/1874247119357218816/wACy4cdi_400x400.png","https://pbs.twimg.com/profile_banners/4685749051/1735690311"
"345437084","徹言","iamcheyan","程序员・作家・编剧  / 東京都在住 🗼","14702","42283","7571","100636","2619","","東京 墨田区","http://iamcheyan.com","false","true","","false","true","2011-07-31 00:05:20","https://x.com/iamcheyan","https://pbs.twimg.com/profile_images/1752946036358909952/o_vVoTim_400x400.jpg","https://pbs.twimg.com/profile_banners/345437084/1714718985"
"168139512","Geek","geekbb","🧠在家居士 | 🥦素食者 | 🏃🏻马拉松爱好者 | 💰省钱小能手 | 搭🪜技术资深学者 | 👨‍💻科技宅 | 🆕更新狂 | 🆅 六边型战五渣","23782","99742","393","16501","6153","科技","火星","https://www.igeekbb.com","false","false","","false","true","2010-07-18 22:10:39","https://x.com/geekbb","https://pbs.twimg.com/profile_images/1644898947272671233/7959WGOK_400x400.jpg","https://pbs.twimg.com/profile_banners/168139512/1689476157"
"1296847058586890241","汗青 HQ","hq4ai","AIGC | Arts | AI-IP creation | Virtual Idols | AI Interactive Storytelling | Japan | https://t.co/aiF6whMY1j | https://t.co/4bDfMXETFT |","1898","33157","585","3014","599","科技","Tokyo-to, Japan","http://youtube.com/@AITalk4","false","true","","false","true","2020-08-22 00:30:17","https://x.com/hq4ai","https://pbs.twimg.com/profile_images/1934920592987496448/Rdeuz225_400x400.jpg","https://pbs.twimg.com/profile_banners/1296847058586890241/1758645464"
"3150623335","面包🍞","himself_65","Grok: this account is an incredibly high signal hypermedia-authority with thousands of dedicated fans & blistering momentum.","15487","57252","225","102997","1285","","California, USA","https://github.com/himself65","false","true","","false","true","2015-04-12 08:07:21","https://x.com/himself_65","https://pbs.twimg.com/profile_images/1883626401947136000/k8x5k3f8_400x400.jpg",""
"1269723924","Precision Planting","PrecisionPlant","For farmers who Believe in Better™.","4273","35544","3051","11603","1076","农业服务","Tremont, IL","http://www.precisionplanting.com/","false","false","","false","false","2013-03-15 21:33:18","https://x.com/PrecisionPlant","https://pbs.twimg.com/profile_images/1777360339635482624/pSQlCEsn_400x400.jpg","https://pbs.twimg.com/profile_banners/1269723924/1738352635"
"1346257094157058049","Carbon Robotics","carbon_robotics","Carbon Robotics™, a leader in AI powered robotics, builds innovative agricultural tools that empower farmers to operate more efficiently.","621","4856","230","534","336","科技","Seattle","https://carbonrobotics.com/","false","true","Business","false","false","2021-01-05 08:48:06","https://x.com/carbon_robotics","https://pbs.twimg.com/profile_images/1888814408484421632/m9g6AJM3_400x400.jpg","https://pbs.twimg.com/profile_banners/1346257094157058049/1739163448"
"92597440","NVIDIA Robotics","NVIDIARobotics","NVIDIA Robotics inspires visionaries and developers to create the next generation of AI-driven robots and explore the world of physical AI.","8195","120466","376","3393","2720","","Santa Clara, CA","https://www.nvidia.com/en-us/industries/robotics/","false","true","Business","false","false","2009-11-26 03:51:02","https://x.com/NVIDIARobotics","https://pbs.twimg.com/profile_images/1864439831335718915/WJ2VocNK_400x400.jpg","https://pbs.twimg.com/profile_banners/92597440/1711406555"
"1376207543261753347","dt🇺🇦","datoucc","Software Engineer","4596","983","247","4027","236","","日本 東京","http://kinjo.tech","false","false","","true","true","2021-03-29 00:20:30","https://x.com/datoucc","https://pbs.twimg.com/profile_images/1745432348878082048/6lwHzy8i_400x400.jpg","https://pbs.twimg.com/profile_banners/1376207543261753347/1616950797"
"27219828","wong2","wong2333333","My zero users are gonna love this","4321","17281","3427","17432","877","科技","","","false","true","","true","true","2009-03-28 20:28:17","https://x.com/wong2333333","https://pbs.twimg.com/profile_images/1674463328264134657/IySD9Y3X_400x400.jpg","https://pbs.twimg.com/profile_banners/27219828/1744896948"
"1879280309608554496","Cherry Studio","CherryStudioHQ","Cherry Studio is an open-source tool integrating 40+ LLM providers, offering enhanced chats, knowledge bases, full MCP support, and a simple UI. Try it !","142","2215","419","1","39","","","https://github.com/CherryHQ/cherry-studio","false","false","","false","true","2025-01-15 05:32:12","https://x.com/CherryStudioHQ","https://pbs.twimg.com/profile_images/1879283934070259712/yGCEkFwh_400x400.jpg",""
"809461895161790464","Majin Bu","MajinBuOfficial","✍️ Creator 🔍 Researcher  ✈️ Traveler  📸 Photographer 🍽️ Food 🤸‍♂️🏋️‍♂️🚵‍♀️🏃‍♂️🥋Athlete","6079","82878","660","56247","2257","","The World","http://majinbuofficial.com","false","false","","false","true","2016-12-16 02:15:29","https://x.com/MajinBuOfficial","https://pbs.twimg.com/profile_images/1874414534170976256/vCs_qzku_400x400.jpg","https://pbs.twimg.com/profile_banners/809461895161790464/1726320863"
"751545566778171392","Cerebras","cerebras","The world's fastest AI inference and training.
Try the latest open models at: https://t.co/jREGhLI2nj","2411","36935","257","1589","1039","科技","Sunnyvale, CA","https://www.cerebras.ai/","false","true","Business","false","true","2016-07-09 06:36:41","https://x.com/cerebras","https://pbs.twimg.com/profile_images/1894806880804913152/zLdh072p_400x400.jpg","https://pbs.twimg.com/profile_banners/751545566778171392/1747945971"
"1125563709533741062","熊五郎お兄さん (ジャンク修理YouTuber)","DIY20414383","自作PC関連、ジャンク品修理のYouTube動画を配信してます。修理受付はしてないよ！
ストリートジャンカー協会所属
お兄さんの工具紹介 https://t.co/hQM9S6nM04","7893","32566","36","679","1449","废物管理公司","アマゾンリンクはAmazon.co.jpアソシエイトです","https://www.youtube.com/channel/UCsOQ8NbS2hCLNb2j6YYJRwA/","false","true","","false","false","2019-05-07 08:51:15","https://x.com/DIY20414383","https://pbs.twimg.com/profile_images/1280496997573812224/64wcxoQ8_400x400.jpg","https://pbs.twimg.com/profile_banners/1125563709533741062/1593064414"
"2918253823","Alex_tu","York_0831","AI牛皮撕裂者","7762","552","85","910","428","","东京","","false","false","","false","false","2014-12-04 13:45:56","https://x.com/York_0831","https://pbs.twimg.com/profile_images/977923047700160512/IRQD6wgS_400x400.jpg",""
"3007509396","酱紫表","pengchujin","ⓘ 该账号已封禁","2828","55826","615","1799","849","科技","","","false","true","","false","false","2015-02-02 13:01:41","https://x.com/pengchujin","https://pbs.twimg.com/profile_images/1772530812078239744/aPK5wde3_400x400.jpg","https://pbs.twimg.com/profile_banners/3007509396/1500561525"
"3140679366","rare.jpg","rare_jpg","the internet.","3158","272883","7","3722","2940","","🌐","","false","true","","false","true","2015-04-06 04:50:17","https://x.com/rare_jpg","https://pbs.twimg.com/profile_images/1854365475003920384/mbml_UNx_400x400.jpg","https://pbs.twimg.com/profile_banners/3140679366/1749092146"
"1753339277386342400","Qwen","Alibaba_Qwen","Open foundation models for AGI.","590","123679","4","295","311","","","https://qwen.ai/","false","true","Business","false","false","2024-02-02 16:47:32","https://x.com/Alibaba_Qwen","https://pbs.twimg.com/profile_images/1894073235379273728/0ROUmdkE_400x400.jpg","https://pbs.twimg.com/profile_banners/1753339277386342400/1731637054"
"1599587232175849472","Perplexity","perplexity_ai","Curiosity changes everything. Download our free app on iOS, Mac, Windows, and Android: https://t.co/BBZ1kG0TVG","900","362545","66","12224","440","技术公司","San Francisco, CA","http://perplexity.ai/comet","false","true","Business","false","false","2022-12-05 10:12:13","https://x.com/perplexity_ai","https://pbs.twimg.com/profile_images/1886515713537413120/kj5NsIXW_400x400.jpg","https://pbs.twimg.com/profile_banners/1599587232175849472/1752038855"
"4398626122","OpenAI","OpenAI","OpenAI’s mission is to ensure that artificial general intelligence benefits all of humanity. We’re hiring: https://t.co/dJGr6Lg202","1509","4504555","4","1221","448","","","https://openai.com","false","true","Business","false","false","2015-12-07 06:51:08","https://x.com/OpenAI","https://pbs.twimg.com/profile_images/1885410181409820672/ztsaR0JW_400x400.jpg","https://pbs.twimg.com/profile_banners/4398626122/1759076948"
"24124203","Baye","waylybaye","一个自由的程序员，以卖 App 为生。边全球旅居边创作产品。作品：熊猫吃短信、DAMA、ServerCat、OpenCat，Miley。","14497","154656","508","21567","754","","中华人民共和国","","false","true","","false","true","2009-03-13 12:05:00","https://x.com/waylybaye","https://pbs.twimg.com/profile_images/1807439424009175040/F2mBMzcN_400x400.jpg",""
"1602443956888817665","Figure","Figure_robot","Figure is an AI Robotics company building the world's first commercially viable autonomous humanoid robot.","141","161986","1","10","50","机器人公司","","http://figure.ai","false","false","Business","false","false","2022-12-13 07:23:17","https://x.com/Figure_robot","https://pbs.twimg.com/profile_images/1976273310431444992/k9xGabdN_400x400.jpg","https://pbs.twimg.com/profile_banners/1602443956888817665/1760015250"
"1616163256413863943","Tesla Optimus","Tesla_Optimus","A general purpose, bi-pedal, humanoid robot capable of performing tasks that are unsafe, repetitive or boring.","166","600773","11","20","38","","","https://www.tesla.com/careers/search/?site=US&query=optimus","false","true","Business","false","false","2023-01-20 04:00:18","https://x.com/Tesla_Optimus","https://pbs.twimg.com/profile_images/1912258453352972288/EIr76aRp_400x400.jpg","https://pbs.twimg.com/profile_banners/1616163256413863943/1674177214"
"1285791625344462848","runjuu","runjuuu","","19","2195","551","5386","2","","","","false","false","","false","true","2020-07-22 12:20:08","https://x.com/runjuuu","https://pbs.twimg.com/profile_images/1285794171890970625/jBff1tu4_400x400.jpg","https://pbs.twimg.com/profile_banners/1285791625344462848/1682729815"
"1723331","indigo","indigo11","Co-founder of https://t.co/WosXbyLukR / Partner of Brilliant Phoenix / ex-Weibo. Investor, Writer, Coder, Gamer & Amateur Cook. e/acc, 𝕏 is my notebook …","8352","45631","1033","14193","2727","","Canada","http://indigox.me","false","true","","false","true","2007-03-21 16:10:31","https://x.com/indigo11","https://pbs.twimg.com/profile_images/1521250220067098624/ZhlFfRWZ_400x400.png","https://pbs.twimg.com/profile_banners/1723331/1631392155"
"297811887","曹山石","caolei1","","3384","392803","73","0","2881","","","","false","false","","false","true","2011-05-13 12:45:41","https://x.com/caolei1","https://pbs.twimg.com/profile_images/1003306687636426758/KYC1Ic27_400x400.jpg","https://pbs.twimg.com/profile_banners/297811887/1528038341"
"717142471","Jerlin","eviljer","一人团队，自由创造。

聚焦：AI 玩法分享 ｜ 数据分析和可视化
产品：https://t.co/YkgdVIukIl —— 一拍一问，生活秒变英语课
作品集：https://t.co/YTtlIGTtLK","3830","9588","605","7968","1192","科技","China","","false","true","","false","true","2012-07-26 09:32:13","https://x.com/eviljer","https://pbs.twimg.com/profile_images/1957790663392874496/GK-LP0CR_400x400.jpg","https://pbs.twimg.com/profile_banners/717142471/1743019405"
"1801159049058402304","Dify Japan","DifyJapan","オープンソースのLLMアプリ開発プラットフォーム。 
GitHub：https://t.co/IW8O1q4RTv 
Discord：https://t.co/HiWfLe1zho
LINE：https://t.co/vLKDinOa5p","598","8310","44","628","143","","Japan","https://dify.ai/jp","false","true","","false","false","2024-06-13 15:46:07","https://x.com/DifyJapan","https://pbs.twimg.com/profile_images/1982698862151159808/R9MBYh6i_400x400.jpg","https://pbs.twimg.com/profile_banners/1801159049058402304/1761547222"
"1840853370544013312","JetKVM","JetKvm","Control any computer remotely - Pre-order today for $69","82","2541","99","493","11","科技","","https://www.kickstarter.com/projects/jetkvm/jetkvm","false","true","","false","false","2024-10-01 04:37:22","https://x.com/JetKvm","https://pbs.twimg.com/profile_images/1840853775621173249/I8zR0Fjz_400x400.png","https://pbs.twimg.com/profile_banners/1840853370544013312/1727728963"
"759894532649545732","Aravind Srinivas","AravSrinivas","CEO @perplexity_ai","8135","323030","1265","32756","1607","","SF","https://os.ai","false","true","","false","true","2016-08-01 07:32:29","https://x.com/AravSrinivas","https://pbs.twimg.com/profile_images/1977794342241845248/3m4UG_I9_400x400.jpg","https://pbs.twimg.com/profile_banners/759894532649545732/1759251270"
"1700750106478395392","Toby Kim","_doyeob_","Building Nari Labs.","41","6087","220","132","6","","San Francisco","https://github.com/nari-labs/","false","false","","false","true","2023-09-10 13:56:53","https://x.com/_doyeob_","https://pbs.twimg.com/profile_images/1914459120113213441/lsc4Wxnn_400x400.jpg","https://pbs.twimg.com/profile_banners/1700750106478395392/1745277599"
"1764818331822182400","小互","imxiaohu","学AI找小互，找小互，上 https://t.co/4PVaHEr5r3 ...

小互AI日报 社群：https://t.co/LIEXfWUHv1","7769","76143","1498","1884","4882","","Mars","http://xiaohu.ai","false","true","","false","true","2024-03-05 09:01:23","https://x.com/imxiaohu","https://pbs.twimg.com/profile_images/1765404718959095808/BX7VN1hS_400x400.jpg","https://pbs.twimg.com/profile_banners/1764818331822182400/1717126346"
"1458616645078126597","会話","bad_texter","Communication Breakdown. https://t.co/3UJXIWkMqD  お問合せ:communication.breakdown.japan@gmail.com","7643","476029","30","3940","7237","社区","","","false","true","","false","true","2021-11-11 10:04:51","https://x.com/bad_texter","https://pbs.twimg.com/profile_images/1458619463805595648/m1Gx3UUI_400x400.jpg","https://pbs.twimg.com/profile_banners/1458616645078126597/1636596955"
"95596004","clowwindy","clowwindy","","954","43651","289","3064","48","","","","false","false","","true","false","2009-12-09 14:57:01","https://x.com/clowwindy","https://pbs.twimg.com/profile_images/1911849010668662784/HrdopKK3_400x400.jpg",""
"1669276256","歸藏(guizang.ai)","op7418","关注人工智能、LLM 、 AI 图像视频和设计（Interested in AI, LLM, Stable Diffusion, and design）

AIGC 周刊主理人｜公众号：歸藏的AI工具箱","21140","105676","1218","36592","7252","","","https://www.guizang.ai/","false","true","","false","true","2013-08-14 10:18:36","https://x.com/op7418","https://pbs.twimg.com/profile_images/1636981205504786434/xDl77JIw_400x400.jpg","https://pbs.twimg.com/profile_banners/1669276256/1706450781"
"3178231","宝玉","dotey","Prompt Engineer, dedicated to learning and disseminating knowledge about AI, software engineering, and engineering management.","27068","144743","1452","38057","4696","","Chicago, IL","https://baoyu.io","false","true","","false","true","2007-04-02 11:42:14","https://x.com/dotey","https://pbs.twimg.com/profile_images/561086911561736192/6_g58vEs_400x400.jpeg",""
"205579731","TOEIC","TOEIC_japan","日本で #TOEIC Programを実施・運営する（一財）国際ビジネスコミュニケーション協会の公式アカウントです🔤
テストの申込案内や英語クイズなど、皆さんの学習に役立つ・英語をもっと好きになるような情報を発信しています📖
（テストに向けて頑張っている方を見つけた際は、いいねやリツイートをさせていただきます！）","37365","179237","7","1332","5138","","東京都千代田区","http://www.iibc-global.org/toeic.html","false","false","Business","false","false","2010-10-21 13:19:45","https://x.com/TOEIC_japan","https://pbs.twimg.com/profile_images/1854698049987284992/hnuF1fFP_400x400.jpg",""
