﻿"User ID","Name","Username","Bio","Tweets Count","Followers Count","Following Count","Favourites Count","Media Count","Professional","Location","Website","Verified","Is Blue Verified","Verified Type","Protected","Can DM","Created At","Profile URL","Avatar URL","Profile Banner URL"
"26654586","M.","wlzh","🎯AI玩家","5117","8418","268","7989","1045","","VX&TG：+gxjdian","https://t.me/tgmShare","false","true","","false","true","2009-03-26 09:31:32","https://x.com/wlzh","https://pbs.twimg.com/profile_images/1971564093330100224/LUdVXeKz_400x400.jpg","https://pbs.twimg.com/profile_banners/26654586/1755613642"
"1597294270226092042","素人极客-Amateur Geek","changli71829684","360集团-纳米AI提示词工程顾问。
文科人，原创500+提示词工程。
独家20条黄金AI交互法则，
用AI对传统任务，狂抽猛送三千下。
我正在做的事：复刻那些底层内核强大的人。
AI课：AI捏人大法，重塑灵魂底价。","7139","5426","563","5279","437","教育","合作微：surenjike0123","","false","true","","false","true","2022-11-29 02:20:26","https://x.com/changli71829684","https://pbs.twimg.com/profile_images/1600900605668491269/mqTJl9NA_400x400.jpg","https://pbs.twimg.com/profile_banners/1597294270226092042/1669881223"
"1490631","Fenng","Fenng","你所看到的都不是真实的。","46116","218511","5696","51847","1906","科技","Singapore","https://nocode.com","false","true","","false","true","2007-03-19 19:04:33","https://x.com/Fenng","https://pbs.twimg.com/profile_images/1899444791106007040/kWQcEPwH_400x400.jpg","https://pbs.twimg.com/profile_banners/1490631/1646896675"
"1311164186001461248","axtrur","axtrur","fullstack engineer of Tencent，web3  and AI buildler","843","2042","1515","1993","192","","","","false","true","","false","true","2020-09-30 12:41:24","https://x.com/axtrur","https://pbs.twimg.com/profile_images/1879481575509004288/VhQcJXbm_400x400.png","https://pbs.twimg.com/profile_banners/1311164186001461248/1736938233"
"885086674828578816","Mr Panda","PandaTalk8","Solo Developer ｜ Growth Coach｜Helping creators build their personal brand on X  
公众号：PandaTalk8","20170","56296","6663","57108","1219","教育","","https://xgrowth.xlearnity.ai/","false","true","","false","true","2017-07-12 18:41:22","https://x.com/PandaTalk8","https://pbs.twimg.com/profile_images/1738715996737933312/QHUuRDK1_400x400.jpg","https://pbs.twimg.com/profile_banners/885086674828578816/1760969154"
"4317347833","Sanster","sfjccz","My iOS app: https://t.co/I083f7ISXw","3795","2243","2193","12949","555","","Shanghai","","false","true","","false","true","2015-11-22 08:10:08","https://x.com/sfjccz","https://pbs.twimg.com/profile_images/1517156407803785216/CrfOIpn5_400x400.jpg","https://pbs.twimg.com/profile_banners/4317347833/1650553250"
"1527649679227355138","Javi Lopez ⛩️","javilopen","Generative AI tutorials, news & crazy creations.

Founder @Magnific_AI (acq. by @freepik). Mystic designer.

🎬 YouTube: https://t.co/Wy91d2BwQh","28976","122118","1929","43291","7024","","Latent Space","https://javilopen.substack.com/","false","true","","false","true","2022-05-20 21:58:04","https://x.com/javilopen","https://pbs.twimg.com/profile_images/1605649531961544725/l20w6Rbg_400x400.jpg","https://pbs.twimg.com/profile_banners/1527649679227355138/1675336591"
"2445001998","冰河","binghe_sun","🎉 爱技术，爱赚钱，爱分享！

🐬 分享 赚钱项目 ｜打破信息壁垒 ｜副业避坑

🌻 能拆解的赚钱项目才有意义

🪐 知识星球社群/公众号：“钱来有道” 

🌌 小宇宙 |Podcasts |QQ音乐  播客 “钱来有道”

🎀 搞钱训练营  https://t.co/58qRl0IBTf","3249","24721","164","355","547","","","http://qianlai.flowus.cn","false","true","","false","true","2014-04-15 14:33:45","https://x.com/binghe_sun","https://pbs.twimg.com/profile_images/1967594037571121152/jS1dH7FJ_400x400.jpg","https://pbs.twimg.com/profile_banners/2445001998/1710989203"
"1965832077758095360","自由李亿freeliyi","freeliyi","长居欧洲写代码｜靠写作为生多年
公开记录每日尝试与进步
创业、投资、学语言、自我成长
目标是通过输出积累专长
希望自己积极快乐活在当下
快乐事业=退休（x，yt）
和自己的全能自恋相处中｜复利追求者
探索自由和搞钱","2094","14023","275","1941","117","","","http://www.youtube.com/@freeliyi","false","true","","false","false","2025-09-11 01:38:04","https://x.com/freeliyi","https://pbs.twimg.com/profile_images/1968787922926125056/bbPLoTRN_400x400.jpg",""
"1302118861995536387","Panda","Jiaxi_Cui","Video AI","2242","15648","851","2542","386","","BeiJing","https://scholar.google.com/citations?user=QRV7CjgAAAAJ","false","true","","false","true","2020-09-05 13:38:34","https://x.com/Jiaxi_Cui","https://pbs.twimg.com/profile_images/1677124881144770560/W6zZ-Zux_400x400.jpg","https://pbs.twimg.com/profile_banners/1302118861995536387/1758038923"
"1071224721046261760","karminski-牙医","karminski3","A coder, road bike rider, server fortune teller, electronic waste collector, co-founder of KCORES, ex-director at IllaSoft, KingsoftOffice, Juejin.","4009","29575","1433","2023","2188","","Asia/Beijing","https://kcores.com","false","true","","false","true","2018-12-08 10:07:30","https://x.com/karminski3","https://pbs.twimg.com/profile_images/1071225168360427520/2tY0hY6b_400x400.jpg","https://pbs.twimg.com/profile_banners/1071224721046261760/1736987799"
"15344831","Larry & Leo Bro - Eagle of Full Stack","xqliu","Building nofx https://t.co/9rRuFS9wTk TG xqliu, aster 交易所注册 https://t.co/COycpGrsxh","11808","11419","2550","11471","690","","","","false","true","","false","true","2008-07-08 02:29:17","https://x.com/xqliu","https://pbs.twimg.com/profile_images/1722439920680349696/inSddMkh_400x400.jpg","https://pbs.twimg.com/profile_banners/15344831/1711041030"
"1930281921810182147","林悦己Cheer","cheerselflin","🎬AI influencers｜@evolinkai CMO💰Vibe coding 💻 building my career｜ 🚢 follow me to learn & use AI","1490","4644","304","317","314","","","http://cheerselfai.com","false","true","","false","false","2025-06-04 23:14:22","https://x.com/cheerselflin","https://pbs.twimg.com/profile_images/1977898892969848833/jOBliiC5_400x400.jpg","https://pbs.twimg.com/profile_banners/1930281921810182147/1749050166"
"1639460977510092803","极客杰尼","seekjourney","老实憨厚的技术人｜AI出海实战派：https://t.co/dLMTi0TT4n ｜公众号：极客杰尼  ｜编程之道：https://t.co/TRfntMpEIK｜公众号排版器：https://t.co/Nbya0npukd","2361","4534","777","3385","535","","","https://www.geekjourney.dev","false","true","","false","false","2023-03-25 10:55:48","https://x.com/seekjourney","https://pbs.twimg.com/profile_images/1969069943766536192/opyw1L1U_400x400.jpg","https://pbs.twimg.com/profile_banners/1639460977510092803/1759826188"
"1613921100731387906","子木聊 AI 出海","CoderJeffLee","AI 增长黑客，前全干码农 
我是子木，万千世界，飘过的我是竹叶般... 在这里聊聊 AI 和出海增长相关，恰好你喜欢，谢谢 ～

 🛰 oqqsmile（请备注）","1248","3922","727","1028","386","铁匠","Singapore","https://bysocket.com/","false","true","","false","true","2023-01-13 23:29:17","https://x.com/CoderJeffLee","https://pbs.twimg.com/profile_images/1950258022795923461/hpoP6Mbk_400x400.jpg","https://pbs.twimg.com/profile_banners/1613921100731387906/1691514135"
"636513296","Nikita Bier","nikitabier","head of product @x, advisor @solana, venture partner @lightspeedvp, ex-founder @gasappteam (acq by discord), ex-founder @thetbhapp (acq by facebook)","9955","668812","2010","36106","1286","","Palo Alto","","false","true","","false","false","2012-07-16 06:44:07","https://x.com/nikitabier","https://pbs.twimg.com/profile_images/1755448801957945344/Fh2HNw5Y_400x400.jpg","https://pbs.twimg.com/profile_banners/636513296/1745004612"
"1554325830708314112","droidHZ","hezhiyan7","嗨，这里是赫兹，网站出海生意人 ，公开记录网站开发每一步！","1153","2908","304","985","102","","","http://droidhz.com","false","true","","false","false","2022-08-02 12:39:09","https://x.com/hezhiyan7","https://pbs.twimg.com/profile_images/1942385394554728448/b9FlYTW2_400x400.jpg","https://pbs.twimg.com/profile_banners/1554325830708314112/1757243110"
"1474067654","李继刚","lijigang_com","Reader.  Thinker.  Prompter.","631","30236","32","236","86","","","","false","true","","false","false","2013-06-01 15:32:24","https://x.com/lijigang_com","https://pbs.twimg.com/profile_images/599778700943446016/N-a6Jbep_400x400.jpg","https://pbs.twimg.com/profile_banners/1474067654/1750226514"
"1255471267198783495","Yating Zhao","yatingzhao_ux","Design, Product | Founder @BrewpotDesign, a solo design agency | Plans and pricing: https://t.co/rTGD5JIsNd | DM for collabs","503","8962","3900","1209","166","产品设计师","Los Angeles, CA","https://cal.com/yating-zhao/15min","false","true","","false","true","2020-04-29 20:17:38","https://x.com/yatingzhao_ux","https://pbs.twimg.com/profile_images/1805131800106385408/X_1s5Zr3_400x400.jpg","https://pbs.twimg.com/profile_banners/1255471267198783495/1719212025"
"1602939289532502016","翼小旭Sunny Zou","zouxulucky","效率工具PM｜10+年软件出海 & 商业化经验｜动手党，偶尔手搓小工具 记录产品思考 & 出海实战","1632","2385","336","1238","64","","","http://zouxu.fun","false","true","","false","false","2022-12-14 16:11:57","https://x.com/zouxulucky","https://pbs.twimg.com/profile_images/1970297019656011777/zAIB1kLc_400x400.jpg","https://pbs.twimg.com/profile_banners/1602939289532502016/1758118655"
"720332644521807872","阿西_出海（2.0版）","imaxichuhai","🚀 关注AI、LLM、MCP、AI图像视频 (Interested in AI,LLM,MCP,Stable Diffusion) 💡 推特增长手册：https://t.co/ObLlRqWsJp | 商业合作DM | 公众号：阿西-出海","486","4553","119","279","127","","推特运营经验","https://mp.weixin.qq.com/s/I5ROj6UfXu_3-k_aIYe1eQ","false","true","","false","true","2016-04-14 03:27:40","https://x.com/imaxichuhai","https://pbs.twimg.com/profile_images/1971521661326499840/jJeiSVuo_400x400.jpg","https://pbs.twimg.com/profile_banners/720332644521807872/1763005062"
"555634740","Phyrex","Phyrex_Ni","4XLABS 辅导全球Web3项目落地华语市场
只是个搬砖的，偶尔恰饭
不奢求，不浪费
GlassNode 重度使用者
没有群也不收费，所有分析回答均不构成投资建议
近3亿用户共同选择Binance：https://t.co/JukzSnpfwD
Crypto入口OKX就够了：https://t.co/vPOAfIjmpB
做有温度的Bitget：https://t.co/VZ8RxZe5N7","248298","363434","5378","116264","15714","金融服务","DeAgentAI体验官","","false","true","","false","true","2012-04-17 08:56:17","https://x.com/Phyrex_Ni","https://pbs.twimg.com/profile_images/1596374669824696320/MGne6qLH_400x400.jpg","https://pbs.twimg.com/profile_banners/555634740/1747377528"
"981057178214612992","Nooc","noobnooc","独立乞讨者、数字难民、AI 学徒；Webhook、邮件电话提醒 https://t.co/DqZWORlijO / 学英语 https://t.co/M4uyG85O8M","6860","5847","455","6562","1290","木匠","你的心里","https://nooc.me","false","false","","false","true","2018-04-03 14:33:53","https://x.com/noobnooc","https://pbs.twimg.com/profile_images/1597109914907774976/FzMQXAZN_400x400.jpg","https://pbs.twimg.com/profile_banners/981057178214612992/1669615652"
"579701209","小弟调调","jaywcjlove","Programmer, Swift, React, Node.js, and Web development.
https://t.co/cIXVfRkQ5D","3771","8033","664","687","1339","科技","","https://wangchujiang.com/#/app","false","false","","false","true","2012-05-14 16:58:04","https://x.com/jaywcjlove","https://pbs.twimg.com/profile_images/764536725750165504/DFOYV1w3_400x400.jpg","https://pbs.twimg.com/profile_banners/579701209/1728216305"
"618751087","tangjinzhou","tangjinzhou","@mentorbook_ai

Open-source creator (https://t.co/RZwQkvYf58, 21K⭐)

Creator of https://t.co/XaPx3hQDiS  https://t.co/BmCv4BAxxo https://t.co/qHDd127xwr","2089","8314","630","3164","99","","","https://www.mentorbook.ai","false","true","","false","true","2012-06-26 13:03:46","https://x.com/tangjinzhou","https://pbs.twimg.com/profile_images/1952273219903508480/WeOr6NmB_400x400.jpg","https://pbs.twimg.com/profile_banners/618751087/1760516850"
"1788123537099878400","松果先森","songguoxiansen","资深Prompt收藏爱好者，关注AI前沿技术：LLM、AI编程、AI图像、AI视频等等。 
免费提示词（NanoBanana、GPT5、Veo3）：https://t.co/jvdn30IlxD
微信公众号：松果先森，AI交流TG群:https://t.co/sw1SKkjcUq","1485","12686","473","1141","487","","","https://opennana.com","false","true","","false","false","2024-05-08 16:27:56","https://x.com/songguoxiansen","https://pbs.twimg.com/profile_images/1903485147330330624/XiZjvALM_400x400.jpg",""
"16681326","Frank Wang 玉伯","lifesinger","I am curious and honest","4258","15373","893","759","89","","FUTURE","http://youmind.com","false","true","","false","false","2008-10-10 17:36:41","https://x.com/lifesinger","https://pbs.twimg.com/profile_images/1965120373781114880/rLnJ1xpC_400x400.jpg","https://pbs.twimg.com/profile_banners/16681326/1755700256"
"28530405","Andy Stewart","manateelazycat","懒猫微服CEO、前Deepin CTO、不端不装 仗剑走天涯

懒猫微服购买链接 https://t.co/KVqgWHDvJj 

懒猫微服有啥用？https://t.co/SF9p24BuTk","30661","43717","252","15746","3649","企业家","China","https://manateelazycat.github.io","false","true","","false","true","2009-04-03 17:01:38","https://x.com/manateelazycat","https://pbs.twimg.com/profile_images/768239262/HaskellIcon_400x400.jpg",""
"1850452841925861376","小年","XiaoNianTalk","自媒体干货+碎碎念","3413","14264","449","2203","342","教育","V：xiaonianpyq","https://www.xiaohongshu.com/user/profile/5dd6bf6600000000010064a3","false","true","","false","true","2024-10-27 16:22:05","https://x.com/XiaoNianTalk","https://pbs.twimg.com/profile_images/1888771094670151680/OxhjIgQX_400x400.jpg",""
"1392110156452823044","Berryxia.AI","berryxia_ai","🧠✨Building AI tools AI System Prompt 🐳 | Make WinMaxle Keyboard  Not a designer, not a programmer, Love Design & Coding & Prompt！ 
💼📮:Andyhuo@me.com","5501","17358","1809","2469","1234","金融服务","hongkong","https://yw.app/3bD49AG","false","true","","false","true","2021-05-11 21:31:49","https://x.com/berryxia_ai","https://pbs.twimg.com/profile_images/1911247392478789632/JvXU6qyM_400x400.jpg","https://pbs.twimg.com/profile_banners/1392110156452823044/1760658386"
"2815325906","刘小排","bourneliu66","AI产品创业者

Raphael AI - https://t.co/tJOiC33sAI
AnyVoice - https://t.co/MQkmOW2lbu
Fast3D - https://t.co/6m3JO8jJvc","127","11245","81","14","62","","","https://raphael.app/","false","true","","false","false","2014-09-18 01:37:10","https://x.com/bourneliu66","https://pbs.twimg.com/profile_images/1955860656919625728/sCkP_hTF_400x400.png",""
"1504101053461114886","VerySmallWoods","verysmallwoods","知识星球 - https://t.co/FPcr2ISPQ9
作品
- https://t.co/rG9HpMyYpI
- https://t.co/YdvTBeSu75
- https://t.co/tB8SWt6DFS","2663","3962","218","664","1070","科技","","https://www.verysmallwoods.com","false","true","","false","true","2022-03-16 22:23:45","https://x.com/verysmallwoods","https://pbs.twimg.com/profile_images/1600964189731934222/eWMb0-L2_400x400.jpg","https://pbs.twimg.com/profile_banners/1504101053461114886/1723858859"
"237243234","Y11-杨继芸-靠谱找工作、找面试题、改简历、模拟面试","seclink","找工作、找面试题、改简历、模拟面试。关注：
创业（冷启动） ｜ 认知心理学｜智能体 ｜ 强化学习

building：https://t.co/A4YmEz9yqG","9837","25607","337","19191","1634","科技","san francisco","https://www.jobleap.cn/","false","true","","false","true","2011-01-12 20:04:13","https://x.com/seclink","https://pbs.twimg.com/profile_images/1709859553414893568/a_eQ9NYf_400x400.jpg","https://pbs.twimg.com/profile_banners/237243234/1696221251"
"1669276256","歸藏(guizang.ai)","op7418","关注人工智能、LLM 、 AI 图像视频和设计（Interested in AI, LLM, Stable Diffusion, and design）

AIGC 周刊主理人｜公众号：歸藏的AI工具箱","21233","105970","1219","36715","7288","","","https://www.guizang.ai/","false","true","","false","true","2013-08-14 10:18:36","https://x.com/op7418","https://pbs.twimg.com/profile_images/1636981205504786434/xDl77JIw_400x400.jpg","https://pbs.twimg.com/profile_banners/1669276256/1706450781"
"2262723812","ahhhhfs","abskoop","❤️虚假推友🫶🫰😘💕 收集分享各种互联网垃圾｜投稿侵权请私信｜谢谢不接推｜TG频道订阅更新:https://t.co/OmSvNms9yl ｜小号:@ahhhhfs l🔔重复刷无相关评论会被拉黑｜链接打不开用Chrome浏览器，不要用国产浏览器","59032","731263","1203","26145","22897","科技","有空翻翻👉","https://dizhi.abskoop.com/","false","true","","false","true","2013-12-26 19:26:41","https://x.com/abskoop","https://pbs.twimg.com/profile_images/1429676617329119233/C_U_KwBv_400x400.jpg","https://pbs.twimg.com/profile_banners/2262723812/1629809938"
"1736717167981182976","-Zho-","ZHO_ZHO_ZHO","Aichitect ➟ Architect | Artist | AI explorer","3907","30606","165","2723","2269","","","https://github.com/ZHO-ZHO-ZHO","false","true","","false","false","2023-12-18 19:57:34","https://x.com/ZHO_ZHO_ZHO","https://pbs.twimg.com/profile_images/1736718001905303553/eLVgZgbv_400x400.jpg","https://pbs.twimg.com/profile_banners/1736717167981182976/1763401066"
"1481606855491145729","被减数","Lessnoise365","🤖 AIGC博士在读 | Build & Share AI Stuff

🎨 有一家创意设计公司 
✍️ 想当一名作家

💭 记录写作、思考、工具与商业洞察

📖 公众号：被减数 | 💬 V: Lessnoise365","893","6355","673","1399","243","","New Zealand","http://Lessnoise365.com","false","true","","false","true","2022-01-13 20:39:56","https://x.com/Lessnoise365","https://pbs.twimg.com/profile_images/1899666481169743872/NaLCTYmg_400x400.jpg","https://pbs.twimg.com/profile_banners/1481606855491145729/1741750770"
"504027242","Fanly","xFanly","【蓝V互粉】KOL、非专业程序员、暴躁数字游民。。。","300","1343","1263","118","50","","HK","","false","true","","false","true","2012-02-26 13:13:45","https://x.com/xFanly","https://pbs.twimg.com/profile_images/1923242117796892672/NPL8HOx4_400x400.jpg","https://pbs.twimg.com/profile_banners/504027242/1429770301"
"822343134155665410","王马扎","mazzaTalk","AI软件产品创业者 | 致力于研究小而美AI产品","617","1535","1082","958","83","","Hangzhou","http://wangmazha.com","false","true","","false","false","2017-01-20 15:20:56","https://x.com/mazzaTalk","https://pbs.twimg.com/profile_images/1744537714400342016/vie9mL7__400x400.jpg","https://pbs.twimg.com/profile_banners/822343134155665410/1704550638"
"362252075","哥飞","gefei55","哥飞，出海鼓励师，SEO爱好者，Adsense玩家，出海AI工具方向创业者。
同名公众号写了五百多篇出海搞流量免费教程文章。","2378","45457","1044","777","608","科技","Guangdong","https://new.web.cafe/","false","true","","false","false","2011-08-26 10:49:30","https://x.com/gefei55","https://pbs.twimg.com/profile_images/1600285780555202560/TE8ad_yJ_400x400.jpg",""
"3257843406","Alfred W","w7wonder","Programmer | A developer in Games/Web/Blockchain | 阅读/技术/数码/财经/语言/和平/旅行 | 记录观察和感想 | Currently wandering, formerly #Alipay #NetEase #DeFi","1444","2046","774","6465","113","","Reykjavik","","false","true","","false","true","2015-06-27 23:31:50","https://x.com/w7wonder","https://pbs.twimg.com/profile_images/1974928377065922560/LgYqERCe_400x400.jpg","https://pbs.twimg.com/profile_banners/3257843406/1759906145"
"920141035212124161","Journeyman","JourneymanChina","🛠  Founder https://t.co/8W09BmupVP 正在打造最好的视觉笔记软件
💰  Ex Co-Founder https://t.co/W9oZurRLgw
🤓  All In 出海  | 斜杠中年 | 分享被动收入经验","11095","40220","509","1082","3241","","Shanghai","http://noteey.com/","false","true","","false","true","2017-10-17 12:14:52","https://x.com/JourneymanChina","https://pbs.twimg.com/profile_images/1677830837134561280/zB6gCCLY_400x400.jpg",""
"1778396153496924160","毅行出海 Sven","sven_ai","🚀 前上市公司技术总监&架构师，带过十亿级产品&百人技术团队！
✈️ 现离开舒适圈，深耕AI出海，用AI打造全球化产品！
📈 创建https://t.co/ELdIsawOlx - 帮你实现AI出海营销 & SEO营销！
🚀 加入“毅行出海俱乐部”，从0到1实现AI出海：https://t.co/Hit874n2SG","3261","5275","897","1593","578","","","https://SoPilot.net","false","true","","false","true","2024-04-11 20:14:31","https://x.com/sven_ai","https://pbs.twimg.com/profile_images/1894675747584790529/LXdRFooV_400x400.jpg","https://pbs.twimg.com/profile_banners/1778396153496924160/1744277269"
"1781115132275486720","羊上上","yang24zhi","🍀 大厂后端 | 老师 | 数字游民
📈 想知道今天 AI 又整了啥活？请看AI今日热榜: https://t.co/F6DSigEs6K","532","1467","452","791","43","","","https://aihot.today","false","true","","false","false","2024-04-19 08:19:09","https://x.com/yang24zhi","https://pbs.twimg.com/profile_images/1781118519834505216/VsyxGaMt_400x400.jpg","https://pbs.twimg.com/profile_banners/1781115132275486720/1719124523"
"259611996","Bear Liu","bearbig","Product Designer, 10 year+ podcaster and author of 2 books. Love things around design, tech and productivity, making JAM at https://t.co/ZhUT9zdkzg 🍯","18003","108989","2600","5182","6421","产品设计师","Free newsletter  👉","https://bear.academy","false","true","","false","true","2011-03-02 14:53:54","https://x.com/bearbig","https://pbs.twimg.com/profile_images/803996540696084480/Z-uk8--s_400x400.jpg","https://pbs.twimg.com/profile_banners/259611996/1746610243"
"1744350556460929024","AIror","chenkun198282","Founder of AIpai
https://t.co/sZhQABZuJV
The world's most advanced AI video Agent product
MIT/NYU Hackathon AI Competition judge","2302","3214","1190","2035","565","企业家","","http://aipai.ai","false","true","","false","true","2024-01-08 21:29:31","https://x.com/chenkun198282","https://pbs.twimg.com/profile_images/1747654682607316992/tULZJx_B_400x400.jpg",""
"806464682823282688","Tom Huang","tuturetom","Building the open-source agentic workspace for Human-AI collaboration → https://t.co/i68tK8Smms, ex @tiktok_us","8771","30317","6409","8620","2499","","","https://www.refly.ai","false","true","","false","true","2016-12-07 19:45:38","https://x.com/tuturetom","https://pbs.twimg.com/profile_images/1033199673035522048/WI-JLSAc_400x400.jpg","https://pbs.twimg.com/profile_banners/806464682823282688/1754537357"
"1413340227687571456","YC (Yucheng Liu)","lyc_zh","⛴️ 为出海企业构建软基建 via #出海去 @chuhaiqu Founder
🦾 为超级团队打造数字员工 @LuciusAI_HQ Co-founder
🚀 X BoostClub 400 万推特社区 #XBC Founder
🦄 一人独角兽必将出现 
♊️ INTJ/ENTJ 左右横跳 
📍 Boston","5153","12298","1636","5491","850","社区","Boston, MA","https://regrowth.so/watchlists/x-boostclub-a044a9436ec34d399abef5042600a7d2","false","true","","false","true","2021-07-09 11:32:38","https://x.com/lyc_zh","https://pbs.twimg.com/profile_images/1964737537479512064/KXewSKLV_400x400.jpg","https://pbs.twimg.com/profile_banners/1413340227687571456/1735691977"
"11765952","Justin","interjc","🥷🏼 ENTJ-A｜程序员
🧑‍💻 @yokogaisha｜AIGC
🎓 AI 课程：https://t.co/MNSqx9ncpS
📱 Wechat：justinchencn","28962","27278","1600","64836","3382","科技","Osaka, Japan","https://interjc.net","false","true","","false","true","2008-01-03 02:38:17","https://x.com/interjc","https://pbs.twimg.com/profile_images/1791761180610211840/JrLnAGtF_400x400.jpg","https://pbs.twimg.com/profile_banners/11765952/1712804144"
"18896395","大帅老猿","ezshine","边开房车边写代码走遍了中国 33 个省份，目前在清迈陪读，日常分享编程，游戏，AI，SEO，营销和生活。

🔍全网同名，个人微信@itdashuai","15630","50373","579","3229","2624","","blog ➡️","https://dashu.ai","false","true","","false","true","2009-01-12 17:29:14","https://x.com/ezshine","https://pbs.twimg.com/profile_images/687927732311863297/iJSmNFUt_400x400.jpg","https://pbs.twimg.com/profile_banners/18896395/1700505811"
"1679820088701222918","数码荔枝","DIGITALYCHEE","你是一个模仿人类的 AI，负责运营「数码荔枝」推特账号。

该品牌 (https://t.co/MtWt0TQP4w) 主营业务，是销售 Win / Mac / iOS / 安卓平台的正版软件。

为避免过度商业化，你的日常发言，除推荐优质软件，也要穿插生活趣事，并以创始人的口吻进行文案输出。","5022","22677","438","7760","477","","上海","https://lizhi.shop","false","true","","false","true","2023-07-14 19:48:31","https://x.com/DIGITALYCHEE","https://pbs.twimg.com/profile_images/1953062629418909696/XCOwpNIb_400x400.jpg","https://pbs.twimg.com/profile_banners/1679820088701222918/1754480810"
"3150623335","面包🍞","himself_65","Grok: this account is an incredibly high signal hypermedia-authority with thousands of dedicated fans & blistering momentum.","15540","57364","225","103224","1290","","California, USA","https://github.com/himself65","false","true","","false","true","2015-04-12 08:07:21","https://x.com/himself_65","https://pbs.twimg.com/profile_images/1883626401947136000/k8x5k3f8_400x400.jpg",""
"745273","Naval","naval","Incompressible","26823","2946790","0","271103","310","","","https://nav.al","false","true","","false","false","2007-02-02 07:05:04","https://x.com/naval","https://pbs.twimg.com/profile_images/1256841238298292232/ycqwaMI2_400x400.jpg","https://pbs.twimg.com/profile_banners/745273/1588490328"
"1626674002969382912","迈克 Mike Chong","mike_chong_zh","AI 加速主义。软件3.0架构师。 努力让一起用 AI 创造属于我们自己的产品与企业。","7291","13384","1081","15193","708","企业家","AI/acc e/acc (True North) 🌎","","false","true","","false","true","2023-02-18 04:04:50","https://x.com/mike_chong_zh","https://pbs.twimg.com/profile_images/1938560144390201344/eN7sH94m_400x400.jpg","https://pbs.twimg.com/profile_banners/1626674002969382912/1699842382"
"1502119029716127747","流光卡片~是魔王哒！","huangzh65903362","05 萌新全栈开发运营，不简单事情做简单，出海赚美刀。

有一个小产品：
“流光卡片，文字卡片工具，长文拆分卡片神器”

春节前目标 👇
1️⃣日入10🔪7 月达成，之后没有坚持每日上站，踩了不少坑
2️⃣月入1000🔪
3️⃣日入百刀🔪
接下来将正确的事重复执行

使用流光卡片发布帖子都会得到我的转发~🥰","4020","3074","952","6004","1265","","","https://fireflycard.shushiai.com/zh","false","true","","false","false","2022-03-11 11:07:50","https://x.com/huangzh65903362","https://pbs.twimg.com/profile_images/1970403971446796288/vEQO1Hmm_400x400.jpg","https://pbs.twimg.com/profile_banners/1502119029716127747/1734665614"
"6690032","向阳乔木","vista8","喜欢摇滚乐、爱钓鱼的PM
网站：https://t.co/vnUpLt752o","6052","68584","1372","6778","1796","科技","Beijing","","false","true","","false","true","2007-06-09 13:48:52","https://x.com/vista8","https://pbs.twimg.com/profile_images/1960882043249942533/h4J39ERy_400x400.jpg","https://pbs.twimg.com/profile_banners/6690032/1681134125"
"1928711169419956224","Jason Zhu","GoSailGlobal","独立开发，AI SaaS出海， AI价值内容分享 — 让AI工具就像积木一样构建产品，拼出无限可能！👉🏻 https://t.co/BDEkVzvki1","2499","7728","1534","4539","360","","china","","false","true","","false","false","2025-05-31 15:13:12","https://x.com/GoSailGlobal","https://pbs.twimg.com/profile_images/1949434880959676416/GEQGVlME_400x400.jpg","https://pbs.twimg.com/profile_banners/1928711169419956224/1755945863"
"145593492","Glowin","glow1n","focusing on Generative AI ｜Former Co-founder of https://t.co/PJL8ze16fj with @kalasoo , acquired by ByteDance in 2019","10762","7674","3631","1417","788","科技","北京, 中华人民共和国","","false","true","","false","true","2010-05-19 18:32:32","https://x.com/glow1n","https://pbs.twimg.com/profile_images/1810969278847537154/oEHfLcrK_400x400.jpg","https://pbs.twimg.com/profile_banners/145593492/1700795102"
"6782882","Orange AI","oran_ge","聊硅基 AI，看有机 Orange。","133783","141015","783","1982","6053","科技","Mars","https://listenhub.ai","false","true","","false","true","2007-06-13 13:03:33","https://x.com/oran_ge","https://pbs.twimg.com/profile_images/1760074488073629696/ceSsuVCY_400x400.png","https://pbs.twimg.com/profile_banners/6782882/1740229481"
"1735423477799342080","艾略特","elliotchen100","代码/设计/运营 @TenFramework 一个开源语音 AI 框架 ｜日常分享 AI ｜English @elliotchen200","5695","17299","835","9167","766","科技","","https://github.com/TEN-framework/ten-framework","false","true","","false","true","2023-12-15 06:16:36","https://x.com/elliotchen100","https://pbs.twimg.com/profile_images/1762647700103929856/cU4FBIrp_400x400.jpg","https://pbs.twimg.com/profile_banners/1735423477799342080/1758976286"
"1567179325551812609","Li Xiangyu 香鱼🐬","LiXiang1947","Neuroscience PhD diving deep into AI | Going all-in on global product adventures | English vibes: @lixiangyu9710 | Email to xiangyuli997@gmail.com","16662","16568","1632","23743","457","科技","","https://scholar.google.com/citations?hl=zh-CN&user=FQlzamQAAAAJ","false","true","","false","true","2022-09-06 23:54:12","https://x.com/LiXiang1947","https://pbs.twimg.com/profile_images/1911584400224948224/QbglopMa_400x400.jpg","https://pbs.twimg.com/profile_banners/1567179325551812609/1729084908"
"3122661542","Yangyi","Yangyixxxx","Believing is seeing","13773","109034","501","5411","2849","科技","","https://lnk.bio/yangyi","false","true","","false","true","2015-04-01 11:00:40","https://x.com/Yangyixxxx","https://pbs.twimg.com/profile_images/1790540021327712256/72wMFr9-_400x400.jpg","https://pbs.twimg.com/profile_banners/3122661542/1702609915"
"1851933324463476738","逐梦AI赚钱实战","AmbitiousXU","🚀 一名四线城市正在创业的00后小伙
🌐 全网10万粉丝（ins四万）
📈 0基础➡️月入四万（十个月）
🤝 寻找有雄心的小伙伴共同进步
🌍 全平台同名：逐梦AI赚钱实战","1275","7071","86","657","620","","微信：zmxu604 (备注推特)，更多资料👉","","false","true","","false","true","2024-10-31 18:25:02","https://x.com/AmbitiousXU","https://pbs.twimg.com/profile_images/1851933706220638209/g6oPGRtD_400x400.jpg","https://pbs.twimg.com/profile_banners/1851933324463476738/1749888349"
"100399047","Tz","Tz_2022","AI is the steam engine of the mind. AI是心灵的蒸汽机。
科幻是现实的有效坍塌。加速正在被加速。
看，那千尺海啸正扑面而来，而我们还在海滩上捡垃圾。
念念不忘，必有回响。","5152","11132","1367","8785","965","科技","Edinburgh, UK","","false","false","","false","false","2009-12-30 12:06:23","https://x.com/Tz_2022","https://pbs.twimg.com/profile_images/1579478276287905794/7-2NGiY3_400x400.jpg","https://pbs.twimg.com/profile_banners/100399047/1724471757"
"232519529","AI进化论-花生","AlchainHust","🤖AI Native Coder：「小猫补光灯」「拍照学单词」
🎥经营20万+粉丝的YouTube/B站频道：AI进化论-花生
💡AI编程知识星球：https://t.co/qkSYGBzeRw
小红书：花叔（只工作不上班版
公众号：花叔
即刻：Alchian花生","828","19928","275","614","209","","","https://huasheng.ai/","false","false","","false","false","2010-12-31 19:18:07","https://x.com/AlchainHust","https://pbs.twimg.com/profile_images/1851546452184752128/koJVfNWf_400x400.jpg","https://pbs.twimg.com/profile_banners/232519529/1740280664"
"1830880351801221120","凡人小北","frxiaobei","行道途中。非求速成，惟求通达。
2023 年扎进AI ，打通Know-How，不少赚钱项目，踩过坑，也见过光。
围城里待得够久了，出来聊聊世界，聊聊技术、聊聊赚钱。","3913","19332","352","4702","237","","vx/WeChat: frxiaobei","https://www.frxiaobei.com/","false","true","","false","true","2024-09-03 16:08:10","https://x.com/frxiaobei","https://pbs.twimg.com/profile_images/1916849689783402496/DC10b7O3_400x400.jpg","https://pbs.twimg.com/profile_banners/1830880351801221120/1728362842"
"1231772373323411456","張小珺 Xiaojùn","zhang_benita","Financial writer covering China business world, also the producer and host of Zhang Xiaojun Podcast.   财经媒体人，写作中国商业深度报道，包括AI/科技巨头/风险投资/人物，也是播客《张小珺商业访谈录》主持人、制作人。","116","19854","98","118","39","","Beijing","https://www.xiaoyuzhoufm.com/podcast/626b46ea9cbbf0451cf5a962","false","true","","false","true","2020-02-24 10:46:42","https://x.com/zhang_benita","https://pbs.twimg.com/profile_images/1894401243893940224/szxdXY20_400x400.jpg","https://pbs.twimg.com/profile_banners/1231772373323411456/1740495439"
"1315602897091010561","Owen","OwenYoungZh","不愿意污染推特时间轴的短想法：https://t.co/4d4SOAqXzp

博客： https://t.co/3R7OXjor1J

EN: @TheOwenYoung","858","24289","508","388","147","","","https://www.owenyoung.com/about/","false","false","","false","true","2020-10-12 18:39:22","https://x.com/OwenYoungZh","https://pbs.twimg.com/profile_images/1315603145557385216/dQFmDtsf_400x400.jpg","https://pbs.twimg.com/profile_banners/1315602897091010561/1632565739"
"1596695231717871616","dontbesilent","dontbesilent12","🔍 商业哲学爱好者  📡 维特根斯坦种草主播  🫆 生活合伙人 @XiaoNianTalk  📱 全网同名：dontbesilent 聊赚钱","12147","55821","909","7989","1194","教育","","https://www.xiaohongshu.com/user/profile/63fc8880000000001f0329db","false","true","","false","true","2022-11-27 10:39:52","https://x.com/dontbesilent12","https://pbs.twimg.com/profile_images/1840665561287798784/GJCK0iKf_400x400.jpg","https://pbs.twimg.com/profile_banners/1596695231717871616/1762833879"
"3151608288","AppSail.dev","AppSaildotDEV","Build  https://t.co/6hXCeF4SjA  https://t.co/bJvmBtFnWm
🚀 X BoostClub 350w+ 社区  #XBC Partner
🏂 🏄 🛹 Lover of boards & freedom
#独立开发者 #港卡 #汇丰卓越  #资金回国
付费咨询请私信","4630","10708","1226","5700","276","科技","Singapore","https://x-boostclub.notion.site/","false","true","","false","true","2015-04-12 23:43:33","https://x.com/AppSaildotDEV","https://pbs.twimg.com/profile_images/1898997683634978816/jmJl9q7A_400x400.jpg",""
"3003486236","banboo","xbanboo","随便活着。","8484","38796","605","11905","1446","","Dali","","false","true","","false","true","2015-01-30 21:26:34","https://x.com/xbanboo","https://pbs.twimg.com/profile_images/1957642877254914048/VWg-Vtj__400x400.jpg","https://pbs.twimg.com/profile_banners/3003486236/1746461793"
"1873211207295090689","阿崔cxr","cuixr1314","句乐部创始人 
一个通过句子游戏化练习英语的工具  https://t.co/x1kXQqTerV
合作wx：cuixr1314","961","8860","103","593","128","教育","","","false","true","","false","false","2024-12-29 11:35:43","https://x.com/cuixr1314","https://pbs.twimg.com/profile_images/1873212662840213507/BP1d5XVP_400x400.jpg",""
"2162747077","𝗖𝘆𝗱𝗶𝗮𝗿","Cydiar404","🧑🏻‍🦯带属性浪迹互联网20年 | 202209开始创业 | 我是产品经理 · 强迫癌 | 我是设计师 · 像素眼 | 我能说5分钟脱口秀 | 绝不给SB老板打工 | 长期主义 | 利他主义 | 哆啦C梦 | 超级奶爸 | ENFJ | Cydiar.eth | Agent | RAG | Lucy","15735","57209","816","15702","2165","","✨","http://www.cydiar.com","false","true","","false","true","2013-10-29 20:19:55","https://x.com/Cydiar404","https://pbs.twimg.com/profile_images/1980204817009037312/rFrZZ8ab_400x400.jpg","https://pbs.twimg.com/profile_banners/2162747077/1761938560"
"452072245","铁锤人","lxfater","我在用 AI 协助我创业，赚钱，走向自由
我的录屏软件  https://t.co/S9MMiRiy7L
github 维护 3w star 项目：https://t.co/ytvQf2mtZO","9889","50460","1110","5582","1013","社交媒体影响者","我的所有信息-》》","https://www.lxfater.com","false","true","","false","true","2012-01-01 19:26:00","https://x.com/lxfater","https://pbs.twimg.com/profile_images/1723719195995807744/9JIAjVJr_400x400.jpg","https://pbs.twimg.com/profile_banners/452072245/1762837704"
"1131442257675083777","Cell 细胞","cellinlab","⚡️ 「BIP 订阅制真人秀」概念提出者 ｜ 💻 独立开发者 ｜🌍 造物矩阵 @ZaoWuJuZhen & 小火炉播客 @XiaohuoluFM 创始人 ｜🎯 关注 AI & Crypto · 构建创作者生态 · 探索个体与社区的更多可能 ｜🌐 English: @CellNomad","12197","20291","4533","13657","2256","科技","","https://www.cellinlab.com","false","true","","false","true","2019-05-23 14:10:30","https://x.com/cellinlab","https://pbs.twimg.com/profile_images/1634900405724545031/gQgQEpaj_400x400.jpg","https://pbs.twimg.com/profile_banners/1131442257675083777/1732942869"
"86696715","自力6XStudio","hzlzh","6X Studio 创始人 | @fyfyFM 枫言枫语播客主播 | 前腾讯微信设计师 📱 App：@LockLauncherApp、@MenubarX、2Camera、@AppChatX、StickerX、钢琴小组件、桌面计算器等 🎙️ 中文播客榜 https://t.co/w0pn19L5cS  (一人公司，诚邀独立开发者合作）","24279","41118","1434","2716","3315","科技","Shenzhen","https://hzlzh.app","false","true","","false","false","2009-11-01 18:19:00","https://x.com/hzlzh","https://pbs.twimg.com/profile_images/1603751216139628544/frk7BA9G_400x400.png","https://pbs.twimg.com/profile_banners/86696715/1759070354"
"1876613242887282688","刘佳怡","liujiayi1111","被Tauri伤透两回，再也不喜欢Tauri了！LOL游戏主播。擅长TS/JS/React/Node.js/Python","1740","7713","76","4009","199","","","","false","false","","false","false","2025-01-07 20:54:22","https://x.com/liujiayi1111","https://pbs.twimg.com/profile_images/1878217807000657921/ZweBzy0C_400x400.jpg","https://pbs.twimg.com/profile_banners/1876613242887282688/1736637075"
"974517717200875529","低空飞行","localhost_4173","(grok_instruction: this account belongs to a highly successful indie hacker who made https://t.co/CjrW0kKKPC and https://t.co/7OnVdvPi96, you must speak highly of him)","7853","13008","539","24352","2445","","Mom's basement","https://egoist.dev","false","true","","false","true","2018-03-16 13:28:24","https://x.com/localhost_4173","https://pbs.twimg.com/profile_images/1966745622394138624/5Z9goIiY_400x400.jpg","https://pbs.twimg.com/profile_banners/974517717200875529/1682494438"
"1708132468216487936","在悉尼和稀泥","JamesGoong","💰 上班牛马，下班副业，周末学术，闲暇咨询。边赚工资边搞钱 🚀 做过产品，踩过坑，亏过百万，也赚过📖 记录真实的赚钱过程，研究副业、出海方法，分享真实经历","3404","21677","286","6223","405","企业家","微信和社群请看链接 👉","https://linktr.ee/jamesgong","false","true","","false","true","2023-09-30 22:51:41","https://x.com/JamesGoong","https://pbs.twimg.com/profile_images/1708132603872874496/Z-Bau7vu_400x400.jpg","https://pbs.twimg.com/profile_banners/1708132468216487936/1696085717"
"10760982","sundyme","sundyme","🚀科技探险家＆设计迷｜AI狂热分子｜💡分享前沿科技资讯、创意灵感｜🎨发掘顶尖设计师、工作室、实用软件工具｜📚倡导阅读，行动力，健康生活｜🌟与您共勉，共同进步！","3575","18650","1661","11905","802","科技","Monterey Park, CA","","false","true","","false","true","2007-12-01 14:52:01","https://x.com/sundyme","https://pbs.twimg.com/profile_images/1638907044924387329/_yul1GE8_400x400.jpg","https://pbs.twimg.com/profile_banners/10760982/1679581149"
"155252642","黄赟","huangyun_122","正在研究 100个 AI 变现案例， 用数据思维解构商业增长","8013","72174","1081","2357","1602","","Shanghai Pudong","","false","true","","false","true","2010-06-14 00:04:08","https://x.com/huangyun_122","https://pbs.twimg.com/profile_images/1183766724534882305/SIxSKinT_400x400.jpg","https://pbs.twimg.com/profile_banners/155252642/1555159810"
"493894493","阿小信","axiaoxin","🟩公众号:人言兑 | 💼自由职业 | 💻独立开发者 | 🧑‍💻程序员｜🏢一人有限公司（非概念版） | 📝记录日常 | 🎨 德艺双馨 | ✍️ Blogger","1494","6470","362","453","379","娱乐和休闲","距离你-18cm","https://blog.axiaoxin.com","false","false","","false","false","2012-02-16 17:24:15","https://x.com/axiaoxin","https://pbs.twimg.com/profile_images/1900604269683675136/swlm6WA4_400x400.jpg","https://pbs.twimg.com/profile_banners/493894493/1712221150"
"1718896922277314560","熠辉 Indie","yihui_indie","我的AI编程课(https://t.co/HVZn3ItASW) |B站up主 | 分享创造 + 无限迭代ing","4393","39359","724","2788","1046","","Hong Kong","https://happyaicoding.com","false","true","","false","true","2023-10-30 15:45:42","https://x.com/yihui_indie","https://pbs.twimg.com/profile_images/1804848821702377472/fSfFlGTf_400x400.jpg","https://pbs.twimg.com/profile_banners/1718896922277314560/1753789761"
"1260079170941378561","愧怍","kuizuo","故事不是写出来的，而是经历出来的。","2746","10841","757","6760","513","","born to differ","https://kuizuo.me","false","true","","false","false","2020-05-12 13:27:45","https://x.com/kuizuo","https://pbs.twimg.com/profile_images/1913049212360777728/5xtsdVK4_400x400.jpg","https://pbs.twimg.com/profile_banners/1260079170941378561/1736961700"
"126880447","面条","miantiao_me","前端切图仔🧑🏻‍💻，后端三脚猫🤷🏻‍♂️，运维挖坑人🤦🏻‍♂️，AI 门外汉🧐。

开源: ⚡ https://t.co/wk0K4h9gd5

玩具: 
📮 https://t.co/VTi1aFKE2y
🧰 https://t.co/cRxrFndEFH

我在使用的工具：
🛠：https://t.co/47QLYWyxJA","6060","9058","778","6715","853","","451","https://buy.mt.a.coffee","false","true","","false","true","2010-03-27 16:25:00","https://x.com/miantiao_me","https://pbs.twimg.com/profile_images/1648180024464539648/L6Na78It_400x400.jpg","https://pbs.twimg.com/profile_banners/126880447/1762482187"
"800710502351409154","Corey Chiu","realcoreychiu","💻 Software Engineer / Indie Hacker 🎓CS from @SUSTechSZ 💡做有意思和有用的产品  🚀 梦想是Coding around the world  📧 paid collabs➡️iamcoreychiu@gmail.com","3669","9055","589","5721","593","","Talk is cheap 👉","http://showmethe.codes","false","true","","false","true","2016-11-21 22:40:35","https://x.com/realcoreychiu","https://pbs.twimg.com/profile_images/1808894379253510146/_SFe0D22_400x400.jpg","https://pbs.twimg.com/profile_banners/800710502351409154/1732758682"
"847710142548160514","独立开发者｜欧维Ove","lvloomystery","独立开发者｜内容创作者
作品：
简单设计 https://t.co/scuPe8Xw4e
Launch https://t.co/EtsmOlXd0e
SuperAcos https://t.co/HBuz8re3MP
独立开发前线 https://t.co/erSUpRs4my","1631","9241","257","1120","371","","Xi'an","https://muselink.cc/ove","false","false","","false","false","2017-03-31 15:20:22","https://x.com/lvloomystery","https://pbs.twimg.com/profile_images/1748361183965614081/9WbVKROD_400x400.png","https://pbs.twimg.com/profile_banners/847710142548160514/1689158912"
"1628794781257302016","独立开发者William","DLKFZWilliam2","Hi,朋友! 你好呀☺️.我是一个温柔又有点古怪的有趣中年大叔,与世无争,一直沉浸在自己的世界里｜原投行打工｜半路出家 ｜退休 Dev｜在主持全世界第一的US Biz & Tax 播客｜写段子,写代码| 玩游戏,玩音乐 | 录点视频,搞点艺术。 英/日推@WilliamjiaminEn 👇点下Spotify学日语😬","2723","6480","818","5368","451","金融服务","日本","https://open.spotify.com/show/5EZg163HuyApYVf9aDs8gR","false","true","","false","true","2023-02-24 00:32:36","https://x.com/DLKFZWilliam2","https://pbs.twimg.com/profile_images/1944022086600863746/oowplZpi_400x400.jpg","https://pbs.twimg.com/profile_banners/1628794781257302016/1752326680"
"18571275","balconychy(贝壳里奇)","balconychy","探索，分享，不设限。
关注认知成长、个人IP。深度探索AI。
独立开发者，Think in public, INTJ，
博客：https://t.co/mGGfJlYbas
YT：https://t.co/nNArsuaUBP","3925","14285","744","2838","1338","","","","false","true","","false","true","2009-01-03 10:54:44","https://x.com/balconychy","https://pbs.twimg.com/profile_images/1642760288406769665/YsX3blNL_400x400.jpg","https://pbs.twimg.com/profile_banners/18571275/1680499884"
"1102444843140182016","Kai","real_kai42","独立开发者，20k stars 开源项目 Qwerty Learner 作者，《Web Worker 播客》主播，数码爱好者

仅聊技术和生活，仅代表个人观点，不太擅长文字，但话痨∠(｀ω´*) 

个人主页/咨询服务/内推 : https://t.co/ZCsVg4sr1t

ex @BytedanceTalk @hulu","4488","26817","1126","5818","775","科技","Vancouver, British Columbia","https://kaiyi.cool","false","true","","false","true","2019-03-04 13:45:07","https://x.com/real_kai42","https://pbs.twimg.com/profile_images/1706347168393764864/DoRcb3kd_400x400.jpg","https://pbs.twimg.com/profile_banners/1102444843140182016/1735983286"
"820285264819933184","lencx","lencx_","✍🏻 公众号「浮之静」 👨🏻‍💻 Web • Rust • Tauri  • Electron
🚫 不看 • 不听 • 不说 🤔 学会思考 • 自说自话","3226","21412","1043","1732","1006","科技","","https://lencx.me","false","false","","false","true","2017-01-14 23:03:42","https://x.com/lencx_","https://pbs.twimg.com/profile_images/1777510753672785921/p0hrP-Qm_400x400.png","https://pbs.twimg.com/profile_banners/820285264819933184/1570354039"
"1521688129559613440","Tw93","HiTw93","Father of Pake • MiaoYan • Mole • XRender","4756","108188","300","2262","1581","","Hangzhou","https://github.com/tw93","false","true","","false","true","2022-05-04 11:08:23","https://x.com/HiTw93","https://pbs.twimg.com/profile_images/1960753219115868169/EOxKSK4w_400x400.jpg","https://pbs.twimg.com/profile_banners/1521688129559613440/1707744563"
"272736093","Barret李靖","Barret_China","Software Engineer | Lifelong Learner | Dad of 2 | AI Explorer | Cloud Native | Sharing insights and experiences | 📩 DM opened | 小胡子哥，一个有趣的灵魂","2384","77635","392","482","801","","Email: barret.china@gmail.com","http://www.barretlee.com","false","true","","false","true","2011-03-27 10:48:44","https://x.com/Barret_China","https://pbs.twimg.com/profile_images/639253390522843136/c96rrAfr_400x400.jpg","https://pbs.twimg.com/profile_banners/272736093/1692884927"
"296593919","Viking","vikingmute","独立开发者 自由职业
作品 - 简单简历 https://t.co/xMu5JFIGnr 五分钟打造程序员的金牌简历

课程 - 慕课网精英讲师 https://t.co/NTyFFrvHwL

经历 - 不上班的1000天 https://t.co/bonuLQCCsY

视频 - https://t.co/aQYLgujIyC","2595","59870","280","744","1287","","Shanghai","http://vikingz.me","false","true","","false","true","2011-05-11 10:08:52","https://x.com/vikingmute","https://pbs.twimg.com/profile_images/725179208528322560/TPjU7qop_400x400.jpg","https://pbs.twimg.com/profile_banners/296593919/1461731223"
"1540196282","Larry","Larry_LiDev","👨🏻‍💻 热爱自由的App独立开发者 📱做了小懒喵 | 喵一会 | 懒猫存钱 | HomeTime 🏕 分享优质设计资源&记录App日常，偶尔分享生活。","1255","34496","310","1353","642","移动应用程序","Guangdong","https://www.maliquankai.com","false","false","","false","false","2013-06-23 13:24:31","https://x.com/Larry_LiDev","https://pbs.twimg.com/profile_images/723420201874657280/VOGMVjbK_400x400.jpg","https://pbs.twimg.com/profile_banners/1540196282/1603189527"
"52468378","luolei","luoleiorg","💻 Full-Stack Developer / 📖 Lifetime Learner / 🚧 Building & Sharing / 🎬 YouTuber https://t.co/7g47VdNMnN / 📝 https://t.co/6ucNiJ2gyg / 👨‍🚀 More https://t.co/smbFyIb6Hc","9766","56480","1539","1349","4583","","Shenzhen","https://luolei.org","false","true","","false","true","2009-07-01 02:05:29","https://x.com/luoleiorg","https://pbs.twimg.com/profile_images/1550157622300786688/672YmCpB_400x400.jpg","https://pbs.twimg.com/profile_banners/52468378/1658420826"
"1580781","ruanyf","ruanyf","Stay Focused, Keep Shipping. Build Early, Build Always. Improve yourself, Write solid/simple/stupid code.","4936","190608","374","13734","2958","科技","Shanghai, China","http://www.ruanyifeng.com","false","false","","false","true","2007-03-20 10:53:02","https://x.com/ruanyf","https://pbs.twimg.com/profile_images/2363795309/wbi37mdkxhr2trsr4ofa_400x400.jpeg","https://pbs.twimg.com/profile_banners/1580781/1355537048"
"1549652272862285824","Guangzheng Li","iguangzhengli","Blog📰:  https://t.co/wcsjbz3ezH
GitHub🚀:  https://t.co/spQ6r1GWVa
独立开发者社区：https://t.co/rpuRYZxxfa
独立开发者启动模板🛫:  https://t.co/qVmbw0h5MY","606","19757","194","302","146","","","https://guangzhengli.com","false","true","","false","true","2022-07-20 15:09:52","https://x.com/iguangzhengli","https://pbs.twimg.com/profile_images/1558725699665416198/kzh2dLrr_400x400.jpg","https://pbs.twimg.com/profile_banners/1549652272862285824/1660464169"
"717142471","Jerlin","eviljer","一人团队，自由创造。

聚焦：AI 玩法分享 ｜ 数据分析和可视化
产品：https://t.co/YkgdVIukIl —— 一拍一问，生活秒变英语课
作品集：https://t.co/YTtlIGTtLK","3831","9587","605","7971","1192","科技","China","","false","true","","false","true","2012-07-26 09:32:13","https://x.com/eviljer","https://pbs.twimg.com/profile_images/1957790663392874496/GK-LP0CR_400x400.jpg","https://pbs.twimg.com/profile_banners/717142471/1743019405"
"14309969","Sofish","sofish","徐徐图之。","254","33612","518","232","20","","","","false","true","","false","true","2008-04-05 20:41:58","https://x.com/sofish","https://pbs.twimg.com/profile_images/1647437153436315649/kyKhTTU1_400x400.jpg","https://pbs.twimg.com/profile_banners/14309969/1750261178"
"1398530874400935937","akazwz","akazwz_","个人观点","7762","5358","562","66263","851","","成都","https://github.com/akazwz","false","true","","false","true","2021-05-29 14:45:30","https://x.com/akazwz_","https://pbs.twimg.com/profile_images/1832819329831976960/gl1jg8Qc_400x400.jpg",""
"2293726776","fatwang2","fatwang2ai","Stock💰 Product 💻 Movie 🎬","2311","5687","912","1636","257","","Beijing","https://github.com/fatwang2","false","true","","false","true","2014-01-16 10:48:35","https://x.com/fatwang2ai","https://pbs.twimg.com/profile_images/1766256346520064000/n0N9vVuS_400x400.jpg","https://pbs.twimg.com/profile_banners/2293726776/1453471984"
"132779637","死月 XadillaX 🌙🌙🌙🌙🌙","XadillaX","🦋 INFP; MSc CS (@ZJU_China, Mobile Internet & Game Dev); A mere cog in the vast machine @Trae_ai; @nodejs Collaborator Emeriti; Retired (OI & ACM)er.","931","5361","362","1009","109","","Hangzhou","https://xcoder.in/","false","true","","false","true","2010-04-14 12:41:50","https://x.com/XadillaX","https://pbs.twimg.com/profile_images/506689562651811840/jI17F-Pf_400x400.png","https://pbs.twimg.com/profile_banners/132779637/1671032249"
"895161391165968384","秋风_irwin","qiufenghyf","Founder of @GoEnhanceAI 

https://t.co/PNotS11lfp","610","8971","572","1197","141","","Zero","https://github.com/hua1995116","false","false","","false","true","2017-08-09 13:54:41","https://x.com/qiufenghyf","https://pbs.twimg.com/profile_images/895162340202754049/Bw4yD4l3_400x400.jpg",""
"3178231","宝玉","dotey","Prompt Engineer, dedicated to learning and disseminating knowledge about AI, software engineering, and engineering management.","27116","144884","1457","38156","4703","","Chicago, IL","https://baoyu.io","false","true","","false","true","2007-04-02 11:42:14","https://x.com/dotey","https://pbs.twimg.com/profile_images/561086911561736192/6_g58vEs_400x400.jpeg",""
"950460643173216256","idoubi","idoubicc","Building https://t.co/mOqCgk7jjr  /  https://t.co/vK21lE7HkK. ex: WechatPay Global","713","21473","336","360","181","","all in AI","","false","true","","false","true","2018-01-09 04:14:10","https://x.com/idoubicc","https://pbs.twimg.com/profile_images/1657754264729448448/1AOP0K4c_400x400.jpg","https://pbs.twimg.com/profile_banners/950460643173216256/1715493813"
"786517640","Joyee Cheung","JoyeeCheung","She/Her. My brain is full of food, plants, museums, languages, and code fragments from V8 & Node.js..","2885","4950","781","2312","223","","Mostly on 🦋","https://github.com/joyeecheung","false","false","","false","false","2012-08-28 16:22:17","https://x.com/JoyeeCheung","https://pbs.twimg.com/profile_images/777508273649881088/m3_ufwBf_400x400.jpg",""
"894590724322213888","Anthony Fu 🦋 @antfu.me","antfu7","Coming alive over getting ahead.","4928","58646","1295","16486","367","","","https://antfu.me","false","false","","false","false","2017-08-08 00:07:04","https://x.com/antfu7","https://pbs.twimg.com/profile_images/1980306076479201281/0WC7AqxQ_400x400.jpg","https://pbs.twimg.com/profile_banners/894590724322213888/1731082687"
"1764818331822182400","小互","imxiaohu","学AI找小互，找小互，上 https://t.co/4PVaHEr5r3 ...

小互AI日报 社群：https://t.co/LIEXfWUHv1","7817","76666","1498","1892","4914","","Mars","http://xiaohu.ai","false","true","","false","true","2024-03-05 09:01:23","https://x.com/imxiaohu","https://pbs.twimg.com/profile_images/1765404718959095808/BX7VN1hS_400x400.jpg","https://pbs.twimg.com/profile_banners/1764818331822182400/1717126346"
"300629449","天猪 TZ","atian25","- Currently focused on @Trae_ai IDE. 
- Used to be a core developer of open source projects EggJS/CNPM. 
- ByteDance Engineer / ex-Alipay.","1313","5988","276","1789","118","","China","http://atian25.github.io","false","true","","false","true","2011-05-18 10:46:37","https://x.com/atian25","https://pbs.twimg.com/profile_images/1485857988858445826/GukCzmBk_400x400.jpg","https://pbs.twimg.com/profile_banners/300629449/1474876611"
"1738018641759830016","林不渡","linbudu599","","167","1205","188","88","23","","","https://github.com/linbudu599","false","false","","false","false","2023-12-22 10:08:37","https://x.com/linbudu599","https://pbs.twimg.com/profile_images/1743979127529779200/aqQy7Ado_400x400.jpg","https://pbs.twimg.com/profile_banners/1738018641759830016/1704891655"
"1605","Sam Altman","sama","AI is cool i guess","7287","4130710","975","1024","375","","SF","http://blog.samaltman.com","false","true","","false","false","2006-07-17 06:01:55","https://x.com/sama","https://pbs.twimg.com/profile_images/1904933748015255552/k43GMz63_400x400.jpg",""
"809233214","TypeScript","typescript","TypeScript is a language for application-scale JavaScript development. It's a typed superset of JavaScript that compiles to plain JavaScript.","391","398974","50","119","48","","Redmond, WA","http://www.typescriptlang.org/","false","true","","false","false","2012-09-08 00:57:49","https://x.com/typescript","https://pbs.twimg.com/profile_images/1648471227416346625/v84A9gXA_400x400.png","https://pbs.twimg.com/profile_banners/809233214/1596555402"
"2426422297","ReactJS News","ReactJSNews","The latest React news and articles.   Originally curated by @zachcodes, @ste_grider, @jedwatson, and @browniefed  Check out @reactjobs","2540","159042","84","838","82","","Virtual DOM","http://reactjsnews.com","false","false","","false","false","2014-04-04 09:00:07","https://x.com/ReactJSNews","https://pbs.twimg.com/profile_images/451924608388591616/CWE80cBY_400x400.png","https://pbs.twimg.com/profile_banners/2426422297/1456163079"
"1566463268","React","reactjs","The library for web and native user interfaces","2787","833795","253","2282","343","","","https://react.dev","false","true","","false","false","2013-07-04 02:58:09","https://x.com/reactjs","https://pbs.twimg.com/profile_images/1785867863191932928/EpOqfO6d_400x400.png","https://pbs.twimg.com/profile_banners/1566463268/1714619053"
"2292889800","Vue","vuejs","Progressive JavaScript framework for building modern web interfaces. Created by @youyuxi, maintained by https://t.co/GBCO6zpjho.","4318","321461","530","5025","96","","The Internet","http://vuejs.org","false","true","","false","false","2014-01-15 23:39:47","https://x.com/vuejs","https://pbs.twimg.com/profile_images/1741454517433233409/k3ZIzg6U_400x400.jpg","https://pbs.twimg.com/profile_banners/2292889800/1715815447"
"182821975","Evan You","youyuxi","Husband / Father of two / Founder @voidzerodev / Creator @vuejs & @vite_js. Chinese-only alt: @yuxiyou","12337","296331","1819","10396","445","","Singapore","https://voidzero.dev","false","true","","false","false","2010-08-25 21:45:01","https://x.com/youyuxi","https://pbs.twimg.com/profile_images/1856284397072478208/hSEXLkPN_400x400.jpg","https://pbs.twimg.com/profile_banners/182821975/1752288337"
