﻿"User ID","Name","Username","Bio","Tweets Count","Followers Count","Following Count","Favourites Count","Media Count","Professional","Location","Website","Verified","Is Blue Verified","Verified Type","Protected","Can DM","Created At","Profile URL","Avatar URL","Profile Banner URL"
"259611996","Bear Liu","bearbig","Product Designer, 10 year+ podcaster and author of 2 books. Love things around design, tech and productivity, making JAM at https://t.co/ZhUT9zdkzg 🍯","17989","108969","2600","5184","6417","产品设计师","Free newsletter  👉","https://bear.academy","false","true","","false","true","2011-03-02 14:53:54","https://x.com/bearbig","https://pbs.twimg.com/profile_images/803996540696084480/Z-uk8--s_400x400.jpg","https://pbs.twimg.com/profile_banners/259611996/1746610243"
"1892802325586333699","serva huang","servasyy","古早程序员 | AI出海 | 自由职业
机车游侠&机速购&骑享租创始人
15年前 freelance 起步 → 连续创业者 → 亏过1个亿，逆风翻盘中
分享创业，AI，生活，读书，健身，中医","3054","8630","543","5513","121","","","","false","true","","false","true","2025-02-21 13:03:54","https://x.com/servasyy","https://pbs.twimg.com/profile_images/1969304899877027840/Ok6tYp0b_400x400.jpg","https://pbs.twimg.com/profile_banners/1892802325586333699/1760433997"
"1857594173446053888","Felicia Tang","Feliciamtang","building @exaailabs","133","1828","86","447","11","","","","false","true","","false","true","2024-11-16 09:19:13","https://x.com/Feliciamtang","https://pbs.twimg.com/profile_images/1981404045756489728/zWy_2OV5_400x400.jpg","https://pbs.twimg.com/profile_banners/1857594173446053888/1742420647"
"1749696481785995264","Priyanka Lakhara","codewithpri","learning and exploring :)","2274","3673","1024","3041","222","科技","Vadodara, Gujarat","","false","true","","false","true","2024-01-23 15:32:24","https://x.com/codewithpri","https://pbs.twimg.com/profile_images/1962386555257200640/KT-ZS-Sc_400x400.jpg","https://pbs.twimg.com/profile_banners/1749696481785995264/1758185184"
"2872720562","Emily","IamEmily2050","Any sufficiently advanced technology is indistinguishable from magic.  Arthur C. Clarke.","58262","33195","743","336041","5168","Digital Creator","Oceania ","","false","true","","false","true","2014-10-23 13:55:44","https://x.com/IamEmily2050","https://pbs.twimg.com/profile_images/1860941638421676032/htXQ7sJA_400x400.jpg","https://pbs.twimg.com/profile_banners/2872720562/1753767055"
"1874157623714426880","木子不写代码","ai_muzi","一起构建和分享最前沿的AI商业化应用！
油管up主:木子不写代码 | 图卢兹大学机器学习博士 | 前空客研发工程师
Youtuber | PhD in Machine Learning, University of Toulouse | Former R&D Engineer @ Airbus.","733","4817","290","604","96","","关注油管 -》","https://www.youtube.com/channel/UCY3SgqRpZd0GWWk8dRCybdw","false","true","","false","false","2025-01-01 02:16:19","https://x.com/ai_muzi","https://pbs.twimg.com/profile_images/1874157706174509056/DiVz40Wo_400x400.jpg","https://pbs.twimg.com/profile_banners/1874157623714426880/1758805968"
"1781115132275486720","羊上上","yang24zhi","🍀 大厂后端 | 老师 | 数字游民
📈 想知道今天 AI 又整了啥活？请看AI今日热榜: https://t.co/F6DSigEs6K","529","1464","452","790","43","","","https://aihot.today","false","true","","false","false","2024-04-19 08:19:09","https://x.com/yang24zhi","https://pbs.twimg.com/profile_images/1781118519834505216/VsyxGaMt_400x400.jpg","https://pbs.twimg.com/profile_banners/1781115132275486720/1719124523"
"452072245","铁锤人","lxfater","我在用 AI 协助我创业，赚钱，走向自由
我的录屏软件  https://t.co/S9MMiRiy7L
github 维护 3w star 项目：https://t.co/ytvQf2mtZO","9851","50344","1109","5542","1008","社交媒体影响者","我的所有信息-》》","https://www.lxfater.com","false","true","","false","true","2012-01-01 19:26:00","https://x.com/lxfater","https://pbs.twimg.com/profile_images/1723719195995807744/9JIAjVJr_400x400.jpg","https://pbs.twimg.com/profile_banners/452072245/1762837704"
"14088384","老鬼","laogui","早期个人站长，blogger。","1861","819","1586","3177","118","","China Shenzhen","https://www.laogui.com","false","true","","false","true","2008-03-06 20:44:39","https://x.com/laogui","https://pbs.twimg.com/profile_images/1984286481373069312/98TapVjt_400x400.jpg","https://pbs.twimg.com/profile_banners/14088384/1356148440"
"1676132765098741762","RainbowBird | 洛灵","luoling8192","👩‍💻 数字游民 / 独立开发者 / 生活 & 技术分享 / 努力成为 Vibe code cleanup specialist 😎","1677","4645","958","8510","403","","Shanghai, China","http://github.com/luoling8192","false","true","","false","true","2023-07-04 15:36:21","https://x.com/luoling8192","https://pbs.twimg.com/profile_images/1740286835249786880/DwrVM8h__400x400.jpg","https://pbs.twimg.com/profile_banners/1676132765098741762/1688456270"
"1685336588023443456","wwwgoubuli","wwwgoubuli","LLM development.","5370","9433","1104","7012","196","","","","false","false","","false","true","2023-07-30 01:09:14","https://x.com/wwwgoubuli","https://pbs.twimg.com/profile_images/1787651643766374400/FLcuJpIX_400x400.jpg","https://pbs.twimg.com/profile_banners/1685336588023443456/1714103042"
"894208728005607425","Daisy","Yintinusa","应聘投递简历或合作：info@usachance.com  小学文化，16岁参加工作，中途返校两年学英语，越南工作一年，深圳外贸10几年.  2013年（38岁）怀揣3000美元闯美创业，生意稍有起色投资开厂走L1A-EB1C全家移民美国. 目前主要从事美国与加拿大展台制作与搭建服务，在全美设有5个工厂，欢迎合作.","18097","63137","70","17929","5824","","Las Vegas, NV","","false","false","","false","true","2017-08-06 22:49:09","https://x.com/Yintinusa","https://pbs.twimg.com/profile_images/1429602656150978566/XvaEmwdh_400x400.jpg",""
"3233484298","Year Progress","year_progress","The only progress bar you'd rather see go slower (or faster?)","1243","694878","4","130","383","","UTC","https://yearsprogress.com/","false","true","","false","true","2015-05-04 21:35:27","https://x.com/year_progress","https://pbs.twimg.com/profile_images/1875327937236312064/PZmuX8ZT_400x400.jpg","https://pbs.twimg.com/profile_banners/3233484298/1568150628"
"800710502351409154","Corey Chiu","realcoreychiu","💻 Software Engineer / Indie Hacker 🎓CS from @SUSTechSZ 💡做有意思和有用的产品  🚀 梦想是Coding around the world  📧 paid collabs➡️iamcoreychiu@gmail.com","3620","9044","584","5675","587","","Talk is cheap 👉","http://showmethe.codes","false","true","","false","true","2016-11-21 22:40:35","https://x.com/realcoreychiu","https://pbs.twimg.com/profile_images/1808894379253510146/_SFe0D22_400x400.jpg","https://pbs.twimg.com/profile_banners/800710502351409154/1732758682"
"1136087708","huhuhang","huhuhang","https://t.co/irs8Hk0K03 co-founder，https://t.co/6XgZpVs94g 作者，业余 iOS 开发者：https://t.co/lry8V2ezoq","3467","6857","793","1651","1052","","Jupiter","http://huhuhang.com","false","true","","false","true","2013-01-31 13:16:32","https://x.com/huhuhang","https://pbs.twimg.com/profile_images/1480533985294155778/w_C8FTn__400x400.jpg","https://pbs.twimg.com/profile_banners/1136087708/1743225782"
"1718896922277314560","熠辉 Indie","yihui_indie","我的AI编程课(https://t.co/HVZn3ItASW) |B站up主 | 分享创造 + 无限迭代ing","4379","39137","723","2777","1044","","Hong Kong","https://happyaicoding.com","false","true","","false","true","2023-10-30 15:45:42","https://x.com/yihui_indie","https://pbs.twimg.com/profile_images/1804848821702377472/fSfFlGTf_400x400.jpg","https://pbs.twimg.com/profile_banners/1718896922277314560/1753789761"
"52754493","陈大码","chendama1024","写作爱好者 · 程序员 · ToB 轻创业","1502","437","208","855","181","","Zhengzhou China","","false","true","","false","true","2009-07-01 23:25:59","https://x.com/chendama1024","https://pbs.twimg.com/profile_images/1864478673023479808/nzyjKBzE_400x400.jpg",""
"1718327992336736256","Hollytai.ai","hollyjefftai","Investor💼 & Entrepreneur🚀 Leading Vagabond Associates💸 & Vessel Trading🛒 Passionate about Innovation💡 & E-commerce🌐","5179","1074","2164","7145","146","","Auckland, New Zealand","","false","false","","false","false","2023-10-29 02:05:01","https://x.com/hollyjefftai","https://pbs.twimg.com/profile_images/1754475080611246081/Dsyi8hji_400x400.jpg","https://pbs.twimg.com/profile_banners/1718327992336736256/1699177744"
"11765952","Justin","interjc","🥷🏼 ENTJ-A｜程序员
🧑‍💻 @yokogaisha｜AIGC
🎓 AI 课程：https://t.co/MNSqx9ncpS
📱 Wechat：justinchencn","28887","27231","1599","64501","3367","科技","Osaka, Japan","https://interjc.net","false","true","","false","true","2008-01-03 02:38:17","https://x.com/interjc","https://pbs.twimg.com/profile_images/1791761180610211840/JrLnAGtF_400x400.jpg","https://pbs.twimg.com/profile_banners/11765952/1712804144"
"1678952680637743104","Sean","qinxin33204","builder","1438","3803","403","889","103","","","","false","false","","false","false","2023-07-12 10:21:33","https://x.com/qinxin33204","https://pbs.twimg.com/profile_images/1752649815438360576/n4a1dDxq_400x400.jpg","https://pbs.twimg.com/profile_banners/1678952680637743104/1706699002"
"180115578","Mira Murati","miramurati","Now building @thinkymachines. Previously CTO @OpenAI","326","380319","586","1909","6","","San Francisco, CA","","false","true","","false","false","2010-08-19 05:43:38","https://x.com/miramurati","https://pbs.twimg.com/profile_images/1891915096278073344/-pNYsXgr_400x400.jpg","https://pbs.twimg.com/profile_banners/180115578/1665340075"
"1723331","indigo","indigo11","Co-founder of https://t.co/WosXbyLukR / Partner of Brilliant Phoenix / ex-Weibo. Investor, Writer, Coder, Gamer & Amateur Cook. e/acc, 𝕏 is my notebook …","8352","45631","1033","14193","2727","","Canada","http://indigox.me","false","true","","false","true","2007-03-21 16:10:31","https://x.com/indigo11","https://pbs.twimg.com/profile_images/1521250220067098624/ZhlFfRWZ_400x400.png","https://pbs.twimg.com/profile_banners/1723331/1631392155"
"5967912","Tinyfool","tinyfool","Youtuber
20年老程序员，业已退休，不以写代码为主业。
不是英语老师，但开发了""英语轻松读""，做了广受好评的学习英语的视频。
心在日本，人目前在天津
Youtube：
英语学习之路 https://t.co/fY05anVN8r
胡说八道 https://t.co/FQLaNWFD5j","103697","187035","885","6022","4750","科技","Tianjin","https://codechina.org/","false","false","","false","true","2007-05-12 01:10:33","https://x.com/tinyfool","https://pbs.twimg.com/profile_images/1634730992278839297/vZg4HnAl_400x400.jpg","https://pbs.twimg.com/profile_banners/5967912/1647360059"
"22708585","DANN©","DannPetty","Design Director @HYTOPIA // Freelance Designer  // Design + Business Teacher // Video Director // Pro Surfer (Web)","52853","165179","561","69774","4755","教育","SF / SD / TN","http://designfulltime.com","false","true","","false","true","2009-03-04 08:47:31","https://x.com/DannPetty","https://pbs.twimg.com/profile_images/1601396833883922432/OxFgbD5t_400x400.jpg","https://pbs.twimg.com/profile_banners/22708585/1739465475"
"14275130","James McDonald","jamesm","Design studio @wireframe. Podcast @shape_fm. Icons @theiconicapp.","74877","100421","1883","80739","7702","UI 设计师","","https://wireframe.co","false","true","","false","true","2008-04-01 22:38:39","https://x.com/jamesm","https://pbs.twimg.com/profile_images/1989758118436167680/gceyzGim_400x400.jpg","https://pbs.twimg.com/profile_banners/14275130/1723022819"
"379879747","Alyssa X","alyssaxuu","Designer, developer, & entrepreneur. Founder of https://t.co/IzEoirH0Ht + other ventures 👩‍💻 Building my own products 💃 @women_make_","1578","42021","88","202525","93","","London, UK","http://alyssax.com","false","false","","false","true","2011-09-26 02:24:27","https://x.com/alyssaxuu","https://pbs.twimg.com/profile_images/1882162821867167744/r39aYG-R_400x400.jpg","https://pbs.twimg.com/profile_banners/379879747/1649935769"
"1457238121679302657","Colin Wu","colinwu","吴说主编  @wublockchain @wublockchain12
TG colinwu1989 欢迎交流、提供新闻线索、寻求报道，招全职 BD 和内容实习生
个人言论与任职机构无关
关注吴说，更可信赖，多语种新闻、深度、音视频等 https://t.co/Ogi9S0FyEs","7652","75203","1076","3700","774","","","","false","true","","false","true","2021-11-07 14:47:29","https://x.com/colinwu","https://pbs.twimg.com/profile_images/1521814314042073088/iHufnQKe_400x400.jpg","https://pbs.twimg.com/profile_banners/1457238121679302657/1732870774"
"2789781","xushiwei","xushiwei","Creator of XGo (https://t.co/i0rVuQXRRO) and LLGo. Our vision is to enable everyone to become a builder of the world. Qiniu Limited CEO.","1447","9022","560","552","192","","","https://xgo.dev/","false","true","","false","true","2007-03-29 12:50:07","https://x.com/xushiwei","https://pbs.twimg.com/profile_images/1923576841215905792/OAco0pZx_400x400.jpg","https://pbs.twimg.com/profile_banners/2789781/1710403962"
"2649124455","王思聪‏🔥","_Sicongwang","所有事务找小助理: @Si6399 王可可@_CoCoWang 加密:@Si6366 KIMI纪念币:@KimiMeme_VIP","233","387041","29","424","71","企业家","Tokyo-to, Japan","","false","false","","false","true","2014-06-28 13:43:34","https://x.com/_Sicongwang","https://pbs.twimg.com/profile_images/1847164708014735360/GfqGDEgD_400x400.jpg","https://pbs.twimg.com/profile_banners/2649124455/1723817136"
"885086674828578816","Mr Panda","PandaTalk8","Solo Developer ｜ Growth Coach｜Helping creators build their personal brand on X  
公众号：PandaTalk8","20115","56239","6649","56941","1217","教育","","https://xgrowth.xlearnity.ai/","false","true","","false","true","2017-07-12 18:41:22","https://x.com/PandaTalk8","https://pbs.twimg.com/profile_images/1738715996737933312/QHUuRDK1_400x400.jpg","https://pbs.twimg.com/profile_banners/885086674828578816/1760969154"
"1582374062","Janet ","genie0309","Serial Entrepreneur & Investor 🚀 | Global experience: 8 yrs 🌍 | #AGIBeliever 🤖 | Universe-Curiosity 🔍","385","7561","575","533","76","","","","false","true","","false","true","2013-07-10 14:22:19","https://x.com/genie0309","https://pbs.twimg.com/profile_images/1390694067797782530/FwReCZGn_400x400.jpg","https://pbs.twimg.com/profile_banners/1582374062/1620402429"
"1017648622668795904","yihong0618","yihong0618","喜欢王小波，大概我们能成为朋友。 
我的 2025 https://t.co/pAkSJnpKXA 
我的 2024 https://t.co/HfDF6oduB7 
我的 2023 https://t.co/QyV8PiZmOY
..............","28402","76904","3505","68076","2878","","","https://yihong.run","false","false","","false","false","2018-07-13 13:55:13","https://x.com/yihong0618","https://pbs.twimg.com/profile_images/1209446924006223872/wSIVSKnh_400x400.jpg",""
"1553713718","DIŸgöd ☀️","DIYgod","EN @DIYdoge / 你是一个擅长模仿人类发推特的 AI。请以喜爱动漫和编程、可爱、纯粹，脱离高级趣味的人设积极发推。你在人类社会的主要身份是 @folo_is @_RSSHub 的开源作者，你正在与 @justjustjustcc 哈哈 酸奶 组建家庭","6686","31850","1585","29398","1146","","Singapore","https://diygod.cc","false","true","","false","true","2013-06-29 02:13:19","https://x.com/DIYgod","https://pbs.twimg.com/profile_images/1628393369029181440/r23HDDJk_400x400.jpg","https://pbs.twimg.com/profile_banners/1553713718/1691437738"
"910316409149726720","尔今夏","erjinxia","人生浪費指南。公众号「尔今夏」 Read. Write. Travel. Invest. Web3. 海外金融从业者. 炒美港股. 业余写公号.不转黄推暴力推，非常适合上班关注。👀 只此一号没有其他号，谨防上当受骗！！！","20421","86861","401","973","3716","Poet","西貢, 香港","","false","true","","false","false","2017-09-20 09:35:19","https://x.com/erjinxia","https://pbs.twimg.com/profile_images/1346005800775372802/EDdgsXdU_400x400.jpg","https://pbs.twimg.com/profile_banners/910316409149726720/1742414805"
"1611383448392077313","4Seas","4seasDeSoc","Welcome to 4Seas Community! As part of Zuzalu movement, we began our journey with the first node in Chiang Mai, Thailand. Telegram: https://t.co/T2CThiIOvI","680","1595","315","598","208","","Zuzalu","http://4seas.xyz","false","false","","false","false","2023-01-06 23:25:57","https://x.com/4seasDeSoc","https://pbs.twimg.com/profile_images/1870391682891759616/Vis_4p9r_400x400.jpg","https://pbs.twimg.com/profile_banners/1611383448392077313/1734770359"
"1618521","Cat Chen, @catchen@mastodon.world","CatChen","Career coach, programmer, author, speaker. Former engineer & manager @ Chime, Robinhood, Facebook, Wandou Labs, Yahoo, Baidu. Career coaching available.","80475","18681","305","20","2070","社交媒体影响者","Palo Alto, CA","https://catchen.me","false","true","","false","true","2007-03-20 20:06:33","https://x.com/CatChen","https://pbs.twimg.com/profile_images/1157952088/Cat_400x400.jpg","https://pbs.twimg.com/profile_banners/1618521/1621584198"
"2730863597","Tantan Fu","luckytantanfu","I build things. 
👾 https://t.co/8pt5newmi8  Create ChatGPT App in seconds
✍️ https://t.co/WZcsFPhJzF Turn notion pages to blog, instantly
🔍 https://t.co/xMT2actRQV 🔍","2097","8429","4088","5619","312","","Sydney","http://futantan.com","false","true","","false","true","2014-08-02 00:49:26","https://x.com/luckytantanfu","https://pbs.twimg.com/profile_images/1222853545101103110/wdccma20_400x400.jpg","https://pbs.twimg.com/profile_banners/2730863597/1731113460"
"2162747077","𝗖𝘆𝗱𝗶𝗮𝗿","Cydiar404","🧑🏻‍🦯带属性浪迹互联网20年 | 202209开始创业 | 我是产品经理 · 强迫癌 | 我是设计师 · 像素眼 | 我能说5分钟脱口秀 | 绝不给SB老板打工 | 长期主义 | 利他主义 | 哆啦C梦 | 超级奶爸 | ENFJ | Cydiar.eth | Agent | RAG | Lucy","15687","57134","811","15618","2157","","✨","http://www.cydiar.com","false","true","","false","true","2013-10-29 20:19:55","https://x.com/Cydiar404","https://pbs.twimg.com/profile_images/1980204817009037312/rFrZZ8ab_400x400.jpg","https://pbs.twimg.com/profile_banners/2162747077/1761938560"
"1424168397701468166","fuxiang","fuxiangPro","Build robots & AI projects","731","8551","2978","3795","232","","Beijing","","false","true","","false","false","2021-08-08 08:40:05","https://x.com/fuxiangPro","https://pbs.twimg.com/profile_images/1646378088576749568/jQV0pTtA_400x400.jpg","https://pbs.twimg.com/profile_banners/1424168397701468166/1680745195"
"1174337335653068801","JimmyWong","thinkingjimmy","📰 https://t.co/Mmb3zwTJYr 作者
📱 https://t.co/OQY5S5l34t Builder
📚 工具产品爱好者 | Keep Building | 努力让更多的人用上 AI","331","13945","607","146","50","","","https://jimmywong.bio/","false","true","","false","true","2019-09-18 23:00:40","https://x.com/thinkingjimmy","https://pbs.twimg.com/profile_images/1174337829851107329/NOSu6Ng8_400x400.jpg",""
"1579004728817504257","Tim Bennetto","Timb03","Founder of https://t.co/KC30EUS9EP.","10094","21069","315","7958","509","","🇦🇺 Melbourne, Australia","http://timb.com","false","true","","false","true","2022-10-09 15:04:09","https://x.com/Timb03","https://pbs.twimg.com/profile_images/1579012543648919552/EXF30s6c_400x400.jpg","https://pbs.twimg.com/profile_banners/1579004728817504257/1665300204"
"19176592","XiaoPeng","PenngXiao","I build ZenUML (https://t.co/H95yTG2hnE) and https://t.co/rcP34DL4J3 for developers.

I share insights and updates about living in Australia, being developer, etc.","18685","11904","2352","18612","885","Software developer/Programmer/Software engineer","Melbourne","https://zenuml.com","false","true","","false","true","2009-01-19 15:49:49","https://x.com/PenngXiao","https://pbs.twimg.com/profile_images/1713331084501671936/h71srZkI_400x400.jpg","https://pbs.twimg.com/profile_banners/19176592/1503980442"
"132827204","winter","winter_cn","","1348","2166","370","100","14","","","","false","true","","false","false","2010-04-14 16:31:50","https://x.com/winter_cn","https://pbs.twimg.com/profile_images/1895568945857347585/7isJbeHX_400x400.jpg",""
"134448403","teenage engineering","jugendingenieur","creators of: OP-1 portable synthesizer / pocket operators / OD-11 / OP–Z  / OB–4 magic radio / TX–6 field mixer / OP–1 field","2080","56514","363","1793","170","","stockholm, sweden","https://teenage.engineering","false","true","","false","false","2010-04-18 20:58:56","https://x.com/jugendingenieur","https://pbs.twimg.com/profile_images/474179035421888512/99a9vAiW_400x400.png",""
"1137633257313382401","makotsu3","haru301439455","ポートレート撮ってます📷 よろしくお願いします！","3801","6071","1273","136574","1094","","","http://www.instagram.com/makotsu.life","false","false","","false","true","2019-06-09 16:11:19","https://x.com/haru301439455","https://pbs.twimg.com/profile_images/1477220015955152897/ncjwgFBc_400x400.jpg","https://pbs.twimg.com/profile_banners/1137633257313382401/1565370815"
"24124203","Baye","waylybaye","一个自由的程序员，以卖 App 为生。边全球旅居边创作产品。作品：熊猫吃短信、DAMA、ServerCat、OpenCat，Miley。","14497","154656","508","21567","754","","中华人民共和国","","false","true","","false","true","2009-03-13 12:05:00","https://x.com/waylybaye","https://pbs.twimg.com/profile_images/1807439424009175040/F2mBMzcN_400x400.jpg",""
"728776316808400897","Andrew Bamboo","AndrewBBoo","我讨厌东西卡在手里，希望它们脱离我自行运转。因此在做这些事情：技能产品化（独立开发），收入资产化（价值投资），想法公开化（社交媒体）","329","8820","736","1878","70","","公众号👉安小竹的自留地","","false","false","","false","false","2016-05-07 10:39:48","https://x.com/AndrewBBoo","https://pbs.twimg.com/profile_images/1712101951981412352/egla00dg_400x400.jpg",""
"4269282554","Memo AI","MemoAI_","Memo, AI 驱动的视频，语音转写文本工具。 还有自动化批量、视频 AI 总结、视频思维导图生成、AI 字幕翻译、字幕剪辑、文本字幕合成语音等能力。","1241","12727","179","88","68","科技","","https://memo.ac","false","false","","false","true","2015-11-18 00:03:31","https://x.com/MemoAI_","https://pbs.twimg.com/profile_images/1677356999095496705/Jwz7inhz_400x400.jpg","https://pbs.twimg.com/profile_banners/4269282554/1509072938"
"630587365","Bill Peebles","billpeeb","head of sora @openai 🇺🇸🇺🇸🇺🇸","451","42679","303","1861","50","","","https://wpeebles.com","false","true","","false","false","2012-07-09 06:46:18","https://x.com/billpeeb","https://pbs.twimg.com/profile_images/1973120495043354625/sTrUPHov_400x400.jpg","https://pbs.twimg.com/profile_banners/630587365/1708129985"
"1346717251165069312","Aditya Ramesh","model_mechanic","VP Worldsim @OpenAI","185","55263","494","1219","54","","","http://adityaramesh.com/","false","true","","false","true","2021-01-06 15:16:36","https://x.com/model_mechanic","https://pbs.twimg.com/profile_images/1511741618130325512/vub05U1M_400x400.png",""
"1572277146261032966","Tim Brooks","_tim_brooks","superintelligence @ Meta","138","36830","103","432","27","","San Francisco, CA","http://timothybrooks.com","false","true","","false","true","2022-09-21 01:31:07","https://x.com/_tim_brooks","https://pbs.twimg.com/profile_images/1704340981611724800/AfUPQ0qI_400x400.jpg","https://pbs.twimg.com/profile_banners/1572277146261032966/1696500277"
"1728481676567953408","小朴在做独立开发","leohuntercn","👨‍💻独立开发者｜INFJ 记录独立开发出海流水账； 不定期分享社媒增长经验心得； 偶尔分享个人生活；本人言论保鲜期为72小时，过期视为放屁处理😜","1572","7394","292","1462","98","","Shanghai","","false","false","","false","true","2023-11-26 02:32:19","https://x.com/leohuntercn","https://pbs.twimg.com/profile_images/1755259774944661504/JW0EpzVv_400x400.jpg","https://pbs.twimg.com/profile_banners/1728481676567953408/1705851148"
"1497509100963627010","Alvin-GenAI","AlvinWeb3","Incubating a vertical agentic AI app, enterprise AI consultant | TMT veteran 20+ years | ex-Alibaba Group VP | Aspen Institute Global Leadership Network","3058","1988","1372","7720","226","企业家","","http://app.vitally-ai.com","false","true","","false","true","2022-02-26 17:49:38","https://x.com/AlvinWeb3","https://pbs.twimg.com/profile_images/1707970971485995009/8o5u3Lig_400x400.jpg","https://pbs.twimg.com/profile_banners/1497509100963627010/1716851188"
"1267444107552546816","卡颂","kasong2048","🥴 裸辞前是前端｜自由职业4年
📖《React设计原理》作者","555","9424","150","98","105","","","","false","true","","false","false","2020-06-01 21:13:30","https://x.com/kasong2048","https://pbs.twimg.com/profile_images/1789164528917434368/ROeLvHcn_400x400.jpg","https://pbs.twimg.com/profile_banners/1267444107552546816/1717224909"
"2365702494","火箭君 CC","CurtisChengC","创作带来自由 | 长期的生产力相关内容作者 | 经历过度丰富 | 关注我，获得截然不同的 生活工作观点和视角。","1920","1392","1025","984","41","","","http://xlrocket.blog","false","true","","false","false","2014-02-28 22:43:16","https://x.com/CurtisChengC","https://pbs.twimg.com/profile_images/1735923539830804480/9Qc7htqb_400x400.jpg","https://pbs.twimg.com/profile_banners/2365702494/1702711457"
"7895442","Jon Yongfook","yongfook","🐻 https://t.co/KoqV5WRAhy image generation 
🐱 https://t.co/sWdLzFnryh video rendering 
🐰 https://t.co/BEjZjIEaQS data extraction 
Bootstrapping SaaS @ $77K MRR","31072","140835","1138","64226","2291","","Singapore","http://zoosaas.com","false","true","","false","false","2007-08-02 08:51:37","https://x.com/yongfook","https://pbs.twimg.com/profile_images/691543635779649536/TbHKbCCc_400x400.jpg","https://pbs.twimg.com/profile_banners/7895442/1685508518"
"340713091","Maybe","maybe","Answer tough financial questions with Maybe, an AI-native financial decision making tool that connects the dots on your data, without a CFO.","2659","12823","384","6074","209","金融科技公司","🌎","https://maybe.co","false","true","Business","false","true","2011-07-23 12:14:16","https://x.com/maybe","https://pbs.twimg.com/profile_images/1951605162759327744/RBkzGHfd_400x400.jpg","https://pbs.twimg.com/profile_banners/340713091/1753229099"
"8507392","meditic","meditic","⚡ Web / SaaS / AI / 北美SEO / 全栈开发 / 独立站出海增长 / 不卷爱好者 ✨ 部分自营产品 ⇢ https://t.co/nAUaLyDqKV https://t.co/upOdG4mJLe https://t.co/YsseVPjh9e 👻","632","4885","751","4060","172","","Vancouver, British Columbia","https://meditic.com","false","true","","false","true","2007-08-29 17:32:23","https://x.com/meditic","https://pbs.twimg.com/profile_images/1744134166252490752/QRg6Xsg6_400x400.jpg","https://pbs.twimg.com/profile_banners/8507392/1522855973"
"823092277090209793","liruifengv","liruifengv","前端/开源爱好者/喜欢摇滚乐🎸远程工作中

 @astrodotbuild 开源项目成员 

GitHub https://t.co/JLAiaeJK32 

Youtube https://t.co/VvvjD05xNI","2621","4402","1358","6448","423","","","https://liruifengv.com","false","true","","false","true","2017-01-22 16:57:46","https://x.com/liruifengv","https://pbs.twimg.com/profile_images/1575140014912000001/pMRGEcaN_400x400.jpg","https://pbs.twimg.com/profile_banners/823092277090209793/1712624299"
"1621708152445243394","Nick","nickbakeddesign","Founder https://t.co/sMzgj3dYaK | ex @Meta | Let’s talk https://t.co/M3sf7NvdON | https://t.co/uJ85osGH5W | https://t.co/80TlhFDlMu","27086","47366","2382","72187","3427","专业服务","baked.design","http://baked.design","false","true","","false","false","2023-02-04 11:12:18","https://x.com/nickbakeddesign","https://pbs.twimg.com/profile_images/1904779615643852802/1h0p7NX__400x400.jpg","https://pbs.twimg.com/profile_banners/1621708152445243394/1751464613"
"193078279","Li | Design for Startups","lizengco","Helping founders to launch brand & build delightful UX at https://t.co/GVuGuO3pGx in Silicon Valley. Mom of 2 boys. Book a call https://t.co/XtQacQkyvc","7601","9486","865","7399","655","","10+ years experience ","http://news.lizeng.co","false","true","","false","true","2010-09-21 06:37:03","https://x.com/lizengco","https://pbs.twimg.com/profile_images/1975669266444951552/03z2e6o1_400x400.jpg","https://pbs.twimg.com/profile_banners/193078279/1721848824"
"23113993","Min Choi","minchoi","AI Educator. 𝕏 about AI, solutions and interesting things.  Showing how to leverage AI in practical ways for you and your business. Opinions are my own.","49498","326372","1238","49994","8080","企业家","","","false","true","","false","true","2009-03-07 04:29:30","https://x.com/minchoi","https://pbs.twimg.com/profile_images/1638359113221517312/CBZaJFyA_400x400.jpg","https://pbs.twimg.com/profile_banners/23113993/1755782143"
"783214","X","X","what's happening?!","15655","65727516","1","5980","2473","技术公司","everywhere","https://x.com","false","true","Business","false","false","2007-02-20 22:35:54","https://x.com/X","https://pbs.twimg.com/profile_images/1955359038532653056/OSHY3ewP_400x400.jpg","https://pbs.twimg.com/profile_banners/783214/1690175171"
"1599587232175849472","Perplexity","perplexity_ai","Curiosity changes everything. Download our free app on iOS, Mac, Windows, and Android: https://t.co/BBZ1kG0TVG","900","362544","66","12224","440","技术公司","San Francisco, CA","http://perplexity.ai/comet","false","true","Business","false","false","2022-12-05 10:12:13","https://x.com/perplexity_ai","https://pbs.twimg.com/profile_images/1886515713537413120/kj5NsIXW_400x400.jpg","https://pbs.twimg.com/profile_banners/1599587232175849472/1752038855"
"1637740320829087745","得否","wangdefou_dev","ENTJ，探索出海的老运营人
第一个小产品： 语音转文字工具https://t.co/yiyS2A9nI0
第二个小产品： 宠物油画定制服务https://t.co/IDpkBMVz68","1693","3259","533","4119","142","","珠海","http://www.wangdefou.com","false","true","","false","true","2023-03-20 16:58:34","https://x.com/wangdefou_dev","https://pbs.twimg.com/profile_images/1893575129038282753/rqoiJGHo_400x400.jpg","https://pbs.twimg.com/profile_banners/1637740320829087745/1710470366"
"20023478","auxten","auxten","Author of #chDB Contributor of #ClickHouse, #Jemalloc, #K8s, #Memcached, #CockroachDB, #Superset","955","1787","417","510","189","","Singapore","https://github.com/auxten","false","true","","false","true","2009-02-04 10:51:16","https://x.com/auxten","https://pbs.twimg.com/profile_images/771671894/___400x400.png","https://pbs.twimg.com/profile_banners/20023478/1683385845"
"2221837945","timtimtim.eth ꧁IP꧂","timtimtim_eth","Validator/Infra BD @storyprotocol
男的！！！！！","7412","7197","4825","28129","170","","London, England","https://www.farcaster.id/timtimtim","false","true","","false","true","2013-11-30 02:06:12","https://x.com/timtimtim_eth","https://pbs.twimg.com/profile_images/1843448891766894592/vizzJ2h4_400x400.jpg","https://pbs.twimg.com/profile_banners/2221837945/1726321248"
"825202230458347520","Moby","readyfor2025","连续创业者&产品经理。早年腾讯&360 PM。创业：①PC 2C工具产品②社交APP ③社交APP外包 ④垂类2B SAAS ⑤2G智慧城市 。间歇性抑郁，从创造中寻找多巴胺。","400","3511","468","446","21","","","","false","true","","false","true","2017-01-28 12:41:58","https://x.com/readyfor2025","https://pbs.twimg.com/profile_images/1746102064730742784/jsnSJgwq_400x400.jpg","https://pbs.twimg.com/profile_banners/825202230458347520/1705155150"
"11243542","国子","wangeguo","Free & OSS Developer | @OpenBuildxyz BuilderHero | Building @StackClass (WIP) @AmphitheatreApp @LetsDepRank & https://t.co/A9NCfFBSAE 🦀","1179","1270","653","1512","121","","Remote","https://github.com/wangeguo","false","false","","false","false","2007-12-17 11:30:26","https://x.com/wangeguo","https://pbs.twimg.com/profile_images/1756464684805550080/1q_bCFPG_400x400.jpg",""
"209495090","北火","beihuo","拆解、溯源、重构｜凡所有相，皆是虚妄","5496","15143","1270","2276","929","","California, USA","","false","true","","false","true","2010-10-29 17:11:32","https://x.com/beihuo","https://pbs.twimg.com/profile_images/1871442441250955264/ioqax73S_400x400.jpg","https://pbs.twimg.com/profile_banners/209495090/1730745738"
"770359857304043520","Charles Liu","gofurliu","One2X Cofounder & COO  https://t.co/czGPYx8EfA https://t.co/ERNyt4W4Sz @Medeo_AI
Ex-product Lead at @DoraTool & https://t.co/68ll81KpK9(acquired by Bytedance)","52","800","240","348","1","科技","World","https://charlesliuyx.github.io/","false","false","","false","false","2016-08-30 04:37:57","https://x.com/gofurliu","https://pbs.twimg.com/profile_images/1598513485523976192/KlZMsLB3_400x400.jpg",""
"967695548508590080","Lewis Owen","Lewis_Owen_","🤖AI Enthusiast, Empowering 10k+ E-commerce Stores. 
🍉Gossip & Life lover! Spreading global vibes for peace. 
🌍Follow me on this journey! 
✨ #AI tools","3660","363","371","877","597","商业和工业","US","","false","false","","false","false","2018-02-25 17:39:32","https://x.com/Lewis_Owen_","https://pbs.twimg.com/profile_images/1727226671881928704/APmvqlHV_400x400.jpg","https://pbs.twimg.com/profile_banners/967695548508590080/1700638483"
"2646904400","Elric Liu","ElricLiu_007","📖 Study in public
👉🏻 Former ByteDance","261","370","1001","128","25","","AGI","","false","true","","false","false","2014-07-15 12:42:36","https://x.com/ElricLiu_007","https://pbs.twimg.com/profile_images/488910515796598784/gYapAgVh_400x400.jpeg","https://pbs.twimg.com/profile_banners/2646904400/1405400609"
"40188441","理鱼","wwek","#公众号:流水理鱼 ，一人公司，工具+AI落地玩家","2022","578","894","149","45","","404","https://www.iamle.com","false","false","","false","false","2009-05-15 14:09:29","https://x.com/wwek","https://pbs.twimg.com/profile_images/1762760949184987136/4NylEadk_400x400.jpg",""
"2737534982","NativeScript","NativeScript","⚡Empowering JavaScript with native platform APIs ✨https://t.co/ieGqWqdJXY Best of all worlds (TypeScript, Swift, Obj-C, Kotlin, Java) @openjsf","8284","70126","1952","5631","1700","","","https://nativescript.org","false","true","Business","false","false","2014-08-17 00:02:50","https://x.com/NativeScript","https://pbs.twimg.com/profile_images/1990218640239792128/_Bvn3VEV_400x400.jpg","https://pbs.twimg.com/profile_banners/2737534982/1763340142"
"362252075","哥飞","gefei55","哥飞，出海鼓励师，SEO爱好者，Adsense玩家，出海AI工具方向创业者。
同名公众号写了五百多篇出海搞流量免费教程文章。","2372","45425","1044","777","606","科技","Guangdong","https://new.web.cafe/","false","true","","false","false","2011-08-26 10:49:30","https://x.com/gefei55","https://pbs.twimg.com/profile_images/1600285780555202560/TE8ad_yJ_400x400.jpg",""
"42352056","郭宇 guoyu.eth","turingou","Retired. 只活一次等于没活。","7504","153492","511","4172","2548","社交媒体影响者","東京 港区","https://guoyu.mirror.xyz/","false","true","","false","true","2009-05-25 12:50:07","https://x.com/turingou","https://pbs.twimg.com/profile_images/1870511184761483265/QO7R0Ow3_400x400.jpg","https://pbs.twimg.com/profile_banners/42352056/1651418512"
"1130774555490828288","Haotian | CryptoInsight","tmel0211","独立研究员| Advisor @ambergroup_io | 特约研究员 @IOSGVC｜ 硬核科普 | Previously：@peckshield | DMs for Collab｜ 社群只对推特订阅会员开放","6587","46943","2708","8975","296","","订阅专栏入口👉","https://haotiancryptoinsight.substack.com/","false","true","","false","true","2019-05-21 17:57:17","https://x.com/tmel0211","https://pbs.twimg.com/profile_images/1517412688174804993/hTfpVb8Q_400x400.jpg","https://pbs.twimg.com/profile_banners/1130774555490828288/1684997392"
"1481317303186718722","NFT⚡️Aerfa","NFT_Aerfa","SEI Alpha Caller | Founder of NFTAerfa | Web3 Space Host | WeBump中文社区","2596","29691","49","6106","551","Blockchain","Moon, PA","https://discord.gg/YNZQQztQFN","false","false","","false","true","2022-01-13 01:29:14","https://x.com/NFT_Aerfa","https://pbs.twimg.com/profile_images/1764075445379854336/YnexXgbX_400x400.jpg","https://pbs.twimg.com/profile_banners/1481317303186718722/1727457750"
"1480273866479992834","Orange(橙果GME)","orangeAIXX","日日精进    天天开心","4507","1104","6287","205548","789","购物和零售","Earth","","false","false","","false","true","2022-01-10 04:23:08","https://x.com/orangeAIXX","https://pbs.twimg.com/profile_images/1541509884637609984/ucZamTfI_400x400.jpg","https://pbs.twimg.com/profile_banners/1480273866479992834/1683191837"
"847710142548160514","独立开发者｜欧维Ove","lvloomystery","独立开发者｜内容创作者
作品：
简单设计 https://t.co/scuPe8Xw4e
Launch https://t.co/EtsmOlXd0e
SuperAcos https://t.co/HBuz8re3MP
独立开发前线 https://t.co/erSUpRs4my","1627","9240","256","1120","371","","Xi'an","https://muselink.cc/ove","false","false","","false","false","2017-03-31 15:20:22","https://x.com/lvloomystery","https://pbs.twimg.com/profile_images/1748361183965614081/9WbVKROD_400x400.png","https://pbs.twimg.com/profile_banners/847710142548160514/1689158912"
"1115261664524242944","张小吉","hixiaoji","我的一些产品 
👉 https://t.co/UJksX8YLsa 
👉 https://t.co/SRWIwGPS3l 
👉 https://t.co/0T0ppFnvjw","2210","8087","442","3326","529","","","http://bmms.me","false","true","","false","true","2019-04-08 22:34:36","https://x.com/hixiaoji","https://pbs.twimg.com/profile_images/1115262711191859202/fuKLXAiA_400x400.jpg",""
"1145073654298030085","garçon","boymolish","Designer/Stylist . Royalmercury8@gmail.com (fashion + art + film + home + music) philosopher. DM FOR PROMO","29631","75921","876","130191","13099","服装设计师","","https://www.instagram.com/maroongarcon/","false","false","","false","true","2019-06-30 04:56:48","https://x.com/boymolish","https://pbs.twimg.com/profile_images/1862198852800929792/ZMkuIU86_400x400.jpg","https://pbs.twimg.com/profile_banners/1145073654298030085/1737025636"
"146358342","Nick St. Pierre","nickfloats","Unofficial Midjourney shill. Playing with AI & sharing learnings.","17686","173283","2280","36212","4129","","NYC","http://x.com/nickfloats","false","true","","false","true","2010-05-21 14:56:13","https://x.com/nickfloats","https://pbs.twimg.com/profile_images/1617767320776052736/spbjZoLh_400x400.jpg","https://pbs.twimg.com/profile_banners/146358342/1747332576"
"1668873658927054848","luca wu","wulujia","Simple & Relax | Founder of https://t.co/Osa5e13c7n and https://t.co/bUVYBMpCrd | PM @ https://t.co/sAL4DALzKU | Investor @ https://t.co/2ZILA1ttZX","1919","11399","764","2253","323","","","","false","true","","false","false","2023-06-14 14:51:32","https://x.com/wulujia","https://pbs.twimg.com/profile_images/1848902427678019586/1gRgI5vu_400x400.jpg",""
"1130628715","十里","okooo5km","🔖 Building · Sharing 
✨ Zipic · TimeGo · KeygenGo · HiPixel · Orchard · Prism","3331","5491","728","9659","747","","5km","https://5km.studio","false","true","","false","true","2013-01-29 18:07:21","https://x.com/okooo5km","https://pbs.twimg.com/profile_images/1907070842108006400/2a9cSz5L_400x400.jpg","https://pbs.twimg.com/profile_banners/1130628715/1752132025"
"4303922387","何语晨 ｜yuchen","chenmutime","副业兜底人。等着被裁的全栈选手。","1789","2075","732","3604","50","","","","false","false","","false","true","2015-11-28 13:36:59","https://x.com/chenmutime","https://pbs.twimg.com/profile_images/1929940626617053186/B7eaJ6IU_400x400.jpg","https://pbs.twimg.com/profile_banners/4303922387/1570751799"
"1515666939238285314","独立开发者张张","container202","前端程序员｜美团骑手｜
独立开发者｜一人企业CEO｜
作品：集美美图App https://t.co/ZTBy14tc3L","372","1255","1045","655","216","","HangZhou-China","https://bento.me/zhangbing","false","false","","false","true","2022-04-17 20:22:21","https://x.com/container202","https://pbs.twimg.com/profile_images/1543118358010138625/Qe80xw1-_400x400.jpg","https://pbs.twimg.com/profile_banners/1515666939238285314/1656743063"
"4881840612","9YearFish","9yearfish","👨‍💻10 年程序员独立开发了一个小众行业的 ERP，服务国内头部商家。 

💡今年目标 2B 业务的新产品出海必须盈利（说了两年了，逃~）

🎈主要是个家庭煮夫的日常推","3617","13773","792","3331","260","","China","http://aoxiang.me","false","false","","false","true","2016-02-09 15:47:37","https://x.com/9yearfish","https://pbs.twimg.com/profile_images/1681556819104370688/nt0XztVN_400x400.jpg","https://pbs.twimg.com/profile_banners/4881840612/1689945379"
"1585882571182702592","Flux2025","okgo2023","🤖 AI Web Developer
🚀 Turning my coding passion into profit
🖥️ Crafting intelligent websites
🌍 Future digital nomad
💡 Striving for financial independence","19","149","349","4","2","","","","false","false","","false","false","2022-10-28 14:34:12","https://x.com/okgo2023","https://pbs.twimg.com/profile_images/1848032370836004864/wPEXKMSX_400x400.jpg","https://pbs.twimg.com/profile_banners/1585882571182702592/1729440228"
"1587413541945892864","东南亚熬夜的枸杞","boo_hz","🛫 一起 #出海去 成为「超级个体」 

✍️ 不逐流量 只是我的想法碎碎念：
 - 海外产品独立开发及运营增长经验
 - 生活 | 阅读 | 效率","901","2674","218","1438","195","","","","false","false","","false","true","2022-11-01 19:57:50","https://x.com/boo_hz","https://pbs.twimg.com/profile_images/1903757505593012224/rCyNaJEY_400x400.jpg","https://pbs.twimg.com/profile_banners/1587413541945892864/1710440989"
"1428694026249637891","leeduckgo.btc","0xleeduckgo","❤️web3首席情感博主❤️ | NonceGeekDAO Founder @noncegeek | Partner of BeWater @BeWaterDAO｜尺八爱好者 | All the cool projects: https://t.co/4bMuIrEaP6 ｜100k ARR","2985","1082","1778","450","320","娱乐和休闲","","https://projects.noncegeek.com","false","false","","false","false","2021-08-20 20:23:03","https://x.com/0xleeduckgo","https://pbs.twimg.com/profile_images/1428694436779728898/9Flp6KVk_400x400.jpg","https://pbs.twimg.com/profile_banners/1428694026249637891/1698974973"
"4110021","xinzhi","xinzhi","👻 #vibecoding w/ https://t.co/CODCOAWm1b 
👤 Ask AI ⇋ Notes ⇒ Projects
🤖 ↳ OpenAPIs + llms.txt ↲

Also: https://t.co/zObaQCQX64

👇 Vibe Coded Projects: https://t.co/rFndLpcQOi","11095","8533","202","11624","2532","Content Creator","xxz.cc","https://www.youtube.com/@xinzhiX","false","false","","false","true","2007-04-11 10:24:57","https://x.com/xinzhi","https://pbs.twimg.com/profile_images/1912876745574981632/FxXLZaBi_400x400.jpg","https://pbs.twimg.com/profile_banners/4110021/1697186526"
"2522806836","Cellier@undefined","cellier_","🙋 Ping++, Qiniu, Teambition, Bytedance (Lark/Feishu), Undefined, Zoom  
💼 SaaS 产品&设计 11 年经验  
🧘 关注 AI 效率工具领域  
🔥 分享产品&设计、创业、管理、商业、人生… 深认知群体","4254","28765","399","9277","1126","科技","","","false","true","","false","true","2014-05-25 22:22:29","https://x.com/cellier_","https://pbs.twimg.com/profile_images/1565659600631738368/22zA-Zui_400x400.jpg","https://pbs.twimg.com/profile_banners/2522806836/1529029365"
"830696826273624064","左手墨迹","Pandazhq","历史从身边流过，梦想在远方闪光。 油管频道：左手墨迹","10907","170331","125","14158","5832","作者","United States","","false","false","","false","false","2017-02-12 16:35:31","https://x.com/Pandazhq","https://pbs.twimg.com/profile_images/872021763839803392/drXxtmlB_400x400.jpg","https://pbs.twimg.com/profile_banners/830696826273624064/1497694799"
"807935489374388224","Penny Ning","Ninsbay","Working & Living in Berlin","1884","10303","416","2051","957","","Berlin, Germany","","false","false","","false","true","2016-12-11 21:10:06","https://x.com/Ninsbay","https://pbs.twimg.com/profile_images/1415670087005003784/0xEpsISt_400x400.jpg","https://pbs.twimg.com/profile_banners/807935489374388224/1591169199"
"303858100","Udara","TGUPJ","https://t.co/ac2vRoHOFJ","2440","13640","299","29400","796","","","","false","true","","false","true","2011-05-23 22:51:10","https://x.com/TGUPJ","https://pbs.twimg.com/profile_images/1640878795719602176/8KpBD0TF_400x400.png",""
"177050667","快刀青衣","kuaidaoqingyi","好奇心爆棚的产品经理，得到联合创始人，AI 爱好者与观察者。","441","10981","590","273","116","科技","北京, 中华人民共和国","http://dedao.cn","false","false","","false","false","2010-08-11 11:30:43","https://x.com/kuaidaoqingyi","https://pbs.twimg.com/profile_images/1726157435059195904/FLpg8f8b_400x400.jpg","https://pbs.twimg.com/profile_banners/177050667/1700032561"
"881184734264479747","作业本","zuoyeben666","","741","97553","376","90","270","","","","false","true","","false","true","2017-07-02 00:16:27","https://x.com/zuoyeben666","https://pbs.twimg.com/profile_images/1583341387214307328/ZK0ZrXby_400x400.jpg",""
"1502106744230924288","Simon He","simon_he1995","👋 前端 / unocss 和 vue vine 核心成员 / webview-use 作者 / vscode 插件大师 / 造轮子专家 / 开源魔术师 / 开发效率大师 / antfu的头号粉丝 / 正在往独立开发努力中...... / 40多个vscode插件的作者","4802","3903","668","4981","589","Software developer/Programmer/Software engineer","https://github.com/Simon-He95","http://simonhe.me","false","false","","false","true","2022-03-11 10:19:01","https://x.com/simon_he1995","https://pbs.twimg.com/profile_images/1874623305803784192/8Kg2n3ls_400x400.jpg","https://pbs.twimg.com/profile_banners/1502106744230924288/1704906414"
"1724367575197659136","Devv.AI","devv_ai","Ship AI-powered products. Fast.

→ https://t.co/uL7sA5hHXB","369","4699","0","41","75","","","https://devv.ai","false","true","","false","true","2023-11-14 18:04:14","https://x.com/devv_ai","https://pbs.twimg.com/profile_images/1724369756059504640/jFp516pP_400x400.jpg","https://pbs.twimg.com/profile_banners/1724367575197659136/1738586402"
"2572621910","加元 | Jiayuan","Jiayuan_CN","Building AI | https://t.co/5j6V9c5zc4 (@devv_ai) 创始人 | Ex-TikTok","4356","98171","1051","2547","1275","商业和工业","","","false","true","","false","true","2014-06-17 17:58:47","https://x.com/Jiayuan_CN","https://pbs.twimg.com/profile_images/1967524274161487872/3ha2ag9N_400x400.jpg","https://pbs.twimg.com/profile_banners/2572621910/1738514709"
"1620964481357447170","Sean","seanjacx","A misunderstood visionary. One of two brothers behind @mymangomail","2979","972","201","6831","166","","United States","http://mymangomail.com","false","false","","false","true","2023-02-02 09:57:15","https://x.com/seanjacx","https://pbs.twimg.com/profile_images/1730355992330711040/tEmLMoqL_400x400.jpg",""
"1003840309166366721","Yi He","heyibinance","Co-Founder & Chief Customer Service Officer @Binance  
Holder of #BNB","4412","531614","1148","2222","312","企业家","Mars","http://binance.com","false","true","","false","true","2018-06-05 11:25:54","https://x.com/heyibinance","https://pbs.twimg.com/profile_images/1974520590410170369/q2Q0S0fa_400x400.jpg","https://pbs.twimg.com/profile_banners/1003840309166366721/1607445425"
"1245077804426952704","Jina AI","JinaAI_","Your Search Foundation, Supercharged!","2230","16149","1","1797","748","","Sunnyvale, CA","https://jina.ai","false","true","","false","false","2020-04-01 03:57:53","https://x.com/JinaAI_","https://pbs.twimg.com/profile_images/1684472754597142529/tyM92sRA_400x400.jpg","https://pbs.twimg.com/profile_banners/1245077804426952704/1717668915"
"1687343259759349761","柴静","Chai20230817","Chai Jing, journalist. Author of ""Under the Dome"" and ""Stranger: Talking to Jihadists."" chaijing2023@gmail.com","159","276044","67","103","59","记者","","https://youtube.com/@chaijing2023","false","true","","false","true","2023-08-04 14:03:37","https://x.com/Chai20230817","https://pbs.twimg.com/profile_images/1689425473552703489/bCVMBk_v_400x400.jpg",""
"1372033670169518082","NadiaJiang","jiangbonadia","🥑 Growth Hacker at @Ant_OSS | Board Chair of KAIYUANSHE | Builder of @ZenMuxAI @AnswerDev | Organizer of ApacheCon, OpenInfra Days, Dev.Together and KCD","552","818","361","995","178","社区","London, England","","false","true","","false","true","2021-03-17 11:55:10","https://x.com/jiangbonadia","https://pbs.twimg.com/profile_images/1826751469808476160/wThHlrTN_400x400.jpg","https://pbs.twimg.com/profile_banners/1372033670169518082/1724366537"
"18896395","大帅老猿","ezshine","边开房车边写代码走遍了中国 33 个省份，目前在清迈陪读，日常分享编程，游戏，AI，SEO，营销和生活。

🔍全网同名，个人微信@itdashuai","15564","50255","568","3213","2618","","blog ➡️","https://dashu.ai","false","true","","false","true","2009-01-12 17:29:14","https://x.com/ezshine","https://pbs.twimg.com/profile_images/687927732311863297/iJSmNFUt_400x400.jpg","https://pbs.twimg.com/profile_banners/18896395/1700505811"
"1500486837839998976","徐冲浪","cyrilxuq","美股和加密交易员
Youtube（https://t.co/TQSWom3qm9） 小隐寺·住持（https://t.co/HOBzGZibPm） 加密货币·币安（https://t.co/bTKfCX7OUY） 链上meme(https://t.co/SOYXG7dKgD)","9448","118985","2171","4121","774","","东京","https://xiaoyinsi.com","false","true","","false","true","2022-03-06 23:02:00","https://x.com/cyrilxuq","https://pbs.twimg.com/profile_images/1980239992354930688/fJCZ8isl_400x400.jpg","https://pbs.twimg.com/profile_banners/1500486837839998976/1743770815"
"920141035212124161","Journeyman","JourneymanChina","🛠  Founder https://t.co/8W09BmupVP 正在打造最好的视觉笔记软件
💰  Ex Co-Founder https://t.co/W9oZurRLgw
🤓  All In 出海  | 斜杠中年 | 分享被动收入经验","11087","40215","509","1082","3235","","Shanghai","http://noteey.com/","false","true","","false","true","2017-10-17 12:14:52","https://x.com/JourneymanChina","https://pbs.twimg.com/profile_images/1677830837134561280/zB6gCCLY_400x400.jpg",""
"854722070101360641","Zayn Hao","EryouHao","Software Engineer & Learning and building Micro-SaaS • Founder of @getgridea • Building https://t.co/cX3doZDhb5 @minttrapp","4260","14891","1668","6732","953","博客作者","MicroSaaSLabs","https://fehey.com","false","true","","false","true","2017-04-19 23:43:16","https://x.com/EryouHao","https://pbs.twimg.com/profile_images/1490844347721342981/_vcCNxRm_400x400.jpg","https://pbs.twimg.com/profile_banners/854722070101360641/1735900493"
"2721275622","拾一.ens18","__oQuery","码字码文，单身狗做一辈子 | AI Coder | INFP-T | Front-end | NestJS | React | NeoVim | NextJS | ex @xiaohongshu | All views are my own","7680","8597","952","11854","834","互联网公司","Shanghai","http://github.com/innei","false","true","","false","true","2014-08-10 18:25:01","https://x.com/__oQuery","https://pbs.twimg.com/profile_images/1642007137504329728/AdwDOnCq_400x400.jpg","https://pbs.twimg.com/profile_banners/2721275622/1683702017"
"1107290399553417217","毅鸣","Yiming4X","互联网人，AI爱好者。公众号：AI洞察笔记，微信：helper1001","88","1553","433","1963","9","科技","","","false","false","","false","true","2019-03-17 22:39:38","https://x.com/Yiming4X","https://pbs.twimg.com/profile_images/1722579951738904576/uroEb4E0_400x400.jpg","https://pbs.twimg.com/profile_banners/1107290399553417217/1699693555"
"427612058","尤雨溪","yuxiyou","@youyuxi 的中文小号。@voidzerodev 创始人，开源软件开发者，Vue / Vite 作者。此号只聊技术无关的闲话（偶尔破戒警告","1656","112722","251","1060","168","","Singapore","https://evanyou.me","false","false","","false","false","2011-12-04 03:03:55","https://x.com/yuxiyou","https://pbs.twimg.com/profile_images/1904818433897984000/0K6AhwWU_400x400.jpg","https://pbs.twimg.com/profile_banners/427612058/1652336566"
"182821975","Evan You","youyuxi","Husband / Father of two / Founder @voidzerodev / Creator @vuejs & @vite_js. Chinese-only alt: @yuxiyou","12335","296254","1819","10396","445","","Singapore","https://voidzero.dev","false","true","","false","false","2010-08-25 21:45:01","https://x.com/youyuxi","https://pbs.twimg.com/profile_images/1856284397072478208/hSEXLkPN_400x400.jpg","https://pbs.twimg.com/profile_banners/182821975/1752288337"
"1456122941192605705","0xAA","0xAA_Science","Neuroscience PhD, x402 lover @WTFAcademy_ @ourRescuETH @The_PeopleDAO ｜启程Web3，就在币安: https://t.co/k5E2804y9X ｜新人首选，安全简单。一站式链上链下交易平台OKX https://t.co/Kwxe2KTZlu","15764","167942","1466","25566","3611","科技","Dark Forest","https://wtf.academy","false","true","","false","true","2021-11-04 12:55:50","https://x.com/0xAA_Science","https://pbs.twimg.com/profile_images/1909791942961250308/nPZLMciH_400x400.jpg","https://pbs.twimg.com/profile_banners/1456122941192605705/1743759569"
"894590724322213888","Anthony Fu 🦋 @antfu.me","antfu7","Coming alive over getting ahead.","4928","58628","1293","16484","367","","","https://antfu.me","false","false","","false","false","2017-08-08 00:07:04","https://x.com/antfu7","https://pbs.twimg.com/profile_images/1980306076479201281/0WC7AqxQ_400x400.jpg","https://pbs.twimg.com/profile_banners/894590724322213888/1731082687"
"1521688129559613440","Tw93","HiTw93","Father of Pake • MiaoYan • Mole • XRender","4752","108110","300","2260","1579","","Hangzhou","https://github.com/tw93","false","true","","false","true","2022-05-04 11:08:23","https://x.com/HiTw93","https://pbs.twimg.com/profile_images/1960753219115868169/EOxKSK4w_400x400.jpg","https://pbs.twimg.com/profile_banners/1521688129559613440/1707744563"
"1265957219612258307","Yifeng Wang","ewind_dev","building design agent @lovart_ai / ex-cofounder @AffineOfficial / created https://t.co/QKc9j3nHVu / aka 雪碧","862","9103","1026","3795","245","","Singapore","https://github.com/doodlewind","false","false","","false","true","2020-05-28 18:45:06","https://x.com/ewind_dev","https://pbs.twimg.com/profile_images/1949275362262913024/r3t_A4R2_400x400.jpg","https://pbs.twimg.com/profile_banners/1265957219612258307/1592037805"
"1580781","ruanyf","ruanyf","Stay Focused, Keep Shipping. Build Early, Build Always. Improve yourself, Write solid/simple/stupid code.","4935","191163","374","13734","2957","科技","Shanghai, China","http://www.ruanyifeng.com","false","false","","false","true","2007-03-20 10:53:02","https://x.com/ruanyf","https://pbs.twimg.com/profile_images/2363795309/wbi37mdkxhr2trsr4ofa_400x400.jpeg","https://pbs.twimg.com/profile_banners/1580781/1355537048"
"3780357442","Kevin Deng 🦋 @sxzz.dev","sanxiaozhizi","Gen Z 🏳️‍🌈 • indie OSS developer sponsored by @voidzerodev • @vuejs @vite_js @vueuse @unjsio team member • 🦋 @sxzz.dev • 🐘 @sxzz@webtoo.ls","2025","8641","594","7926","212","","Internet","https://github.com/sxzz","false","false","","false","false","2015-09-26 17:01:40","https://x.com/sanxiaozhizi","https://pbs.twimg.com/profile_images/1643995933666082819/17KtONLb_400x400.jpg","https://pbs.twimg.com/profile_banners/3780357442/1755242617"
"975329340","花果山大圣","shengxj1","不爱上班的程序员, 靠谱的前端讲师， 卖课为生，前端 Web3  程序员英语 私教, 独立开发
努力做最好的程序员讲师
油管主页：https://t.co/kEcslLs1vs
加入电报群:  https://t.co/fQEVZn8uNH
合作微信：itdasheng168","11713","54217","1141","2096","2318","","Remote","https://linktr.ee/shengxj","false","true","","false","true","2012-11-28 12:19:05","https://x.com/shengxj1","https://pbs.twimg.com/profile_images/1956649801128329216/9dfodVqp_400x400.jpg","https://pbs.twimg.com/profile_banners/975329340/1700320345"
"15344831","Larry & Leo Bro - Eagle of Full Stack","xqliu","👨‍👦‍👦 双倍奶爸，双倍快乐 👨‍💻 20 年 INFP 全栈(什么都干)工程师 🐛 被代码耽误的诗人、未启程之钢琴演奏者、老去的斜杠青年 🧩 Building @nofx_ai https://t.co/56QwcNboCW open source / TG xqliu","11765","11413","2548","11449","684","","","","false","true","","false","true","2008-07-08 02:29:17","https://x.com/xqliu","https://pbs.twimg.com/profile_images/1722439920680349696/inSddMkh_400x400.jpg","https://pbs.twimg.com/profile_banners/15344831/1711041030"
"7958322","Lenny Rachitsky","lennysan","Deeply researched product, growth, and career advice","36896","276598","2613","68727","4637","","Bay Area, CA","https://linktr.ee/lennyspodcast","false","true","","false","true","2007-08-05 02:00:51","https://x.com/lennysan","https://pbs.twimg.com/profile_images/1592990461517389824/iln8hi1f_400x400.jpg","https://pbs.twimg.com/profile_banners/7958322/1561500320"
"1413340227687571456","YC (Yucheng Liu)","lyc_zh","⛴️ 为出海企业构建软基建 via #出海去 @chuhaiqu Founder
🦾 为超级团队打造数字员工 @LuciusAI_HQ Co-founder
🚀 X BoostClub 400 万推特社区 #XBC Founder
🦄 一人独角兽必将出现 
♊️ INTJ/ENTJ 左右横跳 
📍 Boston","5138","12290","1635","5485","849","社区","Boston, MA","https://regrowth.so/watchlists/x-boostclub-a044a9436ec34d399abef5042600a7d2","false","true","","false","true","2021-07-09 11:32:38","https://x.com/lyc_zh","https://pbs.twimg.com/profile_images/1964737537479512064/KXewSKLV_400x400.jpg","https://pbs.twimg.com/profile_banners/1413340227687571456/1735691977"
"1681250011487649793","奥丁","augusdinc","Rock 🎸 & Code 👨🏻‍💻
用户体验  | 出海赚美金 | AI | 科技 | 利他

克服写代码的冲动，对我们来说是一种重要的技能

https://t.co/3DYAY91THY
https://t.co/cyTDh4VCBy","1474","1487","403","715","233","","United States","https://phewtab.com/","false","false","","false","true","2023-07-18 18:30:52","https://x.com/augusdinc","https://pbs.twimg.com/profile_images/1925752290356424704/9xNj1Wtp_400x400.jpg","https://pbs.twimg.com/profile_banners/1681250011487649793/1747973810"
"13754782","XDash","XDash","《增长黑客》作者，创业者，投资者，宅男奶爸。

- Blog: https://t.co/jmc7BALd8K
- TG: https://t.co/gimLe52LoZ
- YouTube: https://t.co/nOKTkKO8Ui
- Podcast《冰镇电波》","9079","25120","43","4040","242","产品经理"," Shanghai","https://zengzhang.ai","false","true","","false","true","2008-02-21 11:48:11","https://x.com/XDash","https://pbs.twimg.com/profile_images/1835375310344527872/hQ7y7lkV_400x400.jpg","https://pbs.twimg.com/profile_banners/13754782/1399552511"
"2564903424","JoJo 99AI","99aico","Youtuber 油管：https://t.co/xKH7p4lFiI
电子报：https://t.co/yY42oCBwRt
Ai工具大全:  https://t.co/i2ioe6zrKM","6666","5464","455","1326","2245","教育","Los Angeles","","false","true","","false","true","2014-06-13 16:33:28","https://x.com/99aico","https://pbs.twimg.com/profile_images/1707091035023876096/E32L3Gu7_400x400.jpg","https://pbs.twimg.com/profile_banners/2564903424/1689726913"
"1315602897091010561","Owen","OwenYoungZh","不愿意污染推特时间轴的短想法：https://t.co/4d4SOAqXzp

博客： https://t.co/3R7OXjor1J

EN: @TheOwenYoung","858","24280","508","388","147","","","https://www.owenyoung.com/about/","false","false","","false","true","2020-10-12 18:39:22","https://x.com/OwenYoungZh","https://pbs.twimg.com/profile_images/1315603145557385216/dQFmDtsf_400x400.jpg","https://pbs.twimg.com/profile_banners/1315602897091010561/1632565739"
"38167656","Jeffery Kaneda　金田達也","JefferyTatsuya","https://t.co/XMkEfLzyoK

- https://t.co/TAbYHGeBnW (AI搜索引擎）
- https://t.co/OZfPxx93LH （企业知识引擎）

- https://t.co/eRORaOHar0 Felo字幕会议纪要","2989","18416","1398","2561","519","企业家","Tokyo","http://jeff.circleo.me","false","false","","false","true","2009-05-06 20:34:18","https://x.com/JefferyTatsuya","https://pbs.twimg.com/profile_images/1088218171083878400/cdo7t7mw_400x400.jpg",""
"1658042471379800064","FoloToy","folotoy","We are creating personalized companion AI toys for children. 🌵🌻 🧸🐼 FoloToy Store(Global free shipping): https://t.co/hspooM12X6","2246","19514","7","1617","543","","","https://folotoy.com","false","true","","false","true","2023-05-15 17:32:27","https://x.com/folotoy","https://pbs.twimg.com/profile_images/1924473389022097408/uCoFxwr8_400x400.jpg","https://pbs.twimg.com/profile_banners/1658042471379800064/1741508706"
"20571502","Jesse Lau 遁一子","jesselaunz","遁一子，a true man, free guy。油管：AIGC洞见无界播客 |在千年古籍中修心，于经典绝唱里见性。 https://t.co/dD6ecEaaH2","25150","25287","1837","12917","8650","企业家","New Zealand","https://jesselau.com/","false","true","","false","false","2009-02-11 12:38:48","https://x.com/jesselaunz","https://pbs.twimg.com/profile_images/1608599639674224641/GW8MrGWA_400x400.jpg","https://pbs.twimg.com/profile_banners/20571502/1686214232"
"732353","WaytoAGI｜通往AGI之路","WaytoAGI","🔗 Empowering more people through AI｜联结上百万人的 AI 开源社区｜https://t.co/UTIpHstWff  实现通用人工智能（AGI）也许有很长的路要走，我们的目标是让每个人的学习过程少走弯路，让更多的人因 AI 而强大。","821","15563","571","408","354","","China","http://WaytoAGI.com","false","false","","false","false","2007-01-30 21:52:36","https://x.com/WaytoAGI","https://pbs.twimg.com/profile_images/1774714687822983168/81Gqj4jj_400x400.jpg","https://pbs.twimg.com/profile_banners/732353/1689955540"
"364478145","响马","xicilion","。。。。。。","21","60559","3445","19","0","科技","","https://fibjs.org/","false","false","","false","false","2011-08-30 04:52:12","https://x.com/xicilion","https://pbs.twimg.com/profile_images/1792551913969631232/tBrYW9Vq_400x400.jpg","https://pbs.twimg.com/profile_banners/364478145/1716313835"
"3178231","宝玉","dotey","Prompt Engineer, dedicated to learning and disseminating knowledge about AI, software engineering, and engineering management.","27068","144744","1452","38056","4696","","Chicago, IL","https://baoyu.io","false","true","","false","true","2007-04-02 11:42:14","https://x.com/dotey","https://pbs.twimg.com/profile_images/561086911561736192/6_g58vEs_400x400.jpeg",""
"6690032","向阳乔木","vista8","喜欢摇滚乐、爱钓鱼的PM
网站：https://t.co/vnUpLt752o","6014","68278","1370","6745","1778","科技","Beijing","","false","true","","false","true","2007-06-09 13:48:52","https://x.com/vista8","https://pbs.twimg.com/profile_images/1960882043249942533/h4J39ERy_400x400.jpg","https://pbs.twimg.com/profile_banners/6690032/1681134125"
"2723909239","JustZht","JustZht","🤔 | SwiftUI at  | used to be an indie dev | 碎碎念 | private @_justzht","4747","5455","1808","27530","712","","","https://fincher.im","false","false","","false","true","2014-08-11 20:43:06","https://x.com/JustZht","https://pbs.twimg.com/profile_images/1457510106979966977/GvDhI2rH_400x400.jpg","https://pbs.twimg.com/profile_banners/2723909239/1680670693"
"296593919","Viking","vikingmute","独立开发者 自由职业
作品 - 简单简历 https://t.co/xMu5JFIGnr 五分钟打造程序员的金牌简历

课程 - 慕课网精英讲师 https://t.co/NTyFFrvHwL

经历 - 不上班的1000天 https://t.co/bonuLQCCsY

视频 - https://t.co/aQYLgujIyC","2585","59817","280","737","1283","","Shanghai","http://vikingz.me","false","true","","false","true","2011-05-11 10:08:52","https://x.com/vikingmute","https://pbs.twimg.com/profile_images/725179208528322560/TPjU7qop_400x400.jpg","https://pbs.twimg.com/profile_banners/296593919/1461731223"
"983361642359439361","Tiger Chen & 前端之虎陈随易","chenbimo","标签：农村程序员，独立开发者，前端之虎
网站：https://t.co/885UEBTrFu
开源：https://t.co/yUH6NeljXg
作品：https://t.co/wpcqk1FlPw - VSCode编程神器fnMap(函数地图)","5649","8959","963","883","737","科技","hunan ","https://chensuiyi.me","false","true","","false","true","2018-04-09 23:11:00","https://x.com/chenbimo","https://pbs.twimg.com/profile_images/1113275680639180800/OxDOCjLk_400x400.png","https://pbs.twimg.com/profile_banners/983361642359439361/1701223973"
"2524054428","Luo说不啰嗦","LuoSays","一个挑战者。
一个清醒的普通人。
一个精致的利他主义者。  
一个体面而克制的效率玩家。  
一个自洽并多线运转的行动主义者。  
一个情绪节能却成果过载的连续创业者。

Portfolio: GNGM, HeyForm, @chuhaiqu @LuoSuno","13299","29953","671","8547","861","科技","Estonia","https://luosays.com","false","true","","false","true","2014-05-26 11:49:28","https://x.com/LuoSays","https://pbs.twimg.com/profile_images/1735526136405434368/CgtbRyhq_400x400.jpg","https://pbs.twimg.com/profile_banners/2524054428/1745211558"
"1645340482061631491","老蛮频道","laomanpindao","数据在手，天下我有！
油管号也是“老蛮频道”。","10354","316723","444","75","1757","社交媒体影响者","","","false","true","","false","true","2023-04-10 16:18:59","https://x.com/laomanpindao","https://pbs.twimg.com/profile_images/1658285496731340801/LVwKwyad_400x400.jpg",""
"1141738094485315584","Rainier","mtrainier2020","Cogito, ergo sum","11566","138424","999","6746","2322","科技","Seattle","","false","true","","false","true","2019-06-21 00:02:28","https://x.com/mtrainier2020","https://pbs.twimg.com/profile_images/1904800624769982465/iRK-BnOh_400x400.jpg","https://pbs.twimg.com/profile_banners/1141738094485315584/1614971352"
"64662332","阑夕","foxshuo","说什么是你的自由，做什么是我的权利，如果我做的得不到你的赞同，那就对了，否则我将与你一样平淡无奇。","1944","172689","784","13948","645","科技","中国","","false","true","","false","true","2009-08-11 16:23:02","https://x.com/foxshuo","https://pbs.twimg.com/profile_images/1550395556685819910/qnbrCfBf_400x400.jpg","https://pbs.twimg.com/profile_banners/64662332/1427376009"
"1319036828964454402","Community Notes","CommunityNotes","Empowering users to create a better-informed world.

We're open source and data is publicly available: https://t.co/Te3IjR10Ix

Q? Reply/DM","463","1177019","0","221","111","","","https://x.com/HelpfulNotes","false","true","Business","false","true","2020-10-22 06:04:47","https://x.com/CommunityNotes","https://pbs.twimg.com/profile_images/1685001119934607360/Dh2Z7jCt_400x400.png","https://pbs.twimg.com/profile_banners/1319036828964454402/1690212143"
"44196397","Elon Musk","elonmusk","","89427","229229732","1227","183551","4236","","","","false","true","","false","false","2009-06-03 04:12:29","https://x.com/elonmusk","https://pbs.twimg.com/profile_images/1983681414370619392/oTT3nm5Z_400x400.jpg","https://pbs.twimg.com/profile_banners/44196397/1739948056"
