﻿"User ID","Name","Username","Bio","Tweets Count","Followers Count","Following Count","Favourites Count","Media Count","Professional","Location","Website","Verified","Is Blue Verified","Verified Type","Protected","Can DM","Created At","Profile URL","Avatar URL","Profile Banner URL"
"720870363601592320","峰哥亡命天涯","zlf86","","53","58155","14","5","10","","","","false","false","","false","false","2016-04-15 15:04:22","https://x.com/zlf86","https://pbs.twimg.com/profile_images/1376600722452611074/y6fWOjLi_400x400.jpg",""
"1273242857113976832","Roufu","roufengzhifu","在深思熟虑之后，我选择了那条不安全的道路，去追随我内心的热情。我为那个决定感到骄傲。
对待生命你不妨大胆一点，好歹你会失去它！🙏🙏🙏","15455","23144","989","16202","744","","Johor Bahru","","false","false","","false","true","2020-06-17 21:16:32","https://x.com/roufengzhifu","https://pbs.twimg.com/profile_images/1889596381754703872/rU29ot0N_400x400.jpg","https://pbs.twimg.com/profile_banners/1273242857113976832/1616836740"
"116355740","九原客","9hills","喜欢一切美好的事物。目前聚焦在大模型领域。","5241","22635","1027","3326","369","软件应用程序","北京, 中华人民共和国","https://ninehills.tech/","false","true","","false","true","2010-02-22 12:48:14","https://x.com/9hills","https://pbs.twimg.com/profile_images/1509120377816969223/qzJBlcuS_400x400.jpg",""
"2183277272","亮子纠缠AI","ailiangzi","写作第一
https://t.co/LnHLIWtdM2 大蓝书","3774","18877","2785","5042","665","","Beijing","","false","false","","false","false","2013-11-09 08:36:25","https://x.com/ailiangzi","https://pbs.twimg.com/profile_images/1172408556424839169/lIF-hmiN_400x400.jpg","https://pbs.twimg.com/profile_banners/2183277272/1582028354"
"1516941936971554817","杀破狼 WolfyXBT","Wolfy_XBT","数据分析｜信息整理｜全职韭菜｜兼职傻逼｜币安返佣：https://t.co/0iHUM5kFgG｜买 Memecoin 推荐使用 GMGN：https://t.co/So9qyNKHTQ","19820","820370","6839","48422","2505","","交易所返佣链接 👉","http://linktr.ee/killthewolf","false","true","","false","true","2022-04-21 08:48:42","https://x.com/Wolfy_XBT","https://pbs.twimg.com/profile_images/1680938637628944384/2FYk0Ft4_400x400.jpg","https://pbs.twimg.com/profile_banners/1516941936971554817/1734990370"
"1141738094485315584","Rainier","mtrainier2020","Cogito, ergo sum","11564","138408","997","6745","2322","科技","Seattle","","false","true","","false","true","2019-06-21 00:02:28","https://x.com/mtrainier2020","https://pbs.twimg.com/profile_images/1904800624769982465/iRK-BnOh_400x400.jpg","https://pbs.twimg.com/profile_banners/1141738094485315584/1614971352"
"1938963008","Dr.Wang","HotmailfromSH","荣格信徒；医学科普&原研药专业解决方案~","56613","147431","831","160147","4983","医疗和保健","Thailand","","false","true","","false","true","2013-10-06 06:00:24","https://x.com/HotmailfromSH","https://pbs.twimg.com/profile_images/1826341547211980807/ijybUGyB_400x400.jpg","https://pbs.twimg.com/profile_banners/1938963008/1724268730"
"1452169962286637059","DinoDeer","xDinoDeer","古典互联网从业者，广告爱好者，接地气的生意人。 Less code more money.","9202","23268","1130","3678","435","科技","Los Angeles, CA","https://upup.news","false","true","","false","true","2021-10-24 15:08:07","https://x.com/xDinoDeer","https://pbs.twimg.com/profile_images/1575140129152172038/yIfOXtw2_400x400.jpg","https://pbs.twimg.com/profile_banners/1452169962286637059/1728353112"
"451425069","海拉鲁编程客","hylarucoder","🖥️ Indie Maker
🛠️ 星球「海哥和他的小伙伴们」
📌 油管「海拉鲁编程客」
 🌸 沦为程序员的段子手/猫咪","14529","18958","1023","3798","1720","科技","👉","https://discord.gg/QpUU4ayM2m","false","true","","false","true","2011-12-31 20:37:37","https://x.com/hylarucoder","https://pbs.twimg.com/profile_images/1725593465/1e73398765998062c75cc3f6____400x400.jpg","https://pbs.twimg.com/profile_banners/451425069/1581146904"
"1606846015944159233","Haoshan Hong","HroyhongHong","","2186","11082","428","2640","218","","","http://hhsblog.me","false","true","","false","true","2022-12-25 10:55:36","https://x.com/HroyhongHong","https://pbs.twimg.com/profile_images/1949090810190057472/RtGzFZRs_400x400.jpg","https://pbs.twimg.com/profile_banners/1606846015944159233/1726501127"
"3003486236","banboo","xbanboo","随便活着。","8450","38815","605","11881","1438","","Dali","","false","true","","false","true","2015-01-30 21:26:34","https://x.com/xbanboo","https://pbs.twimg.com/profile_images/1957642877254914048/VWg-Vtj__400x400.jpg","https://pbs.twimg.com/profile_banners/3003486236/1746461793"
"452072245","铁锤人","lxfater","我在用 AI 协助我创业，赚钱，走向自由
我的录屏软件  https://t.co/S9MMiRiy7L
github 维护 3w star 项目：https://t.co/ytvQf2mtZO","9836","50208","1109","5515","1005","社交媒体影响者","我的所有信息-》》","https://www.lxfater.com","false","true","","false","true","2012-01-01 19:26:00","https://x.com/lxfater","https://pbs.twimg.com/profile_images/1723719195995807744/9JIAjVJr_400x400.jpg","https://pbs.twimg.com/profile_banners/452072245/1762837704"
"1928711169419956224","Jason Zhu","GoSailGlobal","独立开发，AI SaaS出海， AI价值内容分享 — 让AI工具就像积木一样构建产品，拼出无限可能！👉🏻 https://t.co/BDEkVzvki1","2421","7599","1497","4263","335","","china","","false","true","","false","false","2025-05-31 15:13:12","https://x.com/GoSailGlobal","https://pbs.twimg.com/profile_images/1949434880959676416/GEQGVlME_400x400.jpg","https://pbs.twimg.com/profile_banners/1928711169419956224/1755945863"
"1675293528388403201","卧野","ttpp610081","区块链定投和撸空投分享，副业机会及底层方法论分享","778","75","682","521","44","金融服务","","","false","false","","false","true","2023-07-02 08:01:57","https://x.com/ttpp610081","https://pbs.twimg.com/profile_images/1968905922102595584/oTc2tj22_400x400.jpg","https://pbs.twimg.com/profile_banners/1675293528388403201/1753322232"
"3151608288","AppSail.dev","AppSaildotDEV","Build  https://t.co/6hXCeF4SjA  https://t.co/bJvmBtFnWm
🚀 X BoostClub 350w+ 社区  #XBC Partner
🏂 🏄 🛹 Lover of boards & freedom
#独立开发者 #港卡 #汇丰卓越  #资金回国
付费咨询请私信","4439","10592","1214","5518","267","科技","Singapore","https://x-boostclub.notion.site/","false","true","","false","true","2015-04-12 23:43:33","https://x.com/AppSaildotDEV","https://pbs.twimg.com/profile_images/1898997683634978816/jmJl9q7A_400x400.jpg",""
"1456803865194479622","John Soong","SolarDCcharging","F2C:  Marketing tools and platforms for blockchain (payment + rewards).","2801","740","1298","132542","168","","Newport Beach, CA","","false","true","","false","true","2021-11-06 10:01:33","https://x.com/SolarDCcharging","https://pbs.twimg.com/profile_images/1842715464054812672/rj-PJMjG_400x400.jpg","https://pbs.twimg.com/profile_banners/1456803865194479622/1749962671"
"1593547850637791233","低等生物","didengshengwu","我人虽然不怎么高级，但是底线还可以的！喜欢分享一些心理学和投资内容，欢迎交流！","5743","183166","858","3003","3068","","","","false","true","","false","true","2022-11-18 18:13:17","https://x.com/didengshengwu","https://pbs.twimg.com/profile_images/1735957716340965376/P8LprWrm_400x400.jpg","https://pbs.twimg.com/profile_banners/1593547850637791233/1745392967"
"1868655734940172288","喝杯冰茶再跑","russAI88","ex Bytedance R&D | AI  x 投资 x 认知 | learn in public |
小红书/公众号同名","2218","6456","679","922","592","","","","false","false","","false","true","2024-12-16 21:53:47","https://x.com/russAI88","https://pbs.twimg.com/profile_images/1887555644695482368/TrGWyCCd_400x400.jpg","https://pbs.twimg.com/profile_banners/1868655734940172288/1738907903"
"1891210911685459968","涵涵","mariatu590","👉揭秘你不知道的人性真相
✍🏻让你读懂人心，驾驭人性
❤专注 情感关系 价值提升 自我成长","1069","1496","8","3","1013","","","","false","false","","false","false","2025-02-17 03:40:09","https://x.com/mariatu590","https://pbs.twimg.com/profile_images/1935679222883717120/aXqmdkWh_400x400.jpg","https://pbs.twimg.com/profile_banners/1891210911685459968/1739734944"
"1930552465784700928","Mr. Chao","chaoge66678","国内初代知识博主，目前经营3家mcn机构，做自己不做算法的奴隶！
WX:D1G779
公众号:超哥本超
AI知识库:https://t.co/FiCdmx8FOB","437","60","8","13","435","","","","false","false","","false","false","2025-06-05 17:09:19","https://x.com/chaoge66678","https://pbs.twimg.com/profile_images/1930552650673922049/f414eUsu_400x400.jpg","https://pbs.twimg.com/profile_banners/1930552465784700928/1750150625"
"626153987","Crypto Mercury","BtcLwang","金鳞岂是池中物 | BTC布道者 | 财商提升 | 投资观点分享 | 戒色 | 变强  | QQ社群 1058931748","212","5354","209","36","50","社交媒体影响者","九龍城, 香港","","false","false","","false","true","2012-07-04 12:30:28","https://x.com/BtcLwang","https://pbs.twimg.com/profile_images/1959937884146085888/I0nBwVTU_400x400.jpg","https://pbs.twimg.com/profile_banners/626153987/1756120591"
"4659396199","FFEE知识分享","FFEE_2025","互联网收藏控｜数字控｜苹果控｜AI深度爱好者｜股市绿韭菜｜折腾狂魔|坚持学习｜热爱生命|热爱生活｜学习英语看世界｜","2774","8488","358","9","2104","","Earth","https://keep365.top/","false","true","","false","true","2015-12-27 12:58:12","https://x.com/FFEE_2025","https://pbs.twimg.com/profile_images/1913986821823844352/Z3XvhgXU_400x400.jpg","https://pbs.twimg.com/profile_banners/4659396199/1709421157"
"1843517613500153857","Wyey知识分享","Wangyyxyx","自媒体分析💻 | AI洞察 🤖| 国学智慧🪬每日精选知识与资源，助您认知升级，工作流咨询⬇️🔗➕V，白勿扰","523","2722","464","211","380","教育","Downey, CA","https://link3.cc/xxx633","false","false","","false","true","2024-10-08 13:04:03","https://x.com/Wangyyxyx","https://pbs.twimg.com/profile_images/1843518839725928448/TRKeW16X_400x400.jpg","https://pbs.twimg.com/profile_banners/1843517613500153857/1747034489"
"1717206292505460736","Fang知识分享","FLMdongtianfudi","📚重度修仙小说爱好者 | 🖥 网络资源收集和分享者 | 💖 资源侵权请私信 |
更多精选资源将会发布在频道中✈，欢迎加入👇
TG频道：https://t.co/uFLA61J6Tn 
资源搜索群：https://t.co/O7eEJmLlqF","2257","40670","207","8","2093","","","","false","true","","false","true","2023-10-25 23:47:52","https://x.com/FLMdongtianfudi","https://pbs.twimg.com/profile_images/1868482286121058305/kTdA4Wis_400x400.jpg","https://pbs.twimg.com/profile_banners/1717206292505460736/1745115283"
"1756226622662094848","饭团Echo","echooo_i","🌱创造是生命力的呈现 ✨AI、增长、阅读、思考","180","1113","140","961","56","科技","東京 新宿区","","false","false","","false","false","2024-02-10 16:00:55","https://x.com/echooo_i","https://pbs.twimg.com/profile_images/1772248316287582208/Li99ZXMc_400x400.jpg","https://pbs.twimg.com/profile_banners/1756226622662094848/1711374462"
"552491458","MapleShaw","msjiaozhu","👨🏻‍💻Aspiring Indie Hacker & Independent Thinker

📖公众号：DEEPMAPLE

Building👇
https://t.co/28eEVCtBMt
https://t.co/P7puTyKVx7
https://t.co/W2YK5ImJ6n","4181","18336","115","1713","690","Industrial engineer","Los Angeles, CA","","false","true","","false","true","2012-04-13 15:02:11","https://x.com/msjiaozhu","https://pbs.twimg.com/profile_images/1949085910345330688/MptgOZsj_400x400.jpg","https://pbs.twimg.com/profile_banners/552491458/1731163230"
"382673585","桃子队长","capmmk","科技改变生活！Web3 初心者","8697","22099","1320","7699","2272","科技","Japan","http://linktr.ee/ibelive","false","true","","false","true","2011-09-30 21:56:03","https://x.com/capmmk","https://pbs.twimg.com/profile_images/1450481288696107009/dWF5B1Gy_400x400.jpg","https://pbs.twimg.com/profile_banners/382673585/1715012963"
"1898712114044559360","Lucid","yi_xin32482","🚀 Frontline Programmer in the Internet Industry
🌍 Building Global Websites | Going Overseas
💡 From Employee to Independent Creator
🔥 Always on the Journey,","2536","1618","519","95","684","","加微:morgan18792","","false","true","","false","true","2025-03-09 20:27:12","https://x.com/yi_xin32482","https://pbs.twimg.com/profile_images/1964367469004673027/jecnp0FX_400x400.jpg","https://pbs.twimg.com/profile_banners/1898712114044559360/1757176687"
"1793833778458378241","果实商人","Ellen9029757317","这里贩卖“最强果实”——副业变现秘籍、冷门掘金术、AI时代生存指南！ 每周更新免费干货+密卷","484","104","118","5","301","","","","false","false","","false","false","2024-05-24 10:38:16","https://x.com/Ellen9029757317","https://pbs.twimg.com/profile_images/1927610041751969792/kSYsLyrW_400x400.jpg",""
"1854003177370128395","Rayner","raynrtheoutlier","Serial Founder | I write about startups, building, and the cost of not starting. DMs open ｜推是我发小红书的编辑器","90","569","69","106","6","企业家","","","false","true","","false","false","2024-11-06 11:29:46","https://x.com/raynrtheoutlier","https://pbs.twimg.com/profile_images/1919871947607085056/q6A4D_5t_400x400.jpg","https://pbs.twimg.com/profile_banners/1854003177370128395/1743529945"
"1708132468216487936","在悉尼和稀泥","JamesGoong","💰 上班牛马，下班副业，周末学术，闲暇咨询。边赚工资边搞钱 🚀 做过产品，踩过坑，亏过百万，也赚过📖 记录真实的赚钱过程，研究副业、出海方法，分享真实经历","3386","21628","285","6187","395","企业家","微信和社群请看链接 👉","https://linktr.ee/jamesgong","false","true","","false","true","2023-09-30 22:51:41","https://x.com/JamesGoong","https://pbs.twimg.com/profile_images/1708132603872874496/Z-Bau7vu_400x400.jpg","https://pbs.twimg.com/profile_banners/1708132468216487936/1696085717"
"1646010116624334848","WeNext(nexty.dev)","weijunext","⛵️全栈工程师，出海开发者，Next.js 手艺人 ｜
Next.js SaaS 模板：https://t.co/YzCDmGttme ｜
Nextjs 中文文档：https://t.co/Ek37EFh3tI ｜
开源：https://t.co/vMeadXy9OD","1520","13533","1113","1120","347","科技","Singapore","https://bento.me/weijunext","false","true","","false","true","2023-04-12 12:39:37","https://x.com/weijunext","https://pbs.twimg.com/profile_images/1752225823644413952/xqXypTHQ_400x400.jpg","https://pbs.twimg.com/profile_banners/1646010116624334848/1690107043"
"1830880351801221120","凡人小北","frxiaobei","行道途中。非求速成，惟求通达。
2023 年扎进AI ，打通Know-How，不少赚钱项目，踩过坑，也见过光。
围城里待得够久了，出来聊聊世界，聊聊技术、聊聊赚钱。","3831","19046","351","4587","224","","vx/WeChat: frxiaobei","https://www.frxiaobei.com/","false","true","","false","true","2024-09-03 16:08:10","https://x.com/frxiaobei","https://pbs.twimg.com/profile_images/1916849689783402496/DC10b7O3_400x400.jpg","https://pbs.twimg.com/profile_banners/1830880351801221120/1728362842"
"259611996","Bear Liu","bearbig","Product Designer, 10 year+ podcaster and author of 2 books. Love things around design, tech and productivity, making JAM at https://t.co/ZhUT9zdkzg 🍯","17974","108908","2600","5180","6410","产品设计师","Free newsletter  👉","https://bear.academy","false","true","","false","true","2011-03-02 14:53:54","https://x.com/bearbig","https://pbs.twimg.com/profile_images/803996540696084480/Z-uk8--s_400x400.jpg","https://pbs.twimg.com/profile_banners/259611996/1746610243"
"1745528837088161792","出海去孵化器","chuhaiqu","⛴️#出海去 帮助一人企业做好出海增长

我们是一个赋能独立创客、一人公司和小微团队的新型社区孵化器，帮独立创客打造全球化一人公司。

📖会员(课程): https://t.co/YLAkpwse6m
🚀加速营(孵化): https://t.co/4KVsRFIwZG
🗣️微信听友群: https://t.co/APS8qLRgMr
🔍公众号/视频号/小宇宙/即刻: 同名","2305","13331","343","1451","834","专业服务","🔗 更多详情见官网","https://chuhaiqu.club","false","true","","false","true","2024-01-12 03:31:25","https://x.com/chuhaiqu","https://pbs.twimg.com/profile_images/1803421997063438337/wqT7zWXC_400x400.jpg","https://pbs.twimg.com/profile_banners/1745528837088161792/1720877883"
"2262723812","ahhhhfs","abskoop","❤️虚假推友🫶🫰😘💕 收集分享各种互联网垃圾｜投稿侵权请私信｜谢谢不接推｜TG频道订阅更新:https://t.co/OmSvNms9yl ｜小号:@ahhhhfs l🔔重复刷无相关评论会被拉黑｜链接打不开用Chrome浏览器，不要用国产浏览器","59002","731368","1203","26149","22880","科技","有空翻翻👉","https://dizhi.abskoop.com/","false","true","","false","true","2013-12-26 19:26:41","https://x.com/abskoop","https://pbs.twimg.com/profile_images/1429676617329119233/C_U_KwBv_400x400.jpg","https://pbs.twimg.com/profile_banners/2262723812/1629809938"
"1850452841925861376","小年","XiaoNianTalk","自媒体干货+碎碎念","3400","14196","421","2197","341","教育","V：xiaonianpyq","https://www.xiaohongshu.com/user/profile/5dd6bf6600000000010064a3","false","true","","false","true","2024-10-27 16:22:05","https://x.com/XiaoNianTalk","https://pbs.twimg.com/profile_images/1888771094670151680/OxhjIgQX_400x400.jpg",""
"1753207569865482240","A股擒牛小财神🚀","jane8889_","专注于A股市场｜投资者教育｜科普正统技术分析｜在股市中修行｜1v1教学 电报私信❤️｜⬇️免责声明：所有推文观点仅代表个人，不作任何投资建议，据此操作，风险自负。","2019","7927","12","337","1088","金融服务","Hong Kong","https://t.me/qnxcs","false","true","","false","true","2024-02-02 08:04:11","https://x.com/jane8889_","https://pbs.twimg.com/profile_images/1987029815048945664/clHfV31f_400x400.jpg","https://pbs.twimg.com/profile_banners/1753207569865482240/1762579819"
"1239436070292320257","铁手","0427SMtieshou","日精进，得开悟。","5758","69084","1018","17584","1125","","","","false","true","","false","true","2020-03-16 14:19:34","https://x.com/0427SMtieshou","https://pbs.twimg.com/profile_images/1789838049024839680/vHqASedi_400x400.jpg",""
"18896395","大帅老猿","ezshine","边开房车边写代码走遍了中国 33 个省份，目前在清迈陪读，日常分享编程，游戏，AI，SEO，营销和生活。

🔍全网同名，个人微信@itdashuai","15527","50052","515","3206","2602","","blog ➡️","https://dashu.ai","false","true","","false","true","2009-01-12 17:29:14","https://x.com/ezshine","https://pbs.twimg.com/profile_images/687927732311863297/iJSmNFUt_400x400.jpg","https://pbs.twimg.com/profile_banners/18896395/1700505811"
"1562991647666737152","鱼仔","ExpLang_Cn","「聚势谋远，富能共生」","392","22954","49","903","59","科技","微信 zsalangya","","false","true","","false","true","2022-08-26 10:33:49","https://x.com/ExpLang_Cn","https://pbs.twimg.com/profile_images/1853126728136507392/SkfgQXdc_400x400.jpg","https://pbs.twimg.com/profile_banners/1562991647666737152/1750596422"
"340107534","Alexander","duanhjlt","有人冒充我，我还没法举报～ ｜ 让好奇心永远在线","5715","16360","794","527","3146","科技","Beijing👉","https://bento.me/duanhjlt","false","false","","false","true","2011-07-22 12:31:23","https://x.com/duanhjlt","https://pbs.twimg.com/profile_images/1972814827749011456/IuCjwNAm_400x400.jpg","https://pbs.twimg.com/profile_banners/340107534/1744285074"
"1744205257125634048","老安-【专注出海项目】","chaogewc","🌍 稳定出海变现项目，自营项目
🔥 签合同，包落地，有保障，有实力！
✈️ https://t.co/YCDgiX4pUG
🛰 sf73739","2671","20319","75","106","2319","企业家","","https://jxxow1l399a.feishu.cn/docx/AGLWd4DkfoVZL9xH2eHcL2Z3n0b","false","false","","false","false","2024-01-08 11:52:00","https://x.com/chaogewc","https://pbs.twimg.com/profile_images/1972538789466943488/V19KufJI_400x400.png","https://pbs.twimg.com/profile_banners/1744205257125634048/1762186825"
"1529821061411246081","Olivert","indiehackercase","数据分析师，分享AI自媒体搞钱副业，只做线上项目。资源分享：https://t.co/RDR5wnZMXQ 雅思词汇解读：https://t.co/0LwWCC8dWU，最近在学加密Crypto","6594","27061","3912","375","1615","","","","false","false","","false","false","2022-05-26 21:45:58","https://x.com/indiehackercase","https://pbs.twimg.com/profile_images/1977258121816162304/1hNmA_d8_400x400.jpg","https://pbs.twimg.com/profile_banners/1529821061411246081/1704296957"
"720534949133230080","Eric 在搞钱","shizhiang1","商业+编码=成功","6161","35385","1331","2779","1557","","","","false","true","","false","true","2016-04-14 16:51:33","https://x.com/shizhiang1","https://pbs.twimg.com/profile_images/1897607335172030464/1eWUpif1_400x400.jpg","https://pbs.twimg.com/profile_banners/720534949133230080/1742374273"
"1654774887251329024","白骏知识分享","cj3214567667","❤️分享各种好用的效率工具和AI  
💼互联网运营项目负责人
📄不定时分享|运营案例 
✨深度思考，用大脑撬动世界
↓各类学习资料，免费分享↓","4981","57760","758","648","3583","","","https://qcnifjtytj3j.feishu.cn/wiki/LrV0wFFHPiHk7wkSjGHc6qK4n1q?from=from_copylink","false","true","","false","false","2023-05-06 17:07:45","https://x.com/cj3214567667","https://pbs.twimg.com/profile_images/1808032405116407811/4iIJMgZB_400x400.jpg","https://pbs.twimg.com/profile_banners/1654774887251329024/1719903493"
"1664104128694599686","饼弟","jiamibingdi","大家好，我是饼弟/老韭菜/技术菜/逼逼赖赖/正在进入 AI 新时代/币安、欧易、Bitget 高返佣注册链接🔗 https://t.co/6P39JxH5YL 机场在下方","304","3431","553","2477","207","","Hong Kong","https://dyvpn.github.io/dy/invite_code.html?invite_code=7i6b","false","false","","false","true","2023-06-01 10:58:52","https://x.com/jiamibingdi","https://pbs.twimg.com/profile_images/1664144053984985090/OaufQyl1_400x400.jpg","https://pbs.twimg.com/profile_banners/1664104128694599686/1685589700"
"1390560341227020291","HongKongDoll","MyHongKongDoll","NOT A KOL","2853","1645828","376","2323","476","","","","false","true","","false","false","2021-05-07 14:53:28","https://x.com/MyHongKongDoll","https://pbs.twimg.com/profile_images/1894421436774707200/nFcN53F2_400x400.jpg",""
"168139512","Geek","geekbb","🧠在家居士 | 🥦素食者 | 🏃🏻马拉松爱好者 | 💰省钱小能手 | 搭🪜技术资深学者 | 👨‍💻科技宅 | 🆕更新狂 | 🆅 六边型战五渣","23767","99636","393","16467","6146","科技","火星","https://www.igeekbb.com","false","false","","false","true","2010-07-18 22:10:39","https://x.com/geekbb","https://pbs.twimg.com/profile_images/1644898947272671233/7959WGOK_400x400.jpg","https://pbs.twimg.com/profile_banners/168139512/1689476157"
"1727548535816724480","meng shao","shao__meng","邵猛，中年失业程序员 😂

专注 - Context Engineering, AI Agents.
分享 - AI papers, apps and OSS.

ex Microsoft MVP

合作 - 私信/邮箱：shaomeng@outlook.com

📢 公众号/小红书: AI 启蒙小伙伴","11132","20020","1093","56423","5567","科技","","https://x.com/shao__meng/status/1958758580347445703","false","true","","false","true","2023-11-23 12:44:15","https://x.com/shao__meng","https://pbs.twimg.com/profile_images/1764498070841233408/qeTwfeW8_400x400.jpg","https://pbs.twimg.com/profile_banners/1727548535816724480/1726640651"
"1718896922277314560","熠辉 Indie","yihui_indie","我的AI编程课(https://t.co/HVZn3ItASW) |B站up主 | 分享创造 + 无限迭代ing","4356","38731","720","2758","1036","","Hong Kong","https://happyaicoding.com","false","true","","false","true","2023-10-30 15:45:42","https://x.com/yihui_indie","https://pbs.twimg.com/profile_images/1804848821702377472/fSfFlGTf_400x400.jpg","https://pbs.twimg.com/profile_banners/1718896922277314560/1753789761"
"1164388321545449472","卫斯理","imwsl90","程序员/产品经理/销售/中年已婚带2娃

- 互联网、编程、AI、情感、历史、八卦

TG: https://t.co/qhzcXic3G8

X增长陪跑服务，请TG联系！

VPS: https://t.co/MUq5TvH5p2
魔法：https://t.co/B5SfJ7LlqH","73266","78722","7436","44155","12374","科技","V: wesley6020","https://imwsl.com","false","true","","false","true","2019-08-22 12:06:29","https://x.com/imwsl90","https://pbs.twimg.com/profile_images/1770626410606141440/HFy0Ibg3_400x400.jpg",""
"751665353625776129","OōEli.eth","ooeli_eth","美股｜标普500 & 纳斯达克｜投资理财常识｜读书和学习分享｜學思集｜小红书号ooeli_eth｜私信解答¥25/问题｜1v1投资辅导¥199/次","7759","66803","421","6218","1695","","","","false","true","","false","true","2016-07-09 14:32:40","https://x.com/ooeli_eth","https://pbs.twimg.com/profile_images/1490937705995276288/BckjXqU0_400x400.jpg","https://pbs.twimg.com/profile_banners/751665353625776129/1725770907"
"851054131418505216","柴郡🔔｜Crypto+AI Plus","0xCheshire","比特币至少还有10倍上涨空间，这意味着它会到达100万美元 #DYOR 

交流群：https://t.co/lkMXOPWONd

#Binance 近3亿用户共同选择，出入金安全：https://t.co/WIPio1MiCP

#OKX 专属邀请：https://t.co/IspkjNJMTs","41355","140191","1013","25697","17873","","点击开始购买你人生第一枚比特币（保姆级教程）👉","https://0xcheshire.gitbook.io/web3/","false","true","","false","true","2017-04-09 20:48:11","https://x.com/0xCheshire","https://pbs.twimg.com/profile_images/1843286202528796673/PUyK9V4D_400x400.jpg","https://pbs.twimg.com/profile_banners/851054131418505216/1728312486"
"1059638356609396736","外汇交易员","myfxtrader","盯紧市场，把握时机。理性客观，利益永恒。","42345","370073","480","7367","12810","金融服务","Hong Kong","","false","true","","false","true","2018-11-06 10:47:26","https://x.com/myfxtrader","https://pbs.twimg.com/profile_images/1230373331724947458/8LlXOtfV_400x400.jpg","https://pbs.twimg.com/profile_banners/1059638356609396736/1582338929"
"20588970","倪爽","nishuang","倪爽，设计顾问。 超过 20 年经验资深设计师，在美国运营 Honest Dot Design / 倪爽设计工作室，为中国及北美企业提供品牌营销设计、UX 设计两类设计咨询服务","42113","100977","803","22000","15507","","United States","https://nishuang.net/","false","true","","false","true","2009-02-11 21:17:01","https://x.com/nishuang","https://pbs.twimg.com/profile_images/1615204555/bg_green_300x300_400x400.jpg","https://pbs.twimg.com/profile_banners/20588970/1720543960"
"2162747077","𝗖𝘆𝗱𝗶𝗮𝗿","Cydiar404","🧑🏻‍🦯带属性浪迹互联网20年 | 202209开始创业 | 我是产品经理 · 强迫癌 | 我是设计师 · 像素眼 | 我能说5分钟脱口秀 | 绝不给SB老板打工 | 长期主义 | 利他主义 | 哆啦C梦 | 超级奶爸 | ENFJ | Cydiar.eth | Agent | RAG | Lucy","15670","57127","808","15590","2155","","✨","http://www.cydiar.com","false","true","","false","true","2013-10-29 20:19:55","https://x.com/Cydiar404","https://pbs.twimg.com/profile_images/1980204817009037312/rFrZZ8ab_400x400.jpg","https://pbs.twimg.com/profile_banners/2162747077/1761938560"
"75947931","Jeff Li","jefflijun","▶ YouTuber: 隐枫视野；Financial Times: https://t.co/JeKZGMr6cp","12297","59354","441","2218","6645","社交媒体影响者","Toronto, Ontario","http://youtube.com/@JeffTechView","false","true","","false","true","2009-09-21 11:26:28","https://x.com/jefflijun","https://pbs.twimg.com/profile_images/1937695131550744576/GBXTOHJZ_400x400.jpg","https://pbs.twimg.com/profile_banners/75947931/1653007382"
"1296847058586890241","汗青 HQ","hq4ai","AIGC | Arts | AI-IP creation | Virtual Idols | AI Interactive Storytelling | Japan | https://t.co/aiF6whMY1j | https://t.co/4bDfMXETFT |","1898","33157","585","3014","599","科技","Tokyo-to, Japan","http://youtube.com/@AITalk4","false","true","","false","true","2020-08-22 00:30:17","https://x.com/hq4ai","https://pbs.twimg.com/profile_images/1934920592987496448/Rdeuz225_400x400.jpg","https://pbs.twimg.com/profile_banners/1296847058586890241/1758645464"
"885086674828578816","Mr Panda","PandaTalk8","Solo Developer ｜ Growth Coach｜Helping creators build their personal brand on X  
公众号：PandaTalk8","20031","56164","6645","56792","1215","教育","","https://xgrowth.xlearnity.ai/","false","true","","false","true","2017-07-12 18:41:22","https://x.com/PandaTalk8","https://pbs.twimg.com/profile_images/1738715996737933312/QHUuRDK1_400x400.jpg","https://pbs.twimg.com/profile_banners/885086674828578816/1760969154"
"1535166019978768384","AIGCLINK","aigclink","致力于让每个想拥抱AI的人都能找到适合自己的AI产品，助力企业定制AIGC应用","4567","30949","1122","663","3349","科技","","http://d.aigclink.ai","false","true","","false","true","2022-06-10 15:44:54","https://x.com/aigclink","https://pbs.twimg.com/profile_images/1729450995850027008/gllXr6bh_400x400.jpg",""
"1478042617958912005","知识分享官","knowledgefxg","热爱知识，没事分享点有趣硬核的东西,包含英语学习，AI编程，科技软件，资源网站等等。来都来了，点点关注😘。 合作请DM私信。","7811","192972","1562","38590","2637","科技","","https://en.knowledgefxg.com/","false","true","","false","true","2022-01-04 00:39:09","https://x.com/knowledgefxg","https://pbs.twimg.com/profile_images/1485604570898526208/Bfi12r9h_400x400.jpg","https://pbs.twimg.com/profile_banners/1478042617958912005/1738162096"
"1810631385616691200","Zane Wynn","ZaneWynn_SEO","📈 谷歌SEO & 运营小咖
💼  副业 & 出海 & 泛投资
🚀 从0-1实现站点月流量千万
📑 投资/负责几个Google站点
📧 zanewynn.wan@gmail.com","350","8570","148","267","166","","","","false","true","","false","true","2024-07-09 19:05:50","https://x.com/ZaneWynn_SEO","https://pbs.twimg.com/profile_images/1856539547838062593/FxM6aZY5_400x400.jpg","https://pbs.twimg.com/profile_banners/1810631385616691200/1732247170"
"806464682823282688","Tom Huang","tuturetom","Building the open-source agentic workspace for Human-AI collaboration → https://t.co/i68tK8Smms, ex @tiktok_us","8749","30322","6401","8599","2498","","","https://www.refly.ai","false","true","","false","true","2016-12-07 19:45:38","https://x.com/tuturetom","https://pbs.twimg.com/profile_images/1033199673035522048/WI-JLSAc_400x400.jpg","https://pbs.twimg.com/profile_banners/806464682823282688/1754537357"
"709787332254117888","howie.serious","howie_serious","purity of thought. be exactly who you are : just a serious man. 思想纯净，做好自己：严肃对待自己的兴趣，不要浮皮潦草。

公众号：howie和小能熊
youtube：https://t.co/J1aSMKnUFo","6643","46610","328","4117","2035","","beijing","https://gpt.candobear.com","false","true","","false","true","2016-03-16 01:04:22","https://x.com/howie_serious","https://pbs.twimg.com/profile_images/738174666309652480/UgeKnQOm_400x400.jpg","https://pbs.twimg.com/profile_banners/709787332254117888/1693793979"
"6690032","向阳乔木","vista8","喜欢摇滚乐、爱钓鱼的PM
网站：https://t.co/vnUpLt752o","5988","68141","1370","6718","1765","科技","Beijing","","false","true","","false","true","2007-06-09 13:48:52","https://x.com/vista8","https://pbs.twimg.com/profile_images/1960882043249942533/h4J39ERy_400x400.jpg","https://pbs.twimg.com/profile_banners/6690032/1681134125"
"362252075","哥飞","gefei55","哥飞，出海鼓励师，SEO爱好者，Adsense玩家，出海AI工具方向创业者。
同名公众号写了五百多篇出海搞流量免费教程文章。","2370","45415","1044","777","606","科技","Guangdong","https://new.web.cafe/","false","true","","false","false","2011-08-26 10:49:30","https://x.com/gefei55","https://pbs.twimg.com/profile_images/1600285780555202560/TE8ad_yJ_400x400.jpg",""
"1660598418409127937","GitHubDaily","GitHub_Daily","💡 挖掘开源的价值
🧑🏻‍💻 坚持分享 GitHub 上高质量、有趣、实用的教程、AI工具、前沿 AI 技术
🧐 A list cool, interesting projects of GitHub.
✏️ 公众号：GitHubDaily","1534","54011","136","33","1516","","","https://github.com/GitHubDaily/GitHubDaily","false","true","","false","true","2023-05-22 18:48:49","https://x.com/GitHub_Daily","https://pbs.twimg.com/profile_images/1660876795347111937/EIo6fIr4_400x400.jpg","https://pbs.twimg.com/profile_banners/1660598418409127937/1684818863"
"1596695231717871616","dontbesilent","dontbesilent12","🔍 商业哲学爱好者  📡 维特根斯坦种草主播  🫆 生活合伙人 @XiaoNianTalk  📱 全网同名：dontbesilent 聊赚钱","12098","55607","905","7931","1183","教育","","https://www.xiaohongshu.com/user/profile/63fc8880000000001f0329db","false","true","","false","true","2022-11-27 10:39:52","https://x.com/dontbesilent12","https://pbs.twimg.com/profile_images/1840665561287798784/GJCK0iKf_400x400.jpg","https://pbs.twimg.com/profile_banners/1596695231717871616/1762833879"
"3122661542","Yangyi","Yangyixxxx","Believing is seeing","13736","109041","499","5391","2847","科技","","https://lnk.bio/yangyi","false","true","","false","true","2015-04-01 11:00:40","https://x.com/Yangyixxxx","https://pbs.twimg.com/profile_images/1790540021327712256/72wMFr9-_400x400.jpg","https://pbs.twimg.com/profile_banners/3122661542/1702609915"
"11765952","Justin","interjc","🥷🏼 ENTJ-A｜程序员
🧑‍💻 @yokogaisha｜AIGC
🎓 AI 课程：https://t.co/MNSqx9ncpS
📱 Wechat：justinchencn","28836","27175","1597","64147","3363","科技","Osaka, Japan","https://interjc.net","false","true","","false","true","2008-01-03 02:38:17","https://x.com/interjc","https://pbs.twimg.com/profile_images/1791761180610211840/JrLnAGtF_400x400.jpg","https://pbs.twimg.com/profile_banners/11765952/1712804144"
"1723331","indigo","indigo11","Co-founder of https://t.co/WosXbyLukR / Partner of Brilliant Phoenix / ex-Weibo. Investor, Writer, Coder, Gamer & Amateur Cook. e/acc, 𝕏 is my notebook …","8340","45615","1032","14178","2723","","Canada","http://indigox.me","false","true","","false","true","2007-03-21 16:10:31","https://x.com/indigo11","https://pbs.twimg.com/profile_images/1521250220067098624/ZhlFfRWZ_400x400.png","https://pbs.twimg.com/profile_banners/1723331/1631392155"
"1669276256","歸藏(guizang.ai)","op7418","关注人工智能、LLM 、 AI 图像视频和设计（Interested in AI, LLM, Stable Diffusion, and design）

AIGC 周刊主理人｜公众号：歸藏的AI工具箱","21118","105630","1218","36554","7241","","","https://www.guizang.ai/","false","true","","false","true","2013-08-14 10:18:36","https://x.com/op7418","https://pbs.twimg.com/profile_images/1636981205504786434/xDl77JIw_400x400.jpg","https://pbs.twimg.com/profile_banners/1669276256/1706450781"
"2524054428","Luo说不啰嗦","LuoSays","全栈创业者：
- https://t.co/MNlf5lc1G3
- https://t.co/KZEK3kuwNU
- https://t.co/0ilSrNfWRI

主打陪伴的出海陪跑师：@chuhaiqu
发行了 4 张专辑的 AI 音乐练习生：@LuoSuno","13297","29961","671","8547","861","科技","Estonia","https://luosays.com","false","true","","false","true","2014-05-26 11:49:28","https://x.com/LuoSays","https://pbs.twimg.com/profile_images/1735526136405434368/CgtbRyhq_400x400.jpg","https://pbs.twimg.com/profile_banners/2524054428/1745211558"
"155252642","黄赟","huangyun_122","正在研究 100个 AI 变现案例， 用数据思维解构商业增长","8006","72125","1080","2354","1600","","Shanghai Pudong","","false","true","","false","true","2010-06-14 00:04:08","https://x.com/huangyun_122","https://pbs.twimg.com/profile_images/1183766724534882305/SIxSKinT_400x400.jpg","https://pbs.twimg.com/profile_banners/155252642/1555159810"
"6782882","Orange AI","oran_ge","聊硅基 AI，看有机 Orange。","133698","140560","784","1985","6044","科技","Mars","https://listenhub.ai","false","true","","false","true","2007-06-13 13:03:33","https://x.com/oran_ge","https://pbs.twimg.com/profile_images/1760074488073629696/ceSsuVCY_400x400.png","https://pbs.twimg.com/profile_banners/6782882/1740229481"
"3178231","宝玉","dotey","Prompt Engineer, dedicated to learning and disseminating knowledge about AI, software engineering, and engineering management.","27045","144650","1452","37986","4693","","Chicago, IL","https://baoyu.io","false","true","","false","true","2007-04-02 11:42:14","https://x.com/dotey","https://pbs.twimg.com/profile_images/561086911561736192/6_g58vEs_400x400.jpeg",""
