﻿"User ID","Name","Username","Bio","Tweets Count","Followers Count","Following Count","Favourites Count","Media Count","Professional","Location","Website","Verified","Is Blue Verified","Verified Type","Protected","Can DM","Created At","Profile URL","Avatar URL","Profile Banner URL"
"1717726640040783872","泊舟","bozhou_ai","🧠AI 程序员 & Vibe 编码者 | 构建 AI 工具、系统提示与高效流程 | 热爱设计、编码，将想法转化为影响力🚀| 云服务器，高端显卡租赁","1794","4579","492","2541","158","科技","杭州","","false","true","","false","true","2023-10-27 10:15:31","https://x.com/bozhou_ai","https://pbs.twimg.com/profile_images/1971027619232796672/RvWGRpkC_400x400.jpg","https://pbs.twimg.com/profile_banners/1717726640040783872/1760612203"
"1975453945637273600","Xia33🇨🇳（互fo💯）","s_wenj","好好学习，天天向上！ （漏关请私💬）","54","1735","4115","226","10","","Hong Kong","http://33.cn","false","false","","false","false","2025-10-07 14:52:01","https://x.com/s_wenj","https://pbs.twimg.com/profile_images/1976518693573271552/2-MCzcP5_400x400.jpg","https://pbs.twimg.com/profile_banners/1975453945637273600/1760237797"
"1333407168054386688","陶瑞 TaoRay","realTaoRay","我有一个自由的人生。自由不是你能干一切想干的事情，而是你可以拒绝一切不想干的事情。又一次换了新的行业，开始了新篇章。每趟旅途都充满期待看到不一样的风景。投资分享不构成建议。我从来不拉群，也不会叫人给任何公司、基金投资，请大家勿上当。点赞转发只代表值得一看，不一定代表赞同。会定期捐助福音事工，可私信。","6800","106705","170","13240","891","","灯塔照不到的地方","","false","true","","false","true","2020-11-30 21:47:12","https://x.com/realTaoRay","https://pbs.twimg.com/profile_images/1831174696240631808/URProuQE_400x400.jpg","https://pbs.twimg.com/profile_banners/1333407168054386688/1728143341"
"1928711169419956224","Jason Zhu","GoSailGlobal","独立开发，AI SaaS出海， AI价值内容分享 — 让AI工具就像积木一样构建产品，拼出无限可能！👉🏻 https://t.co/BDEkVzvki1","2457","7681","1512","4410","345","","china","","false","true","","false","false","2025-05-31 15:13:12","https://x.com/GoSailGlobal","https://pbs.twimg.com/profile_images/1949434880959676416/GEQGVlME_400x400.jpg","https://pbs.twimg.com/profile_banners/1928711169419956224/1755945863"
"106854950","Celine Dion","celinedion","","3070","976967","104","732","1613","","","https://celinedion.komi.io","false","true","","false","false","2010-01-21 06:25:44","https://x.com/celinedion","https://pbs.twimg.com/profile_images/1794063702443905024/xNjzFs0K_400x400.jpg","https://pbs.twimg.com/profile_banners/106854950/1750264949"
"105086943","ezzz (Not Responding)","ezzz_au","時間を戻したくて、戻せない。　|　Cape App: https://t.co/9NKcCQO7SP　|　Air Matters: https://t.co/yBH3xKFsHT","3382","11546","1342","1930","1017","","New South Wales, Australia","https://ezzz.au","false","false","","false","false","2010-01-15 17:33:40","https://x.com/ezzz_au","https://pbs.twimg.com/profile_images/1905429456128540676/g261PcQU_400x400.jpg","https://pbs.twimg.com/profile_banners/105086943/1734296533"
"1557653726047109121","cosine","_cosine_x","FE / ACG / 手工 / 深色模式强迫症 / INFP /
兴趣广泛养两只猫的老宅女 / remote / 热爱生活 
https://t.co/iccZ6poG3H
旧博客: https://t.co/JBowgoxlvC
新 Astro 博客（开发中）https://t.co/vkLUNoNhqU","2053","1864","1794","15448","313","","","https://t.me/cosine_front_end","false","false","","false","true","2022-08-11 17:02:54","https://x.com/_cosine_x","https://pbs.twimg.com/profile_images/1820136361543741440/JMqT7jh5_400x400.jpg","https://pbs.twimg.com/profile_banners/1557653726047109121/1749899473"
"839540894","Shawn","imsgao","80后大叔，实践独立开发 iOS + Golang. 壁纸千寻 https://t.co/GLaNUce2Wz","302","254","840","374","5","","上海","","false","true","","false","false","2012-09-22 18:54:58","https://x.com/imsgao","https://pbs.twimg.com/profile_images/1929444710374137856/KdT8prXf_400x400.jpg","https://pbs.twimg.com/profile_banners/839540894/1718326164"
"1025540975257501696","TK","tk103331","DevOps Engineer && Java/Go/JS/Rust Coder","1137","326","1652","862","73","互联网公司","Beijing","https://github.com/tk103331","false","false","","false","false","2018-08-04 08:36:36","https://x.com/tk103331","https://pbs.twimg.com/profile_images/1545847280657649664/fqDmPagp_400x400.jpg",""
"1206800829950259202","Vincent Yang","m1ssuo","Founder of @OwO_Network | Operator of AS-OWONET (AS30700, AS60614, etc.) | #WWDC24 | #BGP | https://t.co/aPrcdNJBGd","5497","9808","1147","10071","976","科技","Pittsburgh, PA","https://missuo.me","false","true","","false","true","2019-12-17 12:58:40","https://x.com/m1ssuo","https://pbs.twimg.com/profile_images/1589233256175923202/CsyqQfsK_400x400.png","https://pbs.twimg.com/profile_banners/1206800829950259202/1726346064"
"1641056943438729216","Theclues","follow_clues","闲云野鹤之心，笑看花开花落 |运气爆棚🍀，享受佛系人生","11249","25922","183","6633","2157","金融服务","","","false","true","","false","true","2023-03-29 20:37:28","https://x.com/follow_clues","https://pbs.twimg.com/profile_images/1820869369540345856/IqS5VLNX_400x400.jpg","https://pbs.twimg.com/profile_banners/1641056943438729216/1715161400"
"1527743101242064896","李麦麦LeeMaimai","LeeMmai","允许一切如其所是","11886","18338","1551","43727","2507","","","","false","true","","false","true","2022-05-21 04:08:57","https://x.com/LeeMmai","https://pbs.twimg.com/profile_images/1976130864913555456/NvjZydJQ_400x400.jpg","https://pbs.twimg.com/profile_banners/1527743101242064896/1759080290"
"1761644231062585344","朵拉","dora_lieu","英文学习，水硕记实，种菜挖土，人性分析。

             一键拉黑无脑瞎喷发言！","4242","3121","466","5494","534","教育","","","false","false","","false","false","2024-02-25 14:48:22","https://x.com/dora_lieu","https://pbs.twimg.com/profile_images/1908035787444334593/fvuXfsjY_400x400.jpg",""
"4783027224","アズライト","kpkxyshlyjaa","","32824","770","2046","56909","3331","","","","false","false","","false","false","2016-01-19 20:25:52","https://x.com/kpkxyshlyjaa","https://pbs.twimg.com/profile_images/1433047539335380999/KvG3GVFJ_400x400.jpg","https://pbs.twimg.com/profile_banners/4783027224/1684162442"
"215671951","骆逸","royxy","建筑师解读人文地理探访山川风水 分享有趣而无用的知识   有时频道：https://t.co/7ra78DfjcC","65330","44015","1211","8967","3450","建筑设计师","Subo","","false","true","","false","true","2010-11-15 00:05:54","https://x.com/royxy","https://pbs.twimg.com/profile_images/1696970209498914816/wl-aDvfz_400x400.jpg","https://pbs.twimg.com/profile_banners/215671951/1762996417"
"1732794145398484992","程序员老熊","xiongchun007","👨‍💻Programmer, #Java #Python #DataScience

🧩Creator of @DataCollie (Universal DB Tool)

🎉梦游诗人, 喜欢优美的文字 向往风一样的自由","3699","9224","2160","10841","674","科技","","https://www.youtube.com/@xiongchun","false","true","","false","true","2023-12-08 00:08:59","https://x.com/xiongchun007","https://pbs.twimg.com/profile_images/1850515744104263680/QdGAs4y6_400x400.jpg","https://pbs.twimg.com/profile_banners/1732794145398484992/1713068170"
"85520316","七味","proseidon","柴，不想随波逐流，无奈已深陷波流中。

天上有星，人间有爱，Shadow and Dust。
文具和纸质书控，伪Geek。日本語を勉強しています、Learning English

橙路安达一路走来仍深味其中，家中少年才露尖尖角。","29036","601","783","1809","1772","","那美克星","","false","false","","false","true","2009-10-27 15:43:14","https://x.com/proseidon","https://pbs.twimg.com/profile_images/1106954062/9gAH_ma_Gen_10_1_400x400.jpg","https://pbs.twimg.com/profile_banners/85520316/1355132332"
"2445001998","冰河","binghe_sun","🎉 爱技术，爱赚钱，爱分享！

🐬 分享 赚钱项目 ｜打破信息壁垒 ｜副业避坑

🌻 能拆解的赚钱项目才有意义

🪐 知识星球社群/公众号：“钱来有道” 

🌌 小宇宙 |Podcasts |QQ音乐  播客 “钱来有道”

🎀 搞钱训练营  https://t.co/58qRl0IBTf","3220","24518","160","352","542","","","http://qianlai.flowus.cn","false","true","","false","true","2014-04-15 14:33:45","https://x.com/binghe_sun","https://pbs.twimg.com/profile_images/1967594037571121152/jS1dH7FJ_400x400.jpg","https://pbs.twimg.com/profile_banners/2445001998/1710989203"
"64662332","阑夕","foxshuo","说什么是你的自由，做什么是我的权利，如果我做的得不到你的赞同，那就对了，否则我将与你一样平淡无奇。","1944","172677","784","13948","645","科技","中国","","false","true","","false","true","2009-08-11 16:23:02","https://x.com/foxshuo","https://pbs.twimg.com/profile_images/1550395556685819910/qnbrCfBf_400x400.jpg","https://pbs.twimg.com/profile_banners/64662332/1427376009"
"1260079170941378561","愧怍","kuizuo","故事不是写出来的，而是经历出来的。","2746","10842","757","6752","513","","born to differ","https://kuizuo.me","false","true","","false","false","2020-05-12 13:27:45","https://x.com/kuizuo","https://pbs.twimg.com/profile_images/1913049212360777728/5xtsdVK4_400x400.jpg","https://pbs.twimg.com/profile_banners/1260079170941378561/1736961700"
"54582852","chanlee","canlee886","Born on the 🌏 🇸🇬🇺🇸 AI, AIGC, Cloud, 🌧️","22038","2598","451","82084","10856","移动应用程序","Singapore","","false","false","","false","true","2009-07-07 23:42:34","https://x.com/canlee886","https://pbs.twimg.com/profile_images/1252656692908589056/vcuMLhe5_400x400.jpg","https://pbs.twimg.com/profile_banners/54582852/1648348020"
"292929499","老爷爷/学习汉语很开心","shushuglad","我是个日本的老人，终于72岁了。我学习汉语，想学好汉语，常常用日语和汉语发推。我们互相一起学习外语吧。HEADER的照片是我故乡。文好部　No.826    gladgameassn #001","109140","9253","1565","1592","5335","","日本 大阪","","false","false","","false","false","2011-05-04 21:37:57","https://x.com/shushuglad","https://pbs.twimg.com/profile_images/1656540248032317440/2R5dWY-6_400x400.jpg","https://pbs.twimg.com/profile_banners/292929499/1715040958"
"8504312","Lex Tang","lexrus","中年 iOS/macOS 开发，2006 届果粉。 👨🏻‍🦲 https://t.co/0IHFZ92Fy0 💬 https://t.co/twEXEcpKsD 🎬https://t.co/gNhF2lyDse","15324","24611","1597","8236","4128","","Shanghai","https://lex.sh","false","true","","false","true","2007-08-29 13:35:13","https://x.com/lexrus","https://pbs.twimg.com/profile_images/973550161556209664/C-SNrSiO_400x400.jpg","https://pbs.twimg.com/profile_banners/8504312/1712981876"
"910207477647474688","三咲雅 misaki masa 🍓","sxyazi","Dreamer, Engineer, Blogger. Opinions are my own. English Alt: @sxyazi_","187","3247","218","915","50","","14.7m","https://git.io/33","false","false","","false","false","2017-09-20 02:22:28","https://x.com/sxyazi","https://pbs.twimg.com/profile_images/933040995574226945/_ZGasNFx_400x400.jpg","https://pbs.twimg.com/profile_banners/910207477647474688/1514098906"
"846062688090243072","TuTu生活志","tutulifestyle","YouTuber (2018.4 - )","1400","19080","424","185","703","社交媒体影响者","","https://tutulifestyle.com","false","true","","false","true","2017-03-27 02:13:58","https://x.com/tutulifestyle","https://pbs.twimg.com/profile_images/1641781157644881921/xS9Is_9z_400x400.jpg","https://pbs.twimg.com/profile_banners/846062688090243072/1594381700"
"2473708561","VnetLink","VnetLink","https://t.co/gXyhxKO0RS 官方账号。 提供 TCP/UDP 加速，DERP 私有节点，FRP 服务，数据库服务，DNS 智能解析服务，SSL 证书服务，网络监测，边缘计算，人工智能。","11935","5630","149","2759","509","科技","","https://vx.link","false","true","","false","true","2014-05-02 16:52:04","https://x.com/VnetLink","https://pbs.twimg.com/profile_images/995987031330209792/QXR3MvA8_400x400.jpg","https://pbs.twimg.com/profile_banners/2473708561/1733995491"
"3003486236","banboo","xbanboo","随便活着。","8468","38806","605","11893","1444","","Dali","","false","true","","false","true","2015-01-30 21:26:34","https://x.com/xbanboo","https://pbs.twimg.com/profile_images/1957642877254914048/VWg-Vtj__400x400.jpg","https://pbs.twimg.com/profile_banners/3003486236/1746461793"
"209495090","北火","beihuo","拆解、溯源、重构｜凡所有相，皆是虚妄","5496","15137","1269","2273","929","","California, USA","","false","true","","false","true","2010-10-29 17:11:32","https://x.com/beihuo","https://pbs.twimg.com/profile_images/1871442441250955264/ioqax73S_400x400.jpg","https://pbs.twimg.com/profile_banners/209495090/1730745738"
"1264021","hahagood","hahagood","A curious enthusiast eager to dip into everything interesting. Roaming between literature, technology, future, and nostalgia—a collision of logic and poetry.","5417","3483","576","831","578","","Online","","false","true","","false","false","2007-03-16 11:46:55","https://x.com/hahagood","https://pbs.twimg.com/profile_images/28578112/2007-04-06_213825_400x400.png","https://pbs.twimg.com/profile_banners/1264021/1728393839"
"1195596445","Jqiuss☆✨","Jqiuss","学习学习再学习📑。副业：投资交易，吃喝玩乐，..♩`♪♫`♬~~☘️🍀🌟
需 会员订阅 交流的 PM/私信。https://t.co/gnvLw3yrRS | 其他地方冒充 #Jqiuss 的谨慎。","41049","16887","2742","5567","6784","Data scientist","Canton & HK","https://t.me/jqtalk","false","true","","true","true","2013-02-19 10:12:16","https://x.com/Jqiuss","https://pbs.twimg.com/profile_images/1846980175139164163/Sh-RaSjA_400x400.jpg","https://pbs.twimg.com/profile_banners/1195596445/1732205069"
"237918251","Wei Xu","cocoweixu","CS professor @GeorgiaTech @gtcomputing @ICatGT @mlatgt. Natural language processing, machine learning, LLMs, social media research.","1243","11151","1271","9545","144","","Atlanta, GA","https://cocoxu.github.io/","false","false","","false","true","2011-01-14 07:15:12","https://x.com/cocoweixu","https://pbs.twimg.com/profile_images/1823743197098729496/a6avHXob_400x400.jpg","https://pbs.twimg.com/profile_banners/237918251/1595950192"
"408277933","@Toong","TianDatong","Intelligent Symbiosis - All Things Connected, A Light in the Rift.
智能共生——万物互联，裂隙有光。

https://t.co/jffHiZGZ7u","4880","385","2477","9142","441","","","https://toong.substack.com/","false","false","","false","true","2011-11-09 14:37:57","https://x.com/TianDatong","https://pbs.twimg.com/profile_images/1638968950330642433/bXUu_bEX_400x400.jpg",""
"1909913588","Mooo","iaremoo","Trader, Website Owner, SEO Runner.","96","48","1263","368","8","","","","false","true","","false","false","2013-09-27 11:08:17","https://x.com/iaremoo","https://pbs.twimg.com/profile_images/1770412071169196032/gSkRyP93_400x400.jpg","https://pbs.twimg.com/profile_banners/1909913588/1398218520"
"1239771839464783872","LinearUncle","LinearUncle","👑 AI coding - 职业工程师
📊 Visualization  - AI可视化工具，AI文生图领域探索者
💻 Prompt Engineering - 提示词爱好者

曾经的AI命令行编程工具aider简中第一吹。
正在研究并行编程","4876","8568","947","22571","887","","中国杭州","","false","true","","false","false","2020-03-17 12:33:41","https://x.com/LinearUncle","https://pbs.twimg.com/profile_images/1906323582759874560/6Elwf5WN_400x400.jpg",""
"18556621","Xiang","xxiangshi","Past: Quant Sucker | Current: Corp Dog | Future: Cyberpsychosis","1110","818","302","10208","269","","New York, NY","http://xshi19.github.io","false","true","","false","true","2009-01-03 01:12:19","https://x.com/xxiangshi","https://pbs.twimg.com/profile_images/1890850606174154753/JsIAM9X2_400x400.jpg","https://pbs.twimg.com/profile_banners/18556621/1739649414"
"931286316","ThePersistence","ScottPresler","I helped defeat Hillary, Kamala, & organized the Baltimore cleanup. We delivered Pennsylvania for President Trump. Check out ➡️ @EarlyVoteAction MAGA 🤝 MAHA","156079","2436529","72115","606899","18299","","Make Kindness Cool Again","http://EarlyVoteAction.com","false","true","","false","false","2012-11-07 13:23:07","https://x.com/ScottPresler","https://pbs.twimg.com/profile_images/1321124227215491072/pIC0lG5M_400x400.jpg","https://pbs.twimg.com/profile_banners/931286316/1564355576"
"3555618555","royee","guanhui07","努力练习，每日精进,编程，终身学习的服务端开发，程序员，爱Google，爱翻墙，人在中国广东。","5442","549","2556","11089","394","","中华人民共和国","https://github.com/guanhui07","false","false","","false","true","2015-09-05 21:07:17","https://x.com/guanhui07","https://pbs.twimg.com/profile_images/1080652050537402368/U_tPXYJQ_400x400.jpg","https://pbs.twimg.com/profile_banners/3555618555/1534126495"
"913314383526223872","赵纯想","chunxiangai","产品🎬 https://t.co/Xd1e236W65 
顾问服务💬 https://t.co/UVx8yZHIBo 
课程📖 https://t.co/T13Crt8lg5","2113","31164","340","1691","308","移动应用程序","","https://chunxiang.space","false","true","","false","true","2017-09-28 16:08:12","https://x.com/chunxiangai","https://pbs.twimg.com/profile_images/1851554473174286336/nuzwVwa2_400x400.jpg","https://pbs.twimg.com/profile_banners/913314383526223872/1734401000"
"2730863597","Tantan Fu","luckytantanfu","I build things. 
👾 https://t.co/8pt5newmi8  Create ChatGPT App in seconds
✍️ https://t.co/WZcsFPhJzF Turn notion pages to blog, instantly
🔍 https://t.co/xMT2actRQV 🔍","2097","8426","4088","5619","312","","Sydney","http://futantan.com","false","true","","false","true","2014-08-02 00:49:26","https://x.com/luckytantanfu","https://pbs.twimg.com/profile_images/1222853545101103110/wdccma20_400x400.jpg","https://pbs.twimg.com/profile_banners/2730863597/1731113460"
"19411223","Victor Powell","vicapow","Building @crixet_app, a free, collaborative LaTeX editor. Give it a try: https://t.co/61AbBh2N2D","3594","3576","379","4475","249","","Austin, TX","https://crixet.com","false","false","","false","true","2009-01-24 04:15:29","https://x.com/vicapow","https://pbs.twimg.com/profile_images/1910555986068402176/HpWhcuNl_400x400.jpg","https://pbs.twimg.com/profile_banners/19411223/1448250204"
"1335973070","ilovelife","ilovek8s","资深全干工程师 | 尊贵的SRE(重启工程师)｜TG: https://t.co/yakXjFGFmu｜ 小报童甄选：https://t.co/xRn5j3Lu9f 独立开发者出海技术栈：https://t.co/av5jVVXXou 🌟欢迎私信自荐产品🌟","18034","17972","2217","13071","453","","Hong Kong","https://chuhai.tools","false","false","","false","true","2013-04-08 15:19:51","https://x.com/ilovek8s","https://pbs.twimg.com/profile_images/1767739942283980800/iJUzgOtl_400x400.jpg","https://pbs.twimg.com/profile_banners/1335973070/1710296352"
"1165716595","Justyna Ilczuk ✨💪","attilczuk","Software ❤️ Business ❤️ Adventures

https://t.co/F8sl5ygA2G
https://t.co/BklAwETXTi","3273","1561","721","3524","264","","Ireland, Dublin","http://tinystruggles.com","false","false","","false","true","2013-02-10 19:54:23","https://x.com/attilczuk","https://pbs.twimg.com/profile_images/1548262210673053697/70-L4zx2_400x400.jpg","https://pbs.twimg.com/profile_banners/1165716595/1652682278"
"1803847768781524992","OpenAI Newsroom","OpenAINewsroom","The official newsroom for @OpenAI. Tweets are on the record. 

If you like this account, you’ll love our blog: https://t.co/nEYf8Iq3C0","56","119874","3","25","4","","","https://openai.com/","false","true","Business","false","false","2024-06-21 01:51:12","https://x.com/OpenAINewsroom","https://pbs.twimg.com/profile_images/1885410297101381632/3Gs7_1gs_400x400.jpg","https://pbs.twimg.com/profile_banners/1803847768781524992/1738590512"
"151385454","张钊","belliedmonkey","流媒体翻译工具 Aragorn https://t.co/67c4EQLqKS作者 ｜ 分享技术栈，分享营销增长实践。 Blog: https://t.co/Tbcd5jImVP Ycombinator Top 250 创业知识分享 翻译计划：https://t.co/2bSmFlEn26","3586","6380","339","2131","504","科技","Earth","https://belliedmonkey.cc","false","true","","false","true","2010-06-03 16:35:05","https://x.com/belliedmonkey","https://pbs.twimg.com/profile_images/1898323593613971456/OibBGBBI_400x400.jpg","https://pbs.twimg.com/profile_banners/151385454/1395661185"
"865622395","Sebastian Raschka","rasbt","ML/AI research engineer. Ex stats professor.
Author of ""Build a Large Language Model From Scratch"" (https://t.co/O8LAAMRzzW) & reasoning (https://t.co/5TueQKx2Fk)","18924","368271","1100","23325","2014","科技","","https://sebastianraschka.com","false","true","","false","false","2012-10-07 10:06:16","https://x.com/rasbt","https://pbs.twimg.com/profile_images/1661187442043486209/a3E4t1eV_400x400.jpg","https://pbs.twimg.com/profile_banners/865622395/1742309979"
"1182158764419403776","Silent Bird","SilenceGvq","TO     ERR    IS     HUMAN
TO     FORGIVE      DIVINE","26625","125392","528","164209","9615","非政府组织和非营利组织 ","","","false","false","","false","true","2019-10-10 13:00:30","https://x.com/SilenceGvq","https://pbs.twimg.com/profile_images/1838472412981268481/IOjA7oTx_400x400.jpg","https://pbs.twimg.com/profile_banners/1182158764419403776/1701533899"
"217689128","轻飏","q1ngyang","＼＼\\٩( 'ω' )و //／／","22868","20972","9757","1608","1732","科技","Mars","http://dou.bi","false","true","","false","true","2010-11-20 14:46:43","https://x.com/q1ngyang","https://pbs.twimg.com/profile_images/1881368683274289153/BJY6LkZk_400x400.jpg","https://pbs.twimg.com/profile_banners/217689128/1707796670"
"33836629","Andrej Karpathy","karpathy","Building @EurekaLabsAI. Previously Director of AI @ Tesla, founding team @ OpenAI, CS231n/PhD @ Stanford. I like to train large deep neural nets.","9816","1473339","1026","20719","826","","Stanford","https://karpathy.ai","false","true","","false","true","2009-04-21 14:49:15","https://x.com/karpathy","https://pbs.twimg.com/profile_images/1296667294148382721/9Pr6XrPB_400x400.jpg","https://pbs.twimg.com/profile_banners/33836629/1407117611"
"1810393276287168516","Eureka Labs","EurekaLabsAI","We are building a new kind of school that is AI native.","14","79688","1","7","0","","San Francisco","https://eurekalabs.ai/","false","false","","false","false","2024-07-09 03:19:39","https://x.com/EurekaLabsAI","https://pbs.twimg.com/profile_images/1810519453291200512/TCdiqN9B_400x400.jpg","https://pbs.twimg.com/profile_banners/1810393276287168516/1721149502"
"94007411","About RSS","aboutRSS","ALL about RSS

RSS = Really Simple Syndication / Rich Site Summary

电报频道 https://t.co/ueqqAynbyL

RSS Feed：https://t.co/EqxpsIBHXC","16119","3603","5948","10750","45","","","https://github.com/aboutrss/ALL-about-RSS","false","false","","false","false","2009-12-02 11:03:55","https://x.com/aboutRSS","https://pbs.twimg.com/profile_images/554330585/rss2_2-16_400x400.png","https://pbs.twimg.com/profile_banners/94007411/1562982123"
"1017648622668795904","yihong0618","yihong0618","喜欢王小波，大概我们能成为朋友。 
我的 2025 https://t.co/pAkSJnpKXA 
我的 2024 https://t.co/HfDF6oduB7 
我的 2023 https://t.co/QyV8PiZmOY
..............","28399","76880","3504","68072","2878","","","https://yihong.run","false","false","","false","false","2018-07-13 13:55:13","https://x.com/yihong0618","https://pbs.twimg.com/profile_images/1209446924006223872/wSIVSKnh_400x400.jpg",""
"1660711366531883040","ダイアナ","linyuwei_tia","毎日は限られた命です。🌈","190","495","1655","401","63","","","","false","false","","false","false","2023-05-23 02:17:59","https://x.com/linyuwei_tia","https://pbs.twimg.com/profile_images/1826111533468000256/3YP-kfpt_400x400.jpg","https://pbs.twimg.com/profile_banners/1660711366531883040/1724213894"
"755149","Datou","Datou","","26012","19286","198","10434","7935","","shenzhen","https://jiewang.gitbook.io/chan-pin-jing-li-de-wu-xian-you-xi/","false","false","","false","false","2007-02-06 15:25:56","https://x.com/Datou","https://pbs.twimg.com/profile_images/649477316461006848/K2eKkOPs_400x400.jpg","https://pbs.twimg.com/profile_banners/755149/1443682434"
"709787332254117888","howie.serious","howie_serious","purity of thought. be exactly who you are : just a serious man. 思想纯净，做好自己：严肃对待自己的兴趣，不要浮皮潦草。

公众号：howie和小能熊
youtube：https://t.co/J1aSMKnUFo","6652","46607","328","4118","2038","","beijing","https://gpt.candobear.com","false","true","","false","true","2016-03-16 01:04:22","https://x.com/howie_serious","https://pbs.twimg.com/profile_images/738174666309652480/UgeKnQOm_400x400.jpg","https://pbs.twimg.com/profile_banners/709787332254117888/1693793979"
"274935134","STARSHIP Ent.","STARSHIPent","STARSHIP Entertainment Official TWITTER","9861","642502","23","2353","1858","","S.KOREA","http://www.starship-ent.com/","false","true","","false","false","2011-03-31 17:27:16","https://x.com/STARSHIPent","https://pbs.twimg.com/profile_images/1905464800140034052/Zf8MgGaU_400x400.jpg","https://pbs.twimg.com/profile_banners/274935134/1743133186"
"1478042617958912005","知识分享官","knowledgefxg","热爱知识，没事分享点有趣硬核的东西,包含英语学习，AI编程，科技软件，资源网站等等。来都来了，点点关注😘。 合作请DM私信。","7814","193011","1565","38621","2638","科技","","https://en.knowledgefxg.com/","false","true","","false","true","2022-01-04 00:39:09","https://x.com/knowledgefxg","https://pbs.twimg.com/profile_images/1485604570898526208/Bfi12r9h_400x400.jpg","https://pbs.twimg.com/profile_banners/1478042617958912005/1738162096"
"853764202141319168","jdy","_ThrowException","前北漂程序员丨现二娃奶爸丨未来的小成本持续创业者丨终身学习者丨美好生活践行者","1412","2841","647","523","231","","青岛, 中华人民共和国","","false","true","","false","true","2017-04-17 08:17:02","https://x.com/_ThrowException","https://pbs.twimg.com/profile_images/854940860277964800/uLwRJeeY_400x400.jpg","https://pbs.twimg.com/profile_banners/853764202141319168/1500096073"
"1464488463831556102","世界","nek0hasekai","We own the night","271","4963","153","1484","43","","","https://github.com/nekohasekai","false","false","","false","true","2021-11-27 14:57:36","https://x.com/nek0hasekai","https://pbs.twimg.com/profile_images/1503907582930735104/-7ovFgAe_400x400.jpg",""
"1720665183188922368","Grok","grok","https://t.co/fqNKQSiLQB
@grok it","67469786","6647253","3","79","2732434","","wherever you are","https://grok.com","false","true","Business","false","false","2023-11-04 12:52:34","https://x.com/grok","https://pbs.twimg.com/profile_images/1893219113717342208/Vgg2hEPa_400x400.jpg","https://pbs.twimg.com/profile_banners/1720665183188922368/1740213586"
"1549633222689992706","Vincent Abbott","vtabbott_","Maker of *those* diagrams for deep learning algorithms | @mit @mitlids PhD student","526","7119","337","2530","152","","Boston","http://www.vtabbott.io","false","true","","false","true","2022-07-20 13:53:00","https://x.com/vtabbott_","https://pbs.twimg.com/profile_images/1744929309431848960/wgN2KssH_400x400.jpg","https://pbs.twimg.com/profile_banners/1549633222689992706/1704858541"
"7111372","V","voluntas","ラムダノート 株主 / Let’s Encrypt シルバースポンサー / DuckDB Foundation シルバーサポーター / Twitch テクノロジーパートナー","17624","25379","488","111643","847","","時雨堂","https://voluntas.github.io/","false","true","","false","true","2007-06-27 23:22:34","https://x.com/voluntas","https://pbs.twimg.com/profile_images/1975121611574718464/gYbZEMGI_400x400.jpg","https://pbs.twimg.com/profile_banners/7111372/1654336075"
"1656695530297364481","睡觉人士","zengaihua327711","嘿嘿嘿","492","465","464","547","169","科技","中区","","false","false","","false","false","2023-05-12 00:19:39","https://x.com/zengaihua327711","https://pbs.twimg.com/profile_images/1958510701045223424/awop6T5M_400x400.jpg","https://pbs.twimg.com/profile_banners/1656695530297364481/1755780319"
"1549282005128445952","Project DARC","Project_DARC","The official account for the Project DARC","4","23224","4","0","0","","","","false","false","","false","false","2022-07-19 14:38:01","https://x.com/Project_DARC","https://pbs.twimg.com/profile_images/1549282525553500160/mzI1rjLN_400x400.jpg",""
"855303666722525184","摆烂程序媛","wanerfu","大厂牛马 🐮 🐴｜日常摆烂 🏖️

分享泛互联网 👩‍💻 ｜ 泛科技资讯 💬 |  AI 🤖  |  web 3💰
 
渴望退休、渴望财务自由 🆓 💸

一站式AI工具:

🔗 https://t.co/ASzfTXDak9","4593","97765","167","11339","3988","科技","宇宙中心","","false","true","","false","true","2017-04-21 14:14:19","https://x.com/wanerfu","https://pbs.twimg.com/profile_images/1695073712612016128/xjiHduPl_400x400.jpg","https://pbs.twimg.com/profile_banners/855303666722525184/1692971868"
"1605","Sam Altman","sama","AI is cool i guess","7285","4128382","974","1024","375","","SF","http://blog.samaltman.com","false","true","","false","false","2006-07-17 06:01:55","https://x.com/sama","https://pbs.twimg.com/profile_images/1904933748015255552/k43GMz63_400x400.jpg",""
"162124540","Greg Brockman","gdb","President & Co-Founder @OpenAI","5596","875281","32","1764","408","","","http://gregbrockman.com","false","true","","false","false","2010-07-03 03:38:09","https://x.com/gdb","https://pbs.twimg.com/profile_images/1347621377503711233/bHg3ipfD_400x400.jpg","https://pbs.twimg.com/profile_banners/162124540/1399179172"
"146767120","Julian","CoRhIr","🧑🏻‍💻 Developer ⚒️","1038","236","277","594","117","","","","false","false","","false","true","2010-05-22 16:22:26","https://x.com/CoRhIr","https://pbs.twimg.com/profile_images/1747407403489095680/Y-VmVsz__400x400.jpg",""
"31635898","朱峰","zhufengme","The founders of https://t.co/ZNrQTmtpT9 and https://t.co/ihAPydeXb6 / American Heart Association Training Instructor / zhufengme@proton.me","2860","33765","1542","1074","165","Podcaster","39.139641,117.248559","http://zhufeng.me","false","true","","false","true","2009-04-16 12:00:21","https://x.com/zhufengme","https://pbs.twimg.com/profile_images/1680930947414499328/gOeBmfMd_400x400.jpg",""
"1707588370795515904","CHOI","arrakis_ai","Founder of Korea’s most trusted AI channel @GenexisAI. Sharing the latest global AI trends, tools, and AGI insights.","1255","8659","1132","2054","301","","185,000+ Korea AI Channel →","https://www.threads.com/@choi.openai","false","true","","false","true","2023-09-29 10:49:35","https://x.com/arrakis_ai","https://pbs.twimg.com/profile_images/1722791621484572672/lVxDDP4N_400x400.jpg","https://pbs.twimg.com/profile_banners/1707588370795515904/1699580488"
"1080460376","Rob Phillips","iwasrobbed","Health x AI 🍎 Ex-VP for Siri cofounder, early https://t.co/UAS2pN0dte","1428","1738","147","3071","44","","Pale blue dot","http://robphillips.me","false","true","","false","true","2013-01-12 01:59:34","https://x.com/iwasrobbed","https://pbs.twimg.com/profile_images/1860825174666272768/hFhdEsp2_400x400.jpg","https://pbs.twimg.com/profile_banners/1080460376/1759357786"
"1595489335221944321","加密禅师","Crypto_Chanshi","","6670","79970","980","26905","247","金融服务","","","false","true","","false","true","2022-11-24 02:48:02","https://x.com/Crypto_Chanshi","https://pbs.twimg.com/profile_images/1986063636646043648/vV1dKLtD_400x400.jpg","https://pbs.twimg.com/profile_banners/1595489335221944321/1762349457"
"1627755703921410049","Chief AI Officer","chiefaioffice","Track the latest funding in AI → https://t.co/NlbhFKCdXH","7880","35691","1345","6079","2452","","Track AI Funding →","https://www.chiefaioffice.xyz/subscribe","false","true","","false","true","2023-02-21 03:43:17","https://x.com/chiefaioffice","https://pbs.twimg.com/profile_images/1627766784333082625/ONaS0w-R_400x400.jpg","https://pbs.twimg.com/profile_banners/1627755703921410049/1717372046"
"101136878","秋水逸冰","qiushuiyibing","Programmer，Developer","2445","25300","329","1368","131","","Shanghai","https://teddysun.com/","false","false","","false","false","2010-01-02 12:36:55","https://x.com/qiushuiyibing","https://pbs.twimg.com/profile_images/1836428746884288512/LPzj8hE3_400x400.jpg","https://pbs.twimg.com/profile_banners/101136878/1399516892"
"13348","Robert Scoble","Scobleizer","The best from ML/AI community | Ex-Microsoft, Rackspace, Fast Company | Wrote eight books about the future | Silicon Valley robots, holodecks, BCIs, & startups.","228945","549722","29909","541703","5966","企业家","My Free Newsletter 👉","http://unaligned.io/subscribe","false","true","","false","true","2006-11-21 07:43:44","https://x.com/Scobleizer","https://pbs.twimg.com/profile_images/1915614118876504066/zVnfpAMf_400x400.jpg","https://pbs.twimg.com/profile_banners/13348/1746742251"
"86889819","沈仝","jessyshen","SQZ基金管理合伙人，Adera AI 联合创始人 咖啡会聊创投https://t.co/TsrrMpzkg4","14952","130053","900","879","1123","企业家","Newport Beach, CA","","false","false","","false","false","2009-11-02 14:50:57","https://x.com/jessyshen","https://pbs.twimg.com/profile_images/1985875668983562244/evKvQuqf_400x400.jpg","https://pbs.twimg.com/profile_banners/86889819/1740278476"
"144875948","遇上方知有","ifdawf","拒絕平庸——每天進步一點點。。。","78","192","3383","324","4","","中國 深圳","","false","false","","false","false","2010-05-17 22:52:40","https://x.com/ifdawf","https://pbs.twimg.com/profile_images/1196426435486859265/ooqrE8kz_400x400.jpg","https://pbs.twimg.com/profile_banners/144875948/1711154860"
"13754782","XDash","XDash","《增长黑客》作者，创业者，投资者，宅男奶爸。

- Blog: https://t.co/jmc7BALd8K
- TG: https://t.co/gimLe52LoZ
- YouTube: https://t.co/nOKTkKO8Ui
- Podcast《冰镇电波》","9079","25122","41","4040","242","产品经理"," Shanghai","https://zengzhang.ai","false","true","","false","true","2008-02-21 11:48:11","https://x.com/XDash","https://pbs.twimg.com/profile_images/1835375310344527872/hQ7y7lkV_400x400.jpg","https://pbs.twimg.com/profile_banners/13754782/1399552511"
"1695420268494151681","Re:Eng","reengemail","Practicing in English via emails.
Daily emails with fun tasks","4","9","0","0","2","","","http://reeng.email","false","false","","false","false","2023-08-26 20:57:49","https://x.com/reengemail","https://pbs.twimg.com/profile_images/1695420620626923520/-jwL1DUv_400x400.png","https://pbs.twimg.com/profile_banners/1695420268494151681/1702867349"
"988341135704637440","OZ","Leishawai","不要和亲友、同事、同学谈时政和历史。因为这样做的结果会使你众叛亲离，无法自存。当你有了观点的时候，你就有了敌人;你懂得 越多，懂你的人必将越少。 不要和你价值观相差甚远的人辩论，他永远不 可能理解你。 举目四望，个个都像极了冬虫夏草，上半身是 非菜，下半身是蛆虫，","995","49","268","1666","83","","Central Region, Singapore","","false","false","","false","false","2018-04-23 16:57:44","https://x.com/Leishawai","https://pbs.twimg.com/profile_images/1634932542506930177/Bb41ahQ5_400x400.jpg","https://pbs.twimg.com/profile_banners/988341135704637440/1666974289"
"733672774531723265","Joris de Jong","JorisTechTalk","doing AI stuff","3175","3667","343","4894","428","","","","false","false","","false","true","2016-05-20 22:56:35","https://x.com/JorisTechTalk","https://pbs.twimg.com/profile_images/1658421689259024386/UTSIX9cO_400x400.jpg","https://pbs.twimg.com/profile_banners/733672774531723265/1691260627"
"4859150277","広志","Lumosous","👋 做是因为想，停了是暂时不想。 - KaChiKa - Learning Languages Through Life 👉 https://t.co/wml9CCSNpU","5904","6938","876","2177","455","","Tokyo","","false","true","","false","false","2016-01-29 14:04:00","https://x.com/Lumosous","https://pbs.twimg.com/profile_images/1684165489227100161/Gr6G9wHS_400x400.jpg","https://pbs.twimg.com/profile_banners/4859150277/1584409889"
"1573206509625876481","Yufan Sheng","amehochan","#INTP-T @ApacheFlink の貢献者。Java、Go、Scala、Kotlin、ECMAScript、Python、Lua その他 6 つのプログラム言語でコーディング。読書が唯一の娯楽。","8810","28404","889","5147","2093","","テイワット","https://yufan.me","false","false","","false","false","2022-09-23 15:04:02","https://x.com/amehochan","https://pbs.twimg.com/profile_images/1971045049443192832/mVN3ySRq_400x400.jpg","https://pbs.twimg.com/profile_banners/1573206509625876481/1742178044"
"807223886765031426","LemonHX 🍋","lemon_hx","@Limit_LAB CEO | @satellite7_ 的老公 | 要素过多谨慎食用 | 全栈溢出 | 🚪 114514 ｜ 中 日 En Fr Es | 随时输出魔怔见解 | lemonhx@crossbell","12736","5161","705","7561","1328","科技","Barcelona, Spain","http://lemonhx.moe","false","false","","false","true","2016-12-09 22:02:26","https://x.com/lemon_hx","https://pbs.twimg.com/profile_images/1570488990418993154/yPyDb_1Q_400x400.jpg","https://pbs.twimg.com/profile_banners/807223886765031426/1668598099"
"975329340","花果山大圣","shengxj1","不爱上班的程序员, 靠谱的前端讲师， 卖课为生，前端 Web3  程序员英语 私教, 独立开发
努力做最好的程序员讲师
油管主页：https://t.co/kEcslLs1vs
加入电报群:  https://t.co/fQEVZn8uNH
合作微信：itdasheng168","11710","54215","1141","2095","2318","","Remote","https://linktr.ee/shengxj","false","true","","false","true","2012-11-28 12:19:05","https://x.com/shengxj1","https://pbs.twimg.com/profile_images/1956649801128329216/9dfodVqp_400x400.jpg","https://pbs.twimg.com/profile_banners/975329340/1700320345"
"1661523610111193088","xAI","xai","","171","1831114","38","207","56","","","http://x.ai","false","false","Business","false","true","2023-05-25 08:06:30","https://x.com/xai","https://pbs.twimg.com/profile_images/1769430779845611520/lIgjSJGU_400x400.jpg","https://pbs.twimg.com/profile_banners/1661523610111193088/1710700105"
"2728439146","Harrison Chase","hwchase17","@LangChainAI, previously @robusthq @kensho

MLOps ∪ Generative AI ∪ sports analytics","13856","82099","497","13506","554","","","","false","true","","false","true","2014-07-30 03:22:50","https://x.com/hwchase17","https://pbs.twimg.com/profile_images/1569345624935485442/R67C4wCQ_400x400.jpg",""
"4825911788","EZFIX","EZFIX_","维修店店主 精修 Mac & iPhone iPad   维修服务WeChat: EZFIX_","4001","30544","144","2273","813","电脑维修服务","中国大陆","","false","true","","false","false","2016-01-28 22:46:22","https://x.com/EZFIX_","https://pbs.twimg.com/profile_images/1320269221977190401/jy3u_zNs_400x400.jpg","https://pbs.twimg.com/profile_banners/4825911788/1732270476"
"2162747077","𝗖𝘆𝗱𝗶𝗮𝗿","Cydiar404","🧑🏻‍🦯带属性浪迹互联网20年 | 202209开始创业 | 我是产品经理 · 强迫癌 | 我是设计师 · 像素眼 | 我能说5分钟脱口秀 | 绝不给SB老板打工 | 长期主义 | 利他主义 | 哆啦C梦 | 超级奶爸 | ENFJ | Cydiar.eth | Agent | RAG | Lucy","15682","57131","810","15611","2157","","✨","http://www.cydiar.com","false","true","","false","true","2013-10-29 20:19:55","https://x.com/Cydiar404","https://pbs.twimg.com/profile_images/1980204817009037312/rFrZZ8ab_400x400.jpg","https://pbs.twimg.com/profile_banners/2162747077/1761938560"
"216939636","Andrew Ng","AndrewYNg","Co-Founder of Coursera; Stanford CS adjunct faculty. Former head of Baidu AI Group/Google Brain. #ai #machinelearning, #deeplearning #MOOCs","1948","1291876","1048","1658","438","","Palo Alto, CA","http://www.andrewng.org","false","true","","false","false","2010-11-18 11:39:11","https://x.com/AndrewYNg","https://pbs.twimg.com/profile_images/733174243714682880/oyG30NEH_400x400.jpg","https://pbs.twimg.com/profile_banners/216939636/1483126470"
"96999384","Lilian Weng","lilianweng","Co-founder of Thinking Machines Lab @thinkymachines; Ex-VP, AI Safety & robotics, applied research @OpenAI; Author of Lil'Log","201","173245","169","137","14","","San Francisco, CA","https://lilianweng.github.io","false","true","","false","true","2009-12-15 23:17:40","https://x.com/lilianweng","https://pbs.twimg.com/profile_images/1923619459643711488/qmXOBhZ1_400x400.jpg","https://pbs.twimg.com/profile_banners/96999384/1747461613"
"476199422","Interesting things","awkwardgoogle","Posting interesting things from all corners of the internet. Powered by @rainbetcom","11574","4031169","130","84","11584","","","","false","true","","false","true","2012-01-28 05:43:58","https://x.com/awkwardgoogle","https://pbs.twimg.com/profile_images/1843285954473164800/87Vfzdg0_400x400.jpg","https://pbs.twimg.com/profile_banners/476199422/1728308594"
"1583314884015828992","Sutra — fun/acc","CopySutra","I argue with Gen AI until art happens.","16851","17982","64","19452","1347","Digital Creator","","","false","false","","false","true","2022-10-21 12:31:12","https://x.com/CopySutra","https://pbs.twimg.com/profile_images/1788448842205007872/0sKNa4DZ_400x400.jpg","https://pbs.twimg.com/profile_banners/1583314884015828992/1715268995"
"64844802","a16z","a16z","we invest in software eating the world 
https://t.co/A9eTFq6plZ
https://t.co/MXGUBJoesw

Watch ""The Ben & Marc Show"": https://t.co/eRuDhx7kpe","24523","903531","52","9191","1892","","The Cloud","http://www.a16z.com","false","false","Business","false","true","2009-08-12 06:26:28","https://x.com/a16z","https://pbs.twimg.com/profile_images/1919488160125616128/QAZXTMEj_400x400.png","https://pbs.twimg.com/profile_banners/64844802/1746024233"
"28940967","lidang 立党 （全网劝人卖房、劝人学CS、劝人买SP500和NASDAQ100第一人）","lidangzzz","co-founder @HedgehogLabHQ @Project_DARC","42261","1595456","2691","27584","8843","","Houston, TX","https://linktr.ee/lidang","false","true","","false","false","2009-04-05 12:33:19","https://x.com/lidangzzz","https://pbs.twimg.com/profile_images/1589854626282618880/Pl_kF0yY_400x400.jpg","https://pbs.twimg.com/profile_banners/28940967/1590188835"
"116355740","九原客","9hills","喜欢一切美好的事物。目前聚焦在大模型领域。","5246","22645","1027","3327","371","软件应用程序","北京, 中华人民共和国","https://ninehills.tech/","false","true","","false","true","2010-02-22 12:48:14","https://x.com/9hills","https://pbs.twimg.com/profile_images/1509120377816969223/qzJBlcuS_400x400.jpg",""
"1164388321545449472","卫斯理","imwsl90","程序员/产品经理/销售/中年已婚带2娃

- 互联网、编程、AI、情感、历史、八卦

TG: https://t.co/qhzcXic3G8

X增长陪跑服务，请TG联系！

VPS: https://t.co/MUq5TvH5p2
魔法：https://t.co/B5SfJ7LlqH","73302","78738","7439","44186","12385","科技","V: wesley6020","https://imwsl.com","false","true","","false","true","2019-08-22 12:06:29","https://x.com/imwsl90","https://pbs.twimg.com/profile_images/1770626410606141440/HFy0Ibg3_400x400.jpg",""
"1470050550083465217","DN-Samuel 🧑‍💻","SamuelQZQ","AI领域视频博主 全网60万关注 | Crypto Builder & Holder｜苏州线下开发者社群🐷理人｜前微软工程师","1290","19227","703","2819","131","","","http://qzq.at","false","true","","false","true","2021-12-12 23:19:17","https://x.com/SamuelQZQ","https://pbs.twimg.com/profile_images/1633090580543676416/7nhHRLUS_400x400.jpg","https://pbs.twimg.com/profile_banners/1470050550083465217/1678194113"
"3399124639","Xuanwo","OnlyXuanwo","ASF Member. @ApacheOpenDAL PMC Chair. VISION: Data Freedom. Working on #RBIR with @LanceDB","10486","11925","949","18777","896","科技","","https://xuanwo.io/","false","true","","false","true","2015-08-31 10:35:50","https://x.com/OnlyXuanwo","https://pbs.twimg.com/profile_images/1710192299588964352/WY_GNo3r_400x400.jpg","https://pbs.twimg.com/profile_banners/3399124639/1702744575"
"17481583","Lyric🌀","lyricwai","智商高达 42。

请订阅他的 Newsletter 👉https://t.co/GGoEMjSXkk","3434","18923","1370","5865","301","科技","South Delth","https://lyric.im","false","true","","false","true","2008-11-19 14:42:12","https://x.com/lyricwai","https://pbs.twimg.com/profile_images/1904811209825906688/QArDLBMV_400x400.jpg","https://pbs.twimg.com/profile_banners/17481583/1447769617"
"20571502","Jesse Lau 遁一子","jesselaunz","遁一子，a true man, free guy。油管：AIGC洞见无界播客 |在千年古籍中修心，于经典绝唱里见性。 https://t.co/dD6ecEaaH2","25145","25281","1836","12915","8646","企业家","New Zealand","https://jesselau.com/","false","true","","false","false","2009-02-11 12:38:48","https://x.com/jesselaunz","https://pbs.twimg.com/profile_images/1608599639674224641/GW8MrGWA_400x400.jpg","https://pbs.twimg.com/profile_banners/20571502/1686214232"
"543386522","LE","lewangx","Creating AI toys 👉 @FoloToy","3979","34276","573","2461","935","科技","","https://lewang.dev","false","false","","false","true","2012-04-02 20:51:52","https://x.com/lewangx","https://pbs.twimg.com/profile_images/1888538309930151936/l-NFLGCz_400x400.jpg","https://pbs.twimg.com/profile_banners/543386522/1729875156"
"168139512","Geek","geekbb","🧠在家居士 | 🥦素食者 | 🏃🏻马拉松爱好者 | 💰省钱小能手 | 搭🪜技术资深学者 | 👨‍💻科技宅 | 🆕更新狂 | 🆅 六边型战五渣","23780","99703","393","16500","6152","科技","火星","https://www.igeekbb.com","false","false","","false","true","2010-07-18 22:10:39","https://x.com/geekbb","https://pbs.twimg.com/profile_images/1644898947272671233/7959WGOK_400x400.jpg","https://pbs.twimg.com/profile_banners/168139512/1689476157"
"1073868204","SimbaLee","lipeng0820","“人生就像巧克力，你永远不知道下一颗是什么味道……” 科技整活/开箱试用/烂梗王🏆/AI 宿主/奇闻e事/亲测好使™  ✈️ TG https://t.co/7yKW5WFwCF 👋你好！Hello！こんにちは！Bonjour！Ciao！Hola！สวัสดีครับ！","39227","40724","616","11604","4739","","0086","https://lee.sd","false","true","","false","true","2013-01-09 22:07:02","https://x.com/lipeng0820","https://pbs.twimg.com/profile_images/1640053543825723393/tKGzLvKB_400x400.jpg","https://pbs.twimg.com/profile_banners/1073868204/1697307655"
"139757655","MZ 🍒","zaprobest","🇨🇳「杂铺」小跟班。
爱好广泛，但不是程序员。
防失联：https://t.co/zUE4cg0PNX","12270","58919","214","895","3721","","Hong Kong","","false","false","","false","true","2010-05-03 23:53:12","https://x.com/zaprobest","https://pbs.twimg.com/profile_images/1894964938491469825/ntJu2irT_400x400.jpg","https://pbs.twimg.com/profile_banners/139757655/1694623948"
"1519619163454853121","DynamicWang","dynamicwangs","Choreographer｜VisualArtist｜Photographer｜Composer｜AWPlanet Founder｜AIGC Artist","1066","21233","289","756","436","","","http://unsplash.com/dynamicwang","false","true","","false","true","2022-04-28 18:07:04","https://x.com/dynamicwangs","https://pbs.twimg.com/profile_images/1863902241058660352/TAic3sYf_400x400.jpg","https://pbs.twimg.com/profile_banners/1519619163454853121/1734228088"
"820285264819933184","lencx","lencx_","✍🏻 公众号「浮之静」 👨🏻‍💻 Web • Rust • Tauri  • Electron
🚫 不看 • 不听 • 不说 🤔 学会思考 • 自说自话","3220","21410","1041","1732","1004","科技","","https://lencx.me","false","false","","false","true","2017-01-14 23:03:42","https://x.com/lencx_","https://pbs.twimg.com/profile_images/1777510753672785921/p0hrP-Qm_400x400.png","https://pbs.twimg.com/profile_banners/820285264819933184/1570354039"
"1913097002","SanTi Li","SantiLi1021","Web3 Long Term Investor, Early Backer & Consultant of @Algorand  2018 #Securitize
$BTC $NEAR $OPUL $LIME
Prev pro @Tesla @GM

学历史，知未来，发掘长期价值项目
守正道，善为先，鸣谦吉，运相随☯️","501","4163","89","399","99","投资银行","Cosmic Database道","https://santi-li.gitbook.io/santi-future-gem/web3-projects-review-cn","false","false","","false","true","2013-09-28 12:33:23","https://x.com/SantiLi1021","https://pbs.twimg.com/profile_images/1680233247295557632/inMHb4RF_400x400.jpg","https://pbs.twimg.com/profile_banners/1913097002/1668830419"
"1521688129559613440","Tw93","HiTw93","Father of Pake • MiaoYan • Mole • XRender","4751","108067","300","2260","1578","","Hangzhou","https://github.com/tw93","false","true","","false","true","2022-05-04 11:08:23","https://x.com/HiTw93","https://pbs.twimg.com/profile_images/1960753219115868169/EOxKSK4w_400x400.jpg","https://pbs.twimg.com/profile_banners/1521688129559613440/1707744563"
"1001114465692200960","Runway","runwayml","Building for the next era of art, entertainment and human creativity. We're hiring: https://t.co/Aj11xygZYI","2497","261310","327","7861","995","","New York, USA","https://runwayml.com","false","true","Business","false","true","2018-05-28 22:54:23","https://x.com/runwayml","https://pbs.twimg.com/profile_images/1870151418864140289/LPX3j0s7_400x400.jpg","https://pbs.twimg.com/profile_banners/1001114465692200960/1750355974"
"4110021","xinzhi","xinzhi","👻 #vibecoding w/ https://t.co/CODCOAWm1b 
👤 Ask AI ⇋ Notes ⇒ Projects
🤖 ↳ OpenAPIs + llms.txt ↲

Also: https://t.co/zObaQCQX64

👇 Vibe Coded Projects: https://t.co/rFndLpcQOi","11089","8528","202","11605","2532","Content Creator","xxz.cc","https://www.youtube.com/@xinzhiX","false","false","","false","true","2007-04-11 10:24:57","https://x.com/xinzhi","https://pbs.twimg.com/profile_images/1912876745574981632/FxXLZaBi_400x400.jpg","https://pbs.twimg.com/profile_banners/4110021/1697186526"
"3178231","宝玉","dotey","Prompt Engineer, dedicated to learning and disseminating knowledge about AI, software engineering, and engineering management.","27056","144713","1452","38032","4694","","Chicago, IL","https://baoyu.io","false","true","","false","true","2007-04-02 11:42:14","https://x.com/dotey","https://pbs.twimg.com/profile_images/561086911561736192/6_g58vEs_400x400.jpeg",""
"1552580106257928192","fofr","fofrAI","melty ai","11299","49752","1361","27397","4668","","🪴","http://fofr.ai","false","true","","false","true","2022-07-28 17:02:50","https://x.com/fofrAI","https://pbs.twimg.com/profile_images/1732174612178350080/X1uR3MvQ_400x400.jpg","https://pbs.twimg.com/profile_banners/1552580106257928192/1736724067"
"1552871185431527424","Barsee 🐶","heyBarsee","Daily tweets on the latest AI and Tech developments to stay ahead of the curve | Founder of https://t.co/bpf7Dytcqj","15344","273454","860","28714","3099","","Turn on post notifications 🔔","https://www.theaivalley.com","false","true","","false","true","2022-07-29 12:19:52","https://x.com/heyBarsee","https://pbs.twimg.com/profile_images/1665735384695992320/amRZmuSc_400x400.jpg","https://pbs.twimg.com/profile_banners/1552871185431527424/1694077592"
"1476739136023597060","加密狗","JiamigouCn","#Binance 入口 https://t.co/W2WpqHCidF ｜
#Bitget 入口 https://t.co/fUBE8RaRf3 ｜
资料存放：https://t.co/6gsVGlFVxM","21275","187417","5966","1708","3827","","BD","https://t.me/jiamigou_BD","false","true","","false","true","2021-12-31 10:17:14","https://x.com/JiamigouCn","https://pbs.twimg.com/profile_images/1945067339914805248/EPwCI1Fo_400x400.png","https://pbs.twimg.com/profile_banners/1476739136023597060/1722405290"
"147786784","yetone","yetone","I built a Cursor-like experience plugin for Neovim: avante.nvim","16818","62234","4449","17545","1919","木匠","无","https://github.com/yetone","false","true","","false","false","2010-05-25 09:52:30","https://x.com/yetone","https://pbs.twimg.com/profile_images/1458663772017491971/h1-KC--K_400x400.jpg","https://pbs.twimg.com/profile_banners/147786784/1635109454"
"155252642","黄赟","huangyun_122","正在研究 100个 AI 变现案例， 用数据思维解构商业增长","8006","72142","1080","2354","1600","","Shanghai Pudong","","false","true","","false","true","2010-06-14 00:04:08","https://x.com/huangyun_122","https://pbs.twimg.com/profile_images/1183766724534882305/SIxSKinT_400x400.jpg","https://pbs.twimg.com/profile_banners/155252642/1555159810"
"5967912","Tinyfool","tinyfool","Youtuber
20年老程序员，业已退休，不以写代码为主业。
不是英语老师，但开发了""英语轻松读""，做了广受好评的学习英语的视频。
心在日本，人目前在天津
Youtube：
英语学习之路 https://t.co/fY05anVN8r
胡说八道 https://t.co/FQLaNWFD5j","103686","187111","885","6017","4747","科技","Tianjin","https://codechina.org/","false","false","","false","true","2007-05-12 01:10:33","https://x.com/tinyfool","https://pbs.twimg.com/profile_images/1634730992278839297/vZg4HnAl_400x400.jpg","https://pbs.twimg.com/profile_banners/5967912/1647360059"
"6690032","向阳乔木","vista8","喜欢摇滚乐、爱钓鱼的PM
网站：https://t.co/vnUpLt752o","6006","68215","1370","6739","1773","科技","Beijing","","false","true","","false","true","2007-06-09 13:48:52","https://x.com/vista8","https://pbs.twimg.com/profile_images/1960882043249942533/h4J39ERy_400x400.jpg","https://pbs.twimg.com/profile_banners/6690032/1681134125"
"1641905420913762307","GPTDAOCN-e/acc","GPTDAOCN","热衷于使用#GenAI释放人类潜力的倡导者。致力于推广#GPT技术的开放探索！","5317","28672","1645","1338","1947","科技","硅谷","https://linktr.ee/gptdao","false","true","","false","true","2023-04-01 04:49:09","https://x.com/GPTDAOCN","https://pbs.twimg.com/profile_images/1652391808465530880/JW126tAa_400x400.jpg","https://pbs.twimg.com/profile_banners/1641905420913762307/1684713300"
"272736093","Barret李靖","Barret_China","Software Engineer | Lifelong Learner | Dad of 2 | AI Explorer | Cloud Native | Sharing insights and experiences | 📩 DM opened | 小胡子哥，一个有趣的灵魂","2384","77615","392","482","801","","Email: barret.china@gmail.com","http://www.barretlee.com","false","true","","false","true","2011-03-27 10:48:44","https://x.com/Barret_China","https://pbs.twimg.com/profile_images/639253390522843136/c96rrAfr_400x400.jpg","https://pbs.twimg.com/profile_banners/272736093/1692884927"
"1252361149045227520","wasababe","wasababe2","","63","938","8","19","10","","","","false","false","","true","false","2020-04-21 06:19:20","https://x.com/wasababe2","https://pbs.twimg.com/profile_images/1520778146743828482/T4J-FEDh_400x400.jpg","https://pbs.twimg.com/profile_banners/1252361149045227520/1651416750"
"296593919","Viking","vikingmute","独立开发者 自由职业
作品 - 简单简历 https://t.co/xMu5JFIGnr 五分钟打造程序员的金牌简历

课程 - 慕课网精英讲师 https://t.co/NTyFFrvHwL

经历 - 不上班的1000天 https://t.co/bonuLQCCsY

视频 - https://t.co/aQYLgujIyC","2585","59800","280","737","1283","","Shanghai","http://vikingz.me","false","true","","false","true","2011-05-11 10:08:52","https://x.com/vikingmute","https://pbs.twimg.com/profile_images/725179208528322560/TPjU7qop_400x400.jpg","https://pbs.twimg.com/profile_banners/296593919/1461731223"
"6782882","Orange AI","oran_ge","聊硅基 AI，看有机 Orange。","133741","140751","785","1995","6045","科技","Mars","https://listenhub.ai","false","true","","false","true","2007-06-13 13:03:33","https://x.com/oran_ge","https://pbs.twimg.com/profile_images/1760074488073629696/ceSsuVCY_400x400.png","https://pbs.twimg.com/profile_banners/6782882/1740229481"
"519460011","happy xiao","coolXiao","周报 👉 https://t.co/Ns5wBjWpUr
博客 👉 https://t.co/5nivKskUob
播客 👉 https://t.co/ArU2GynVcW","1826","40609","2","3458","185","博客作者","上海","https://t.me/s/happyxiao","false","false","","false","false","2012-03-09 20:52:21","https://x.com/coolXiao","https://pbs.twimg.com/profile_images/1697418360773042176/kwGKPT3t_400x400.jpg","https://pbs.twimg.com/profile_banners/519460011/1700871654"
"3007509396","酱紫表","pengchujin","ⓘ 该账号已封禁","2828","55825","615","1799","849","科技","","","false","true","","false","false","2015-02-02 13:01:41","https://x.com/pengchujin","https://pbs.twimg.com/profile_images/1772530812078239744/aPK5wde3_400x400.jpg","https://pbs.twimg.com/profile_banners/3007509396/1500561525"
"91478624","Forbes","Forbes","Sign up now for Forbes' free daily newsletter for unmatched insights and exclusive reporting: https://t.co/v3UAa9BzAT","663854","20609842","4629","10015","369234","媒体和新闻公司","New York, NY","http://forbes.com","false","true","Business","false","false","2009-11-21 10:09:57","https://x.com/Forbes","https://pbs.twimg.com/profile_images/1711185897415180288/lgwajQTW_400x400.jpg","https://pbs.twimg.com/profile_banners/91478624/1696813485"
"985402927253635073","即刻精选","jike_collection","精选即刻App有意思的话题，程序抓取发布，非官方，侵删请DM @_istar__     Telegram版：https://t.co/qTLXqw1Z1t","17322","148181","1","5","4358","","Internet","","false","false","","false","false","2018-04-15 14:22:20","https://x.com/jike_collection","https://pbs.twimg.com/profile_images/985403677350346752/tw6tRCVW_400x400.jpg",""
"16044147","小众软件","appinn","小众软件官方账户。自动发布小众软件、电脑玩物的最新文章或常用软件的升级信息。投递途径：https://t.co/lM5tr8tSt9","17391","132358","5718","0","10344","","","http://www.appinn.com","false","false","","false","false","2008-08-30 00:35:23","https://x.com/appinn","https://pbs.twimg.com/profile_images/469565990074712064/ZgVhe4vc_400x400.png",""
"2393635568","少数派sspai","sspai_com","我们发现优质应用、游戏与设备周边，以少数人的力量，改变多数人的数字生活。 — Weibo: @少数派sspai WeChat: sspaime Mail: contact@sspai.com","13575","51441","20","60","2455","","Shenzhen, China","https://sspai.com","false","false","","false","false","2014-03-17 10:53:48","https://x.com/sspai_com","https://pbs.twimg.com/profile_images/1133664556306190336/Ouezg12u_400x400.png","https://pbs.twimg.com/profile_banners/2393635568/1404271066"
"44196397","Elon Musk","elonmusk","","89409","229235014","1227","183519","4236","","","","false","true","","false","false","2009-06-03 04:12:29","https://x.com/elonmusk","https://pbs.twimg.com/profile_images/1983681414370619392/oTT3nm5Z_400x400.jpg","https://pbs.twimg.com/profile_banners/44196397/1739948056"
"18926893","寒哥的AI创富","eseedo","AI实现轻财富自由，学习+践行","3843","762","4875","9574","892","","","http://www.icode.fun/","false","false","","false","false","2009-01-13 11:36:48","https://x.com/eseedo","https://pbs.twimg.com/profile_images/1940748789762977792/bzDQxPg1_400x400.jpg","https://pbs.twimg.com/profile_banners/18926893/1356173247"
"18889447","Yeeyan community","yeeyanese","发现、翻译、阅读外文精华。
Discover, Translate and Share the Internet Beyond Chinese.","3057","133583","1029","3","14","","Beijing","http://www.yeeyan.org","false","false","","false","false","2009-01-12 11:14:27","https://x.com/yeeyanese","https://pbs.twimg.com/profile_images/147880963/LOGO_400x400.jpg",""
"73080246","下裡巴人","AVshare","自古情色不入流，污浊淫秽伤眼球；天朝绿坝今犹在，跃身墙外觅自由。
聲明：忽視一切求種推、神人推、認片推，有需求者請移步股溝大神處或各大論壇，勿怪。","11857","17124","0","239","40","","那美克星","http://avshare2010.appspot.com/","false","false","","false","false","2009-09-10 17:20:35","https://x.com/AVshare","https://pbs.twimg.com/profile_images/816611497/large_fav_400x400.jpg",""
"34888183","谷奥","guao","曾经的谷奥，由于精力原因 blog 已经关闭，但是 twitter 会继续推送一些 Google 相关的一句话新闻。维护人 @gokeeper","21269","113414","5108","37","76","","Beijing P.R of China","http://www.guao.hk","false","false","","false","false","2009-04-24 17:31:11","https://x.com/guao","https://pbs.twimg.com/profile_images/1199997347/guao_square_white_400x400.png",""
"130065802","MrZhang","Mrzhang2010","Mr.zhang无法告诉你什么是正确的，但可以帮助你接近真相","569","2075","0","2","1","","","http://crossthewall.net","false","false","","false","false","2010-04-06 13:58:12","https://x.com/Mrzhang2010","https://pbs.twimg.com/profile_images/837396443/tlogo2_400x400.jpg",""
"31439804","Jelena Jensen","jelenajensen","Find me on 🦋https://t.co/mhjPsCFn1T🦋AVN Hall of Fame • Penthouse Pet • Playboy Model & TV Host","30990","221465","254","1080","1880","","Los Angeles, CA","http://officialjelena.com","false","false","","false","false","2009-04-15 23:56:25","https://x.com/jelenajensen","https://pbs.twimg.com/profile_images/1420538195595251714/ZThu2gFC_400x400.jpg","https://pbs.twimg.com/profile_banners/31439804/1627517958"
"119609847","蒼井そら(SOLA AOI)","aoi_sola","Hi! Its me,Sola Aoi.I'm a Japanese actress.I've been studying English, Chinese. 蒼井そらです。タレントやってます。フォロワーに海外の方が多いので英語でもツイートしてますが勉強中です。","36278","742834","188","270","1864","女演员","東京都（Tokyo,Japan）","https://aoisola.jp/","false","true","","false","false","2010-03-04 12:01:25","https://x.com/aoi_sola","https://pbs.twimg.com/profile_images/1249609943625248768/7bx7egUK_400x400.jpg","https://pbs.twimg.com/profile_banners/119609847/1586765203"
"90805592","The Yemen News","TheYemenNews","Breaking news about Yemen, curated by @quiboatnews.","2826","20513","35","0","0","","","","false","false","","false","false","2009-11-18 13:03:18","https://x.com/TheYemenNews","https://pbs.twimg.com/profile_images/583671089475092480/f5M6mc7z_400x400.jpg","https://pbs.twimg.com/profile_banners/90805592/1427993054"
"56040733","GTR @2b2t.org","GTR2b2t","","0","205534","0","4","0","","","https://2b2t.org/","false","false","","true","false","2009-07-12 15:10:51","https://x.com/GTR2b2t","https://pbs.twimg.com/profile_images/1878667585232797696/1Gfw25jh_400x400.png","https://pbs.twimg.com/profile_banners/56040733/1737230419"
"80831118","gfwrev (1)","gfwrev","Laughing Man avatar as the Guy Fawkes mask in the cypherpunk era","211","6171","18","2","3","","","http://gfwrev.blogspot.com","false","false","","false","false","2009-10-08 19:54:55","https://x.com/gfwrev","https://pbs.twimg.com/profile_images/761852148/t2_400x400.png",""
"51078633","Huang Pinyuan","pinyuan001","","158","509","9","1","0","","","http://pinyuan001.com","false","false","","false","false","2009-06-26 22:32:45","https://x.com/pinyuan001","https://pbs.twimg.com/profile_images/901321860/ftlgjo_400x400.jpg",""
"50940456","Kai-Fu Lee","kaifulee","#AI Expert, CEO of @01ai_yi and Chairman of 创新工场 @sinovationvc, former President of Google China, Author of AI 2041 and NYT Bestseller AI Superpowers","3841","1405566","689","4246","449","","Beijing, China","http://www.01.ai/","false","true","","false","false","2009-06-26 13:45:54","https://x.com/kaifulee","https://pbs.twimg.com/profile_images/1016438132844032001/d6QB0d6c_400x400.jpg","https://pbs.twimg.com/profile_banners/50940456/1725859415"
"110119323","工口","sexemule","生活推","61","9139","5938","1","0","","kad","","false","false","","false","false","2010-01-31 20:01:04","https://x.com/sexemule","https://pbs.twimg.com/profile_images/1334264654/1111_400x400.jpg",""
"104664623","Shanghong Zhao","shzhao","","0","9","9","0","0","","","","false","false","","false","false","2010-01-14 09:02:31","https://x.com/shzhao","https://pbs.twimg.com/profile_images/629784845/shzhao3_400x400.jpg",""
"61040299","StarCraft","StarCraft","Official @StarCraft updates from Blizzard Entertainment.","16535","334653","254","5514","3136","","Irvine, California","http://www.StarCraft2.com","false","false","Business","false","false","2009-07-29 06:36:45","https://x.com/StarCraft","https://pbs.twimg.com/profile_images/1316868007763742720/quhwA225_400x400.jpg","https://pbs.twimg.com/profile_banners/61040299/1612803563"
"41559840","1984BBS","1984BBSNEWS","邀请码，发信至freetalkgroup@gmail.com提交200字自我介绍。","64","1294","0","0","0","","","http://1984bbs.com","false","false","","false","false","2009-05-21 17:53:08","https://x.com/1984BBSNEWS","https://pbs.twimg.com/profile_images/675144841/big_brother_by_johnnymarbel_400x400.jpg",""
"98679514","Switchy! Extension","ProxySwitchy","Powerful proxy manager extension for Google Chrome","57","368","60","0","3","","","http://switchy.samabox.com","false","false","","false","false","2009-12-23 01:23:33","https://x.com/ProxySwitchy","https://pbs.twimg.com/profile_images/587443432/icon-128_400x400.png",""
"19609914","韩寒","TwoCold","韩寒","245","230794","29","2","1","","ShangHai,China","http://blog.sina.com.cn/twocold","false","false","","false","false","2009-01-28 03:23:59","https://x.com/TwoCold","https://pbs.twimg.com/profile_images/616207881/GMHH2_400x400.jpg",""
"46875861","杭陈君","chenjunyi727","国家一级理财规划师。金融从业15年，分享风险管理、理财规划资讯。","6021","4096","18","0","44","","杭州","","false","false","","false","true","2009-06-13 20:15:07","https://x.com/chenjunyi727","https://pbs.twimg.com/profile_images/449184360684457984/HCagH2Hw_400x400.jpeg",""
"28314255","段叔.AI","duanzi","When AI happens. AI 那些事儿。","2101","438984","384","298","99","科技","127.0.0.1","","false","false","","false","true","2009-04-02 18:27:08","https://x.com/duanzi","https://pbs.twimg.com/profile_images/857832299949244416/OUdqteZ5_400x400.jpg",""
"49208485","逗起闹～","g8888c","","816","408","2553","544","4","","25.045844,121.513278","","false","false","","false","false","2009-06-21 10:51:51","https://x.com/g8888c","https://pbs.twimg.com/profile_images/1891994123/image_400x400.jpg",""
"68631224","breeze","maple_D777","","536","45","107","47","6","","","","false","true","","false","false","2009-08-25 14:57:20","https://x.com/maple_D777","https://pbs.twimg.com/profile_images/380713075/91_400x400.jpg",""
"18949686","南方周末","NanZhou","南方周末，生于1984。在这里，读懂中国","4542","200120","66","24","238","","China","http://www.infzm.com","false","false","","false","false","2009-01-14 03:35:00","https://x.com/NanZhou","https://pbs.twimg.com/profile_images/290133312/nanzhou_400x400.jpg",""
"17463863","张禧","SecretaryZ","原「1984BBS」站长「张书记」，本人在 Twitter 上的唯一账号。微信公众号：BeYourselfFeeds ｜抖音：张禧","85","22550","0","17","5","社交媒体影响者","上海","https://www.youtube.com/@SecretaryZ","false","false","","false","true","2008-11-18 21:34:53","https://x.com/SecretaryZ","https://pbs.twimg.com/profile_images/1691845936971173888/Li20IrSt_400x400.jpg","https://pbs.twimg.com/profile_banners/17463863/1696339581"
"68635375","李招福","izuali","","247","13","48","0","0","","Tokyo","","false","false","","true","false","2009-08-25 15:24:24","https://x.com/izuali","https://pbs.twimg.com/profile_images/714802384/1122_400x400.jpg",""
"26072066","John Calipari","CoachCalArk","Official Twitter account of Arkansas head men's basketball coach John Calipari.","16919","1520063","341","154","3714","","Fayetteville, AR","https://arkansasrazorbacks.com/coache/john-calipari/","false","true","","false","false","2009-03-24 03:38:10","https://x.com/CoachCalArk","https://pbs.twimg.com/profile_images/1143349306193252353/TkGij25Z_400x400.jpg","https://pbs.twimg.com/profile_banners/26072066/1712787407"
"19658936","CDC Emergency","CDCemergency","The handle for CDC's Office of Readiness and Response (ORR). We tweet ways to #PrepYourHealth, abt public health preparedness, & during emergency responses.","15094","1844674","531","7879","4485","","Atlanta, GA","https://www.cdc.gov/orr/","false","true","Government","false","false","2009-01-29 00:07:50","https://x.com/CDCemergency","https://pbs.twimg.com/profile_images/1628388832503599104/j88q4O_c_400x400.jpg","https://pbs.twimg.com/profile_banners/19658936/1476211731"
"39325978","Travie McCoy","TravieMcCoy","My new album NEVER SLEPT BETTER is out NOW on @hopelessrecords #neversleptbetter","5214","2498085","396","389","586","","Geneva, NY","https://linktr.ee/traviemccoy","false","true","","false","true","2009-05-12 03:52:56","https://x.com/TravieMcCoy","https://pbs.twimg.com/profile_images/1515017473178882053/OBzOQbq1_400x400.jpg","https://pbs.twimg.com/profile_banners/39325978/1623869894"
"21774892","Mandy Moore","TheMandyMoore","Singer-Songwriter-Actress on @NBCThisIsUs, Tuesdays 9/8c on @NBC 'In Real Life' album out now!","5908","2110180","718","41046","890","","Los Angeles, CA","https://linktr.ee/mandymoore","false","true","","false","false","2009-02-25 01:39:42","https://x.com/TheMandyMoore","https://pbs.twimg.com/profile_images/1501060334496493569/pcOIvV6v_400x400.jpg","https://pbs.twimg.com/profile_banners/21774892/1652414834"
"10350","veronica belmont","Veronica","Director of Product, @EA (f. @Unity, @Adobe) . Co-host of @swordandlaser, co-life with @ryan. veronica on threads","48201","1375335","1418","24204","3077","","British Columbia, Canada","http://veronicabelmont.com","false","true","","false","true","2006-10-25 00:00:54","https://x.com/Veronica","https://pbs.twimg.com/profile_images/1618762418125180930/kz5boIsE_400x400.jpg","https://pbs.twimg.com/profile_banners/10350/1639420791"
