﻿"User ID","Name","Username","Bio","Tweets Count","Followers Count","Following Count","Favourites Count","Media Count","Professional","Location","Website","Verified","Is Blue Verified","Verified Type","Protected","Can DM","Created At","Profile URL","Avatar URL","Profile Banner URL"
"1963412378500173824","DIdo（hu fo 100%）","jun_wen94300","分享美好，广交好友。（hu fo 100%）没回关的别急，一定回关。","248","1959","1879","104","212","","","","false","false","","false","false","2025-09-04 09:25:36","https://x.com/jun_wen94300","https://pbs.twimg.com/profile_images/1963414167899226112/8vxHf_WB_400x400.jpg",""
"1596695231717871616","dontbesilent","dontbesilent12","🔍 商业哲学爱好者  📡 维特根斯坦种草主播  🫆 生活合伙人 @XiaoNianTalk  📱 全网同名：dontbesilent 聊赚钱","12112","55612","906","7961","1188","教育","","https://www.xiaohongshu.com/user/profile/63fc8880000000001f0329db","false","true","","false","true","2022-11-27 10:39:52","https://x.com/dontbesilent12","https://pbs.twimg.com/profile_images/1840665561287798784/GJCK0iKf_400x400.jpg","https://pbs.twimg.com/profile_banners/1596695231717871616/1762833879"
"1546400733544665089","Daisy Reid","DaisyRe80647111","Chasing knowledge, crafting stories, and navigating the world with curiosity. 📚✍️🌍💯","967","9994","4147","144","746","","","","false","false","","false","false","2022-07-11 15:47:28","https://x.com/DaisyRe80647111","https://pbs.twimg.com/profile_images/1846002398638362625/nvN-WHgo_400x400.jpg","https://pbs.twimg.com/profile_banners/1546400733544665089/1689918167"
"1299988850282881025","右嘉措仓","X_NewBank","路漫漫其修远兮，吾将上下而求索 ,BTC,ETH信仰者，草根学者，长期守币人","6208","2732","3778","2924","704","金融服务","HongKong","","false","true","","false","false","2020-08-30 16:34:34","https://x.com/X_NewBank","https://pbs.twimg.com/profile_images/1740228158690136064/EquUKQ_x_400x400.png","https://pbs.twimg.com/profile_banners/1299988850282881025/1598777035"
"26654586","M.","wlzh","🎯AI玩家","5035","8409","263","7874","1042","","VX&TG：+gxjdian","https://t.me/tgmShare","false","true","","false","true","2009-03-26 09:31:32","https://x.com/wlzh","https://pbs.twimg.com/profile_images/1971564093330100224/LUdVXeKz_400x400.jpg","https://pbs.twimg.com/profile_banners/26654586/1755613642"
"200759534","奶牛叔 MemeMax⚡️","WWTLitee","死肥宅
币圈三和大神
三天打鱼两天晒网

DM for Collab 
Tg：https://t.co/7VG8yQRWNI
irys-verify-0x192ade-wwtlitee","22364","69469","4614","23273","2338","社交媒体影响者","","","false","true","","false","true","2010-10-10 12:57:17","https://x.com/WWTLitee","https://pbs.twimg.com/profile_images/1654760796000518145/8QaUrPLP_400x400.jpg","https://pbs.twimg.com/profile_banners/200759534/1759482279"
"1491009881092292610","Soap 刺耶","yuxiao37120606","给我一点时间，一定会挨个回关回赞（赞前10篇）漏关的请疯狂私我 #互100%🇨🇳🇨🇳🇨🇳","1150","13239","12473","44886","823","","北京","","false","false","","false","false","2022-02-08 19:24:03","https://x.com/yuxiao37120606","https://pbs.twimg.com/profile_images/1891662982699978752/tAvMHACO_400x400.jpg","https://pbs.twimg.com/profile_banners/1491009881092292610/1739842631"
"1464137842452725763","万年仙居","Wannianxianju","搞笑和热点话题🤪图片视频来源于网络，如有侵权请私信我删除～ フォロバ100","26546","30307","19365","86964","7964","","","","false","false","","false","true","2021-11-26 15:44:20","https://x.com/Wannianxianju","https://pbs.twimg.com/profile_images/1464138021960581121/9bgBOP46_400x400.jpg","https://pbs.twimg.com/profile_banners/1464137842452725763/1664897453"
"1559006501108334592","Monique(互fo)","Monique13286909","Love China, hug the world! (互相关照)","1482","16275","10666","21228","384","娱乐和休闲","","https://m.facebook.com/profile.php?id=100088575168833","false","false","","false","false","2022-08-15 10:39:34","https://x.com/Monique13286909","https://pbs.twimg.com/profile_images/1967935449906941952/79zfNTXD_400x400.jpg","https://pbs.twimg.com/profile_banners/1559006501108334592/1750003540"
"1480405974913806342","Jiaojiao Rong 🇨🇳","JiaojiaoR","分享中国故事，弘扬中华价值观，传递中国正能量。
Share the story of China, carry forward Chinese values and deliver the positive energy to the world.（❤️🇨🇳互fo）
Traveller & Food lover","1213","8141","7550","2803","378","","Beijing, China","","false","false","","false","false","2022-01-10 13:08:01","https://x.com/JiaojiaoR","https://pbs.twimg.com/profile_images/1480406126349152257/WRVsguiw_400x400.jpg",""
"1483091927117434885","tomorrow🔆⌘(❖,❖)","YY23030194","大胆假设，小心求证.🧙","870","111","957","491","12","","","https://nextme.one/lairifangchang","false","false","","false","false","2022-01-17 23:00:56","https://x.com/YY23030194","https://pbs.twimg.com/profile_images/1928825149710831616/mE16K88O_400x400.jpg",""
"1013806471778308096","trigunslinger.eth | gamer.loopring.eth","TriGunslinger","In the land of the blind the one eyed man is king…","3135","618","482","65094","705","","Earth 1.0","https://oncyber.io/trigunslinger","false","false","","false","false","2018-07-02 23:27:53","https://x.com/TriGunslinger","https://pbs.twimg.com/profile_images/1470179653633646599/2pQ59TgZ_400x400.jpg","https://pbs.twimg.com/profile_banners/1013806471778308096/1637263645"
"1403274377068646403","煦琳-Shirley Lin","dlok88","•煦琳 Shirley Lin | Web3撸毛指南 📦 每日撸空投，不靠运气靠技巧 💸 •空投有术，煦琳有路 🧭 ✨","652","821","1712","315","101","","","","false","false","","false","true","2021-06-11 16:54:39","https://x.com/dlok88","https://pbs.twimg.com/profile_images/1968295671192342528/UAujchxX_400x400.jpg","https://pbs.twimg.com/profile_banners/1403274377068646403/1750783130"
"1315501756650942464","申阳爱游泳（互fo）","syayy20020919","爱运动爱旅行爱生活（互fo）","3496","33658","31229","11657","547","","","","false","false","","false","false","2020-10-12 11:57:32","https://x.com/syayy20020919","https://pbs.twimg.com/profile_images/1917843534343987203/cbMdwOND_400x400.jpg","https://pbs.twimg.com/profile_banners/1315501756650942464/1738146761"
"1373837882209705984","hopefully","hopefully926","web3 ai @virtuals_io","576","103","811","184","15","","","","false","false","","false","true","2021-03-22 11:24:23","https://x.com/hopefully926","https://pbs.twimg.com/profile_images/1460106956257910784/2OzhS-zT_400x400.jpg",""
"1370351539374628865","君不见💢⌘(❖,❖)","xiexielaobiao","🧙","3511","339","1358","3229","143","","california  US","https://link3.to/octorber","false","false","","false","false","2021-03-12 20:30:45","https://x.com/xiexielaobiao","https://pbs.twimg.com/profile_images/1979908476928139264/5hMsEFjA_400x400.jpg","https://pbs.twimg.com/profile_banners/1370351539374628865/1743389881"
"1510086237318950912","Longnan","Luu40825988","喜欢生活喜欢旅行喜欢分享 爱祖国🇨🇳，欢迎互FO，FO必回关","1193","17974","8179","10495","855","","","","false","false","","false","false","2022-04-02 10:46:44","https://x.com/Luu40825988","https://pbs.twimg.com/profile_images/1631562056439853058/YdGs-5Ue_400x400.jpg","https://pbs.twimg.com/profile_banners/1510086237318950912/1652923098"
"1876648598143643648","Run bao","Runbao_","互关
爱旅游
享受独处时光
修心修行观内心","1486","3536","3816","7851","251","","","","false","false","","false","false","2025-01-07 23:14:54","https://x.com/Runbao_","https://pbs.twimg.com/profile_images/1964138119957270528/iSeAn5uu_400x400.jpg","https://pbs.twimg.com/profile_banners/1876648598143643648/1757029158"
"431076647","edu perez","EduEdumail","","19","15","8","2","1","","","","false","false","","false","false","2011-12-08 06:03:50","https://x.com/EduEdumail","https://abs.twimg.com/sticky/default_profile_images/default_profile_400x400.png",""
"467507509","fasmina hani","edumail12","","2","9","2","0","0","","","","false","false","","false","false","2012-01-18 23:02:49","https://x.com/edumail12","https://abs.twimg.com/sticky/default_profile_images/default_profile_400x400.png",""
"768471102351740928","毛2虫（论文辅导、期刊写发一体）","likemeOuO","985财务管理硕士 硕士/本科/论文辅导 期刊、软著写发一体（经验分享干货不断）","842","1618","25","160","30","教育","","","false","true","","false","true","2016-08-24 23:32:43","https://x.com/likemeOuO","https://pbs.twimg.com/profile_images/1972838389104934913/Q6ZWNTx-_400x400.jpg","https://pbs.twimg.com/profile_banners/768471102351740928/1747071171"
"1896583867504689152","凯迪（Starlight）","Starlight1_123","日常分享互联网资源和信息差！ 主营全域虚拟电商业务。 vx：kaidi-200  公众号：凯迪创业笔记 咨询虚拟电商请看⬇️链接","364","16129","288","65","234","商业和工业","","https://link3.cc/kaidi","false","true","","false","false","2025-03-03 23:30:24","https://x.com/Starlight1_123","https://pbs.twimg.com/profile_images/1944914895847481345/hRqKOF6g_400x400.jpg","https://pbs.twimg.com/profile_banners/1896583867504689152/1762710661"
"1354771474481991680","li yuan","ocean21443693","Chinese actor","60","30435","82","71","53","","Hong Kong","","false","false","","false","true","2021-01-28 20:41:22","https://x.com/ocean21443693","https://pbs.twimg.com/profile_images/1952525952853946368/eYFBfcej_400x400.jpg",""
"1563206496472616967","张全蛋","Dreamoftheblue1","知足常乐","261","117","185","92","23","","奥地利","","false","false","","false","true","2022-08-27 00:47:32","https://x.com/Dreamoftheblue1","https://pbs.twimg.com/profile_images/1631650310983925762/w79gRu38_400x400.jpg",""
"1447431764775882754","PlayBad","playbad_x","【Ⓜ️ 痴迷元宇宙｜🦄 钟情Web3 ｜🤖 酷爱AIGC】【 世界不是非黑即白，我愿游离其间玩坏 】 电报群：https://t.co/eZ1iHpE5Hd","2972","3965","4516","6249","287","","","","false","false","","false","true","2021-10-11 13:20:09","https://x.com/playbad_x","https://pbs.twimg.com/profile_images/1705765687778807809/SMHEd09p_400x400.jpg","https://pbs.twimg.com/profile_banners/1447431764775882754/1695052900"
"1363184264796381185","Marky Mark - freedom isn't free","laube_mark","People should not be afraid of their governments; the government should be afraid of their people.","38798","1291","93","44544","1755","","","","false","true","","false","false","2021-02-21 01:51:21","https://x.com/laube_mark","https://pbs.twimg.com/profile_images/1986026355302039552/2fRuUp1X_400x400.jpg","https://pbs.twimg.com/profile_banners/1363184264796381185/1730565653"
"1307294538306732032","ztzzm.lens❤️ Memecoin","ztzzm","互fo 
https://t.co/P9zqy7Bizk
xyzoo.eth@mail3.me
https://t.co/S2Lnf4tJeh…","545","567","1372","294","50","","","http://tencent9.bit.cc","false","false","","false","false","2020-09-19 20:24:50","https://x.com/ztzzm","https://pbs.twimg.com/profile_images/1345902067605356547/FA3m8dsa_400x400.jpg","https://pbs.twimg.com/profile_banners/1307294538306732032/1601554154"
"1571506117259464704","里卓展吉","g_yabadabadu","原名为“㸚叕㠭㗊”的号, 览推是看大众情绪的散发点, 因为推是观察怪力乱神的哈哈镜, 推也是革命小将斗私批修的爆破场, 上推是必然王国到自由王国的飞跃 。","5941","252","229","4255","20","","","","false","false","","false","false","2022-09-18 22:27:38","https://x.com/g_yabadabadu","https://pbs.twimg.com/profile_images/1571506238319636480/JWMUA39a_400x400.jpg",""
"1376102647237861378","limerance 🔆⌘(❖,❖)","limeranceivt","","2192","231","1809","1293","74","","Amsterdam, The Netherlands","","false","false","","false","false","2021-03-28 17:23:49","https://x.com/limeranceivt","https://pbs.twimg.com/profile_images/1928826754103496704/PGFbqIvc_400x400.jpg",""
"851398802024022016","抵巇","JiongJiongYue","","5","9","54","7","0","","","","false","false","","false","true","2017-04-10 19:37:47","https://x.com/JiongJiongYue","https://pbs.twimg.com/profile_images/1221862420341121024/dei_zbW2_400x400.jpg","https://pbs.twimg.com/profile_banners/851398802024022016/1542790992"
"38103611","雨从心流过","yusuhn","google/reader/music/move/news/soft/adult/games/friend 为了蔚蓝的地球，just do it！","2881","129","1634","4253","46","","Beijing","","false","false","","false","false","2009-05-06 11:29:44","https://x.com/yusuhn","https://pbs.twimg.com/profile_images/1954068692528246784/Fw-jhakp_400x400.jpg",""
"1725420034477240320","motoxt927","motoxt88","x","182","40","893","28","25","企业家","","","false","false","","false","false","2023-11-17 15:46:20","https://x.com/motoxt88","https://pbs.twimg.com/profile_images/1974557379351187457/RbkI3Dbs_400x400.jpg",""
"1788456491676237824","BLOCK NAN","Block_Nan","早期项目挖掘⛏️#NFT #Gamefi | #BTC #ETH 信仰者| $FLOKI ｜分享日常生活","53","514","533","22","9","","","","false","true","","false","false","2024-05-09 14:30:36","https://x.com/Block_Nan","https://pbs.twimg.com/profile_images/1831536138445545472/xmRl9_Cr_400x400.jpg",""
"1938474217114374146","蔷薇岛屿|Bluebird🕊️ |（关注必回）","hui65237","项目分析——BTC信仰者——游戏爱好者——项目专研","992","4625","4914","93","73","","","","false","false","","false","false","2025-06-27 13:47:40","https://x.com/hui65237","https://pbs.twimg.com/profile_images/1949713750388576256/CGkYjEvN_400x400.jpg","https://pbs.twimg.com/profile_banners/1938474217114374146/1753682969"
"1571800095833870336","伯爵zhiyu","8888_bojue","💵要赚钱就要把自己泡在商业世界里。⏱思维和身体高度运行其中。通过赚钱实操深度思考生意本质，分享与赚钱有关的商业认知。 💡日精进，得开悟","658","98","76","24","168","","","","false","false","","false","false","2022-09-19 17:55:39","https://x.com/8888_bojue","https://pbs.twimg.com/profile_images/1916868686830551040/3Z7V5P0y_400x400.jpg","https://pbs.twimg.com/profile_banners/1571800095833870336/1745852125"
"958562247831367680","Bitturing","Bitturing","🗺️大自然的搬运工 

🕸️泛互联网 
🔭科技 
🤖AI 
📖学习 
🪙Crypto #BTC 
💎投资 
🪐Web3 

🌍看都看了，点点关注","5113","100866","199","16702","3539","","","","false","true","","false","true","2018-01-31 12:47:03","https://x.com/Bitturing","https://pbs.twimg.com/profile_images/1640782991457931264/NiQ4O-sX_400x400.jpg","https://pbs.twimg.com/profile_banners/958562247831367680/1677489017"
"1713822438734077953","贪吃long🍇π²🌶️","shaolong0919","生性凉薄","427","631","821","493","16","娱乐和休闲","","","false","false","","false","true","2023-10-16 15:41:41","https://x.com/shaolong0919","https://pbs.twimg.com/profile_images/1937850450117828608/dtwod-4G_400x400.jpg","https://pbs.twimg.com/profile_banners/1713822438734077953/1753452161"
"1180358936249032704","桃花岛主(Lucky)","Mydoglucky2","桃花岛主東邪黄藥師，無党派獨立人士，爱自由，爱美国，都是朋友。在X平台上行使宪法赋予的权力，对不公平的事物发表自已的看法，僅代表个人观点。资讯来源来自网络，不会浪费时间去分辨真假，请自行判断，不要作无谓的争拗。对财色权都没有兴趣，只是一个微不足道的小人物，不要用道德婊，聖母婊的标准来要求我。左逼脑残請绕道，免伤和气。","69818","61565","9685","235713","13758","","United States","","false","true","","false","false","2019-10-05 13:48:15","https://x.com/Mydoglucky2","https://pbs.twimg.com/profile_images/1697735224233517056/WdKJm6ch_400x400.jpg","https://pbs.twimg.com/profile_banners/1180358936249032704/1721690417"
"1348197973587419139","雲風Cloudwind","YunFeng_cc","🤖某大厂，focus财务+决策+web3 💰价格由供需决定，做投资不能赌 🧑‍💻日常思考 https://t.co/XTnq9YasIa","3071","3480","3454","4968","358","金融服务","Hong Kong","https://yunfeng.co","false","true","","false","true","2021-01-10 17:20:29","https://x.com/YunFeng_cc","https://pbs.twimg.com/profile_images/1936733445394145280/X8lCOboE_400x400.jpg","https://pbs.twimg.com/profile_banners/1348197973587419139/1750588213"
"1626021869898944513","Homer","Homer10927385","","0","170","2960","11","0","","United States","","false","false","","false","false","2023-02-16 08:53:28","https://x.com/Homer10927385","https://pbs.twimg.com/profile_images/1901277491387658240/xWJWrFrb_400x400.jpg","https://pbs.twimg.com/profile_banners/1626021869898944513/1742134908"
"1594005756524756992","Echo Yuan","EchoYuan13","","17","9","110","106","0","","","","false","false","","false","false","2022-11-20 00:33:26","https://x.com/EchoYuan13","https://pbs.twimg.com/profile_images/1594005945255870464/FSS9kUjp_400x400.jpg",""
"1564572050630770688","Arthur Wu","ArthurW25047937","Focus on international trade.
Skype:wuxiyang158@126.com","117","31","104","153","23","","Shenzhen,China","http://www.linkedin.com/in/arthur-wu-626a551b6","false","false","","false","false","2022-08-30 19:13:48","https://x.com/ArthurW25047937","https://pbs.twimg.com/profile_images/1583931940499255296/xx7Syfu2_400x400.jpg","https://pbs.twimg.com/profile_banners/1564572050630770688/1669279363"
"785459274189123584","Ghaming","Ghaming_Chua","一日三餐，读万卷书，行万里路，赚万贯钱！
欢迎投稿爆料石油行业内幕、黑幕","6891","462","7385","42857","298","","","","false","false","","false","true","2016-10-10 20:37:38","https://x.com/Ghaming_Chua","https://pbs.twimg.com/profile_images/1987727429675454464/aVAykz23_400x400.jpg","https://pbs.twimg.com/profile_banners/785459274189123584/1616421126"
"1581850283063365632","六月半（互fo）","iLingcheng1","讲好山东故事，中国故事，欢迎关注！
平台限制，从现在开始会定期逐步诚信回fo
ps:部分图片视频来源于网络，如有侵权，请联系删除","8139","16026","9088","6655","3979","","德州","","false","false","","false","false","2022-10-17 11:31:23","https://x.com/iLingcheng1","https://pbs.twimg.com/profile_images/1818560369335668736/G-mZ7ypF_400x400.jpg","https://pbs.twimg.com/profile_banners/1581850283063365632/1666142675"
"1477861919109566464","祖宗","jbydd88","哪有小孩天天哭，哪有恋爱回回输","3","28","137","518","0","","新加坡","","false","false","","false","false","2022-01-03 12:38:44","https://x.com/jbydd88","https://pbs.twimg.com/profile_images/1705420624901087232/nM_-QDHI_400x400.jpg",""
"4781898492","JerryBobAI","JerryBobAI","New life 🎄 journey 🧗‍♀️ to  #AIGC 📷 wonderlands ✨.

Prompts Gallery：https://t.co/8nnFTQw9HE","2614","1819","225","328","1714","","","","false","false","","false","true","2016-01-19 15:47:16","https://x.com/JerryBobAI","https://pbs.twimg.com/profile_images/1980911567819440128/xbSCIRkI_400x400.jpg","https://pbs.twimg.com/profile_banners/4781898492/1761121098"
"1772403836684038144","DDN10 🎾🦊","ddn10_","''Love the Sinner, Hate the Sin''.
(John 5:14) 📜🦊","15460","8383","6074","23169","1333","","","https://youtube.com/@thefox-sinnermania?si=Wn6MfuCQrj1ZCGAn","false","true","","false","true","2024-03-26 07:23:12","https://x.com/ddn10_","https://pbs.twimg.com/profile_images/1859871272487813120/ORSL_ob6_400x400.jpg","https://pbs.twimg.com/profile_banners/1772403836684038144/1732897434"
"1610086716777402368","luobin","luobin666888","看潮起潮落，望云卷云舒，归来仍是少年！黄推勿扰！（网图、网络视频如有侵权，请联系我删除！）","4443","23071","19278","455224","2321","","","","false","false","","false","true","2023-01-03 09:33:31","https://x.com/luobin666888","https://pbs.twimg.com/profile_images/1610087800199692288/CfJ8js_Q_400x400.jpg",""
"1582262455228452865","花城月影🌻🌻","huchngyuyng1","清澈的爱，只为中国（欢迎互fo）","1671","12264","5103","8656","1308","","","","false","false","","false","false","2022-10-18 14:49:24","https://x.com/huchngyuyng1","https://pbs.twimg.com/profile_images/1582266271860604928/bsKx72nB_400x400.jpg","https://pbs.twimg.com/profile_banners/1582262455228452865/1666076650"
"1349869812613316612","Jeff","zh_jenson","","2","21","185","38","0","","0755","","false","false","","false","true","2021-01-15 08:03:47","https://x.com/zh_jenson","https://pbs.twimg.com/profile_images/1723736321578147840/crYK6-zC_400x400.jpg","https://pbs.twimg.com/profile_banners/1349869812613316612/1690171288"
"1407182090580336641","陈剑虹","hbXmIUWfyczjxLg","生活在中国广东的海边小城，面朝大海春暖花开。（互fo）","3098","13341","12335","91138","741","","","","false","false","","false","false","2021-06-22 11:42:31","https://x.com/hbXmIUWfyczjxLg","https://pbs.twimg.com/profile_images/1832943102308519936/F6gI2fvx_400x400.jpg","https://pbs.twimg.com/profile_banners/1407182090580336641/1712845198"
"1346830626683580416","破幕推墙","POMTQ","破幕推墙，共创中国民主新社会！ 微信火星文发起人，中共二十大前夜6个明智启蒙微信视频号全封，从此开始外网自媒体爆料之路！","36866","332160","11413","128329","14768","","纽约州——法拉盛","https://www.youtube.com/@POMTQ","false","true","","false","false","2021-01-06 22:47:08","https://x.com/POMTQ","https://pbs.twimg.com/profile_images/1956764869757132800/rC5knion_400x400.jpg","https://pbs.twimg.com/profile_banners/1346830626683580416/1755206445"
"1582739789169639424","Stacy MM(互fo)","StacyMM10","🍋🇨🇳🍓
喜欢户外却不爱运动，喜欢爬山却讨厌蚊虫，喜欢晴天却担心晒黑的小女子。
常居江西南昌，闲时四处溜达，用账号记录生活，用好网络“树洞”。","1378","14575","8071","4754","943","","","","false","false","","false","false","2022-10-19 22:26:01","https://x.com/StacyMM10","https://pbs.twimg.com/profile_images/1583042327521550337/l4_i7DP1_400x400.jpg",""
"1481221271858065413","Selling dreams 🐬刘博","sz990","互联网从业者！阐述个人言论！👨‍💻🧑‍🏫电报群https://t.co/2Hr7Bl3Z2p🕺联系https://t.co/PHTWQaRHZi","731","273","345","2","399","媒体和新闻公司","","http://youtube.com/@sz322","false","false","","false","true","2022-01-12 19:07:50","https://x.com/sz990","https://pbs.twimg.com/profile_images/1785747426625925122/CtBPoqp3_400x400.jpg","https://pbs.twimg.com/profile_banners/1481221271858065413/1690013444"
"1728733312888586240","成都青岛情侣•奢香夫人","hhajaah2451091","成都｜男186女164 ，28｜A8家庭｜留学背景随缘社交｜自由开放随性｜有公司，做投资交易｜性格温和｜健身（记录和张总的日常，张总是女士）（私信太多，先回复关注我们的朋友哈，抱歉）（收女M，长期拯救吃土少女）","647","13374","2777","2612","323","","成都","","false","false","","false","true","2023-11-26 19:12:03","https://x.com/hhajaah2451091","https://pbs.twimg.com/profile_images/1952288470464143360/DnZ3YhtP_400x400.jpg","https://pbs.twimg.com/profile_banners/1728733312888586240/1753861776"
"1480164174974287876","七爷","5n97zpfZ35oLwi2","一切都是刚刚开始","9053","369","841","84277","35","","","","false","false","","false","false","2022-01-09 21:07:16","https://x.com/5n97zpfZ35oLwi2","https://pbs.twimg.com/profile_images/1480164468034514944/4P81B1Xx_400x400.jpg","https://pbs.twimg.com/profile_banners/1480164174974287876/1643840821"
"1070487884723974144","Mr R","wjp31401127","突破温饱线","155","14","115","88","2","","Hubei","","false","false","","false","true","2018-12-06 09:19:35","https://x.com/wjp31401127","https://pbs.twimg.com/profile_images/1762110639089266688/HTXAUXs6_400x400.jpg","https://pbs.twimg.com/profile_banners/1070487884723974144/1544059713"
"1448781111182565377","mingkuan Lee","LeeMingkuan","","7","205","5375","100","0","","","","false","false","","false","true","2021-10-15 06:42:08","https://x.com/LeeMingkuan","https://pbs.twimg.com/profile_images/1448781198147284994/v9mirXpv_400x400.png",""
"1240445552594042880","产品原型分享","sz1142","📈探索AI在各行业的实际应用 🚀分享跟AI有关的新鲜事。每天为大家提供一个产品原型1.0版本，不限量供应……","851","313","5419","188","118","社交媒体影响者","","","false","false","","false","false","2020-03-19 09:10:51","https://x.com/sz1142","https://pbs.twimg.com/profile_images/1898852786445721600/VzgRnIFz_400x400.jpg",""
"1679041153247870976","xierzas","xierzas","","39","15","279","25","0","","","","false","false","","false","false","2023-07-12 16:13:18","https://x.com/xierzas","https://pbs.twimg.com/profile_images/1679041247598739457/RJM6p2EX_400x400.jpg",""
"1313318105221799936","Seven S","SS26582877","just invest it , just pump all the money into US stock .. rule of life.","10628","150","2329","728","54","","","","false","false","","false","false","2020-10-06 11:20:28","https://x.com/SS26582877","https://pbs.twimg.com/profile_images/1487827232500621312/A5wkZFHu_400x400.jpg","https://pbs.twimg.com/profile_banners/1313318105221799936/1654951652"
"1335573897266262016","陈俊🇨🇳Chenjun（互fo互关💯💯💯）","GSuMS162BULpQAK","知足常乐，开心就好，放下才能轻松，释怀方可自在🇨🇳🇨🇳","22530","10464","10445","72405","3748","","青海省西宁市","","false","false","","false","true","2020-12-06 21:17:10","https://x.com/GSuMS162BULpQAK","https://pbs.twimg.com/profile_images/1973632475575492608/VleKXr6f_400x400.jpg","https://pbs.twimg.com/profile_banners/1335573897266262016/1741522587"
"1545545119922900997","正视历史▪️传播真相🇺🇸","543dom_","▪乐为中华儿女▪️拒做马列子孙▪️“支不离口者”或“俄孝子贤孙”视为死敌▪️中共≠中国▪YouTube 频道：https://t.co/NUJC7j0JbS","490","218976","346","5737","229","媒体人物","Philadelphia,PA🇺🇸","","false","true","","false","false","2022-07-09 07:07:49","https://x.com/543dom_","https://pbs.twimg.com/profile_images/1547149607523663872/u6SE0XA9_400x400.jpg","https://pbs.twimg.com/profile_banners/1545545119922900997/1657322059"
"1377660360862351514","北美王路飞","kingluffywang","油管Up主，分享人工智障知识，视频揭露股票圈的割韭菜惯犯雷公 LEI（aka 老雷，雷公资本，LEI & Lonecapital）希望喜欢本频道的朋友可以关注支持! 抖音：Kingluffywang","16457","31529","1219","39618","2639","","United States","https://youtube.com/c/%E5%8C%97%E7%BE%8E%E7%8E%8B%E8%B7%AF%E9%A3%9E","false","true","","false","true","2021-04-02 00:33:48","https://x.com/kingluffywang","https://pbs.twimg.com/profile_images/1566823398885441537/AymfNGhx_400x400.jpg","https://pbs.twimg.com/profile_banners/1377660360862351514/1745430450"
"1747944053076086784","猫总说","zhihaidushu","AI、认知、搞钱、个人成长","1378","234","2120","6192","371","教育","","","false","false","","false","false","2024-01-18 19:28:55","https://x.com/zhihaidushu","https://pbs.twimg.com/profile_images/1899033553155006464/kx_cJ8qG_400x400.jpg","https://pbs.twimg.com/profile_banners/1747944053076086784/1761221814"
"1972495910","Abdul🔆🏝️🇲🇻","MansoorMuhaimin","","4530","2662","3306","2535","255","","","","false","false","","false","false","2013-10-20 02:43:28","https://x.com/MansoorMuhaimin","https://pbs.twimg.com/profile_images/1550573831341109248/vhwajqPK_400x400.jpg","https://pbs.twimg.com/profile_banners/1972495910/1597574759"
"890876282103144448","miemiemie","alpacaand","艺术垃圾制造者 🇮🇹不定期发疯 🖕🏻当代王利发 🖕🏻偶尔文艺逼 🖕🏻东亚没有成功出走的娜拉🖕🏻中文版葛朗台🖕🏻不是一直烟酒都来的吧","509","31","109","2304","13","","","","false","false","","false","true","2017-07-28 18:07:12","https://x.com/alpacaand","https://pbs.twimg.com/profile_images/1599658774158987264/3sxUzx3S_400x400.jpg","https://pbs.twimg.com/profile_banners/890876282103144448/1504059297"
"1175377430405533696","Ministry of Social Media","MoSM_Mv","Social Service Representative","19631","2129","2459","17442","625","","","","false","false","","false","false","2019-09-21 19:53:26","https://x.com/MoSM_Mv","https://pbs.twimg.com/profile_images/1822182825912598528/p4LoJnEy_400x400.jpg","https://pbs.twimg.com/profile_banners/1175377430405533696/1707899823"
"1522165728572440576","シルシ","yanyizhang81","","26","29","190","1312","2","","","","false","false","","false","true","2022-05-05 18:46:12","https://x.com/yanyizhang81","https://pbs.twimg.com/profile_images/1920520472346632192/_Dejv4a3_400x400.jpg","https://pbs.twimg.com/profile_banners/1522165728572440576/1685343828"
"1263441997","#oneMaldives","insafSarukaaru","Freelance Reporter fighting for the truth to make the World a better place for humanity in whatever little way I can.","44865","1176","5061","38319","972","记者","Greenwich, London","","false","false","","false","true","2013-03-13 11:04:32","https://x.com/insafSarukaaru","https://pbs.twimg.com/profile_images/1270382086457884672/e_370nsF_400x400.jpg","https://pbs.twimg.com/profile_banners/1263441997/1591717867"
"2615416958","korbababa123","JohnKorButcher","Why do i choose iPhone? Because i've always been eagle of warrior","740","25","209","20416","44","","","","false","false","","false","false","2014-07-10 20:42:59","https://x.com/JohnKorButcher","https://pbs.twimg.com/profile_images/1626551948626522112/dAfbh98-_400x400.jpg","https://pbs.twimg.com/profile_banners/2615416958/1680799668"
"1492431399143362561","Onlookers","_Onlookers","","375","16","24","429","71","","墙内·牢笼","","false","false","","false","false","2022-02-12 17:32:44","https://x.com/_Onlookers","https://pbs.twimg.com/profile_images/1597908122953474048/12dwT9PO_400x400.jpg",""
"1095668180041687040","E_Ah 🇵🇸🇲🇻","E_Ahmed7700","A curious girl trying to keep up with the world.","5329","227","417","112447","10","","","","false","false","","false","false","2019-02-13 20:57:05","https://x.com/E_Ahmed7700","https://pbs.twimg.com/profile_images/1726851535882403840/yV2zv2lq_400x400.jpg","https://pbs.twimg.com/profile_banners/1095668180041687040/1571726479"
"1421015680082759681","David","ipNtzgPoY5AcEbW","每一个人都会为自己的认知买单","2911","401","366","5673","811","娱乐和休闲","","","false","false","","false","false","2021-07-30 15:52:08","https://x.com/ipNtzgPoY5AcEbW","https://pbs.twimg.com/profile_images/1708837359759097857/T-WfbaR2_400x400.jpg",""
"1220982144324866048","张石头","October_Yan","","1194","115","32","60","8","","","","false","false","","false","false","2020-01-25 16:10:07","https://x.com/October_Yan","https://pbs.twimg.com/profile_images/1918975894347255808/uCyxGyiO_400x400.jpg",""
"1596691049237417985","flow the light","flow_thelight","","1742","55","34","2635","5","","","","false","false","","false","false","2022-11-27 10:23:20","https://x.com/flow_thelight","https://pbs.twimg.com/profile_images/1596691708347129856/QXhE5GDS_400x400.jpg",""
"1164759041265954821","CharlieLee","CharlieLee5537","","3515","36","105","128","1","","Tokyo-to, Japan","","false","false","","false","false","2019-08-23 12:39:44","https://x.com/CharlieLee5537","https://pbs.twimg.com/profile_images/1397019887487184901/kjIQDncX_400x400.jpg",""
"2962943782","J Utah","jutah99","Driving. 40+ countries, 800K YT subs, 220 million 'rides' so far. Subscribe, grab a coffee, and lets go for a drive.","1248","543","160","1353","775","","","https://www.youtube.com/channel/UCBcVQr-07MH-p9e2kRTdB3A","false","false","","false","true","2015-01-06 06:51:38","https://x.com/jutah99","https://pbs.twimg.com/profile_images/553318476899569665/y8-8mBl1_400x400.jpeg","https://pbs.twimg.com/profile_banners/2962943782/1420756294"
"1254790144655151104","Bruce","Bruce90038534","Abc","967","47","28","13323","5","","","","false","false","","false","false","2020-04-27 23:11:09","https://x.com/Bruce90038534","https://pbs.twimg.com/profile_images/1254790335575646214/Me0ehH5Q_400x400.jpg",""
"1394141445414547456","皮特","PeterHu54537199","","6","18","69","4862","0","","","","false","false","","false","false","2021-05-17 12:03:29","https://x.com/PeterHu54537199","https://pbs.twimg.com/profile_images/1394145515701342208/97bh5aQv_400x400.jpg",""
"1589782015724818432","Lee芝研","Lee49077534","","785","27","53","9873","48","","♥️  Taiwan. ","","false","false","","false","true","2022-11-08 08:49:27","https://x.com/Lee49077534","https://pbs.twimg.com/profile_images/1589782116480389120/L1EysTlH_400x400.png",""
"1220290277056897025","Pangyu 胖鱼 🐠","pangyusio","🎓 CS/AI PhD，🤖 Machine Learning/NLP/LLM Researcher，📍Singapore｜
🔍 关注 AI、科技、财经、历史、社会，📚 爱知求真 ｜
🌟 ENTJ，热爱思考，热爱生活，💪 坚持运动和阅读 ｜","8680","25784","1390","44394","406","科技","Singapore","https://linktr.ee/pangyus","false","true","","false","false","2020-01-23 18:20:59","https://x.com/pangyusio","https://pbs.twimg.com/profile_images/1220290486516228096/TwYdOfQ7_400x400.jpg","https://pbs.twimg.com/profile_banners/1220290277056897025/1580727980"
"1637070779975352320","Go学长","arkuy99","早期王者荣耀 和平精英 AI  NPC 开发者 / 神庙逃亡开发者 / IM 即时通讯专家","2915","1607","634","2338","190","","You're absolutely right!","","false","false","","false","true","2023-03-18 20:37:54","https://x.com/arkuy99","https://pbs.twimg.com/profile_images/1929775085520670720/nyG5k8ou_400x400.jpg","https://pbs.twimg.com/profile_banners/1637070779975352320/1747509329"
"2908817846","fyfone.eth","fyfone","关注于投资管理等方面的研究。web3/加密货币/二级/撸毛/btc holder/蓝V护fo/7年腾讯技术","631","1223","2347","47","45","金融服务","","","false","false","","false","true","2014-11-24 15:09:56","https://x.com/fyfone","https://pbs.twimg.com/profile_images/1632760933796945928/rXUeoLy5_400x400.jpg",""
"1782288941229694976","张老师","shi_zhang18155","美食，音乐，旅游，读书。","7592","8222","7290","5371","2214","","","","false","false","","false","false","2024-04-22 14:03:07","https://x.com/shi_zhang18155","https://pbs.twimg.com/profile_images/1814123831101140992/zZRHvueQ_400x400.jpg",""
"1689567734852640769","СИЕ Синлонa‘谢鑫龙’","xiexinlong83586","毕加索和崽仔","2035","52","270","2671","5","","","","false","false","","false","false","2023-08-10 17:22:35","https://x.com/xiexinlong83586","https://pbs.twimg.com/profile_images/1953852978747912195/6s7mLump_400x400.jpg","https://pbs.twimg.com/profile_banners/1689567734852640769/1755493323"
"1499289392804171777","偷得富盛半日闲","junyin2001","旅游、音乐、下棋、读书、喝茶","25872","174797","7011","95780","13900","教育","","","false","false","","false","true","2022-03-03 15:44:39","https://x.com/junyin2001","https://pbs.twimg.com/profile_images/1681849649412333568/yXLVifP2_400x400.jpg",""
"1791354606435307520","心心（YuLiu）","liuyu1268","美籍华人，一位诗词爱好者，心心诗社创始人。主业；从事电商行业。副业；运营公益诗词社团，担任“心心诗社”社长及心心诗社公众号和心心英语中英双语公众号主理人， 欢迎关注与支持！❤️（免责声明：部分推文素材源于网络，如版权人有异议，请联系删除，谢谢！）","14368","14010","5175","90839","1350","","United States","","false","true","","false","false","2024-05-17 14:27:20","https://x.com/liuyu1268","https://pbs.twimg.com/profile_images/1857680600263467008/YXjDcFvS_400x400.jpg","https://pbs.twimg.com/profile_banners/1791354606435307520/1727054517"
"1535701819812462600","Iggie🚁","Kenntnis22","朋友们的小圈子。不严肃、谢谢😑","11497","43237","337","35117","7377","","London","","false","true","","false","false","2022-06-12 03:13:51","https://x.com/Kenntnis22","https://pbs.twimg.com/profile_images/1989830498378485760/_J7xn0Hs_400x400.jpg",""
"1558317849508122629","CuiMao","CuiMao","我是一名智力低下的博士生，我想学习一下这篇论文，请用傻子都能懂的语言详细给我讲一下这篇文章怎么做的，特别是模型和实证方面","8508","22302","960","6660","1003","科技","","","false","true","","false","true","2022-08-13 13:01:53","https://x.com/CuiMao","https://pbs.twimg.com/profile_images/1987475348288925696/UEjtXq1b_400x400.jpg","https://pbs.twimg.com/profile_banners/1558317849508122629/1760427513"
"1766722039795294208","周君红（原深圳律师）","zhoujunhong2024","周君红，湖南人，基督徒，三娃妈，获北大法学学士、法大刑法学硕士学位，原深圳刑辩律师，现海外中国人权律师联盟创始人之一， 2024年3月，在美国参加加州律师考试后，因发表批判CCP的朋友圈意外走红，迫于因言获罪独自留美，致使骨肉分离。邮箱：z185221331@gmail.com，电报群：https://t.co/jzZo3Grouq","13539","28638","598","9109","3959","律师和律师事务所","California, USA","","false","true","","false","true","2024-03-10 15:05:44","https://x.com/zhoujunhong2024","https://pbs.twimg.com/profile_images/1989226377221140480/VRjJQhHX_400x400.jpg","https://pbs.twimg.com/profile_banners/1766722039795294208/1749891797"
"1641350841918709761","金笑笑","Haz59188","二级野生博主 /P小将 /TG：https://t.co/RS1ZwY6VNy，安全简单一站式链上链下交易平台OKX 注册入口：https://t.co/wwjcp2jjb8","10803","17070","1276","42309","844","Blockchain","","","false","true","","false","true","2023-03-30 16:05:38","https://x.com/Haz59188","https://pbs.twimg.com/profile_images/1943336099017035777/Eey96PDN_400x400.jpg","https://pbs.twimg.com/profile_banners/1641350841918709761/1745042626"
"1492827527559196676","沐陽","muyang909","恕不閒聊     沐陽—新聞看點 
爆料郵箱：xwkd2017@gmail.com 
乾淨世界頻道：https://t.co/Up6FZsPYQf… 
油管：https://t.co/aOUMdjuUhP…","12298","28852","128","4358","8761","媒体和新闻公司","US","","false","true","","false","true","2022-02-13 19:46:56","https://x.com/muyang909","https://pbs.twimg.com/profile_images/1568138265315753986/Py_HYAa0_400x400.jpg","https://pbs.twimg.com/profile_banners/1492827527559196676/1693698267"
"496972375","enby","enby007","","6204","6288","2705","3365","583","科技","Blue Earth, MN","","false","true","","false","false","2012-02-19 21:43:07","https://x.com/enby007","https://pbs.twimg.com/profile_images/1865032321826791424/ClH-TJ9t_400x400.jpg","https://pbs.twimg.com/profile_banners/496972375/1733801214"
"368205513","杰克船长宏观策略","yanbojack","美港A股基金经理&宏观研究员，做宏观策略，量化。香港新加坡证券、前国内top10公募基金。（郑重声明：本账号发布的所有内容严禁在中国互联网转播，所有内容均不构成投资建议）爆料、合作发私信https://t.co/BU9z85f3Xb","19602","143547","99","794","11834","金融服务","Singapore","","false","true","","false","true","2011-09-05 15:55:43","https://x.com/yanbojack","https://pbs.twimg.com/profile_images/1566441302287593473/-PWs9wxL_400x400.jpg","https://pbs.twimg.com/profile_banners/368205513/1754588750"
"1725688335967105024","李狗蛋3.0 🔶 MemeMax ⚡️","zkgoudan","All in BSC 脸上终于笑了 #BNB ｜ 📷视频创作者｜近3亿用户的共同选择，启程Web3，就在币安：⬇️ 🏝️ https://t.co/2QxYCEIOZv #Binance","36873","39932","7635","12642","3817","","iceland","https://app.infinex.xyz?r=ZHV9RJTH","false","true","","false","true","2023-11-18 09:32:33","https://x.com/zkgoudan","https://pbs.twimg.com/profile_images/1987050371701960704/qclK7L4a_400x400.jpg","https://pbs.twimg.com/profile_banners/1725688335967105024/1746428855"
"1273242857113976832","Roufu","roufengzhifu","在深思熟虑之后，我选择了那条不安全的道路，去追随我内心的热情。我为那个决定感到骄傲。
对待生命你不妨大胆一点，好歹你会失去它！🙏🙏🙏","15456","23129","989","16200","744","","Johor Bahru","","false","false","","false","true","2020-06-17 21:16:32","https://x.com/roufengzhifu","https://pbs.twimg.com/profile_images/1889596381754703872/rU29ot0N_400x400.jpg","https://pbs.twimg.com/profile_banners/1273242857113976832/1616836740"
"57618417","90千帕","90kPa","Non omnis moriar. 

#Philharmonic #camping #bikepacking #prepper","43485","42924","165","7218","1635","","Changsha","","false","false","","false","true","2009-07-17 19:25:42","https://x.com/90kPa","https://pbs.twimg.com/profile_images/1234865639845552134/KNL5SRqe_400x400.jpg","https://pbs.twimg.com/profile_banners/57618417/1550673578"
"885086674828578816","Mr Panda","PandaTalk8","Solo Developer ｜ Growth Coach｜Helping creators build their personal brand on X  
公众号：PandaTalk8","20111","56213","6650","56892","1217","教育","","https://xgrowth.xlearnity.ai/","false","true","","false","true","2017-07-12 18:41:22","https://x.com/PandaTalk8","https://pbs.twimg.com/profile_images/1738715996737933312/QHUuRDK1_400x400.jpg","https://pbs.twimg.com/profile_banners/885086674828578816/1760969154"
"771561661941424128","Fan Bingbing 范冰冰","realBingbingFan","Collaboration enquiry: jersey@bingbingfan.cn • @Jersey_Chong","382","356845","91","159","322","","北京, 中华人民共和国","http://weibo.com/u/3952070245","false","true","","false","false","2016-09-02 12:13:29","https://x.com/realBingbingFan","https://pbs.twimg.com/profile_images/1680126346864005123/4fe9xC6u_400x400.jpg","https://pbs.twimg.com/profile_banners/771561661941424128/1650807386"
"1639144776368025600","彻易Heawcyrt","Lay78Ever","INFJ | All in AI x 自媒体 x 自由职业🚀
10x is easier than 2x 📈 | The obstacle is the way.
分享生活碎片🧩 | 深度思考🧠 | 搞钱日记💰 | 每日精进¹ᐟ₃₆₅","4971","3166","612","11388","650","","","","false","true","","false","true","2023-03-24 13:59:24","https://x.com/Lay78Ever","https://pbs.twimg.com/profile_images/1922464504149114885/KKH8ClXS_400x400.jpg","https://pbs.twimg.com/profile_banners/1639144776368025600/1746507311"
"1517136026757599233","运动水货","shuhongwei22","爱旅游，爱传播传统文化，爱讲奋斗故事！部分图片来自网络，如有侵权，请联系删除！","13764","56828","22507","191960","3812","","You may guess","","false","false","","false","false","2022-04-21 21:40:20","https://x.com/shuhongwei22","https://pbs.twimg.com/profile_images/1665374707909025795/48SBG1CG_400x400.jpg","https://pbs.twimg.com/profile_banners/1517136026757599233/1713921862"
"1603337446183546880","新新（互fo互赞互评）","jye1968","互fo互评互赞！脱粉将取关哦！正在努力回关中，由于每日有关注人数上限，请耐心等待哈！如忘记回关，请在我的置顶贴文留言，我必立马回关！请大家关注我的小号@lbx0815，100%回关，一起涨粉吧！","31698","23835","9895","89610","3739","","","","false","false","","false","true","2022-12-15 18:35:40","https://x.com/jye1968","https://pbs.twimg.com/profile_images/1763085380453326848/6gLHRO5y_400x400.jpg","https://pbs.twimg.com/profile_banners/1603337446183546880/1709342042"
"51904755","Morris","Morris_LT","某不知名Web3.0创业公司 - 创始人&CEO&首席擦屁股执行官！#Bitcoin 和 #Dogecoin 信仰者、老韭菜、囤币党。《旷野之心》作者，私信开放订购：https://t.co/W2fM1ccAiv","69830","167655","412","51228","6991","","𝕏Ɖ","","false","true","","false","true","2009-06-29 09:07:03","https://x.com/Morris_LT","https://pbs.twimg.com/profile_images/1661240746018754560/8Shwdpaj_400x400.jpg","https://pbs.twimg.com/profile_banners/51904755/1709362287"
"367212879","SamGor 三哥（afffun.com）","biggor888","❤️ I enjoy freedom in a broad sense.

做了二十几年生意，这两年主要是玩AI。与AI结对编程写了很多个项目，小工具，不限语言。

电报：https://t.co/U1eVGld290

私站：https://t.co/Um7miDPttp

资源：https://t.co/KPMOsOBGHZ","15470","5201","557","4962","2099","科技","Freedom","https://afffun.com","false","true","","false","true","2011-09-03 23:46:25","https://x.com/biggor888","https://pbs.twimg.com/profile_images/1837848554549006336/h5T_xLWN_400x400.jpg","https://pbs.twimg.com/profile_banners/367212879/1577979595"
"1335973070","ilovelife","ilovek8s","资深全干工程师 | 尊贵的SRE(重启工程师)｜TG: https://t.co/yakXjFGFmu｜ 小报童甄选：https://t.co/xRn5j3Lu9f 独立开发者出海技术栈：https://t.co/av5jVVXXou 🌟欢迎私信自荐产品🌟","18032","17956","2217","13071","453","","Hong Kong","https://chuhai.tools","false","false","","false","true","2013-04-08 15:19:51","https://x.com/ilovek8s","https://pbs.twimg.com/profile_images/1767739942283980800/iJUzgOtl_400x400.jpg","https://pbs.twimg.com/profile_banners/1335973070/1710296352"
"3460383084","真相傳媒","TruthMedia123","傳播真相，匡扶正義良知，回歸中華傳統。 世間總有公道。歡迎投稿爆料！如果推文有錯誤歡迎指正。通過本號私信發送即可。","106666","264230","4995","8709","72186","","","","false","true","","false","false","2015-09-05 23:04:03","https://x.com/TruthMedia123","https://pbs.twimg.com/profile_images/1618727520500850692/SdW0o-cV_400x400.jpg","https://pbs.twimg.com/profile_banners/3460383084/1704744180"
"1736452884282097665","日人民报","RRMBAO","个人独立媒体！","12592","82843","3178","42252","6675","","加利福尼亚州洛杉矶","","false","true","","false","false","2023-12-18 02:27:19","https://x.com/RRMBAO","https://pbs.twimg.com/profile_images/1989788672875507713/fFQ_nu4k_400x400.jpg","https://pbs.twimg.com/profile_banners/1736452884282097665/1763237677"
"1550346730423533569","李幺傻","liyaosha","记者、作家、历史学者。代表作《暗访十年》、《江湖三十年》。youtube账号：李幺傻看世界。","10942","87359","68","9","7101","记者","洛杉矶","","false","true","","false","true","2022-07-22 13:07:38","https://x.com/liyaosha","https://pbs.twimg.com/profile_images/1550358110199377921/ligC_MjX_400x400.jpg","https://pbs.twimg.com/profile_banners/1550346730423533569/1717524922"
"1164388321545449472","卫斯理","imwsl90","程序员/产品经理/销售/中年已婚带2娃

- 互联网、编程、AI、情感、历史、八卦

TG: https://t.co/qhzcXic3G8

X增长陪跑服务，请TG联系！

VPS: https://t.co/MUq5TvH5p2
魔法：https://t.co/B5SfJ7LlqH","73301","78745","7439","44185","12384","科技","V: wesley6020","https://imwsl.com","false","true","","false","true","2019-08-22 12:06:29","https://x.com/imwsl90","https://pbs.twimg.com/profile_images/1770626410606141440/HFy0Ibg3_400x400.jpg",""
"1919582308446961667","栗籽掘金","lz2421546270975","爱搞钱，喜欢分享，认知思维，结交会搞钱，正能量的同路人。","1999","12544","31","62","1165","","","","false","false","","false","true","2025-05-06 10:38:13","https://x.com/lz2421546270975","https://pbs.twimg.com/profile_images/1930802446122590208/_T1MJI4I_400x400.jpg","https://pbs.twimg.com/profile_banners/1919582308446961667/1749186508"
"1868655734940172288","喝杯冰茶再跑","russAI88","ex Bytedance R&D | AI  x 投资 x 认知 | learn in public |
小红书/公众号同名","2218","6459","679","922","592","","","","false","false","","false","true","2024-12-16 21:53:47","https://x.com/russAI88","https://pbs.twimg.com/profile_images/1887555644695482368/TrGWyCCd_400x400.jpg","https://pbs.twimg.com/profile_banners/1868655734940172288/1738907903"
"776961507917639681","停雲","tingyun97","一生負氣成今日 四海無人對夕陽","64067","132636","2106","41041","34378","","北平","","false","true","","false","true","2016-09-17 09:50:33","https://x.com/tingyun97","https://pbs.twimg.com/profile_images/1959168888891117568/9aZARp5p_400x400.jpg","https://pbs.twimg.com/profile_banners/776961507917639681/1755965269"
"1059638356609396736","外汇交易员","myfxtrader","盯紧市场，把握时机。理性客观，利益永恒。","42367","370161","481","7367","12819","金融服务","Hong Kong","","false","true","","false","true","2018-11-06 10:47:26","https://x.com/myfxtrader","https://pbs.twimg.com/profile_images/1230373331724947458/8LlXOtfV_400x400.jpg","https://pbs.twimg.com/profile_banners/1059638356609396736/1582338929"
"2786701","William Long","williamlong","青青子衿，悠悠我心，但为君故，沉吟至今","30394","383035","339","0","3409","科技","","","false","true","","false","true","2007-03-29 12:16:23","https://x.com/williamlong","https://pbs.twimg.com/profile_images/1892484039917129730/qRBtG7Wh_400x400.jpg","https://pbs.twimg.com/profile_banners/2786701/1682765063"
"1560392605342605312","山坞佬观世界✝️","Hammer_EU_9527","Jesus is the way, the truth, and the life.
解放尼日利亚，谴责尼日利亚政府无视针对尼日利亚基督徒的大规模迫害！
做一个心口一致的人，因为相信基督，所以要生活在基督教国家，仅此而已。
俄罗斯是侵略者；哈马斯是恐怖分子。","14102","122558","556","19412","751","","Stockholm, Sweden","","false","false","","false","true","2022-08-19 06:26:21","https://x.com/Hammer_EU_9527","https://pbs.twimg.com/profile_images/1915788854117756928/WJLnjZQC_400x400.jpg","https://pbs.twimg.com/profile_banners/1560392605342605312/1762365082"
"5967912","Tinyfool","tinyfool","Youtuber
20年老程序员，业已退休，不以写代码为主业。
不是英语老师，但开发了""英语轻松读""，做了广受好评的学习英语的视频。
心在日本，人目前在天津
Youtube：
英语学习之路 https://t.co/fY05anVN8r
胡说八道 https://t.co/FQLaNWFD5j","103685","187108","885","6017","4747","科技","Tianjin","https://codechina.org/","false","false","","false","true","2007-05-12 01:10:33","https://x.com/tinyfool","https://pbs.twimg.com/profile_images/1634730992278839297/vZg4HnAl_400x400.jpg","https://pbs.twimg.com/profile_banners/5967912/1647360059"
"1173259891286392832","大变活人","seanwei001","来看有趣的事。。。","32690","144483","796","21534","26892","娱乐和休闲","","","false","true","","false","true","2019-09-15 23:39:38","https://x.com/seanwei001","https://pbs.twimg.com/profile_images/1376681920461905922/obKbf3oR_400x400.jpg","https://pbs.twimg.com/profile_banners/1173259891286392832/1616863770"
"5709522","Michael Anti","mranti","安替, Globus, Global Research. A veteran journalist on International Affairs, Harvard Nieman Fellow '08, TEDGlobal Speaker.","221676","368826","11361","421","3058","咨询机构","","","false","true","","false","true","2007-05-02 18:08:45","https://x.com/mranti","https://pbs.twimg.com/profile_images/575475426971119616/mdc9Zm_-_400x400.jpeg",""
"2893886738","背包健客","bbjk666","分享的内容源自网络，点赞=已阅。 ⭐不要相信山寨我的账号和评论区非官方广告❗️","16180","169852","1406","16093","12176","医疗和保健","𝕏","https://youtube.com/@bbyk168?si=wHK9ZVOdMVrGbHS3","false","true","","false","true","2014-11-08 23:19:57","https://x.com/bbjk666","https://pbs.twimg.com/profile_images/1817918441044807680/hKAVDYHQ_400x400.jpg","https://pbs.twimg.com/profile_banners/2893886738/1751800258"
"36659991","Ken Wong","kenwong_2","An old friend.","3221","178316","439","1915","917","","The Earth","","false","false","","false","true","2009-04-30 21:22:37","https://x.com/kenwong_2","https://pbs.twimg.com/profile_images/1944368718231801856/MThgS-Qy_400x400.jpg","https://pbs.twimg.com/profile_banners/36659991/1752408613"
"41902408","Hao HONG 洪灝, CFA","HAOHONG_CFA","Person of the Year-Bloomberg BW;2xChina’s Most Influential Economist;2xEconomist of the Year-Asia Private Banker;“The man called China’s boom & bust”-Bloomberg","4286","326966","933","2471","1529","金融服务","Hong Kong","https://weibo.com/u/7799274131","false","true","","false","true","2009-05-23 05:13:10","https://x.com/HAOHONG_CFA","https://pbs.twimg.com/profile_images/378800000358614242/a1640062237e2f4fc2ecb7b352d87b10_400x400.jpeg","https://pbs.twimg.com/profile_banners/41902408/1655328090"
"2262723812","ahhhhfs","abskoop","❤️虚假推友🫶🫰😘💕 收集分享各种互联网垃圾｜投稿侵权请私信｜谢谢不接推｜TG频道订阅更新:https://t.co/OmSvNms9yl ｜小号:@ahhhhfs l🔔重复刷无相关评论会被拉黑｜链接打不开用Chrome浏览器，不要用国产浏览器","59014","731226","1203","26145","22886","科技","有空翻翻👉","https://dizhi.abskoop.com/","false","true","","false","true","2013-12-26 19:26:41","https://x.com/abskoop","https://pbs.twimg.com/profile_images/1429676617329119233/C_U_KwBv_400x400.jpg","https://pbs.twimg.com/profile_banners/2262723812/1629809938"
"232201624","方舟子","fangshimin","方舟子，本名方是民，作家，新语丝网站：https://t.co/BtmRP0sOek YouTube：https://t.co/KpXMFWwrYH 电报群：https://t.co/ZYu30ER4KU 蓝天：https://t.co/1rEMyAfLnI","73849","949507","52","1889","50387","","California, USA","http://www.xys.org","false","false","","false","true","2010-12-30 22:24:21","https://x.com/fangshimin","https://pbs.twimg.com/profile_images/526015624963555328/2-0WdMOV_400x400.png","https://pbs.twimg.com/profile_banners/232201624/1480282070"
"2888086214","财经真相","Rumoreconomy","黄金、A50、空欧元开户用境外邮https://t.co/b8SCUynsSl","18015","904175","264","849","8436","金融服务","Huntington Beach, CA","","false","true","","false","true","2014-11-03 12:13:57","https://x.com/Rumoreconomy","https://pbs.twimg.com/profile_images/1759252707624603648/vNWCXYe2_400x400.jpg","https://pbs.twimg.com/profile_banners/2888086214/1693321705"
"2853407766","朱韵和","zhu0588","中国未来大趋势：经济危机--社会动荡--专制垮台","82644","503098","376","548","60113","","","","false","true","","false","true","2014-10-13 02:27:07","https://x.com/zhu0588","https://pbs.twimg.com/profile_images/633313799383060480/3SqyD6-x_400x400.png","https://pbs.twimg.com/profile_banners/2853407766/1694653623"
"1194305042578362368","Petrichor","Jam79922967","專業人士，人格獨立。無論批評或褒揚什麽，皆基於事實，而非出於個人恩怨。","30372","632525","1175","2253","18733","科技","Taiwan","","false","true","","false","false","2019-11-13 01:25:09","https://x.com/Jam79922967","https://pbs.twimg.com/profile_images/1555428587083366400/Ao7hhUWO_400x400.jpg",""
"31083308","王海滨的财经闲谈","wangwatchworld","宏观乱谈，大宗商品闲谈 。","45901","229272","1002","3324","5468","金融服务","泰国","http://www.ottfinance.com","false","true","","false","true","2009-04-14 16:11:59","https://x.com/wangwatchworld","https://pbs.twimg.com/profile_images/1971248435920883712/LbT3l2VK_400x400.jpg","https://pbs.twimg.com/profile_banners/31083308/1739375437"
"1575767611165798403","中日政经评论","xzzzjpl","大阪鲁社长，走遍半个地球，最后落地日本。专业的政治评论者和日本房地产投资者。 油管：https://t.co/DRi1lDGB2W，telegram群：https://t.co/0hrTBVylfU","14891","507452","377","2624","3817","非政府组织和非营利组织 ","","http://www.youtube.com/@zrzjpl","false","true","","false","true","2022-09-30 16:41:01","https://x.com/xzzzjpl","https://pbs.twimg.com/profile_images/1575768131406303232/UCoTPU2p_400x400.jpg",""
"1260553941714186241","李老师不是你老师","whyyoutouzhele","投稿私信
或：https://t.co/SwoJzv97eA
邮箱投稿： lilaoshitougao@gmail.com  
你看那通天的巨塔，每时每刻都有人往下跳。我小时候不懂，以为那是雪花。
加入我们的社区  https://t.co/OWEgUHVaqG","44231","2141132","979","8331","37369","社交媒体影响者","偷乐星球","https://t.me/lilaoshibushinilaoshi","false","true","","false","true","2020-05-13 20:54:20","https://x.com/whyyoutouzhele","https://pbs.twimg.com/profile_images/1558667234855292929/RqgodvGb_400x400.jpg","https://pbs.twimg.com/profile_banners/1260553941714186241/1650306568"
"1477342523555135490","多伦多方脸","torontobigface","YouTube：https://t.co/JrdyvNc63o 投稿邮箱:Torontosquareface@gmail.com 粉丝群：https://t.co/7fI2Xsn7l9 李币社区群：https://t.co/Uao93nfZ79","17995","749129","233","4271","5931","社交媒体影响者","乌鲁木齐中路，多伦多","https://www.torontosquareface.com","false","true","","false","true","2022-01-02 02:14:50","https://x.com/torontobigface","https://pbs.twimg.com/profile_images/1581508796845019137/iNF3fAIe_400x400.jpg","https://pbs.twimg.com/profile_banners/1477342523555135490/1646202283"
"8149482","美国之音中文网","VOAChinese","美国之音中文官方推特@voachinese 
美国之音中文网 您可靠的信息来源 - 通晓美中大事 锁定美国之音
https://t.co/XzB6iSdHWx | https://t.co/ua0xOdvfB2 | https://t.co/cW5eaWpefk","267687","2647670","166","972","82741","媒体和新闻公司","Washington, DC","http://www.voachinese.com","false","true","Business","false","true","2007-08-13 09:36:54","https://x.com/VOAChinese","https://pbs.twimg.com/profile_images/1643258528218349572/KyNj6ump_400x400.jpg","https://pbs.twimg.com/profile_banners/8149482/1715366990"
"1027764083565711360","Inty News","__Inty__","One of the most followed news channels On X in Mandarin. Anti Chinese Communist Government . Anti Dictatorship. 为你分享世界热点新闻 | 时政聊天群  👇https://t.co/mfY4RFysrB","93202","730018","0","1566","33414","","USA","","false","true","","false","true","2018-08-10 11:50:27","https://x.com/__Inty__","https://pbs.twimg.com/profile_images/1683004187951665153/9u75ptcg_400x400.jpg","https://pbs.twimg.com/profile_banners/1027764083565711360/1668406152"
"1367943697279705090","Leva","BingLiu34173809","","31702","49822","1372","8498","11557","","England, United Kingdom","","false","true","","false","false","2021-03-06 05:03:18","https://x.com/BingLiu34173809","https://pbs.twimg.com/profile_images/1732745778785910785/htQSwPuc_400x400.jpg","https://pbs.twimg.com/profile_banners/1367943697279705090/1701953772"
"1353169870691549184","iPaul","iPaulCanada","自由万岁","16976","151149","510","7546","10520","社交媒体影响者","Canada","","false","true","","false","true","2021-01-24 10:37:27","https://x.com/iPaulCanada","https://pbs.twimg.com/profile_images/1353172142502809601/a03iLOp7_400x400.jpg","https://pbs.twimg.com/profile_banners/1353169870691549184/1761412723"
"307353701","飛鳥","askaiwy","瓜田里上蹿下跳东奔西走的猹；牙尖嘴利古灵精怪的前白大褂 ；原教旨中医；🦋同号预防万一 @amamirkd小号专门抽空写中医药知识科普","21124","30276","273","81974","6758","","日本 神奈川","","false","true","","false","true","2011-05-29 21:51:12","https://x.com/askaiwy","https://pbs.twimg.com/profile_images/1757782766920568832/Bs8jvrDy_400x400.jpg","https://pbs.twimg.com/profile_banners/307353701/1705508217"
"1456122941192605705","0xAA","0xAA_Science","Neuroscience PhD, x402 lover @WTFAcademy_ @ourRescuETH @The_PeopleDAO ｜启程Web3，就在币安: https://t.co/k5E2804y9X ｜新人首选，安全简单。一站式链上链下交易平台OKX https://t.co/Kwxe2KTZlu","15760","167851","1466","25563","3611","科技","Dark Forest","https://wtf.academy","false","true","","false","true","2021-11-04 12:55:50","https://x.com/0xAA_Science","https://pbs.twimg.com/profile_images/1909791942961250308/nPZLMciH_400x400.jpg","https://pbs.twimg.com/profile_banners/1456122941192605705/1743759569"
"1305062626272055296","比特币子棋（重生版）","cloakmk","输出独立观点 研究行情趋势 热点机会 仅供参考 注意风险 别看别信别买OKX：https://t.co/YwB0jDEyw1 〈节省20%手续费〉","1684","222042","376","5298","348","社交媒体影响者","","","false","true","","false","true","2020-09-13 16:36:08","https://x.com/cloakmk","https://pbs.twimg.com/profile_images/1976984540926394368/6RXtVLGL_400x400.jpg","https://pbs.twimg.com/profile_banners/1305062626272055296/1734702999"
"1518140519536279554","Greta008","Greta0086","galaxy girl !炒币致命，撸毛致富！

由于山寨资产回撤，需要回血
正在执行11-12月两个月再赚1000万的计划补血。
运气好的话，一俩个空投就能实现，
但也做好空投不及预期的准备，开始拓展收益渠道。

合作✉tg： Greta086 （唯一tg，别上当）","22773","150088","2625","5073","976","社交媒体影响者","Singapore","","false","true","","false","true","2022-04-24 16:12:11","https://x.com/Greta0086","https://pbs.twimg.com/profile_images/1518157689334939648/PreEWzyi_400x400.jpg","https://pbs.twimg.com/profile_banners/1518140519536279554/1650789069"
"1392362247574286336","sanyi.eth","sanyi_eth_","allin @HyperliquidX 
努力做一个alpha博主，所有的推文都不构成投资建议
带🍚的推文是恰饭，不带的是正常的推文
 #版本弃子 #链上电子乞丐 #话痨

wait for the wind
collab➡️https://t.co/O5qim99qSG","17644","257932","6488","8206","3666","科技","New York, USA","https://bento.me/sanyi01","false","true","","false","true","2021-05-12 14:13:28","https://x.com/sanyi_eth_","https://pbs.twimg.com/profile_images/1554293559012241408/3S7VtrLf_400x400.jpg","https://pbs.twimg.com/profile_banners/1392362247574286336/1657108383"
"1437049754882494466","以太坊老张.eth","ytflzyyds","16年入圈的以太坊信仰者/三轮牛熊/金狗猎手/BSC版本之子

近3亿用户的共同选择就在币安入口（有返佣）👇https://t.co/GkODESKccS 🤖 #BNB 

去有风的地方做一头猪","18596","263328","2317","73766","1874","","玩儿转链上就用币安钱包👇👇","https://web3.binance.com/referral?ref=Y30AV3KM","false","true","","false","true","2021-09-12 21:45:47","https://x.com/ytflzyyds","https://pbs.twimg.com/profile_images/1560206979309510656/x9uF2NZ6_400x400.jpg","https://pbs.twimg.com/profile_banners/1437049754882494466/1685580470"
"1401718840535379970","梭教授说","hellosuoha","All in || @lspdao || || virtual|| ||GMGN|| ||https://t.co/KQTDv6PBuS|| TG：@hellosuoha  ||
做一个有耐心的人，做个有耐心的，做个人。","33494","172834","455","2435","3572","金融服务","Macau","","false","true","","false","true","2021-06-07 09:53:15","https://x.com/hellosuoha","https://pbs.twimg.com/profile_images/1937899711350104064/3oRnBU5t_400x400.jpg","https://pbs.twimg.com/profile_banners/1401718840535379970/1748652366"
"1535225423658770434","CryptoMaid加密女仆お嬢様 Ⓜ️Ⓜ️T","maid_crypto","开合约来：https://t.co/gm8PiLdoMy
DEX之王（返20%+）:https://t.co/6QLwVMjqeE
打meme神器:https://t.co/pzbgNAkc7y
买美股就上：https://t.co/qsDZ5dJSKm
绿皮看体育搭子：","23872","137031","5865","43260","3493","金融服务","","https://maid.web3.club/","false","true","","false","true","2022-06-10 19:40:45","https://x.com/maid_crypto","https://pbs.twimg.com/profile_images/1954884001342341120/0OmJrznn_400x400.png","https://pbs.twimg.com/profile_banners/1535225423658770434/1754915695"
"1403881130802225152","大宇","BTCdayu","币圈宝典 https://t.co/EIMVhaC9IM

💰省手续费注册交易所
币安 https://t.co/ko3kej3ziu
钱包 https://t.co/9M9a33fyFj

OK  https://t.co/RxSNyyuxow
钱包 https://t.co/OZPyv05YMc

✈️免费投资频道
https://t.co/f4KWsBAbzT","19016","284254","3844","4510","2551","社区","收费群1688U/年，点链接","https://forms.gle/fqcwMDdxVHizeWQw8","false","true","","false","true","2021-06-13 09:05:28","https://x.com/BTCdayu","https://pbs.twimg.com/profile_images/1862767252400967680/mjEMe7kp_400x400.jpg","https://pbs.twimg.com/profile_banners/1403881130802225152/1739255404"
"825183199198212096","BITWU.ETH 🔆","Bitwux","4XLabs | Coinseek @imcoinseek｜https://t.co/5pqnsZeVmK | #Binance 近3亿选择：https://t.co/SRRIENCA22｜ #OKX https://t.co/qQLPDPmfho","31006","350840","2162","9491","11015","社交媒体影响者","Los Angeles, CA","http://mirror.xyz/bitwu.eth","false","true","","false","true","2017-01-28 11:26:20","https://x.com/Bitwux","https://pbs.twimg.com/profile_images/1928373079161581568/-POhPs1V_400x400.jpg","https://pbs.twimg.com/profile_banners/825183199198212096/1747640548"
"1466673394649559040","花花🇨🇳","huahuayjy","知行合一，推特为记录个人交易，不构成投资建议。","18266","283168","1123","11128","2325","金融服务","新加坡","","false","true","","false","true","2021-12-03 15:39:38","https://x.com/huahuayjy","https://pbs.twimg.com/profile_images/1899093962121441280/alUPagLK_400x400.jpg","https://pbs.twimg.com/profile_banners/1466673394649559040/1731723450"
"15270466","JeromeLoo 老王 🀄️","V1JeromeLoo","表达欲很弱版","14504","73713","7346","19629","1424","","China","https://x.com/ChinaChic_NFT","false","true","","false","true","2008-06-29 21:24:01","https://x.com/V1JeromeLoo","https://pbs.twimg.com/profile_images/1734805866837422080/n0Q6_WwB_400x400.jpg","https://pbs.twimg.com/profile_banners/15270466/1652169867"
"1644296511449358337","风筝","moon_kites","努力成为独立开发者的家伙

网页AI助手：https://t.co/9roTozJSyx

文本框即时翻译Chrome插件： https://t.co/WozNBbFBPT

个人网站：https://t.co/srb4pLwwtZ","384","755","276","2268","105","","","http://moonkite.cn","false","false","","false","false","2023-04-07 19:10:27","https://x.com/moon_kites","https://pbs.twimg.com/profile_images/1788177442030637056/P2UuOyJ7_400x400.jpg","https://pbs.twimg.com/profile_banners/1644296511449358337/1689326131"
"2524054428","Luo说不啰嗦","LuoSays","一个挑战者。
一个清醒的普通人。
一个精致的利他主义者。  
一个体面而克制的效率玩家。  
一个自洽并多线运转的行动主义者。  
一个情绪节能却成果过载的连续创业者。

Portfolio: GNGM, HeyForm, @chuhaiqu @LuoSuno","13298","29940","671","8547","861","科技","Estonia","https://luosays.com","false","true","","false","true","2014-05-26 11:49:28","https://x.com/LuoSays","https://pbs.twimg.com/profile_images/1735526136405434368/CgtbRyhq_400x400.jpg","https://pbs.twimg.com/profile_banners/2524054428/1745211558"
"1444015074","yuekun","hiyuekun","没有简介，简介本身就是对创造力和多样性的驯化和限制。如果必须用几种标签来概括我是谁，那我的人生也太他妈无趣和失败了","4423","7222","3120","7586","250","化粪池服务","","https://zeronine.xyz","false","true","","false","true","2013-05-20 23:13:47","https://x.com/hiyuekun","https://pbs.twimg.com/profile_images/1847222479514927104/ecDREwOp_400x400.jpg","https://pbs.twimg.com/profile_banners/1444015074/1726132272"
"950327911","半吊子程序猿大铭","CoderDaMing","不成器的码农🧱 | 资深数码📷韭菜
🌴用副业的心态做主业，用主业的钱买数码
AI时代的摸鱼🐠专家
座右铭：买买买是第一生产力","1649","13725","23","9594","1470","","","","false","true","","false","false","2012-11-16 03:21:50","https://x.com/CoderDaMing","https://pbs.twimg.com/profile_images/1933019008061878273/V01gCRoq_400x400.jpg","https://pbs.twimg.com/profile_banners/950327911/1749702621"
"1567179325551812609","Li Xiangyu 香鱼🐬","LiXiang1947","Neuroscience PhD diving deep into AI | Going all-in on global product adventures | English vibes: @lixiangyu9710 | Email to xiangyuli997@gmail.com","16348","16490","1592","23358","445","科技","","https://scholar.google.com/citations?hl=zh-CN&user=FQlzamQAAAAJ","false","true","","false","true","2022-09-06 23:54:12","https://x.com/LiXiang1947","https://pbs.twimg.com/profile_images/1911584400224948224/QbglopMa_400x400.jpg","https://pbs.twimg.com/profile_banners/1567179325551812609/1729084908"
"888137077","猫叔的职场笔记","haowue","🍀 分享职场干货
💰 人生短暂，早开窍，早退休","1153","11820","31","6523","1029","","","","false","true","","false","false","2012-10-18 13:02:46","https://x.com/haowue","https://pbs.twimg.com/profile_images/1911973090730373120/fmYbA0f5_400x400.jpg","https://pbs.twimg.com/profile_banners/888137077/1744684884"
"1555629310706597888","小A来摘🍑","AceAlbert2022","Never say never, this world is a joke.","160254","8877","2846","197887","10394","","East Region, Singapore","","false","false","","false","true","2022-08-06 02:58:53","https://x.com/AceAlbert2022","https://pbs.twimg.com/profile_images/1936073848291483648/aVXi7jut_400x400.jpg","https://pbs.twimg.com/profile_banners/1555629310706597888/1698744425"
"1250388218786140160","haru","F8cGVHJHXjBnEfD","正在学习AI的新手、预备油管up、   没有任何立场，只关心事实。历史热爱，理性讨论👍","3943","1183","493","5282","422","","","","false","true","","false","false","2020-04-15 19:39:27","https://x.com/F8cGVHJHXjBnEfD","https://pbs.twimg.com/profile_images/1915342033411338240/wdEwBiPF_400x400.jpg",""
"1744988460103180288","露西的百宝箱","Lucy_love_AI","🌊  自由职业者
👉🏻 AI工具/实用软件/搞钱干货/职场提升
💓 我要分享 1000 篇实用干货！

你想要的这里全都有⬇️","2576","47176","30","4604","2218","","","https://box123.io/","false","true","","false","true","2024-01-10 15:45:15","https://x.com/Lucy_love_AI","https://pbs.twimg.com/profile_images/1829469704173539329/wP9_sYa5_400x400.jpg","https://pbs.twimg.com/profile_banners/1744988460103180288/1725014545"
"475832528","猫小姐学AI","MissCat_AI","不是在搞 AI，就是在搞 AI 的路上","1266","8015","130","6480","1135","","","","false","true","","false","false","2012-01-27 21:50:33","https://x.com/MissCat_AI","https://pbs.twimg.com/profile_images/1911701844855857152/9Ml2H7yz_400x400.jpg","https://pbs.twimg.com/profile_banners/475832528/1745811380"
"1650822621989154816","宝总的财富指南","baozong_facai","📈  每日干货分享，帮你轻松搞定财经资讯

👨‍💼 欢迎一起研究📈&资产配置

👉 想要财务自由？关注我，阿宝带你飞！

⬇️ 一站式 AI 工作流神器，24 小时赚钱工具：Flowith","2050","67247","30","5363","1796","","","https://bit.ly/47bcAFu","false","true","","false","true","2023-04-25 19:22:43","https://x.com/baozong_facai","https://pbs.twimg.com/profile_images/1816002885844647936/lc_56x1R_400x400.jpg","https://pbs.twimg.com/profile_banners/1650822621989154816/1721803805"
"1786019543220948992","Sapien","JoinSapien","Millions of Minds Creating Quality Data","2620","145697","197","2296","429","","Anywhere","https://earn.sapien.io","false","false","Business","false","false","2024-05-02 21:07:14","https://x.com/JoinSapien","https://pbs.twimg.com/profile_images/1942255204977475586/F7ONlDQM_400x400.jpg","https://pbs.twimg.com/profile_banners/1786019543220948992/1751904702"
"1799294856822673408","Kling AI","Kling_ai","Join KLING AI Community💫
Discord:https://t.co/kUVSFwBlEu 
TikTok:https://t.co/J7oMx5kPxn 
IG:https://t.co/DDAKgGvLqh","2876","102970","473","5618","462","科技","","https://klingai.com/","false","true","","false","true","2024-06-08 12:18:28","https://x.com/Kling_ai","https://pbs.twimg.com/profile_images/1905183334021697536/8agjzVoq_400x400.jpg","https://pbs.twimg.com/profile_banners/1799294856822673408/1743080003"
"335912598","雨夜漫步大祭司","renfanzi","Financial writer, songwriter and financial literacy advocate.","17962","123509","1312","3606","4398","金融服务","New York, USA","https://guangyancaijing.com","false","true","","false","true","2011-07-15 21:03:07","https://x.com/renfanzi","https://pbs.twimg.com/profile_images/1180642924465291264/2E916BvI_400x400.jpg","https://pbs.twimg.com/profile_banners/335912598/1750161637"
"1898712114044559360","Lucid","yi_xin32482","🚀 Frontline Programmer in the Internet Industry
🌍 Building Global Websites | Going Overseas
💡 From Employee to Independent Creator
🔥 Always on the Journey,","2536","1620","519","95","684","","加微:morgan18792","","false","true","","false","true","2025-03-09 20:27:12","https://x.com/yi_xin32482","https://pbs.twimg.com/profile_images/1964367469004673027/jecnp0FX_400x400.jpg","https://pbs.twimg.com/profile_banners/1898712114044559360/1757176687"
"340107534","Alexander","duanhjlt","有人冒充我，我还没法举报～ ｜ 让好奇心永远在线","5724","16339","794","528","3152","科技","Beijing👉","https://bento.me/duanhjlt","false","false","","false","true","2011-07-22 12:31:23","https://x.com/duanhjlt","https://pbs.twimg.com/profile_images/1972814827749011456/IuCjwNAm_400x400.jpg","https://pbs.twimg.com/profile_banners/340107534/1744285074"
"1720665183188922368","Grok","grok","https://t.co/fqNKQSiLQB
@grok it","67460693","6646989","3","79","2732384","","wherever you are","https://grok.com","false","true","Business","false","false","2023-11-04 12:52:34","https://x.com/grok","https://pbs.twimg.com/profile_images/1893219113717342208/Vgg2hEPa_400x400.jpg","https://pbs.twimg.com/profile_banners/1720665183188922368/1740213586"
"1789011981292421120","爱赚钱的小A","AAyanli361658","一个爱赚钱的小人物，目标是30岁前退休，现在还剩五年。","586","335","38","655","37","商业和工业","v：YS_singbowl","","false","true","","false","true","2024-05-11 03:17:56","https://x.com/AAyanli361658","https://pbs.twimg.com/profile_images/1887820952551165952/7lGilQll_400x400.jpg","https://pbs.twimg.com/profile_banners/1789011981292421120/1739014189"
"1807043606320214016","外贸赶路人Michael","imichaelsoho","公众号：外贸赶路人 🌊解决外贸跨境出海问题🎨打造个人商业自媒体，SOHO一人公司，数字游民，Web3，努力奔赴自由职业ing📱咨询沟通交流⬇️","2958","5298","575","1855","647","社交媒体影响者","vx/WeChat: sohofree","https://imichaelsoho.com/","false","true","","false","true","2024-06-29 21:29:15","https://x.com/imichaelsoho","https://pbs.twimg.com/profile_images/1936062878068449280/jgFgn3AS_400x400.jpg","https://pbs.twimg.com/profile_banners/1807043606320214016/1750767077"
"962502216","科技混子Chris","ChrisSlacker","科技圈资深韭菜🌿 ｜ 科技新品试毒☠️专员

分享科技资讯🗞️、互联网工具🧰

提升📈生产力，降低钱包💰厚度","1829","16517","28","9961","1601","","","","false","true","","false","true","2012-11-21 22:38:13","https://x.com/ChrisSlacker","https://pbs.twimg.com/profile_images/1933402794918359079/joMW_Hnp_400x400.jpg","https://pbs.twimg.com/profile_banners/962502216/1749701515"
"1497025759352872961","张先生","Pi_JunJieZhang","人法地，地法天，天法道，道法自然。","735","166","354","405","218","","河南平顶山","","false","false","","false","false","2022-02-25 09:49:05","https://x.com/Pi_JunJieZhang","https://pbs.twimg.com/profile_images/1894569497186766848/MYz-zz78_400x400.jpg","https://pbs.twimg.com/profile_banners/1497025759352872961/1759192257"
"1088249624844918785","慕有枝","a83868206","我要的我都有，你要的我都能给！","171","999","335","150","41","","changsha","","false","false","","false","true","2019-01-24 09:38:24","https://x.com/a83868206","https://pbs.twimg.com/profile_images/1364445061694377987/5efvGxtu_400x400.jpg","https://pbs.twimg.com/profile_banners/1088249624844918785/1614144028"
"132866973","gogoxin","gtzshuang","爱车，爱美食，爱音乐","40","25","277","317","14","","China-cho, Kagoshima","","false","false","","false","false","2010-04-14 19:37:43","https://x.com/gtzshuang","https://pbs.twimg.com/profile_images/1380349808053874693/_4YHZmkO_400x400.jpg","https://pbs.twimg.com/profile_banners/132866973/1617936045"
"1906999356731133952","齐张驿（互fo互赞）","Nba3456t","一个热爱健身徒步的历史人文博主（互fo 互zan 前十条，点赞必回！最近关注受限，如果没互请评论或私，会慢慢补上）","197","3957","3288","6097","160","","","","false","false","","false","false","2025-04-01 17:17:39","https://x.com/Nba3456t","https://pbs.twimg.com/profile_images/1968500054341337091/eqAGhOCB_400x400.jpg","https://pbs.twimg.com/profile_banners/1906999356731133952/1745479363"
"1281149396491485184","Dr Robertlee 李波","Robertl83909710","Advocate of new digital civilization.
Focus on investment, management and research in the knowledge service industry
数字新文明倡导者；
专注于知识服务业的投资、管理与研究。","6249","26673","2451","4017","1670","科技","Brisbane, Queensland","https://youtube.com/c/WorldBlockchainRobert","false","true","","false","false","2020-07-09 16:54:29","https://x.com/Robertl83909710","https://pbs.twimg.com/profile_images/1434486150555574272/SqSyn7UY_400x400.jpg","https://pbs.twimg.com/profile_banners/1281149396491485184/1688735197"
"1611242877354668032","shu fen","shufen46250836","6年大所投研｜美股 | Crypto | 宏观|所有观点非财务建议","1773","56313","94","598","275","","","https://weibo.com/u/8009217877","false","true","","false","true","2023-01-06 14:07:20","https://x.com/shufen46250836","https://pbs.twimg.com/profile_images/1858043016646410240/z6SCItoL_400x400.jpg","https://pbs.twimg.com/profile_banners/1611242877354668032/1731826965"
"1871917289525989376","Solhawk","SolhawkGo","分享点实用、硬核的东西，软件，资源、AI、搞流量搞钱副业等😺
公众号：Solhawk说科技 🔥
🔥 独创X快速起号涨粉秘诀，6天累计一千万流量，从0涨粉到一万。
😎商务合作、副业及起号群👉 WX:Solhawk","4224","28151","77","85","2842","","Hong Kong","http://ai-map.cc","false","false","","false","false","2024-12-25 21:54:04","https://x.com/SolhawkGo","https://pbs.twimg.com/profile_images/1908628599948914688/1pfslwF__400x400.jpg","https://pbs.twimg.com/profile_banners/1871917289525989376/1743886574"
"2445001998","冰河","binghe_sun","🎉 爱技术，爱赚钱，爱分享！

🐬 分享 赚钱项目 ｜打破信息壁垒 ｜副业避坑

🌻 能拆解的赚钱项目才有意义

🪐 知识星球社群/公众号：“钱来有道” 

🌌 小宇宙 |Podcasts |QQ音乐  播客 “钱来有道”

🎀 搞钱训练营  https://t.co/58qRl0IBTf","3218","24511","160","352","542","","","http://qianlai.flowus.cn","false","true","","false","true","2014-04-15 14:33:45","https://x.com/binghe_sun","https://pbs.twimg.com/profile_images/1967594037571121152/jS1dH7FJ_400x400.jpg","https://pbs.twimg.com/profile_banners/2445001998/1710989203"
"1825762906618867712","Eric_SF","Ericup2023","Eric 打🏀位置是 SF(V 同X),分享一些实用的东西，习惯养成、自我提升、AI技术、副业分析等等💪。Eric 说:赚钱必须先学会做人,成事必须有自己的思辨力！给你一本降龙十八掌,自己没有点内功基础也是废纸，一开始不要过分迷信高深的武功秘籍，重点是先修炼自己内功！对于没道德没口德的由🉐ta,作恶替人挡煞","2389","18677","279","568","1341","","Yau Tsim Mong District","https://t.me/+IN8T98pB8zE2NTY1","false","false","","false","false","2024-08-20 13:13:17","https://x.com/Ericup2023","https://pbs.twimg.com/profile_images/1920282495309799424/-Di19Fey_400x400.jpg","https://pbs.twimg.com/profile_banners/1825762906618867712/1746626140"
"151141158","タトワイ","ekkusushita","走走逛逛，吃吃喝喝，雲山霧罩，嘻嘻哈哈，真真假假。不參與任何認真嚴肅話題討論，🈲️RT評論到政治話題，直接🪓。 🈲️搬牆內！❌斃：倨傲沒禮貌、地圖炮、戾氣重、陰陽怪氣者。🚷懂王勿擾，不是求助帖，不用出主意🤓 只fo有日常更新的生活推主，不fo纯转发。","27255","27280","1105","90086","6895","娱乐和休闲","Hong Kong","","false","false","","false","false","2010-06-03 02:14:37","https://x.com/ekkusushita","https://pbs.twimg.com/profile_images/1811910610600267776/xihrwZCM_400x400.jpg","https://pbs.twimg.com/profile_banners/151141158/1763178210"
"50324299","靑空","tianlan","Man Going His Own Way","62602","50080","988","36091","9449","体育、健身和娱乐","Auckland, New Zealand","","false","true","","false","true","2009-06-24 22:47:49","https://x.com/tianlan","https://pbs.twimg.com/profile_images/1859882466766688256/Lz1gDXSi_400x400.jpg","https://pbs.twimg.com/profile_banners/50324299/1698644601"
"1516941936971554817","杀破狼 WolfyXBT","Wolfy_XBT","数据分析｜信息整理｜全职韭菜｜兼职傻逼｜币安返佣：https://t.co/0iHUM5kFgG｜买 Memecoin 推荐使用 GMGN：https://t.co/So9qyNKHTQ","19820","820141","6839","48422","2505","","交易所返佣链接 👉","http://linktr.ee/killthewolf","false","true","","false","true","2022-04-21 08:48:42","https://x.com/Wolfy_XBT","https://pbs.twimg.com/profile_images/1680938637628944384/2FYk0Ft4_400x400.jpg","https://pbs.twimg.com/profile_banners/1516941936971554817/1734990370"
"2534694942","我吹呀吹","zzNeutrino","发现的乐趣！","3572","20216","2088","11135","444","","","","false","false","","false","true","2014-05-30 17:49:55","https://x.com/zzNeutrino","https://pbs.twimg.com/profile_images/1031446587220754432/8DI9khzF_400x400.jpg","https://pbs.twimg.com/profile_banners/2534694942/1539239050"
"190484180","路客大酥🇮🇱🇺🇦🇺🇸🇯🇵","ls691208","最近胖了週一週四為輕斷食日！关我屁事，关你屁事！瞎说什么大实话？！牛排我要Rare！INTJ！小米黑+康師傅黑+三星黑","164126","24950","4028","5507","5667","商业和工业","Shanghai","","false","false","","false","true","2010-09-14 09:55:36","https://x.com/ls691208","https://pbs.twimg.com/profile_images/1989331213728051200/hWIuMtDN_400x400.jpg","https://pbs.twimg.com/profile_banners/190484180/1542613869"
"555634740","Phyrex","Phyrex_Ni","4XLABS 辅导全球Web3项目落地华语市场
只是个搬砖的，偶尔恰饭
不奢求，不浪费
GlassNode 重度使用者
没有群也不收费，所有分析回答均不构成投资建议
近3亿用户共同选择Binance：https://t.co/JukzSnpfwD
Crypto入口OKX就够了：https://t.co/vPOAfIjmpB
做有温度的Bitget：https://t.co/VZ8RxZe5N7","247950","363145","5373","115911","15687","金融服务","DeAgentAI体验官","","false","true","","false","true","2012-04-17 08:56:17","https://x.com/Phyrex_Ni","https://pbs.twimg.com/profile_images/1596374669824696320/MGne6qLH_400x400.jpg","https://pbs.twimg.com/profile_banners/555634740/1747377528"
"1343441418619121666","流浪国男","zmt021","二零二二年二月二十二日后，师父离开丰县，在狱中静观世间（二零二五年七月二十九日发表）","49509","51398","1008","0","1385","","Shanghai","http://zmt.pub","false","false","","false","false","2020-12-28 14:19:37","https://x.com/zmt021","https://pbs.twimg.com/profile_images/1593150005417762816/bXkwgwnu_400x400.jpg",""
"1427931875935330310","sisi","sisibinance","永远保持进攻的角宿🌟Telegram：ElsieSisi / WeChat：binancesisi2 （其它联系方式均是冒充，请勿相信） 官方Tg：https://t.co/Y7bEmSxL09","14619","138611","2558","9888","616","金融服务","","https://www.binance.com/zh-TC/download","false","true","","false","true","2021-08-18 17:54:33","https://x.com/sisibinance","https://pbs.twimg.com/profile_images/1902417399426772995/ozn-P54e_400x400.jpg","https://pbs.twimg.com/profile_banners/1427931875935330310/1665208169"
"821238856703819776","STRRL.gpt","strrlthedev"," ❤️‍🔥 / cooking https://t.co/4b5vmdRuhE / Ask Me Anything https://t.co/zIa8BDoA0K","19976","11899","4566","46537","3428","","","https://bento.me/zhiqiang","false","true","","false","true","2017-01-17 14:12:56","https://x.com/strrlthedev","https://pbs.twimg.com/profile_images/1634762320445607936/6zRuNnlY_400x400.jpg","https://pbs.twimg.com/profile_banners/821238856703819776/1757193857"
"8956502","StarKnight","StarKnight","人们对我说：你不过是尘与土。可是他们忘了告诉我，那其实是星星的尘埃。時々日本語。两个小朋友的爸爸。","84179","93929","3071","31727","8894","","","","false","true","","false","true","2007-09-19 01:50:58","https://x.com/StarKnight","https://pbs.twimg.com/profile_images/1881112430362910720/Mjgmw03X_400x400.jpg","https://pbs.twimg.com/profile_banners/8956502/1630021769"
"1462957339300925443","Christian (Building @0xinfini)","Christianeth","Founder @0xinfini

“All in Crypto to achieve common prosperity”","6054","55689","1425","15660","397","企业家","Hong Kong","","false","true","","false","true","2021-11-23 09:33:11","https://x.com/Christianeth","https://pbs.twimg.com/profile_images/1894561803939844098/ujnP_69d_400x400.jpg","https://pbs.twimg.com/profile_banners/1462957339300925443/1744442350"
"282522910","𝙋𝙖𝙨𝙨𝙡𝙪𝙤","passluo","在所有文化中，对地狱的描述都是重复。","26886","54434","1546","37780","2198","","","","false","true","","false","true","2011-04-15 19:10:43","https://x.com/passluo","https://pbs.twimg.com/profile_images/1597030973161422848/JrgJ5kiR_400x400.jpg","https://pbs.twimg.com/profile_banners/282522910/1631544376"
"900935123968737281","何币","hebi555","注意：此帐户中提到的任何内容都不是投资建议 本推特提到的任何项目都不要信，不要看，不要点，更不要买||https://t.co/Q8DISODv8H|| ||https://t.co/8Wu8bhqnL8||","6682","398518","1367","283","1283","科技","","","false","true","","false","true","2017-08-25 12:17:26","https://x.com/hebi555","https://pbs.twimg.com/profile_images/1677888294661791748/GzBJhJcb_400x400.jpg","https://pbs.twimg.com/profile_banners/900935123968737281/1741063821"
"1058197676213231618","Cindy胖迪🔶BNB","CindyCreation","#Bitcoin｜币圈7年从业者 | $ETH Maxi｜Youtuber https://t.co/MoUY8tCtRz｜#Alpha #二级交易｜Cooking @AlphaMoonDao｜商务：https://t.co/DgnY4WuvJM ｜♋️巨蟹INTP","27811","89336","3572","35676","2441","社交媒体影响者","Ur Heart","https://www.youtube.com/channel/UCLjFF108rbeV-Rt901-ZFlA","false","true","","false","true","2018-11-02 11:22:41","https://x.com/CindyCreation","https://pbs.twimg.com/profile_images/1901827743337357312/sa_7JZnM_400x400.jpg","https://pbs.twimg.com/profile_banners/1058197676213231618/1730870594"
"1516629293505277953","Tintin🏃🏻‍♀️‍➡️ █████","Tintinx2021","用仓位验证自己的答案 / Join My Aster Fam: https://t.co/zsbXhhkgU9","8430","52142","7132","21742","1099","Chef","","https://t.me/oTnTr","false","true","","false","true","2022-04-20 12:07:20","https://x.com/Tintinx2021","https://pbs.twimg.com/profile_images/1973712932321071104/TvQ8-aFX_400x400.jpg","https://pbs.twimg.com/profile_banners/1516629293505277953/1747394761"
"2183277272","亮子纠缠AI","ailiangzi","写作第一
https://t.co/LnHLIWtdM2 大蓝书","3774","18875","2784","5042","665","","Beijing","","false","false","","false","false","2013-11-09 08:36:25","https://x.com/ailiangzi","https://pbs.twimg.com/profile_images/1172408556424839169/lIF-hmiN_400x400.jpg","https://pbs.twimg.com/profile_banners/2183277272/1582028354"
"3178231","宝玉","dotey","Prompt Engineer, dedicated to learning and disseminating knowledge about AI, software engineering, and engineering management.","27056","144710","1452","38033","4694","","Chicago, IL","https://baoyu.io","false","true","","false","true","2007-04-02 11:42:14","https://x.com/dotey","https://pbs.twimg.com/profile_images/561086911561736192/6_g58vEs_400x400.jpeg",""
"258156475","Yishi","ohyishi","intern at onekey 👉 https://t.co/VuDtV3zk82","5962","84837","3841","14161","467","","earth, moon and mars.","https://yishi.io","false","true","","false","true","2011-02-27 10:46:56","https://x.com/ohyishi","https://pbs.twimg.com/profile_images/1927515593592213504/Olm9TKXc_400x400.jpg",""
"1717707158379454464","Daniel Fang","fang_danie121","投稿邮箱：danielfang121@gmail.com
基督徒，诗人，自由职业者，异见份子，
我的嘴除了赞美上帝，不会赞美任何人。","188394","131659","14008","321331","22714","","","https://www.youtube.com/channel/UCYlCldblgb_12kAaOtbZvJQ","false","true","","false","false","2023-10-27 08:58:19","https://x.com/fang_danie121","https://pbs.twimg.com/profile_images/1977670189585174528/aBfxxSxL_400x400.jpg","https://pbs.twimg.com/profile_banners/1717707158379454464/1732389132"
"1902703032363876352","facai lin","facai_lin68475","","1","5","91","177","1","","","","false","false","","false","false","2025-03-20 20:45:49","https://x.com/facai_lin68475","https://pbs.twimg.com/profile_images/1902749535023321088/RN3JB1iM_400x400.jpg",""
"1474067654","李继刚","lijigang_com","Reader.  Thinker.  Prompter.","629","30145","32","236","86","","","","false","true","","false","false","2013-06-01 15:32:24","https://x.com/lijigang_com","https://pbs.twimg.com/profile_images/599778700943446016/N-a6Jbep_400x400.jpg","https://pbs.twimg.com/profile_banners/1474067654/1750226514"
"1221617765519282176","魔都老猿","Ari76184709","全栈老码农
A veteran full-stack developer and architect.","32320","14425","934","58559","2352","","","","false","false","","false","false","2020-01-27 10:16:06","https://x.com/Ari76184709","https://pbs.twimg.com/profile_images/1748977294448955392/yYvT5hTU_400x400.jpg","https://pbs.twimg.com/profile_banners/1221617765519282176/1709772402"
"1764818331822182400","小互","imxiaohu","学AI找小互，找小互，上 https://t.co/4PVaHEr5r3 ...

小互AI日报 社群：https://t.co/LIEXfWUHv1","7754","76040","1499","1867","4874","","Mars","http://xiaohu.ai","false","true","","false","true","2024-03-05 09:01:23","https://x.com/imxiaohu","https://pbs.twimg.com/profile_images/1765404718959095808/BX7VN1hS_400x400.jpg","https://pbs.twimg.com/profile_banners/1764818331822182400/1717126346"
"1860609967797006336","Dr.周","DrZhou_fengshui","微信:yunduqiyuan 
家传命理师，研习至今近二十年，奇门遁甲每年为数千名海内外客户提供专业建议，可咨询感情，事业，财运和学业","2613","23844","91","194","1976","社交媒体影响者","","","false","true","","false","false","2024-11-24 18:06:45","https://x.com/DrZhou_fengshui","https://pbs.twimg.com/profile_images/1864208121259847680/AeoVhs1P_400x400.jpg","https://pbs.twimg.com/profile_banners/1860609967797006336/1741958181"
"1855599244003966978","by h","byh1148693","📈 关注 运营 & 电商 & 出海 & 副业
🚀 python开发者","74","1378","3","57","67","","","","false","false","","false","false","2024-11-10 21:12:19","https://x.com/byh1148693","https://pbs.twimg.com/profile_images/1894207032195944448/qXNrWofx_400x400.jpg",""
"1429646120859303937","BabeYui","BabeYui88","一个略会BD和生活的运营🇨🇳🇬🇧 
Foodie/Traveller🍣☕️🍜🗺️🏖️ 

Prev. @Matrixport_EN | @bitgetglobal | @HashKeyGroup | 币coin
Crypto journey since 2020.","6219","12154","1611","29772","1542","","KOL Network/Agency","https://t.me/Rich0xYui","false","true","","false","true","2021-08-23 11:26:20","https://x.com/BabeYui88","https://pbs.twimg.com/profile_images/1958401651930484737/fP1-HzNq_400x400.jpg","https://pbs.twimg.com/profile_banners/1429646120859303937/1755755537"
"74064214","克斯马","mrbleem_eth","一事无成","68022","31615","862","2688","1860","","瓦坎达","","false","false","","false","true","2009-09-14 11:57:25","https://x.com/mrbleem_eth","https://pbs.twimg.com/profile_images/1854461099221139456/MMyjd2hg_400x400.jpg","https://pbs.twimg.com/profile_banners/74064214/1610026530"
"1669250248265302020","雪柔","xu96175836","一个人的各种品性之中，德行是第一位的。
优良的品性是真正的财富，而衬显这品性的是良好的教养。","12302","117957","1485","7472","11209","","","","false","true","","false","true","2023-06-15 15:47:28","https://x.com/xu96175836","https://pbs.twimg.com/profile_images/1690669189856444417/1SYUbSmR_400x400.jpg","https://pbs.twimg.com/profile_banners/1669250248265302020/1691921924"
"1893392317819604992","易中天","Yizhongtiandi","历史乏真相，三国无英雄，禅门生死海，易中天地空。","3367","42258","195","0","2288","","","","false","false","","false","false","2025-02-23 04:08:20","https://x.com/Yizhongtiandi","https://pbs.twimg.com/profile_images/1988087232885067776/b-UDv4Pf_400x400.jpg",""
"1788083166856749056","LanLan","LanLan93083241","一个在互联网上贩卖快乐的普通小女生，感谢你的关注！😉","2037","41417","2971","40966","1384","概念艺术家","","","false","false","","false","true","2024-05-08 13:47:25","https://x.com/LanLan93083241","https://pbs.twimg.com/profile_images/1978758355318611968/KQBoDyuP_400x400.jpg","https://pbs.twimg.com/profile_banners/1788083166856749056/1753404301"
"1239436070292320257","铁手","0427SMtieshou","日精进，得开悟。","5771","69102","1018","17606","1128","","","","false","true","","false","true","2020-03-16 14:19:34","https://x.com/0427SMtieshou","https://pbs.twimg.com/profile_images/1789838049024839680/vHqASedi_400x400.jpg",""
"1367360490427453441","路飞 🏴‍☠️ AI 研究员🧐","0xluffy_eth","🌍 分享工具和资料
🔭 专注于 AI、效率工具、Web3 的信息挖掘和评测
⛵️ 海贼·王路飞的狂热粉丝，坚信勇气和冒险精神可以开启人生新篇章 

🧧 10,000元红包雨 + 1000款 AI 工具合集，100% 免费领取 
📱打开抖音领取👉 https://t.co/ksOCiri13u","8198","125642","127","10957","6347","","","","false","true","","false","true","2021-03-04 14:25:27","https://x.com/0xluffy_eth","https://pbs.twimg.com/profile_images/1612405554491850752/G2adJo0p_400x400.jpg","https://pbs.twimg.com/profile_banners/1367360490427453441/1673262832"
"1377527441321644032","交易员晴天","qingtianbtc","$BTC $XAU 交易员 | 不是老师 | 从不删推 | 推特记录做单思路 | 坚持公开复盘｜跟着自己思路走｜做到知行合一｜ TG铁粉群：https://t.co/ROlTUNF9jE 进微信群私聊：https://t.co/xHuGwz3hJJ","3977","6074","308","2527","1204","","币安+OKX+外汇黄金返佣注册 👉","https://vlink.cc/qt14263","false","true","","false","true","2021-04-01 15:45:17","https://x.com/qingtianbtc","https://pbs.twimg.com/profile_images/1443079120838004736/rwmc_nJV_400x400.jpg","https://pbs.twimg.com/profile_banners/1377527441321644032/1735627873"
"1850452841925861376","小年","XiaoNianTalk","自媒体干货+碎碎念","3405","14238","421","2200","341","教育","V：xiaonianpyq","https://www.xiaohongshu.com/user/profile/5dd6bf6600000000010064a3","false","true","","false","true","2024-10-27 16:22:05","https://x.com/XiaoNianTalk","https://pbs.twimg.com/profile_images/1888771094670151680/OxhjIgQX_400x400.jpg",""
"1593547850637791233","低等生物","didengshengwu","我人虽然不怎么高级，但是底线还可以的！喜欢分享一些心理学和投资内容，欢迎交流！","5750","183192","859","3004","3073","","","","false","true","","false","true","2022-11-18 18:13:17","https://x.com/didengshengwu","https://pbs.twimg.com/profile_images/1735957716340965376/P8LprWrm_400x400.jpg","https://pbs.twimg.com/profile_banners/1593547850637791233/1745392967"
"711903677317918720","尚攻Schango","Yangzi812","风云奔走十年兵，惨淡入经营。问对酒当歌，曹侯墓上，何用虚名。","4888","671","514","4042","683","","","https://www.youtube.com/channel/UC_9oqHH6tKQGFl-r4W0TP-g","false","true","","false","true","2016-03-21 21:13:58","https://x.com/Yangzi812","https://pbs.twimg.com/profile_images/1916815297203589120/35c2ZQMc_400x400.jpg","https://pbs.twimg.com/profile_banners/711903677317918720/1761804005"
"720534949133230080","Eric 在搞钱","shizhiang1","商业+编码=成功","6162","35357","1331","2778","1557","","","","false","true","","false","true","2016-04-14 16:51:33","https://x.com/shizhiang1","https://pbs.twimg.com/profile_images/1897607335172030464/1eWUpif1_400x400.jpg","https://pbs.twimg.com/profile_banners/720534949133230080/1742374273"
"242605694","Randy Lu","randyloop","Fullstack engineer, Blogger. Notepal https://t.co/lHbZa6cdA8 / @_pdlft / @browserfly 钢铁直男 Always welcome good opportunity.","5501","28323","814","3181","1184","","Guangzhou, China","https://lutaonan.com","false","true","","false","true","2011-01-25 12:48:25","https://x.com/randyloop","https://pbs.twimg.com/profile_images/1657298747049791489/sAIv6DRb_400x400.jpg","https://pbs.twimg.com/profile_banners/242605694/1629856404"
"961520064041119744","二舅","freeguyyee","🎲 Crypto OG 💻 AI 超级玩家 🧵 Web3 空投资讯：https://t.co/in5jc7AQcw 👛 OneKey 官网购买优惠：https://t.co/itT4L3Y3M1
irys-verify-0x8068bd-freeguyyee","31885","5119","6994","40991","1488","","HongKong","","false","true","","false","true","2018-02-08 16:40:22","https://x.com/freeguyyee","https://pbs.twimg.com/profile_images/1859211412306051073/SxL4dWGn_400x400.jpg","https://pbs.twimg.com/profile_banners/961520064041119744/1706939964"
"1776436940650520576","搞钱日记","qv_he__","｜搞钱日记｜ 🔸｜小红书｜ 🔸｜商业灵感｜ 🔸｜副业探索｜🔸｜数据挖掘｜","60","162","189","4","23","专业服务","","","false","false","","false","true","2024-04-06 10:29:16","https://x.com/qv_he__","https://pbs.twimg.com/profile_images/1915655707179040768/DXuSg6dA_400x400.jpg","https://pbs.twimg.com/profile_banners/1776436940650520576/1712371563"
"1654774887251329024","白骏知识分享","cj3214567667","❤️分享各种好用的效率工具和AI  
💼互联网运营项目负责人
📄不定时分享|运营案例 
✨深度思考，用大脑撬动世界
↓各类学习资料，免费分享↓","5005","58241","758","648","3605","","","https://qcnifjtytj3j.feishu.cn/wiki/LrV0wFFHPiHk7wkSjGHc6qK4n1q?from=from_copylink","false","true","","false","false","2023-05-06 17:07:45","https://x.com/cj3214567667","https://pbs.twimg.com/profile_images/1808032405116407811/4iIJMgZB_400x400.jpg","https://pbs.twimg.com/profile_banners/1654774887251329024/1719903493"
"382673585","桃子队长","capmmk","科技改变生活！Web3 初心者","8701","22073","1320","7705","2273","科技","Japan","http://linktr.ee/ibelive","false","true","","false","true","2011-09-30 21:56:03","https://x.com/capmmk","https://pbs.twimg.com/profile_images/1450481288696107009/dWF5B1Gy_400x400.jpg","https://pbs.twimg.com/profile_banners/382673585/1715012963"
