﻿"User ID","Name","Username","Bio","Tweets Count","Followers Count","Following Count","Favourites Count","Media Count","Professional","Location","Website","Verified","Is Blue Verified","Verified Type","Protected","Can DM","Created At","Profile URL","Avatar URL","Profile Banner URL"
"821128692","Martin LeBlanc","martinleblanc","Building products at @freepik. Founder of @iconfinder (acquired by Freepik, 2022). Serial dad. Occasional music producer.","28470","5956","5343","80888","3209","","Denmark","http://www.freepik.com","false","true","","false","true","2012-09-13 16:36:30","https://x.com/martinleblanc","https://pbs.twimg.com/profile_images/1964950328400293888/xp-hYyjF_400x400.jpg","https://pbs.twimg.com/profile_banners/821128692/1720007985"
"272171712","𝙳𝚛𝚎𝚠 𝙱𝚛𝚞𝚌𝚔𝚎𝚛","dcbruck","✘ 𝙰𝙸 𝙲𝚛𝚎𝚊𝚝𝚒𝚟𝚎 𝚂𝚝𝚛𝚊𝚝𝚎𝚐𝚒𝚜𝚝 / 𝙼𝚊𝚛𝚔𝚎𝚝𝚎𝚛 / 𝙿𝚑𝚘𝚝𝚘𝚐𝚛𝚊𝚙𝚑𝚎𝚛 / 𝙰𝚛𝚝𝚒𝚜𝚝 
✘ 𝙼𝚒𝚍𝚓𝚘𝚞𝚛𝚗𝚎𝚢 @𝙵𝚊𝚜𝚝𝙷𝚘𝚞𝚛𝚜 𝚙𝚘𝚍","21090","11969","1305","44303","2477","Digital Creator","𝚂𝚃𝙻 ✈ 𝙰𝚃𝙻","","false","true","","false","true","2011-03-26 08:04:52","https://x.com/dcbruck","https://pbs.twimg.com/profile_images/1986830281207099400/olyyfN2N_400x400.jpg","https://pbs.twimg.com/profile_banners/272171712/1743736324"
"256523056","DAN KOE","thedankoe","notes to myself. building @edendotso","30125","546972","948","84460","1273","作家","the goods:","https://letters.thedankoe.com","false","true","","false","true","2011-02-23 22:25:39","https://x.com/thedankoe","https://pbs.twimg.com/profile_images/1845856303174037504/Q7ZZqVFa_400x400.jpg","https://pbs.twimg.com/profile_banners/256523056/1711767394"
"1905532312177311745","LovartAI","lovart_ai","The design agent. Ideate, create & deliver - all in one place.
🎨🎙️🎞️ ｜ https://t.co/S8TmoIlI1S","289","19609","172","1564","147","","San Francisco","https://www.lovart.ai","false","true","","false","true","2025-03-28 16:08:12","https://x.com/lovart_ai","https://pbs.twimg.com/profile_images/1921463929634729984/3l477prv_400x400.jpg","https://pbs.twimg.com/profile_banners/1905532312177311745/1745376432"
"756319701861601281","鱼总聊AI","AI_Jasonyu","👋 鱼总 / Jason｜8 年出海产品 📈 单款产品 $200k+ 收入，全靠自然流量 💡 代表产品：PaywallPro（付费墙情报&优化）、Portix APP 🍼 2胎爸爸 & AI 内容创作者 这里聊：AI · 出海 · 订阅 · 创业心路 https://t.co/KDI27Daaoi","1330","6300","952","1368","284","","Shaanxi","https://www.paywallpro.app","false","true","","false","true","2016-07-22 10:47:23","https://x.com/AI_Jasonyu","https://pbs.twimg.com/profile_images/1877193368725581824/7_ocNC-C_400x400.jpg","https://pbs.twimg.com/profile_banners/756319701861601281/1760544606"
"1825804961164451840","HTX Studio","HTX_Studio","Our goal is to make the most FUN and creative tech videos
BUSINESS: xhaxx1123@gmail.com","40","9414","2","9","34","","","https://www.youtube.com/@hetongxue","false","false","","false","false","2024-08-20 16:00:19","https://x.com/HTX_Studio","https://pbs.twimg.com/profile_images/1825820366411096064/BDGtfGwJ_400x400.jpg","https://pbs.twimg.com/profile_banners/1825804961164451840/1724144497"
"732437001572474880","Yue","caiyue5","iOS indie @MusicMateApp_. 附：我自己在25年10月自助注册英国公司，然后开通了 Stripe 全球收款的教程👉：https://t.co/75EXV6VfHe","4489","8461","421","7709","551","摩托车维修店","Earth","https://www.xiaohongshu.com/goods-detail/68a55e0d33fcf8000193e083","false","true","","false","true","2016-05-17 13:06:04","https://x.com/caiyue5","https://pbs.twimg.com/profile_images/1595657315394662400/1VSIhOcO_400x400.jpg","https://pbs.twimg.com/profile_banners/732437001572474880/1734788448"
"1899037940501839872","Nicolechan","stark_nico99","分享出海增长历程和干货 | Building YouMind | Co-founder & Growth Leader | Ex-CMS Securities UX | Ex-Tencent Alumni Content Lead | Community & Content Expert @Youmind_AI","298","1656","544","2276","26","","","https://youmind.com/","false","true","","false","false","2025-03-10 18:02:14","https://x.com/stark_nico99","https://pbs.twimg.com/profile_images/1980138155312304128/4C6tfjLW_400x400.jpg","https://pbs.twimg.com/profile_banners/1899037940501839872/1758634718"
"1947549198150496256","低端影视","ddys_mov","https://t.co/UbE51OZsCJ","458","12860","1","0","83","","","","false","false","","false","false","2025-07-22 14:48:14","https://x.com/ddys_mov","https://pbs.twimg.com/profile_images/1947556415259955200/_l1cBIG__400x400.jpg",""
"26654586","M.","wlzh","🎯AI玩家","5058","8409","263","7911","1042","","VX&TG：+gxjdian","https://t.me/tgmShare","false","true","","false","true","2009-03-26 09:31:32","https://x.com/wlzh","https://pbs.twimg.com/profile_images/1971564093330100224/LUdVXeKz_400x400.jpg","https://pbs.twimg.com/profile_banners/26654586/1755613642"
"714814818356690944","Aiden Guo","sish3nfan","Animator. One Piece #1024 | Dandadan #4 など。🇨🇦🇯🇵🇨🇳お仕事用: aidenca6@gmail.com
AI Filmmaking. Opinions are my own.","1309","7288","2315","11374","307","动画师","","http://aidenguo.com/animation","false","true","","false","true","2016-03-29 22:01:48","https://x.com/sish3nfan","https://pbs.twimg.com/profile_images/1903421397260779520/2cNIlhcF_400x400.jpg","https://pbs.twimg.com/profile_banners/714814818356690944/1758074182"
"315125504","Marina Mogilko","siliconvalleymm","A Silicon Valley-based content creator and entrepreneur with over 17M followers across YouTube, Instagram, and TikTok.","555","17071","528","692","224","娱乐和休闲","Los Altos Hills, CA","http://linguatrip.com","false","true","","false","true","2011-06-11 18:26:21","https://x.com/siliconvalleymm","https://pbs.twimg.com/profile_images/1968733516532707328/PKtGFJVR_400x400.jpg","https://pbs.twimg.com/profile_banners/315125504/1738096159"
"1472063616","Zara Zhang","zarazhangrui","Building AI x learning products. Harvard’17. Side project: https://t.co/QTlH7OGcGy YouTube: https://t.co/8xzbGWtf6w Substack: https://t.co/dDPEWGiuBW","1115","16390","1314","1033","207","","San Jose, CA","http://www.zarazhang.com","false","true","","false","true","2013-05-31 20:52:30","https://x.com/zarazhangrui","https://pbs.twimg.com/profile_images/1742369596534067200/Ts-5zSJ6_400x400.jpg",""
"1944387635499216896","LTX-2","ltx_model","A complete AI creative engine with native 4K fidelity and an open-source foundation. Built for enterprise, developer, and studio workflows. By @lightricks","240","4938","169","639","38","科技","","https://ltx.video","false","true","Business","false","false","2025-07-13 21:25:23","https://x.com/ltx_model","https://pbs.twimg.com/profile_images/1981342604932370432/pvOZZLLH_400x400.png","https://pbs.twimg.com/profile_banners/1944387635499216896/1761223864"
"2997268024","Axton","AxtonLiu","AI 自动化架构师 & MAPS 布道者｜AI 竞争力 = 人机协作深度 × 系统设计能力｜AI Automation Architect & MAPS Evangelist | AI-Era Success = Human-AI Synergy × System Design","1150","8764","258","1346","501","","AI 精英学院 👉","https://axtonliu.ai/","false","true","","false","true","2015-01-25 12:55:28","https://x.com/AxtonLiu","https://pbs.twimg.com/profile_images/1240833934142976003/TvIlPgr9_400x400.jpg","https://pbs.twimg.com/profile_banners/2997268024/1748616763"
"470129898","Tibo","tibo_maker","Built Tweet Hunter, Taplio (sold $8m)
Growing https://t.co/OyNJ8ZUyOh - https://t.co/jS9GQJ5Ps8 - https://t.co/EFUcKeBbpU - https://t.co/JkVOl1O0S1 - https://t.co/KG9PgxJabg
Sharing weekly tips about growth: https://t.co/ereQodN3Ov","43317","167631","3123","59596","3382","","","https://www.tmaker.io","false","true","","false","true","2012-01-21 18:46:25","https://x.com/tibo_maker","https://pbs.twimg.com/profile_images/1631931185180934144/59z_ZFKm_400x400.jpg","https://pbs.twimg.com/profile_banners/470129898/1751102143"
"1775864328887189504","古一","MANISH1027512","AI Photographer📷 | Midjourney咒术师 | 中推vibe shooting第一人 | 资深测试开发  | AI Creator | 开源自动化框架作者  | 长期主义者 | 每天一杯冰震浓缩续命☕️ 以上只是标签，人生没有边界，探索从不设限。","1726","8118","387","1374","264","","","https://aomaker.cn","false","true","","false","true","2024-04-04 20:33:54","https://x.com/MANISH1027512","https://pbs.twimg.com/profile_images/1972664969545293824/0WDZtCfu_400x400.jpg","https://pbs.twimg.com/profile_banners/1775864328887189504/1760518484"
"222465241","Rey英语自由与创造力","ReynoldDai","培育卓越少年 先行者家长( @ElimPierce) 获佩雷斯总统接见 与@YukleaH教授创业 译:《权力与市场》 《货币、方法与市场过程》 英语学习规划(公号下载) 红杉家长群2688 青少年英语3件套 3688 成人英语自由营4888 (无咨询)+v：reydai","16096","33820","5796","4727","5920","教育","Israel","","false","true","","false","true","2010-12-03 22:09:54","https://x.com/ReynoldDai","https://pbs.twimg.com/profile_images/1637637871262928896/2fCf6cA1_400x400.jpg","https://pbs.twimg.com/profile_banners/222465241/1755508629"
"846062688090243072","TuTu生活志","tutulifestyle","YouTuber (2018.4 - )","1400","19081","424","185","703","社交媒体影响者","","https://tutulifestyle.com","false","true","","false","true","2017-03-27 02:13:58","https://x.com/tutulifestyle","https://pbs.twimg.com/profile_images/1641781157644881921/xS9Is_9z_400x400.jpg","https://pbs.twimg.com/profile_banners/846062688090243072/1594381700"
"1921555284931334144","karin.","omokage_AIsOK","AIが生み出すいつかの日本。どこかでだれかと。いろんなことをできるだけ。
Someday in Japan. Somewhere, with someone. Do as many things as possible.All works are generated by AI.","3188","59024","77","10678","855","","","","false","true","","false","true","2025-05-11 21:17:47","https://x.com/omokage_AIsOK","https://pbs.twimg.com/profile_images/1921559263094218753/p2-n_n4w_400x400.jpg","https://pbs.twimg.com/profile_banners/1921555284931334144/1746970405"
"630587365","Bill Peebles","billpeeb","head of sora @openai 🇺🇸🇺🇸🇺🇸","451","42679","303","1861","50","","","https://wpeebles.com","false","true","","false","false","2012-07-09 06:46:18","https://x.com/billpeeb","https://pbs.twimg.com/profile_images/1973120495043354625/sTrUPHov_400x400.jpg","https://pbs.twimg.com/profile_banners/630587365/1708129985"
"1632244473391611905","KINACO","AiGirlsPhoto","AI Photographer
Please check my product page.","1011","119095","103","1616","794","","","https://aigals.net/relay_points/","false","true","","false","false","2023-03-05 12:59:59","https://x.com/AiGirlsPhoto","https://pbs.twimg.com/profile_images/1746403372532715521/Wcj-c15q_400x400.jpg","https://pbs.twimg.com/profile_banners/1632244473391611905/1705210882"
"1942988543976181760","h o s t o k y o","hostokyo","eternal host of visual noise","757","216167","8","1452","747","","","","false","true","","false","false","2025-07-10 00:45:57","https://x.com/hostokyo","https://pbs.twimg.com/profile_images/1950302296736194562/AM7N8caI_400x400.jpg","https://pbs.twimg.com/profile_banners/1942988543976181760/1753823305"
"1842596118288580608","AI人妻名鑑","Peek_a_bo_jp","「目が奪われる瞬間」をテーマにAIで画像生成しています。
画像、動画共にAIで生成した実在しない18歳以上の人物です。
Fan site: https://t.co/eohPwOVUH6
kindle: https://t.co/7RaNIaHV5q
※StableDiffusion
※無断転載・使用禁止","293","8130","398","700","272","","","https://www.dmm.co.jp/dc/doujin/-/list/=/article=maker/exclude_ai=0/id=210387/","false","false","","false","false","2024-10-06 00:02:15","https://x.com/Peek_a_bo_jp","https://pbs.twimg.com/profile_images/1864754064799731712/g8AzcDwO_400x400.jpg","https://pbs.twimg.com/profile_banners/1842596118288580608/1733426990"
"1889280268667928576","BNT","Binetsu_aiphoto","AI Photographer │ ""体温""を感じるようなAI作品 │ ふとした瞬間や表情を切り取ります │ 画像はAI生成しており、特定の人物と一切関係はありません。 │ 無断転載には厳しく対応いたします。","809","51153","68","5961","452","","写真集はこちらから","https://ctee.kr/place/binetsu","false","true","","false","false","2025-02-11 19:48:24","https://x.com/Binetsu_aiphoto","https://pbs.twimg.com/profile_images/1899259024408981504/4SwpkZEO_400x400.jpg","https://pbs.twimg.com/profile_banners/1889280268667928576/1754031229"
"3151608288","AppSail.dev","AppSaildotDEV","Build  https://t.co/6hXCeF4SjA  https://t.co/bJvmBtFnWm
🚀 X BoostClub 350w+ 社区  #XBC Partner
🏂 🏄 🛹 Lover of boards & freedom
#独立开发者 #港卡 #汇丰卓越  #资金回国
付费咨询请私信","4507","10654","1215","5589","270","科技","Singapore","https://x-boostclub.notion.site/","false","true","","false","true","2015-04-12 23:43:33","https://x.com/AppSaildotDEV","https://pbs.twimg.com/profile_images/1898997683634978816/jmJl9q7A_400x400.jpg",""
"1823403448974618624","Yuri","yuri4gen","Gen-singer，Hi Surreal.","48","3350","1","82","14","","Tokyo","http://instagram.com/yuri4gen","false","true","","false","false","2024-08-14 00:57:24","https://x.com/yuri4gen","https://pbs.twimg.com/profile_images/1937802001972400128/PQWdp-Aq_400x400.jpg","https://pbs.twimg.com/profile_banners/1823403448974618624/1751138806"
"557014525","Sabba Keynejad","sab8a","Co-founder & CEO of VEED. Sharing stories on the Napkin Math podcast https://t.co/pmfueAWGsD","3018","16511","1723","6128","611","企业家","London","https://www.veed.io/","false","true","","false","true","2012-04-19 00:27:09","https://x.com/sab8a","https://pbs.twimg.com/profile_images/1585921656358408193/Es5n-uYn_400x400.jpg","https://pbs.twimg.com/profile_banners/557014525/1522100348"
"1878434020088004608","やみめ□","ymm_square","【fanbox】https://t.co/p0VOoYagXG
【fantia】https://t.co/48XYULYiPe
Feel free to translate my work!","193","83748","44","1240","131","","その他SNS→","https://ymmsquare.link/","false","true","","false","true","2025-01-12 21:29:20","https://x.com/ymm_square","https://pbs.twimg.com/profile_images/1910357561599229953/dtwnZal6_400x400.jpg","https://pbs.twimg.com/profile_banners/1878434020088004608/1744966731"
"1577241403","@levelsio","levelsio","🇪🇺https://t.co/NdorAWqJC3
📸https://t.co/lAyoqmSBRX $125K/m
🏡https://t.co/1oqUgfD6CZ $40K/m
🛰https://t.co/ZHSvI2wjyW $38K/m
🌍https://t.co/UXK5AFqCaQ $16K/m
👙https://t.co/RyXpqGuFM3 $14K/m
💾https://t.co/M1hEUBAynC $6K/m","163759","750437","2371","153377","17816","","📕 My book $5K/m  👉","http://readMAKE.com","false","true","","false","false","2013-07-08 17:31:59","https://x.com/levelsio","https://pbs.twimg.com/profile_images/1589756412078555136/YlXMBzhp_400x400.jpg","https://pbs.twimg.com/profile_banners/1577241403/1665964220"
"1699591741043527680","jack friks","jackfriks","curious guy creating things @ https://t.co/HXWladhJaA - up and coming wife guy","38911","65388","1567","58120","3693","","post to 20+ accounts  ➡️","https://www.post-bridge.com/","false","true","","false","false","2023-09-07 09:14:14","https://x.com/jackfriks","https://pbs.twimg.com/profile_images/1702129084510187520/7BoxQiz9_400x400.jpg","https://pbs.twimg.com/profile_banners/1699591741043527680/1761746162"
"1712267009483022336","Higgsfield AI 🧩","higgsfield_ai","The ultimate AI-powered platform for creators","16346","100301","6","4655","4369","","San Francisco, CA","https://higgsfield.ai","false","true","Business","false","true","2023-10-12 08:40:48","https://x.com/higgsfield_ai","https://pbs.twimg.com/profile_images/1906739239183630336/907a7JTU_400x400.jpg","https://pbs.twimg.com/profile_banners/1712267009483022336/1743436854"
"2872720562","Emily","IamEmily2050","Any sufficiently advanced technology is indistinguishable from magic.  Arthur C. Clarke.","58260","33197","743","336026","5168","Digital Creator","Oceania ","","false","true","","false","true","2014-10-23 13:55:44","https://x.com/IamEmily2050","https://pbs.twimg.com/profile_images/1860941638421676032/htXQ7sJA_400x400.jpg","https://pbs.twimg.com/profile_banners/2872720562/1753767055"
"1296847058586890241","汗青 HQ","hq4ai","AIGC | Arts | AI-IP creation | Virtual Idols | AI Interactive Storytelling | Japan | https://t.co/aiF6whMY1j | https://t.co/4bDfMXETFT |","1898","33157","585","3014","599","科技","Tokyo-to, Japan","http://youtube.com/@AITalk4","false","true","","false","true","2020-08-22 00:30:17","https://x.com/hq4ai","https://pbs.twimg.com/profile_images/1934920592987496448/Rdeuz225_400x400.jpg","https://pbs.twimg.com/profile_banners/1296847058586890241/1758645464"
"1965428790936653824","Evander","Evander1980","Broke is boring. Freedom is better. 

💸 I share side hustles, AI shortcuts & money plays no school taught you.

Hit follow if you want out of the grind. 🚀","84","27","14","34","35","","usa","","false","false","","false","false","2025-09-09 22:55:33","https://x.com/Evander1980","https://pbs.twimg.com/profile_images/1966570511493935104/-RpEzDOy_400x400.jpg","https://pbs.twimg.com/profile_banners/1965428790936653824/1757430087"
"16681326","Frank Wang 玉伯","lifesinger","I am curious and honest","4248","15115","889","732","89","","FUTURE","http://youmind.com","false","true","","false","false","2008-10-10 17:36:41","https://x.com/lifesinger","https://pbs.twimg.com/profile_images/1965120373781114880/rLnJ1xpC_400x400.jpg","https://pbs.twimg.com/profile_banners/16681326/1755700256"
"636513296","Nikita Bier","nikitabier","head of product @x, advisor @solana, venture partner @lightspeedvp, ex-founder @gasappteam (acq by discord), ex-founder @thetbhapp (acq by facebook)","9947","665482","2009","36074","1285","","Palo Alto","","false","true","","false","false","2012-07-16 06:44:07","https://x.com/nikitabier","https://pbs.twimg.com/profile_images/1755448801957945344/Fh2HNw5Y_400x400.jpg","https://pbs.twimg.com/profile_banners/636513296/1745004612"
"1587447284920619009","Leonardo.Ai","LeonardoAi","The advanced creative toolkit for curious makers.","4447","58446","1209","3420","1339","技术公司","","https://Leonardo.Ai","false","true","Business","false","true","2022-11-01 22:12:10","https://x.com/LeonardoAi","https://pbs.twimg.com/profile_images/1988078684633190400/xM1Xeb5E_400x400.jpg","https://pbs.twimg.com/profile_banners/1587447284920619009/1762479994"
"51904755","Morris","Morris_LT","某不知名Web3.0创业公司 - 创始人&CEO&首席擦屁股执行官！#Bitcoin 和 #Dogecoin 信仰者、老韭菜、囤币党。《旷野之心》作者，私信开放订购：https://t.co/W2fM1ccAiv","69844","167830","412","51244","6991","","𝕏Ɖ","","false","true","","false","true","2009-06-29 09:07:03","https://x.com/Morris_LT","https://pbs.twimg.com/profile_images/1661240746018754560/8Shwdpaj_400x400.jpg","https://pbs.twimg.com/profile_banners/51904755/1709362287"
"922599123546705921","Starter Story","starter_story","Sharing business ideas that make money!","8734","48472","515","3219","915","社区","","http://starterstory.com/t","false","true","","false","true","2017-10-24 07:02:26","https://x.com/starter_story","https://pbs.twimg.com/profile_images/1590625635990388738/u_UeisAm_400x400.jpg","https://pbs.twimg.com/profile_banners/922599123546705921/1747006603"
"138554094","Evgeniy Mikholap","evgeniymikholap","Growing https://t.co/N3tPH98mRp from $33k to $100k/mo with @niklogvinenko","11664","6243","226","3800","2145","","Wroclaw, Poland","http://naturalwrite.com","false","true","","false","true","2010-04-30 05:59:50","https://x.com/evgeniymikholap","https://pbs.twimg.com/profile_images/1605604182697951234/PwTlZJnp_400x400.jpg","https://pbs.twimg.com/profile_banners/138554094/1398027047"
"1077685212","Darius Dan","dariusdan","human designer / illustrator at @kargulstudio / maker of https://t.co/eqczk9VhlF","18451","21809","615","53501","1674","","      ","http://dariusdan.com","false","true","","false","true","2013-01-11 05:06:46","https://x.com/dariusdan","https://pbs.twimg.com/profile_images/1874533946035228672/OmapJhgo_400x400.jpg","https://pbs.twimg.com/profile_banners/1077685212/1735894538"
"131867975","テツメモ｜AI図解×検証｜Newsletter","tetumemo","10年以上ブロガー×AIクリエイター×図解する人🔳｜AIを中心に図解・検証レポートを発信中→結果はハイライト｜ 他Web3・Tech・Gadget・Game・3DCG等発信中｜本業 新規事業開発 GtoC向けApp｜筋トレ、写真、映像、アニメ｜ ⇨ https://t.co/qqv5Zts5V4","34732","32954","389","36409","10619","博客作者","📒毎週月曜日ニュースレター発行：今日からはじまるAI生活↑","https://lit.link/tetumemo","false","true","","false","false","2010-04-11 23:47:48","https://x.com/tetumemo","https://pbs.twimg.com/profile_images/1740572915685584896/7nsuwNFv_400x400.jpg","https://pbs.twimg.com/profile_banners/131867975/1703859714"
"1742923424056713217","Google AI Studio","GoogleAIStudio","The fastest path from prompt to production with Gemini","50","69492","2","102","23","","It's time to build","https://ai.studio/build","false","false","Business","false","true","2024-01-04 22:58:26","https://x.com/GoogleAIStudio","https://pbs.twimg.com/profile_images/1957558782067896323/6jXpPKD4_400x400.png","https://pbs.twimg.com/profile_banners/1742923424056713217/1753024915"
"1417686048579018753","Alex Hormozi","AlexHormozi","Founder https://t.co/gQN7Oehqnu, Co-Founder https://t.co/VLS8LzdCDa. My new book $100M Money Models is out. (3.6M copies sold). Grab a copy below 👇","7052","974717","182","4388","183","","","https://shop.acquisition.com/products/100m-money-models","false","true","","false","true","2021-07-21 11:21:30","https://x.com/AlexHormozi","https://pbs.twimg.com/profile_images/1617408747080667136/C88UDPNZ_400x400.jpg","https://pbs.twimg.com/profile_banners/1417686048579018753/1756173934"
"452072245","铁锤人","lxfater","我在用 AI 协助我创业，赚钱，走向自由
我的录屏软件  https://t.co/S9MMiRiy7L
github 维护 3w star 项目：https://t.co/ytvQf2mtZO","9851","50344","1109","5542","1008","社交媒体影响者","我的所有信息-》》","https://www.lxfater.com","false","true","","false","true","2012-01-01 19:26:00","https://x.com/lxfater","https://pbs.twimg.com/profile_images/1723719195995807744/9JIAjVJr_400x400.jpg","https://pbs.twimg.com/profile_banners/452072245/1762837704"
"119185333","TechHalla","techhalla","Senior Telecommunications Engineer & Developer, sharing daily insights on Gen AI.

Partners: Leonardo, Kling. Freepik, Higgsfield, LTX, ImagineArt, Tripo.","81888","71754","713","99410","10087","教育","Cantabria, España","http://goto.higgsfield.ai/techhalla","false","true","","false","true","2010-03-03 06:44:11","https://x.com/techhalla","https://pbs.twimg.com/profile_images/1625034521174331392/tzX1TLet_400x400.jpg","https://pbs.twimg.com/profile_banners/119185333/1740049092"
"1824076867998994432","Rimsha Bhardwaj","heyrimsha","Sharing insights to use AI in practical ways for you and your business • Follow me to learn and master AI & Tech tools • AI Educator & Writer @theprohumanai","3767","5376","170","6206","457","","Subscribe to learn AI for free","https://www.theprohuman.ai/subscribe","false","true","","false","true","2024-08-15 21:33:28","https://x.com/heyrimsha","https://pbs.twimg.com/profile_images/1946579205648445440/hgJlgWzf_400x400.jpg","https://pbs.twimg.com/profile_banners/1824076867998994432/1755516458"
"371773762","Shellming_dev | 3min.top AI 读书","shellming_dev","👨🏻‍💻 Programmer | #buildinpublic ✨ Building: https://t.co/LJImGI5axF | Master Any Book in 3 minutes","797","5200","524","1166","244","","","","false","false","","false","true","2011-09-11 21:56:30","https://x.com/shellming_dev","https://pbs.twimg.com/profile_images/1872090217412497408/5KzAM9eo_400x400.jpg","https://pbs.twimg.com/profile_banners/371773762/1735106864"
"1437853146257133569","Poonam Soni","CodeByPoonam","Post about everything latest in AI | Founder: AI Toast","71145","215601","588","168442","14515","科技","DM for Collabs","https://aitoast.beehiiv.com","false","true","","false","true","2021-09-15 02:58:18","https://x.com/CodeByPoonam","https://pbs.twimg.com/profile_images/1534492626765742080/_v1s7cVA_400x400.jpg","https://pbs.twimg.com/profile_banners/1437853146257133569/1761034731"
"1124273786893864960","Patrick Loeber","patloeber","developer experience @GoogleDeepMind • my views","9303","69301","1131","27624","1365","","berlin","http://patloeber.com","false","true","","false","true","2019-05-03 19:25:33","https://x.com/patloeber","https://pbs.twimg.com/profile_images/1960117571232964608/Tpnsw5cD_400x400.jpg","https://pbs.twimg.com/profile_banners/1124273786893864960/1738675978"
"1611024668013510656","Anima","Anima_Labs","AI Visual Consulting | Designer | Founder: @cosmos_creator @aumea_art Nous accompagnons les particuliers et entreprises à maitriser leur image à l'aide de l'IA.","9506","13759","1381","19215","2447","企业家","","https://bento.me/animalabs","false","true","","false","true","2023-01-05 23:40:00","https://x.com/Anima_Labs","https://pbs.twimg.com/profile_images/1712030357246156800/IRmY5KEx_400x400.jpg","https://pbs.twimg.com/profile_banners/1611024668013510656/1706800359"
"1790083138959400961","Ege","egeberkina","Art Director | Daily Image Drops | AI Explorer | Prompt & JSON & SREF share","7477","26553","407","20875","3069","","✉️ Available for projects - DM","https://linktr.ee/egeberkina","false","true","","false","true","2024-05-14 02:14:23","https://x.com/egeberkina","https://pbs.twimg.com/profile_images/1948123483214401536/u8qBu-WZ_400x400.jpg","https://pbs.twimg.com/profile_banners/1790083138959400961/1754257241"
"1474089216556482560","ΛRMIN | AI","Arminn_Ai","Prompt sharing | AI enthusiast 🔰
CPP Higgsfield • Topaz Labs • ImagineArt","2325","4112","146","8756","311","","","https://www.instagram.com/arminn_ai","false","true","","false","true","2021-12-24 02:47:32","https://x.com/Arminn_Ai","https://pbs.twimg.com/profile_images/1934377885055246336/TPOvBcnQ_400x400.jpg","https://pbs.twimg.com/profile_banners/1474089216556482560/1751391992"
"1740294573241319424","Saman | AI","Samann_ai","AI Video Artist | Prompt Engineer | ⭐️CPP: Higgsfield • Domo AI • CapCut • ImagineArt","4087","2712","114","9918","265","艺术家","","","false","true","","false","true","2023-12-28 16:52:26","https://x.com/Samann_ai","https://pbs.twimg.com/profile_images/1986031864788795392/YqY9F99Y_400x400.jpg","https://pbs.twimg.com/profile_banners/1740294573241319424/1762367047"
"29873662","Marques Brownlee","MKBHD","Web Video Producer | ⋈ | Pro Ultimate Frisbee Player | Host of @WVFRM @TheStudio","56437","6236099","482","29818","8714","社区","NYC","http://MKBHD.com","false","true","","false","false","2009-04-09 08:50:00","https://x.com/MKBHD","https://pbs.twimg.com/profile_images/1468001914302390278/B_Xv_8gu_400x400.jpg","https://pbs.twimg.com/profile_banners/29873662/1642786557"
"1618873272661315584","小樱💞｜实用工具分享","xiaoying_eth","🪪  努力做个哇塞的仙女 👸

🐬 分享 AI 前沿干货 ｜打破信息壁垒 ｜AI项目实操

🌻 实用工具推荐官 | 工匠日记","6436","122226","203","14834","5083","","AI 起号、赚钱、提效工具 : Flowith  👉 ","https://bit.ly/4nghyp7","false","true","","false","true","2023-01-27 15:27:49","https://x.com/xiaoying_eth","https://pbs.twimg.com/profile_images/1668476737389494272/5kE7iqyp_400x400.jpg","https://pbs.twimg.com/profile_banners/1618873272661315584/1686630830"
"1894314002291068928","AI产品玩家","AIPMLogi","用AI做产品与技术｜重塑数字化物流","2376","2039","96","125","335","产品经理","china","https://shipmenttrack.us","false","true","","false","true","2025-02-25 17:10:38","https://x.com/AIPMLogi","https://pbs.twimg.com/profile_images/1950043485438107648/ZDHr_b4u_400x400.jpg","https://pbs.twimg.com/profile_banners/1894314002291068928/1753763503"
"1710945531936288768","MSB","KeWai386772","Focus on the things you can do well. Learn from everyone, be disenchanted with everyone.","286","2015","331","1396","158","","","","false","true","","false","true","2023-10-08 17:09:48","https://x.com/KeWai386772","https://pbs.twimg.com/profile_images/1816652821292548096/vmkl3wA3_400x400.jpg","https://pbs.twimg.com/profile_banners/1710945531936288768/1762340441"
"472926936","David Park","Davidjpark96","founder of jenni ai 

tweets about growth and my startup learnings!","3755","74961","413","10876","408","","seattle ","http://jennigroup.com","false","true","","false","true","2012-01-24 21:09:18","https://x.com/Davidjpark96","https://pbs.twimg.com/profile_images/1626079431952576513/Ex0lfrs__400x400.jpg","https://pbs.twimg.com/profile_banners/472926936/1704786723"
"2572621910","加元 | Jiayuan","Jiayuan_CN","Building AI | https://t.co/5j6V9c5zc4 (@devv_ai) 创始人 | Ex-TikTok","4356","98171","1051","2547","1275","商业和工业","","","false","true","","false","true","2014-06-17 17:58:47","https://x.com/Jiayuan_CN","https://pbs.twimg.com/profile_images/1967524274161487872/3ha2ag9N_400x400.jpg","https://pbs.twimg.com/profile_banners/2572621910/1738514709"
"1905944516940419073","ListenHub AI","listenhub","AI Voice Generator for Creators. 
An easy-to-use tool to create podcasts, voiceovers, reels, and YouTube videos.","175","1366","158","104","38","","mars","http://listenhub.ai","false","true","","false","true","2025-03-29 19:26:14","https://x.com/listenhub","https://pbs.twimg.com/profile_images/1986217688134524932/7VrCmyWp_400x400.jpg","https://pbs.twimg.com/profile_banners/1905944516940419073/1755093178"
"173049825","ＯＮＥ","ONE_rakugaki","漫画『ワンパンマン』『モブサイコ100』『バーサス』『バグエゴ』","9021","846125","468","2121","341","","","http://galaxyheavyblow.web.fc2.com/","false","true","","false","false","2010-07-31 16:17:10","https://x.com/ONE_rakugaki","https://pbs.twimg.com/profile_images/1712873131/____400x400.jpg",""
"1686901686185721857","Commentary Donald J. Trump Posts From Truth Social","TrumpDailyPosts","Reposting Trump’s Truth Social posts (with date/time) on X + news/commentary. Unofficial. Profile Artist: @ElenaRuseva1 Not affiliated with @realdonaldtrump.","21215","2596832","23592","36999","10119","媒体和新闻公司","United States of America","https://trumpdailyposts.com/","false","true","Business","false","false","2023-08-03 08:48:07","https://x.com/TrumpDailyPosts","https://pbs.twimg.com/profile_images/1757203362381168640/j9704gu__400x400.jpg","https://pbs.twimg.com/profile_banners/1686901686185721857/1717108459"
"23113993","Min Choi","minchoi","AI Educator. 𝕏 about AI, solutions and interesting things.  Showing how to leverage AI in practical ways for you and your business. Opinions are my own.","49498","326368","1238","49994","8080","企业家","","","false","true","","false","true","2009-03-07 04:29:30","https://x.com/minchoi","https://pbs.twimg.com/profile_images/1638359113221517312/CBZaJFyA_400x400.jpg","https://pbs.twimg.com/profile_banners/23113993/1755782143"
"1900167602510659584","喵分享","miaofenx","main👉@jsd200j","241","2573","41","315","116","","⚡️日更资源,点击加群➡️","http://pan.quark.cn/g/d2aec72891","false","false","","false","false","2025-03-13 20:50:44","https://x.com/miaofenx","https://pbs.twimg.com/profile_images/1913899435010281472/RbH7J7vh_400x400.jpg","https://pbs.twimg.com/profile_banners/1900167602510659584/1745069787"
"1538661635921006592","Amira Zairi","azed_ai","AI Educator & Creator | Ambassador @Adobe & @LeonardoAi | Partner with leading brands | 📧 Collaborate → https://t.co/wot6Koc4wa","106169","42949","731","129370","14952","社交媒体影响者","Algeria","","false","true","","false","true","2022-06-20 07:15:06","https://x.com/azed_ai","https://pbs.twimg.com/profile_images/1890156284688605184/-A5Q6izz_400x400.jpg","https://pbs.twimg.com/profile_banners/1538661635921006592/1756900087"
"3178231","宝玉","dotey","Prompt Engineer, dedicated to learning and disseminating knowledge about AI, software engineering, and engineering management.","27068","144743","1452","38057","4696","","Chicago, IL","https://baoyu.io","false","true","","false","true","2007-04-02 11:42:14","https://x.com/dotey","https://pbs.twimg.com/profile_images/561086911561736192/6_g58vEs_400x400.jpeg",""
"1797189351690194944","Howard Chen ✦","hc_dsn","Graphic Design | Exploring : ⚪️ AIGC | Designs ⚪️ Freepik AI Partner","14097","13448","1268","53258","2321","","→Donate This Channel","https://ko-fi.com/hc_dsn","false","true","","false","true","2024-06-02 16:52:05","https://x.com/hc_dsn","https://pbs.twimg.com/profile_images/1954450939374706689/dYa7p-Ei_400x400.jpg","https://pbs.twimg.com/profile_banners/1797189351690194944/1718633553"
"1736717167981182976","-Zho-","ZHO_ZHO_ZHO","Aichitect ➟ Architect | Artist | AI explorer","3861","30176","164","2697","2248","","","https://github.com/ZHO-ZHO-ZHO","false","true","","false","false","2023-12-18 19:57:34","https://x.com/ZHO_ZHO_ZHO","https://pbs.twimg.com/profile_images/1736718001905303553/eLVgZgbv_400x400.jpg","https://pbs.twimg.com/profile_banners/1736717167981182976/1763401066"
"7958322","Lenny Rachitsky","lennysan","Deeply researched product, growth, and career advice","36896","276598","2613","68727","4637","","Bay Area, CA","https://linktr.ee/lennyspodcast","false","true","","false","true","2007-08-05 02:00:51","https://x.com/lennysan","https://pbs.twimg.com/profile_images/1592990461517389824/iln8hi1f_400x400.jpg","https://pbs.twimg.com/profile_banners/7958322/1561500320"
"1136383051917910017","Chinese Embassy in US","ChineseEmbinUS","Official twitter account of the Embassy of the People's Republic of China in the United States of America","6437","332265","619","6283","2599","","Washington, DC","http://www.china-embassy.org/eng/","false","true","Government","false","false","2019-06-06 05:23:27","https://x.com/ChineseEmbinUS","https://pbs.twimg.com/profile_images/1246473297199587329/Sih5XdxP_400x400.jpg","https://pbs.twimg.com/profile_banners/1136383051917910017/1586017368"
"62603893","Ray Dalio","RayDalio","Official account of Ray Dalio, founder of Bridgewater Associates, author of #1 New York Times bestseller 'Principles,' professional mistake maker","7000","1792492","91","217","3112","","","https://www.amazon.com/Principles-Investment-Economic-Ray-Dalio/dp/1501124064?maas=maas_adg_D4315942","false","true","","false","false","2009-08-04 03:47:29","https://x.com/RayDalio","https://pbs.twimg.com/profile_images/1465691046747283461/3ZtnoH5-_400x400.jpg","https://pbs.twimg.com/profile_banners/62603893/1750095790"
"1370034456799539204","林亦LYi","linyiLYi","做一点微小的科技工作！
全网同名：林亦LYi
商务合作：business@lyi.ai
个人邮箱：linyi@lyi.ai","125","9119","89","49","102","科技","","","false","true","","false","false","2021-03-11 23:30:55","https://x.com/linyiLYi","https://pbs.twimg.com/profile_images/1459723156030062592/2y_Y-nDv_400x400.jpg",""
"1850452841925861376","小年","XiaoNianTalk","自媒体干货+碎碎念","3407","14253","443","2201","341","教育","V：xiaonianpyq","https://www.xiaohongshu.com/user/profile/5dd6bf6600000000010064a3","false","true","","false","true","2024-10-27 16:22:05","https://x.com/XiaoNianTalk","https://pbs.twimg.com/profile_images/1888771094670151680/OxhjIgQX_400x400.jpg",""
"1474067654","李继刚","lijigang_com","Reader.  Thinker.  Prompter.","629","30167","32","236","86","","","","false","true","","false","false","2013-06-01 15:32:24","https://x.com/lijigang_com","https://pbs.twimg.com/profile_images/599778700943446016/N-a6Jbep_400x400.jpg","https://pbs.twimg.com/profile_banners/1474067654/1750226514"
"3305495776","padphone","lepadphone","A creator.  I don't tell stories，I tell certainties enshrouded in mystery.","1965","4377","281","1378","361","","Osaka-shi Kita-ku, Osaka","","false","true","","false","true","2015-06-01 17:25:09","https://x.com/lepadphone","https://pbs.twimg.com/profile_images/1762527050055942144/N3Z8QwmX_400x400.jpg","https://pbs.twimg.com/profile_banners/3305495776/1705291822"
"1669276256","歸藏(guizang.ai)","op7418","关注人工智能、LLM 、 AI 图像视频和设计（Interested in AI, LLM, Stable Diffusion, and design）

AIGC 周刊主理人｜公众号：歸藏的AI工具箱","21140","105676","1218","36592","7252","","","https://www.guizang.ai/","false","true","","false","true","2013-08-14 10:18:36","https://x.com/op7418","https://pbs.twimg.com/profile_images/1636981205504786434/xDl77JIw_400x400.jpg","https://pbs.twimg.com/profile_banners/1669276256/1706450781"
"1708132468216487936","在悉尼和稀泥","JamesGoong","💰 上班牛马，下班副业，周末学术，闲暇咨询。边赚工资边搞钱 🚀 做过产品，踩过坑，亏过百万，也赚过📖 记录真实的赚钱过程，研究副业、出海方法，分享真实经历","3396","21656","286","6202","400","企业家","微信和社群请看链接 👉","https://linktr.ee/jamesgong","false","true","","false","true","2023-09-30 22:51:41","https://x.com/JamesGoong","https://pbs.twimg.com/profile_images/1708132603872874496/Z-Bau7vu_400x400.jpg","https://pbs.twimg.com/profile_banners/1708132468216487936/1696085717"
"1596695231717871616","dontbesilent","dontbesilent12","🔍 商业哲学爱好者  📡 维特根斯坦种草主播  🫆 生活合伙人 @XiaoNianTalk  📱 全网同名：dontbesilent 聊赚钱","12113","55698","906","7964","1188","教育","","https://www.xiaohongshu.com/user/profile/63fc8880000000001f0329db","false","true","","false","true","2022-11-27 10:39:52","https://x.com/dontbesilent12","https://pbs.twimg.com/profile_images/1840665561287798784/GJCK0iKf_400x400.jpg","https://pbs.twimg.com/profile_banners/1596695231717871616/1762833879"
"1335973070","ilovelife","ilovek8s","资深全干工程师 | 尊贵的SRE(重启工程师)｜TG: https://t.co/yakXjFGFmu｜ 小报童甄选：https://t.co/xRn5j3Lu9f 独立开发者出海技术栈：https://t.co/av5jVVXXou 🌟欢迎私信自荐产品🌟","18033","18058","2216","13086","453","","Hong Kong","https://chuhai.tools","false","false","","false","true","2013-04-08 15:19:51","https://x.com/ilovek8s","https://pbs.twimg.com/profile_images/1767739942283980800/iJUzgOtl_400x400.jpg","https://pbs.twimg.com/profile_banners/1335973070/1710296352"
"4859150277","広志","Lumosous","👋 做是因为想，停了是暂时不想。 - KaChiKa - Learning Languages Through Life 👉 https://t.co/wml9CCSNpU","5904","6941","876","2177","455","","Tokyo","","false","true","","false","false","2016-01-29 14:04:00","https://x.com/Lumosous","https://pbs.twimg.com/profile_images/1684165489227100161/Gr6G9wHS_400x400.jpg","https://pbs.twimg.com/profile_banners/4859150277/1584409889"
"1865299069092139008","Fox@MkSaaS.com","indie_maker_fox","🚀 The best AI SaaS boilerplate - https://t.co/VyNtTrZM3p
🔥 The best directory boilerplate with AI - https://t.co/wEvJ1DcAlj
🎉 https://t.co/zubXJCoqju & https://t.co/tfQf8T6IR7","5938","8286","1002","7272","1037","","🟩🟩🟩🟩🟩🟩🟩🟩🟩🟧 $100K","https://mksaas.link/discord","false","true","","false","true","2024-12-07 15:35:39","https://x.com/indie_maker_fox","https://pbs.twimg.com/profile_images/1905643474952880129/HiunneWW_400x400.jpg","https://pbs.twimg.com/profile_banners/1865299069092139008/1748222129"
"1673204013310021633","皮大点事","Amateur8888","主业程序员，副业自媒体，记录自媒体实战经验
1️⃣公众号「皮大点事」作者
2️⃣知识星球「自媒体掘金俱乐部」星主
3️⃣万粉小红书「皮哥聊数码」作者
4️⃣有多个爆款公众号例如「宝贝时光绘」
5️⃣添加本人微信「Navbiz」进 3000 人自媒体交流群","2218","19768","260","604","382","社交媒体影响者","Shanghai","","false","true","","false","true","2023-06-26 13:38:40","https://x.com/Amateur8888","https://pbs.twimg.com/profile_images/1772531265239142400/X0uv8GLI_400x400.jpg","https://pbs.twimg.com/profile_banners/1673204013310021633/1711523279"
"2162747077","𝗖𝘆𝗱𝗶𝗮𝗿","Cydiar404","🧑🏻‍🦯带属性浪迹互联网20年 | 202209开始创业 | 我是产品经理 · 强迫癌 | 我是设计师 · 像素眼 | 我能说5分钟脱口秀 | 绝不给SB老板打工 | 长期主义 | 利他主义 | 哆啦C梦 | 超级奶爸 | ENFJ | Cydiar.eth | Agent | RAG | Lucy","15687","57135","811","15618","2157","","✨","http://www.cydiar.com","false","true","","false","true","2013-10-29 20:19:55","https://x.com/Cydiar404","https://pbs.twimg.com/profile_images/1980204817009037312/rFrZZ8ab_400x400.jpg","https://pbs.twimg.com/profile_banners/2162747077/1761938560"
"1660598418409127937","GitHubDaily","GitHub_Daily","💡 挖掘开源的价值
🧑🏻‍💻 坚持分享 GitHub 上高质量、有趣、实用的教程、AI工具、前沿 AI 技术
🧐 A list cool, interesting projects of GitHub.
✏️ 公众号：GitHubDaily","1545","54240","136","33","1526","","","https://github.com/GitHubDaily/GitHubDaily","false","true","","false","true","2023-05-22 18:48:49","https://x.com/GitHub_Daily","https://pbs.twimg.com/profile_images/1660876795347111937/EIo6fIr4_400x400.jpg","https://pbs.twimg.com/profile_banners/1660598418409127937/1684818863"
"1367360490427453441","路飞 🏴‍☠️ AI 研究员🧐","0xluffy_eth","🌍 分享工具和资料
🔭 专注于 AI、效率工具、Web3 的信息挖掘和评测
⛵️ 海贼·王路飞的狂热粉丝，坚信勇气和冒险精神可以开启人生新篇章 

🧧 10,000元红包雨 + 1000款 AI 工具合集，100% 免费领取 
📱打开抖音领取👉 https://t.co/ksOCiri13u","8199","125666","127","10999","6348","","","","false","true","","false","true","2021-03-04 14:25:27","https://x.com/0xluffy_eth","https://pbs.twimg.com/profile_images/1612405554491850752/G2adJo0p_400x400.jpg","https://pbs.twimg.com/profile_banners/1367360490427453441/1673262832"
"1714580962569588736","DeepSeek","deepseek_ai","Unravel the mystery of AGI with curiosity. Answer the essential question with long-termism.","151","969307","0","32","92","","","https://www.deepseek.com/","false","true","","false","false","2023-10-18 17:55:45","https://x.com/deepseek_ai","https://pbs.twimg.com/profile_images/1717417613775757312/Uk1zNOj4_400x400.jpg","https://pbs.twimg.com/profile_banners/1714580962569588736/1698208997"
"1654774887251329024","白骏知识分享","cj3214567667","❤️分享各种好用的效率工具和AI  
💼互联网运营项目负责人
📄不定时分享|运营案例 
✨深度思考，用大脑撬动世界
↓各类学习资料，免费分享↓","5005","58395","758","648","3605","","","https://qcnifjtytj3j.feishu.cn/wiki/LrV0wFFHPiHk7wkSjGHc6qK4n1q?from=from_copylink","false","true","","false","false","2023-05-06 17:07:45","https://x.com/cj3214567667","https://pbs.twimg.com/profile_images/1808032405116407811/4iIJMgZB_400x400.jpg","https://pbs.twimg.com/profile_banners/1654774887251329024/1719903493"
"1636621319222726659","分享喵","jsd200j","😎蓝V互fo  👋分享有意思的  🤩求赞求转发求关注  ⛔️侵删，无小号","2301","21855","1147","3897","1425","娱乐和休闲","","","false","false","","false","true","2023-03-17 14:52:01","https://x.com/jsd200j","https://pbs.twimg.com/profile_images/1900468960912691200/xG5zcyCw_400x400.jpg","https://pbs.twimg.com/profile_banners/1636621319222726659/1730267467"
"17282315","Daniel Nguyen","daniel_nguyenx","Just a funny dude building stuffs. Bootstrapping @Bolt__AI (https://t.co/jragKbgrY9) to $1B MRR. Expect memes.","47348","66820","1443","108415","3749","","🟩🟩🟩🟩🟨⬜️⬜️⬜️⬜️⬜️ $1M","https://boltai.com","false","true","","false","true","2008-11-10 14:16:51","https://x.com/daniel_nguyenx","https://pbs.twimg.com/profile_images/1969675416983257095/Mig0eaep_400x400.jpg","https://pbs.twimg.com/profile_banners/17282315/1753850352"
"1177885736080510977","零度解说","lingdujiemi","零度解说","829","1810","34","19","814","","","https://www.youtube.com/channel/UCvijahEyGtvMpmMHBu4FS2w","false","false","","false","true","2019-09-28 18:00:35","https://x.com/lingdujiemi","https://pbs.twimg.com/profile_images/1714995153507868672/aNYcU8e8_400x400.jpg","https://pbs.twimg.com/profile_banners/1177885736080510977/1587218150"
"1692164654892498944","Aesthetics Walls 𝕏","aestheticsguyz","Everything Aesthetically 🎞️","8167","65585","247","12193","849","Digital Creator","🌏","https://ko-fi.com/aestheticswalls","false","false","","false","true","2023-08-17 21:21:14","https://x.com/aestheticsguyz","https://pbs.twimg.com/profile_images/1876974616368779264/y-oWznLj_400x400.jpg","https://pbs.twimg.com/profile_banners/1692164654892498944/1736436847"
"1730286052043268097","LockScreen_Art","lockscreenarts","Bringing your screens to life with stunning wallpapers 😍💖","39549","112984","837","12140","1443","","","http://buymeacoffee.com/lockscreenarts","false","true","","false","true","2023-12-01 02:02:34","https://x.com/lockscreenarts","https://pbs.twimg.com/profile_images/1987087505343324160/qBDHA3Qx_400x400.jpg","https://pbs.twimg.com/profile_banners/1730286052043268097/1761548325"
"701485459197792256","Halley Apps ™","Halleyapps","AI Enthusiast: Generative art, LLM insights, structural prompts. Automation & tech trends. High-res iOS, Android, desktop visuals.
https://t.co/v1RWrb187f","93550","63296","805","159403","6280","Content Creator","España","https://bit.ly/HalleyApps","false","true","","false","true","2016-02-22 03:15:41","https://x.com/Halleyapps","https://pbs.twimg.com/profile_images/1753412243973148673/mu8b9UFB_400x400.jpg","https://pbs.twimg.com/profile_banners/701485459197792256/1760377787"
"966537066","Ann","AIFinity76","Sharing stunning wallpapers daily. 
Open for commissions. 💻🎨 
Support my work: https://t.co/tyMZAk2iOZ
ImagineArt CPP","23080","38306","1448","29214","7563","专业服务","NJ","http://technika.com","false","true","","false","true","2012-11-24 01:51:04","https://x.com/AIFinity76","https://pbs.twimg.com/profile_images/1984269923804176384/f6XS0FdG_400x400.jpg","https://pbs.twimg.com/profile_banners/966537066/1744405599"
"1074156215733604353","WallPapers 🔥","Papers_app","Discover a curated collection of stunning wallpapers and exclusive Wallpapers with Papers Wallpapers","6287","1292499","252","6092","4910","","United States","https://bento.me/papers","false","true","","false","true","2018-12-16 12:16:13","https://x.com/Papers_app","https://pbs.twimg.com/profile_images/1746854639243563008/509EItpg_400x400.jpg","https://pbs.twimg.com/profile_banners/1074156215733604353/1705317577"
"1226457064756654085","Dr. iPhone","Dr_iPh0ne","iOS Widgets Developer 🇮🇹 Designer - Widgy Artist","44954","671324","37","15323","36515","","Italia","","false","false","","false","false","2020-02-09 18:45:34","https://x.com/Dr_iPh0ne","https://pbs.twimg.com/profile_images/1911889712735789056/aiS77PoB_400x400.jpg","https://pbs.twimg.com/profile_banners/1226457064756654085/1746215870"
"720680424234557440","Linmi","Linmiv","探索未知，迭代新知，沉淀认知｜Notion 中文社区负责人｜探索项目管理 ｜Twitter 是笔记 ｜帮助小产品增长","3840","50190","459","651","1087","科技","t.me/linmi","https://linmi.cc","false","false","","false","true","2016-04-15 02:29:37","https://x.com/Linmiv","https://pbs.twimg.com/profile_images/1618918991694802944/lyvoUHuR_400x400.jpg","https://pbs.twimg.com/profile_banners/720680424234557440/1755792356"
"1854174465061462021","Wallpaper Dude","Tbittz15","Unlocking your screens📱potential with high res wallpapers","6591","19903","442","10889","1041","Content Creator","","https://buymeacoffee.com/wallpaperdude","false","false","","false","false","2024-11-06 22:50:25","https://x.com/Tbittz15","https://pbs.twimg.com/profile_images/1869369558714261504/mqxCH_CP_400x400.jpg","https://pbs.twimg.com/profile_banners/1854174465061462021/1737083671"
"1854039765298958338","Ohmywall","ohmywall_app","https://t.co/4OL74LASFZ","4126","54895","57","2843","594","移动应用程序","","https://apps.apple.com/us/app/ohmywall-ai-4k-wallpapers/id6479354574","false","false","","false","false","2024-11-06 13:55:43","https://x.com/ohmywall_app","https://pbs.twimg.com/profile_images/1885972671998971904/dKQ521xX_400x400.jpg","https://pbs.twimg.com/profile_banners/1854039765298958338/1737913115"
"1452169962286637059","DinoDeer","xDinoDeer","古典互联网从业者，广告爱好者，接地气的生意人。 Less code more money.","9237","23292","1132","3707","441","科技","Los Angeles, CA","https://upup.news","false","true","","false","true","2021-10-24 15:08:07","https://x.com/xDinoDeer","https://pbs.twimg.com/profile_images/1575140129152172038/yIfOXtw2_400x400.jpg","https://pbs.twimg.com/profile_banners/1452169962286637059/1728353112"
"1663566071138496514","Dan Pradana","mxvdxn","10+ years in Ad Copywriting // Current client: whatever my lizard brain wants // Gen AI from the lingering heat of Southeast Asia","8827","12260","525","31554","1637","Digital Creator","Jakarta, Indonesia","https://mxvdxn.github.io","false","true","","false","false","2023-05-30 23:20:46","https://x.com/mxvdxn","https://pbs.twimg.com/profile_images/1955317567524048898/SXEvTHMT_400x400.jpg","https://pbs.twimg.com/profile_banners/1663566071138496514/1752326971"
"25073877","Donald J. Trump","realDonaldTrump","45th & 47th President of the United States of America🇺🇸","59809","109702303","53","0","5378","","","http://DonaldJTrump.com","false","true","Government","false","false","2009-03-18 21:46:38","https://x.com/realDonaldTrump","https://pbs.twimg.com/profile_images/874276197357596672/kUuht00m_400x400.jpg","https://pbs.twimg.com/profile_banners/25073877/1604214583"
"1580781","ruanyf","ruanyf","Stay Focused, Keep Shipping. Build Early, Build Always. Improve yourself, Write solid/simple/stupid code.","4935","191224","374","13734","2957","科技","Shanghai, China","http://www.ruanyifeng.com","false","false","","false","true","2007-03-20 10:53:02","https://x.com/ruanyf","https://pbs.twimg.com/profile_images/2363795309/wbi37mdkxhr2trsr4ofa_400x400.jpeg","https://pbs.twimg.com/profile_banners/1580781/1355537048"
"950460643173216256","idoubi","idoubicc","Building https://t.co/mOqCgk7jjr  /  https://t.co/vK21lE7HkK. ex: WechatPay Global","696","21413","336","352","177","","all in AI","","false","true","","false","true","2018-01-09 04:14:10","https://x.com/idoubicc","https://pbs.twimg.com/profile_images/1657754264729448448/1AOP0K4c_400x400.jpg","https://pbs.twimg.com/profile_banners/950460643173216256/1715493813"
"851009893922250752","luolink","abel_yelin","ENTP
Designer | Concept Artist | Programmer | Operator | UX/UI
https://t.co/OTRbpKgyQD
AI Best Top: https://t.co/XUxuWXz9Y1
More: https://t.co/4IRbjG3BQK","1937","4588","1335","697","250","科技","hangzhou","http://www.luolink.com","false","false","","false","false","2017-04-09 17:52:24","https://x.com/abel_yelin","https://pbs.twimg.com/profile_images/1689513760099299328/PU3brY8w_400x400.jpg","https://pbs.twimg.com/profile_banners/851009893922250752/1732895726"
"1131442257675083777","Cell 细胞","cellinlab","⚡️ 「BIP 订阅制真人秀」概念提出者 ｜ 💻 独立开发者 ｜🌍 造物矩阵 @ZaoWuJuZhen & 小火炉播客 @XiaohuoluFM 创始人 ｜🎯 关注 AI & Crypto · 构建创作者生态 · 探索个体与社区的更多可能 ｜🌐 English: @CellNomad","12092","20156","4526","13499","2244","科技","","https://www.cellinlab.com","false","true","","false","true","2019-05-23 14:10:30","https://x.com/cellinlab","https://pbs.twimg.com/profile_images/1634900405724545031/gQgQEpaj_400x400.jpg","https://pbs.twimg.com/profile_banners/1131442257675083777/1732942869"
"50683","ding.one","dingyi","Prev: Bewater, Mask, OPPO, 36Kr...
Design Newsletter ‣ https://t.co/q1JG1yCzdb
Design Engineer News ‣ https://t.co/uHtq1Z3Kus
Promote your product: dingyi@me.com","56111","158781","4678","3176","2303","产品设计师"," Remote","http://ding.one","false","true","","false","true","2006-12-08 23:10:12","https://x.com/dingyi","https://pbs.twimg.com/profile_images/1961774857223630848/YOjEFAE0_400x400.jpg","https://pbs.twimg.com/profile_banners/50683/1582434442"
"168139512","Geek","geekbb","🧠在家居士 | 🥦素食者 | 🏃🏻马拉松爱好者 | 💰省钱小能手 | 搭🪜技术资深学者 | 👨‍💻科技宅 | 🆕更新狂 | 🆅 六边型战五渣","23782","99743","393","16501","6153","科技","火星","https://www.igeekbb.com","false","false","","false","true","2010-07-18 22:10:39","https://x.com/geekbb","https://pbs.twimg.com/profile_images/1644898947272671233/7959WGOK_400x400.jpg","https://pbs.twimg.com/profile_banners/168139512/1689476157"
"1698182843288178688","氪学家","YTkexue","🐼 YouTube@氪学家
🚀 AKA 赛博菩萨
💥 教程在YouTube@氪学家
⚠️ 推特私信不看 有事YouTube找我","1964","3966","58","126","817","Digital Creator","西班牙","https://www.youtube.com/@kexue","false","false","","false","true","2023-09-03 11:56:27","https://x.com/YTkexue","https://pbs.twimg.com/profile_images/1698187200779980801/UWUw57RU_400x400.jpg","https://pbs.twimg.com/profile_banners/1698182843288178688/1734658713"
"1510157112588255243","苏比努尔","subinurbaby","叫我苏比就好啦 💗
维吾尔族, 爱舞蹈 爱家人 感谢关注","516","19304","29","1011","284","","","","false","true","","false","true","2022-04-02 15:28:17","https://x.com/subinurbaby","https://pbs.twimg.com/profile_images/1622544431273627648/XbwlqpD7_400x400.jpg","https://pbs.twimg.com/profile_banners/1510157112588255243/1675679685"
"885086674828578816","Mr Panda","PandaTalk8","Solo Developer ｜ Growth Coach｜Helping creators build their personal brand on X  
公众号：PandaTalk8","20114","56237","6649","56940","1217","教育","","https://xgrowth.xlearnity.ai/","false","true","","false","true","2017-07-12 18:41:22","https://x.com/PandaTalk8","https://pbs.twimg.com/profile_images/1738715996737933312/QHUuRDK1_400x400.jpg","https://pbs.twimg.com/profile_banners/885086674828578816/1760969154"
"345437084","徹言","iamcheyan","程序员・作家・编剧  / 東京都在住 🗼","14702","42283","7571","100636","2619","","東京 墨田区","http://iamcheyan.com","false","true","","false","true","2011-07-31 00:05:20","https://x.com/iamcheyan","https://pbs.twimg.com/profile_images/1752946036358909952/o_vVoTim_400x400.jpg","https://pbs.twimg.com/profile_banners/345437084/1714718985"
"7755562","AlexZ 🦀","blackanger","System in Rust, Application in AI.
Slow down. Have fun. Live well.
INTJ-A. No ism.
Lifelong Programmer and  Writer.

🦀 保命","21387","13537","1331","23955","2239","","China","","false","true","","false","true","2007-07-27 15:35:57","https://x.com/blackanger","https://pbs.twimg.com/profile_images/1588061971714256896/Rwi_kcm7_400x400.jpg","https://pbs.twimg.com/profile_banners/7755562/1685869222"
"135615574","猫叔 Uncle Cat","mmlong8","AIGC艺术家，提示词工程师","485","885","679","162","305","娱乐和休闲","","","false","true","","false","false","2010-04-22 04:24:57","https://x.com/mmlong8","https://pbs.twimg.com/profile_images/1989382502721732608/14IYvV3s_400x400.jpg","https://pbs.twimg.com/profile_banners/135615574/1763140726"
"1515128158835691526","Ring Hyacinth","ring_hyacinth","Artist working with #AI","332","12169","338","712","191","","","http://hyacinth.im","false","true","","false","true","2022-04-16 08:41:37","https://x.com/ring_hyacinth","https://pbs.twimg.com/profile_images/1811285605252313088/w5sCj3nH_400x400.jpg","https://pbs.twimg.com/profile_banners/1515128158835691526/1666290243"
"1398934230407606278","老白（每日干货分享✊）","laobaishare","收集和分享好东西：🌍泛互联网 + 💻科技 + 🤖️Al + 📃学习 + 🤑Crypto 

🧰 我常用的AI效率工具Flowith ：https://t.co/c6gH4Yf6EN","9293","190792","425","12588","5975","科技","","","false","true","","false","true","2021-05-30 17:28:41","https://x.com/laobaishare","https://pbs.twimg.com/profile_images/1688863542110507008/RO_U6ecN_400x400.jpg","https://pbs.twimg.com/profile_banners/1398934230407606278/1686798589"
"1605","Sam Altman","sama","AI is cool i guess","7285","4128349","975","1024","375","","SF","http://blog.samaltman.com","false","true","","false","false","2006-07-17 06:01:55","https://x.com/sama","https://pbs.twimg.com/profile_images/1904933748015255552/k43GMz63_400x400.jpg",""
"1718896922277314560","熠辉 Indie","yihui_indie","我的AI编程课(https://t.co/HVZn3ItASW) |B站up主 | 分享创造 + 无限迭代ing","4379","39134","723","2777","1044","","Hong Kong","https://happyaicoding.com","false","true","","false","true","2023-10-30 15:45:42","https://x.com/yihui_indie","https://pbs.twimg.com/profile_images/1804848821702377472/fSfFlGTf_400x400.jpg","https://pbs.twimg.com/profile_banners/1718896922277314560/1753789761"
"1799294856822673408","Kling AI","Kling_ai","Join KLING AI Community💫
Discord:https://t.co/kUVSFwBlEu 
TikTok:https://t.co/J7oMx5kPxn 
IG:https://t.co/DDAKgGvLqh","2876","103037","473","5619","462","科技","","https://klingai.com/","false","true","","false","true","2024-06-08 12:18:28","https://x.com/Kling_ai","https://pbs.twimg.com/profile_images/1905183334021697536/8agjzVoq_400x400.jpg","https://pbs.twimg.com/profile_banners/1799294856822673408/1743080003"
"1287258532027478016","weixinart","Weixinart","画者/自俄乌战争开战，日记体数码绘画《乌克兰·每一天》持续进行中#Ukraineeveryday https://t.co/t9Xmr8vPL1","28128","42063","1325","97207","9454","画家","New York, NY","http://www.xuweixinart.com/","false","true","","false","true","2020-07-26 13:29:51","https://x.com/Weixinart","https://pbs.twimg.com/profile_images/1854168989728940042/h-Ne0OgH_400x400.jpg","https://pbs.twimg.com/profile_banners/1287258532027478016/1667914290"
"10228272","YouTube","YouTube","like & subscribe","60421","74988461","1145","6041","16060","","San Bruno, CA","http://linkin.bio/youtube","false","true","Business","false","false","2007-11-14 05:43:46","https://x.com/YouTube","https://pbs.twimg.com/profile_images/1984471345854566400/5pd8GpgC_400x400.jpg","https://pbs.twimg.com/profile_banners/10228272/1761969746"
"1329985643527565312","小吴乐意","xiaowuleyi","平平淡淡才是真。","2147","463","344","2487","466","商业和工业","地球","https://www.xiaowuleyi.com","false","false","","false","false","2020-11-21 11:11:18","https://x.com/xiaowuleyi","https://pbs.twimg.com/profile_images/1944037713377714176/v7Zk-PKr_400x400.jpg","https://pbs.twimg.com/profile_banners/1329985643527565312/1752329697"
"920141035212124161","Journeyman","JourneymanChina","🛠  Founder https://t.co/8W09BmupVP 正在打造最好的视觉笔记软件
💰  Ex Co-Founder https://t.co/W9oZurRLgw
🤓  All In 出海  | 斜杠中年 | 分享被动收入经验","11087","40215","509","1082","3235","","Shanghai","http://noteey.com/","false","true","","false","true","2017-10-17 12:14:52","https://x.com/JourneymanChina","https://pbs.twimg.com/profile_images/1677830837134561280/zB6gCCLY_400x400.jpg",""
"6690032","向阳乔木","vista8","喜欢摇滚乐、爱钓鱼的PM
网站：https://t.co/vnUpLt752o","6014","68277","1370","6745","1778","科技","Beijing","","false","true","","false","true","2007-06-09 13:48:52","https://x.com/vista8","https://pbs.twimg.com/profile_images/1960882043249942533/h4J39ERy_400x400.jpg","https://pbs.twimg.com/profile_banners/6690032/1681134125"
"1764818331822182400","小互","imxiaohu","学AI找小互，找小互，上 https://t.co/4PVaHEr5r3 ...

小互AI日报 社群：https://t.co/LIEXfWUHv1","7769","76149","1498","1884","4882","","Mars","http://xiaohu.ai","false","true","","false","true","2024-03-05 09:01:23","https://x.com/imxiaohu","https://pbs.twimg.com/profile_images/1765404718959095808/BX7VN1hS_400x400.jpg","https://pbs.twimg.com/profile_banners/1764818331822182400/1717126346"
"913314383526223872","赵纯想","chunxiangai","产品🎬 https://t.co/Xd1e236W65 
顾问服务💬 https://t.co/UVx8yZHIBo 
课程📖 https://t.co/T13Crt8lg5","2113","31177","341","1698","308","移动应用程序","","https://chunxiang.space","false","true","","false","true","2017-09-28 16:08:12","https://x.com/chunxiangai","https://pbs.twimg.com/profile_images/1851554473174286336/nuzwVwa2_400x400.jpg","https://pbs.twimg.com/profile_banners/913314383526223872/1734401000"
"1668748632261099521","Z-Library Official","Z_Lib_official","We're one of the largest e-libraries in the world. We aim to make knowledge accessible to everyone🕊📚

📧 support@z-lib.fm","611","191987","5","377","31","","","https://z-library.ec/","false","true","","false","false","2023-06-14 06:34:39","https://x.com/Z_Lib_official","https://pbs.twimg.com/profile_images/1668753767758430209/3H_pQBdM_400x400.jpg","https://pbs.twimg.com/profile_banners/1668748632261099521/1686697380"
"185336347","Evan Kail (PAWN MAN)","EvanKail","I’m 埃文凯尔. I stand for global peace ☮️ Donor of the WW2 photo album to 🇨🇳 🇺🇸 I am also Pawn Man on social media and own St. Louis Park Gold and Silver in MN.","1887","95142","694","5545","913","社交媒体影响者","Minneapolis","http://linktree.com/PAWNMAN","false","true","","false","false","2010-09-01 03:08:47","https://x.com/EvanKail","https://pbs.twimg.com/profile_images/1915325868437827584/PNn57LZj_400x400.jpg","https://pbs.twimg.com/profile_banners/185336347/1732856503"
"2262723812","ahhhhfs","abskoop","❤️虚假推友🫶🫰😘💕 收集分享各种互联网垃圾｜投稿侵权请私信｜谢谢不接推｜TG频道订阅更新:https://t.co/OmSvNms9yl ｜小号:@ahhhhfs l🔔重复刷无相关评论会被拉黑｜链接打不开用Chrome浏览器，不要用国产浏览器","59018","731221","1203","26145","22888","科技","有空翻翻👉","https://dizhi.abskoop.com/","false","true","","false","true","2013-12-26 19:26:41","https://x.com/abskoop","https://pbs.twimg.com/profile_images/1429676617329119233/C_U_KwBv_400x400.jpg","https://pbs.twimg.com/profile_banners/2262723812/1629809938"
"382673585","桃子队长","capmmk","科技改变生活！Web3 初心者","8701","22086","1320","7707","2273","科技","Japan","http://linktr.ee/ibelive","false","true","","false","true","2011-09-30 21:56:03","https://x.com/capmmk","https://pbs.twimg.com/profile_images/1450481288696107009/dWF5B1Gy_400x400.jpg","https://pbs.twimg.com/profile_banners/382673585/1715012963"
"1503286725665181696","Star Boat⛵","starbot_ever","Tiny SaaS Entrepreneur，Work Hard，Earn Hard.","1510","1939","300","2912","287","","","","false","true","","false","false","2022-03-14 16:28:06","https://x.com/starbot_ever","https://pbs.twimg.com/profile_images/1821136333219491842/EOmtPYJT_400x400.jpg","https://pbs.twimg.com/profile_banners/1503286725665181696/1739419842"
"1704733865997377536","nicekate","nicekate8888","AI and tech aficionado, keen on radios and e-readers.

🌐 https://t.co/aW55vLd67a","2188","10335","2146","19443","1058","","","","false","true","","false","true","2023-09-21 13:46:53","https://x.com/nicekate8888","https://pbs.twimg.com/profile_images/1737278828798767104/Ym9jifD8_400x400.jpg",""
"1016059981907386368","Tesla Owners Silicon Valley","teslaownersSV","The most notorious Tesla Club in the world. Creator of @thextakeover and taking the Takeover global. We amplify sustainability and philanthropy.","195623","1335839","778","182200","65479","","Silicon Valley","https://linktr.ee/Teslaownerssv","false","false","Business","false","true","2018-07-09 04:42:31","https://x.com/teslaownersSV","https://pbs.twimg.com/profile_images/1945194602245332992/CXGuUBtE_400x400.jpg","https://pbs.twimg.com/profile_banners/1016059981907386368/1738008323"
"1373109588304699396","陈一发儿","yifaer_chen","一三六晚油管直播https://t.co/gQ6qhPeBm2  Spotify:https://t.co/hbHB3yOYGa 淘宝https://t.co/31bIvNcs4N 北美店https://t.co/VU0TBgjX8u","665","227368","70","2231","397","音乐家","","http://youtube.com/@chenyifaer","false","true","","false","true","2021-03-20 11:10:27","https://x.com/yifaer_chen","https://pbs.twimg.com/profile_images/1406173266771808256/aMOxu3Bh_400x400.jpg",""
"1552580106257928192","fofr","fofrAI","melty ai","11302","49782","1362","27445","4668","","🪴","http://fofr.ai","false","true","","false","true","2022-07-28 17:02:50","https://x.com/fofrAI","https://pbs.twimg.com/profile_images/1732174612178350080/X1uR3MvQ_400x400.jpg","https://pbs.twimg.com/profile_banners/1552580106257928192/1736724067"
"1453346363215810560","一口新饭","onenewbite","关注科技, 投资, 和个人成长. YouTube: MoneyXYZ 社群: https://t.co/ScaoM6OK5B","3546","38683","448","4593","578","社交媒体影响者","Calgary, Alberta","https://www.youtube.com/@moneyxyz","false","true","","false","true","2021-10-27 21:02:43","https://x.com/onenewbite","https://pbs.twimg.com/profile_images/1585995910521446400/OXrx3eAV_400x400.jpg","https://pbs.twimg.com/profile_banners/1453346363215810560/1635806355"
"4398626122","OpenAI","OpenAI","OpenAI’s mission is to ensure that artificial general intelligence benefits all of humanity. We’re hiring: https://t.co/dJGr6Lg202","1509","4504561","4","1221","448","","","https://openai.com","false","true","Business","false","false","2015-12-07 06:51:08","https://x.com/OpenAI","https://pbs.twimg.com/profile_images/1885410181409820672/ztsaR0JW_400x400.jpg","https://pbs.twimg.com/profile_banners/4398626122/1759076948"
"1478042617958912005","知识分享官","knowledgefxg","热爱知识，没事分享点有趣硬核的东西,包含英语学习，AI编程，科技软件，资源网站等等。来都来了，点点关注😘。 合作请DM私信。","7814","193035","1565","38623","2638","科技","","https://en.knowledgefxg.com/","false","true","","false","true","2022-01-04 00:39:09","https://x.com/knowledgefxg","https://pbs.twimg.com/profile_images/1485604570898526208/Bfi12r9h_400x400.jpg","https://pbs.twimg.com/profile_banners/1478042617958912005/1738162096"
"237243234","Y11-杨继芸-靠谱找工作、找面试题、改简历、模拟面试","seclink","找工作、找面试题、改简历、模拟面试。关注：
创业（冷启动） ｜ 认知心理学｜智能体 ｜ 强化学习

building：
 - https://t.co/A4YmEz90B8","9797","25621","335","19179","1634","科技","san francisco","https://www.jobleap.cn/","false","true","","false","true","2011-01-12 20:04:13","https://x.com/seclink","https://pbs.twimg.com/profile_images/1709859553414893568/a_eQ9NYf_400x400.jpg","https://pbs.twimg.com/profile_banners/237243234/1696221251"
"1821470356152209408","Jami","expertwith_AI","Helping ambitious Founders and CEOs create meaningful Personal Brands on  Twitter | AI & Web Dev Enthusiast |  ✉️ DM For Paid Promotion.","37982","28281","143","35154","6294","","Australia","","false","true","","false","true","2024-08-08 16:56:23","https://x.com/expertwith_AI","https://pbs.twimg.com/profile_images/1887122069500096513/ou29gWSV_400x400.jpg","https://pbs.twimg.com/profile_banners/1821470356152209408/1738767074"
"259611996","Bear Liu","bearbig","Product Designer, 10 year+ podcaster and author of 2 books. Love things around design, tech and productivity, making JAM at https://t.co/ZhUT9zdkzg 🍯","17989","108969","2600","5184","6417","产品设计师","Free newsletter  👉","https://bear.academy","false","true","","false","true","2011-03-02 14:53:54","https://x.com/bearbig","https://pbs.twimg.com/profile_images/803996540696084480/Z-uk8--s_400x400.jpg","https://pbs.twimg.com/profile_banners/259611996/1746610243"
"1830956655892164613","Hailuo AI (MiniMax)","Hailuo_AI","Discord: https://t.co/KEbUPiW9IC IG: https://t.co/wHxrNsP0AE","4590","66061","494","11644","178","科技","San Francisco","https://hailuoai.video/","false","true","","false","true","2024-09-03 21:11:12","https://x.com/Hailuo_AI","https://pbs.twimg.com/profile_images/1892843516251815936/Wf7QhAgR_400x400.jpg","https://pbs.twimg.com/profile_banners/1830956655892164613/1740124039"
"2183277272","亮子纠缠AI","ailiangzi","写作第一
https://t.co/LnHLIWtdM2 大蓝书","3774","18880","2783","5042","665","","Beijing","","false","false","","false","false","2013-11-09 08:36:25","https://x.com/ailiangzi","https://pbs.twimg.com/profile_images/1172408556424839169/lIF-hmiN_400x400.jpg","https://pbs.twimg.com/profile_banners/2183277272/1582028354"
"6782882","Orange AI","oran_ge","聊硅基 AI，看有机 Orange。","133754","140747","785","1990","6046","科技","Mars","https://listenhub.ai","false","true","","false","true","2007-06-13 13:03:33","https://x.com/oran_ge","https://pbs.twimg.com/profile_images/1760074488073629696/ceSsuVCY_400x400.png","https://pbs.twimg.com/profile_banners/6782882/1740229481"
"145974498","king","kingwang76","","2064","133","270","74","102","","","","false","false","","false","true","2010-05-20 17:20:40","https://x.com/kingwang76","https://pbs.twimg.com/profile_images/1680480399640907777/tocbOOzV_400x400.jpg",""
"155252642","黄赟","huangyun_122","正在研究 100个 AI 变现案例， 用数据思维解构商业增长","8006","72150","1080","2354","1600","","Shanghai Pudong","","false","true","","false","true","2010-06-14 00:04:08","https://x.com/huangyun_122","https://pbs.twimg.com/profile_images/1183766724534882305/SIxSKinT_400x400.jpg","https://pbs.twimg.com/profile_banners/155252642/1555159810"
"1810631385616691200","Zane Wynn","ZaneWynn_SEO","📈 谷歌SEO & 运营小咖
💼  副业 & 出海 & 泛投资
🚀 从0-1实现站点月流量千万
📑 投资/负责几个Google站点
📧 zanewynn.wan@gmail.com","349","8563","148","267","166","","","","false","true","","false","true","2024-07-09 19:05:50","https://x.com/ZaneWynn_SEO","https://pbs.twimg.com/profile_images/1856539547838062593/FxM6aZY5_400x400.jpg","https://pbs.twimg.com/profile_banners/1810631385616691200/1732247170"
"1727548535816724480","meng shao","shao__meng","邵猛，中年失业程序员 😂

专注 - Context Engineering, AI Agents.
分享 - AI papers, apps and OSS.

ex Microsoft MVP

合作 - 私信/邮箱：shaomeng@outlook.com

📢 公众号/小红书: AI 启蒙小伙伴","11150","20090","1098","56498","5580","科技","","https://x.com/shao__meng/status/1958758580347445703","false","true","","false","true","2023-11-23 12:44:15","https://x.com/shao__meng","https://pbs.twimg.com/profile_images/1764498070841233408/qeTwfeW8_400x400.jpg","https://pbs.twimg.com/profile_banners/1727548535816724480/1726640651"
"1783159280843284482","dangjin","JinsFavorites","🧠  AI Explorer &Product : Focus on Agents and AI Tools.","1480","13056","204","1455","519","科技","","","false","true","","false","false","2024-04-24 23:41:29","https://x.com/JinsFavorites","https://pbs.twimg.com/profile_images/1783159515007090688/oLjYYiE4_400x400.jpg","https://pbs.twimg.com/profile_banners/1783159280843284482/1750226769"
"1552057866844049410","Speedy Updates","SpeedUpdates1","Not Impersonating @ishowspeedsui | Not affiliated with IShowSpeed","4172","510751","308","2683","2958","媒体与新闻","","","false","true","","false","true","2022-07-27 06:27:04","https://x.com/SpeedUpdates1","https://pbs.twimg.com/profile_images/1618765849770303489/DE_7x4Vh_400x400.jpg","https://pbs.twimg.com/profile_banners/1552057866844049410/1695339659"
"745273","Naval","naval","Incompressible","26826","2947876","0","270836","308","","","https://nav.al","false","true","","false","false","2007-02-02 07:05:04","https://x.com/naval","https://pbs.twimg.com/profile_images/1256841238298292232/ycqwaMI2_400x400.jpg","https://pbs.twimg.com/profile_banners/745273/1588490328"
"1600783750048219136","Devin Jatho","DevinJatho","building","3","1261","32","23","2","","","https://bit.ly/join-nexus","false","true","","false","false","2022-12-08 17:26:12","https://x.com/DevinJatho","https://pbs.twimg.com/profile_images/1989394658472943616/BJMb1Gwn_400x400.jpg","https://pbs.twimg.com/profile_banners/1600783750048219136/1710831423"
"1519753158213648385","carolina weix","CrlnaWX","original new account
___________________________________
visit my telegram account directly, to have fun😋❤️‍🔥💦","136","1307","45","29","6","","California, USA","http://t.me/Crnl4","false","false","","false","false","2022-04-29 02:59:33","https://x.com/CrlnaWX","https://pbs.twimg.com/profile_images/1926101148500418560/gkHMFfGz_400x400.jpg","https://pbs.twimg.com/profile_banners/1519753158213648385/1679169473"
"3122661542","Yangyi","Yangyixxxx","Believing is seeing","13752","109046","500","5397","2848","科技","","https://lnk.bio/yangyi","false","true","","false","true","2015-04-01 11:00:40","https://x.com/Yangyixxxx","https://pbs.twimg.com/profile_images/1790540021327712256/72wMFr9-_400x400.jpg","https://pbs.twimg.com/profile_banners/3122661542/1702609915"
"1588829429333037056","章工","435hz","三角眼观天下，覆船口吞乾坤。
天纵英才，献忠回来。
仅在X有账号，其它平台不是本人。","18179","113131","86","5880","2107","","","","false","false","","false","true","2022-11-05 17:44:16","https://x.com/435hz","https://pbs.twimg.com/profile_images/1591818969236717569/q95i8uvS_400x400.jpg",""
"1549652272862285824","Guangzheng Li","iguangzhengli","Blog📰:  https://t.co/wcsjbz3ezH
GitHub🚀:  https://t.co/spQ6r1GWVa
独立开发者社区：https://t.co/rpuRYZxxfa
独立开发者启动模板🛫:  https://t.co/qVmbw0h5MY","606","19738","194","302","146","","","https://guangzhengli.com","false","true","","false","true","2022-07-20 15:09:52","https://x.com/iguangzhengli","https://pbs.twimg.com/profile_images/1558725699665416198/kzh2dLrr_400x400.jpg","https://pbs.twimg.com/profile_banners/1549652272862285824/1660464169"
"1213968000690180097","*↟⍋*↟*ｿﾘﾃｨﾝ♂*↟⍋*↟【ﾀｶﾃｨﾝ】","soritinnTakatin","#反りティン♂⇸腹に寄り添うLv

#カリ高⇸5mm 弱

 #長さ⇸どーだろ13くらい？

#DM⇸ 開放中（ 但し、気まぐれ）

#ぎょーしゃ⇸不要 

#セカンドバージン解消⇸10人弱 

#エ□垢","10526","1568","1252","47075","26","","カセキホリダー(GIFT県)","","false","false","","false","true","2020-01-06 07:38:46","https://x.com/soritinnTakatin","https://pbs.twimg.com/profile_images/1762867102174863360/iarLKhRK_400x400.jpg","https://pbs.twimg.com/profile_banners/1213968000690180097/1579032658"
"1654306429321510912","Chase Lean","chaseleantj","AI engineer & educator. I share practical ways to use AI tools.","6551","62499","367","17776","1563","","","","false","false","","false","true","2023-05-05 10:06:45","https://x.com/chaseleantj","https://pbs.twimg.com/profile_images/1658820119123075073/4_TY7C5q_400x400.jpg","https://pbs.twimg.com/profile_banners/1654306429321510912/1690695891"
"1661523610111193088","xAI","xai","","178","1832311","38","207","61","","","http://x.ai","false","false","Business","false","true","2023-05-25 08:06:30","https://x.com/xai","https://pbs.twimg.com/profile_images/1769430779845611520/lIgjSJGU_400x400.jpg","https://pbs.twimg.com/profile_banners/1661523610111193088/1710700105"
"44196397","Elon Musk","elonmusk","","89427","229229343","1227","183551","4236","","","","false","true","","false","false","2009-06-03 04:12:29","https://x.com/elonmusk","https://pbs.twimg.com/profile_images/1983681414370619392/oTT3nm5Z_400x400.jpg","https://pbs.twimg.com/profile_banners/44196397/1739948056"
"454903206","清炭ハリケーン","KiyoSumi_Hari","４人でやってる同人サークルです。エロかったりエロかったりエロそうでエロくなかったり。 よかったらブログ,Pixivも覗いてみてください。 https://t.co/dBgcs7yOHs","1878","55575","183","135","327","","","http://kiyotan.en-grey.com/","false","false","","false","false","2012-01-04 22:27:23","https://x.com/KiyoSumi_Hari","https://pbs.twimg.com/profile_images/1435307329038127106/6Sk6FAIf_400x400.jpg","https://pbs.twimg.com/profile_banners/454903206/1631038909"
