﻿"User ID","Name","Username","Bio","Tweets Count","Followers Count","Following Count","Favourites Count","Media Count","Professional","Location","Website","Verified","Is Blue Verified","Verified Type","Protected","Can DM","Created At","Profile URL","Avatar URL","Profile Banner URL"
"888137077","猫叔的职场笔记","haowue","🍀 分享职场干货
💰 人生短暂，早开窍，早退休","1138","11800","31","6515","1016","","","","false","true","","false","false","2012-10-18 13:02:46","https://x.com/haowue","https://pbs.twimg.com/profile_images/1911973090730373120/fmYbA0f5_400x400.jpg","https://pbs.twimg.com/profile_banners/888137077/1744684884"
"1094484125090668544","Ada歪歪","Adawhatvs","投資-金融-幣圈是個輪迴🔅 乾坤未定 你我皆是黑馬","93","2305","54","51","77","","Hong Kong","","false","true","","false","false","2019-02-10 14:32:04","https://x.com/Adawhatvs","https://pbs.twimg.com/profile_images/1983169841185075202/J6ig3ou7_400x400.jpg","https://pbs.twimg.com/profile_banners/1094484125090668544/1761661549"
"3178231","宝玉","dotey","Prompt Engineer, dedicated to learning and disseminating knowledge about AI, software engineering, and engineering management.","27056","144689","1452","38033","4694","","Chicago, IL","https://baoyu.io","false","true","","false","true","2007-04-02 11:42:14","https://x.com/dotey","https://pbs.twimg.com/profile_images/561086911561736192/6_g58vEs_400x400.jpeg",""
"1701953376597245952","流氓兔🐰","LiumangtuCrypto","互联网老油条 🧈
币圈小白兔 🐰
专注于搞钱 💵 
分享财商 🤔、金融 🏦、加密货币 🪙 等","2285","37865","224","8234","1925","","宇宙中心","","false","true","","false","true","2023-09-13 21:38:20","https://x.com/LiumangtuCrypto","https://pbs.twimg.com/profile_images/1804706859082997761/wzw71BuH_400x400.jpg","https://pbs.twimg.com/profile_banners/1701953376597245952/1719110724"
"809709025","AI探路者Tim","AIExplorerTim","🤖 AI 探险家 | 在算法迷雾中点亮火把  
🧠 训练模型，也被模型训练  
⚡ 日常：调参、炼丹、等收敛  
🌍 相信AGI会来，但不确定是不是明天  
🔍 在科技与伦理的边界反复横跳","1671","13371","16","9513","1459","","","","false","true","","false","true","2012-09-08 06:20:42","https://x.com/AIExplorerTim","https://pbs.twimg.com/profile_images/1906159097889861632/Oc_QuXeK_400x400.png","https://pbs.twimg.com/profile_banners/809709025/1743298739"
"950327911","半吊子程序猿大铭","CoderDaMing","不成器的码农🧱 | 资深数码📷韭菜
🌴用副业的心态做主业，用主业的钱买数码
AI时代的摸鱼🐠专家
座右铭：买买买是第一生产力","1647","13727","23","9590","1470","","","","false","true","","false","false","2012-11-16 03:21:50","https://x.com/CoderDaMing","https://pbs.twimg.com/profile_images/1933019008061878273/V01gCRoq_400x400.jpg","https://pbs.twimg.com/profile_banners/950327911/1749702621"
"1131212761101299713","Yuki","OKX_Yuki","@OKX 高级品牌经理 | Web3 & Crypto Enthusiast | 分享品牌增长、市场动态与行业趋势 📢 DM for collaborations!","6203","11360","834","1950","891","金融服务","香港","http://okx.com","false","true","","false","true","2019-05-22 22:58:33","https://x.com/OKX_Yuki","https://pbs.twimg.com/profile_images/1887054804930981888/h1avTrMw_400x400.jpg","https://pbs.twimg.com/profile_banners/1131212761101299713/1738744101"
"475832528","猫小姐学AI","MissCat_AI","不是在搞 AI，就是在搞 AI 的路上","1265","8024","130","6477","1134","","","","false","true","","false","false","2012-01-27 21:50:33","https://x.com/MissCat_AI","https://pbs.twimg.com/profile_images/1911701844855857152/9Ml2H7yz_400x400.jpg","https://pbs.twimg.com/profile_banners/475832528/1745811380"
"962502216","科技混子Chris","ChrisSlacker","科技圈资深韭菜🌿 ｜ 科技新品试毒☠️专员

分享科技资讯🗞️、互联网工具🧰

提升📈生产力，降低钱包💰厚度","1828","16522","28","9955","1601","","","","false","true","","false","true","2012-11-21 22:38:13","https://x.com/ChrisSlacker","https://pbs.twimg.com/profile_images/1933402794918359079/joMW_Hnp_400x400.jpg","https://pbs.twimg.com/profile_banners/962502216/1749701515"
"1704797364291330048","DomoAI official","DomoAI_","Start for free: https://t.co/cVbKjTZc5U

Affiliate Program: https://t.co/OfiMTftWSB

Creative Partner Program: https://t.co/eAgvxyA4o9","653","18006","0","980","256","","Singapore","http://domoai.app","false","true","","false","true","2023-09-21 17:59:14","https://x.com/DomoAI_","https://pbs.twimg.com/profile_images/1877723801397731328/IXda0prw_400x400.jpg","https://pbs.twimg.com/profile_banners/1704797364291330048/1716878102"
"106769245","桃桃的运营日记📓","TaoTaoOps","💫 每天分享运营干货知识～
❤️ 可以不光芒万丈，但不要停止发光
运营创作❗️营销思考❗️个人成长❗️𝟎𝟎年𝐢人","778","10474","0","0","722","","","","false","true","","false","false","2010-01-21 00:52:23","https://x.com/TaoTaoOps","https://pbs.twimg.com/profile_images/1904416626361188352/AQ6kqUeF_400x400.jpg","https://pbs.twimg.com/profile_banners/106769245/1742883282"
"1153979808432267265","GitMind","gitmindmap","GitMind is a free AI mind mapping & brainstorming app. Create and collaborate on mind maps online in real-time. Join our discord : https://t.co/Wc0CLf3ABj","486","1635","27","209","145","","","https://gitmind.com","false","false","","false","true","2019-07-24 18:46:41","https://x.com/gitmindmap","https://pbs.twimg.com/profile_images/1640916842008162304/hPj4ehdN_400x400.jpg","https://pbs.twimg.com/profile_banners/1153979808432267265/1681368942"
"1422537905885442055","Coinbase Assets 🛡️","CoinbaseAssets","The most trusted crypto exchange.

For support, please tweet @CoinbaseSupport.","2177","281202","9","19","134","","","https://www.coinbase.com/listings","false","true","Business","false","true","2021-08-03 20:42:19","https://x.com/CoinbaseAssets","https://pbs.twimg.com/profile_images/1963278632924610566/wnxa4g94_400x400.jpg","https://pbs.twimg.com/profile_banners/1422537905885442055/1642199318"
"25073877","Donald J. Trump","realDonaldTrump","45th & 47th President of the United States of America🇺🇸","59809","109795601","53","0","5378","","","http://DonaldJTrump.com","false","true","Government","false","false","2009-03-18 21:46:38","https://x.com/realDonaldTrump","https://pbs.twimg.com/profile_images/874276197357596672/kUuht00m_400x400.jpg","https://pbs.twimg.com/profile_banners/25073877/1604214583"
"1871459840100646912","MMKing","MMKBTC","","22","1567","116","314","1","","Bitcoin","","false","true","","false","false","2024-12-24 15:36:32","https://x.com/MMKBTC","https://pbs.twimg.com/profile_images/1907385404757835776/jOdf_Uzt_400x400.jpg","https://pbs.twimg.com/profile_banners/1871459840100646912/1741893854"
"1442793636022808578","ALERT的会所","BTC_Alert_","我就是一个推油的，不搞黄不编剧，安心交易。 #OKX 钱包让你感受交易的丝滑： https://t.co/kw09kLc18l #Binance 你的数字货币购买/交易平台，就是币安 https://t.co/hK6s7JwPbd","18968","41545","811","19054","1819","金融服务","","","false","true","","false","true","2021-09-28 18:09:53","https://x.com/BTC_Alert_","https://pbs.twimg.com/profile_images/1633442170303811584/bm60R1cI_400x400.jpg","https://pbs.twimg.com/profile_banners/1442793636022808578/1731046468"
"1414883275386937347","区块马","0xblockma","Solidity & Python Developer; 
Onchain Scientist; 
GenZ, Investor; 
Researcher @KernelVentures; 
Welcome DM.","1965","16259","1093","2780","150","金融服务","HongKong","","false","true","","false","true","2021-07-13 17:44:01","https://x.com/0xblockma","https://pbs.twimg.com/profile_images/1630435026965000192/sw2E5WC2_400x400.jpg","https://pbs.twimg.com/profile_banners/1414883275386937347/1664415086"
"1542307357283303425","0x进击的水豚","crypto_oldk","你还年轻，三千万不够

我可能成为一个有钱人，也可能成为一个穷光蛋

但我每次都选择做有钱人","1644","20953","22","1583","1333","","","","false","true","","false","true","2022-06-30 08:41:44","https://x.com/crypto_oldk","https://pbs.twimg.com/profile_images/1907374883857989632/AO6VhYsW_400x400.jpg","https://pbs.twimg.com/profile_banners/1542307357283303425/1743588586"
"1744988460103180288","露西的百宝箱","Lucy_love_AI","🌊  自由职业者
👉🏻 AI工具/实用软件/搞钱干货/职场提升
💓 我要分享 1000 篇实用干货！

你想要的这里全都有⬇️","2576","47197","30","4604","2218","","","https://box123.io/","false","true","","false","true","2024-01-10 15:45:15","https://x.com/Lucy_love_AI","https://pbs.twimg.com/profile_images/1829469704173539329/wP9_sYa5_400x400.jpg","https://pbs.twimg.com/profile_banners/1744988460103180288/1725014545"
"1807698422146981888","银河少女","Lily24_08","00后少女  活泼可爱💕
追寻梦想的路上优雅前行✨
爱分享 专注实用工具/黑科技/AI🤖
努力学习 web3 中🧠
新手上路🫣  请多多关照🫡","194","1121","31","51","154","","","","false","false","","false","false","2024-07-01 16:51:30","https://x.com/Lily24_08","https://pbs.twimg.com/profile_images/1817867382821707776/fP67F6UV_400x400.jpg","https://pbs.twimg.com/profile_banners/1807698422146981888/1722248646"
"1346092460712230913","Hedy.eth 🎮","Crypto_hedyEth","💼  Web3 钉子户
🐘 分享 Web3 入门学习知识和自己真实工作日常","2212","25093","27","1578","1846","","","","false","true","","false","true","2021-01-04 21:54:05","https://x.com/Crypto_hedyEth","https://pbs.twimg.com/profile_images/1830500764248109057/jgroH02Y_400x400.png","https://pbs.twimg.com/profile_banners/1346092460712230913/1725260368"
"1650822621989154816","宝总的财富指南","baozong_facai","📈  每日干货分享，帮你轻松搞定财经资讯

👨‍💼 欢迎一起研究📈&资产配置

👉 想要财务自由？关注我，阿宝带你飞！

⬇️ 一站式 AI 工作流神器，24 小时赚钱工具：Flowith","2045","67267","30","5333","1794","","","https://bit.ly/47bcAFu","false","true","","false","true","2023-04-25 19:22:43","https://x.com/baozong_facai","https://pbs.twimg.com/profile_images/1816002885844647936/lc_56x1R_400x400.jpg","https://pbs.twimg.com/profile_banners/1650822621989154816/1721803805"
"1650822571032739841","暖暖爱分享","nuannuan_share","❤️ 痴迷挖各种好用的效率工具和AI
🙈 资深运营项目负责人
⭕️ 可以不光芒万丈，但不要停止发光
🌟 每天看看有惊喜 ⬇️","2293","45047","42","3763","2057","","","https://box123.io/","false","true","","false","true","2023-04-25 19:22:28","https://x.com/nuannuan_share","https://pbs.twimg.com/profile_images/1815679339981365249/LpPdN7UY_400x400.jpg","https://pbs.twimg.com/profile_banners/1650822571032739841/1721726664"
"906338597250281473","0x牛牛🇨🇦","DrcDAO","实事求是｜寻找非共识｜币安钱包注册链接https://t.co/ogfbQpMYSZ","15522","92955","2066","5846","1680","金融服务","Vancouver, British Columbia","https://t.me/drcdao666","false","true","","false","true","2017-09-09 10:08:55","https://x.com/DrcDAO","https://pbs.twimg.com/profile_images/1940511610776244224/aP6bTg7f_400x400.jpg","https://pbs.twimg.com/profile_banners/906338597250281473/1745203928"
"1478042617958912005","知识分享官","knowledgefxg","热爱知识，没事分享点有趣硬核的东西,包含英语学习，AI编程，科技软件，资源网站等等。来都来了，点点关注😘。 合作请DM私信。","7814","193003","1564","38617","2638","科技","","https://en.knowledgefxg.com/","false","true","","false","true","2022-01-04 00:39:09","https://x.com/knowledgefxg","https://pbs.twimg.com/profile_images/1485604570898526208/Bfi12r9h_400x400.jpg","https://pbs.twimg.com/profile_banners/1478042617958912005/1738162096"
"4872036415","穆尼","MooenyChu","资深自媒体从业者 ，Video Creator，常旅客玩家。收集分享各种互联网“垃圾”🤦‍♂️。
YouTube个人主页：https://t.co/Pbj0Tqfmse
个人站点：https://t.co/aTt9JDSiAD 

Paid promotion Private message me","6489","33298","1975","1512","1361","社交媒体影响者","Zhejiang","","false","true","","false","true","2016-02-07 12:59:53","https://x.com/MooenyChu","https://pbs.twimg.com/profile_images/1961440330605101056/7OK_Syv5_400x400.jpg","https://pbs.twimg.com/profile_banners/4872036415/1661840453"
"1737414820289200128","头号联盟@thlm.com","thlm_com","🏆 最早的专业WEB3游戏公会 

🎮 最全的 GameFi 信息
🆕 最新的 GameFi 攻略
🧐 最资深的 GameFi 玩家
🔔官网：https://t.co/1Q2U6ToPMq
📢 DC：https://t.co/fAFZWN47rY
🎮 TG：https://t.co/G2ds0DZ6b9","756","6844","53","948","261","","🌞QQ群：336523831","https://www.thlm.com","false","false","","false","true","2023-12-20 18:09:18","https://x.com/thlm_com","https://pbs.twimg.com/profile_images/1741303469552836608/NRZAp7ey_400x400.jpg","https://pbs.twimg.com/profile_banners/1737414820289200128/1732604612"
"1207019158791229440","鸟哥 | 蓝鸟会🕊️","NFTCPS","#蓝鸟会 发起人 | 商务TG：ximalaya | 

近3亿用户的共同选择，启程Web3，就在币安：
https://t.co/a1vS2TQRAf | 

OKX Web3钱包现已支持100+公链，web3入口一个就够  https://t.co/SqXnvKBO0i","14215","57011","4785","31374","2997","科技","Web3 Marketing Agency","https://bluebirdlabs.xyz/","false","true","","false","true","2019-12-18 03:26:15","https://x.com/NFTCPS","https://pbs.twimg.com/profile_images/1917439913320144897/yRxYCX7V_400x400.jpg","https://pbs.twimg.com/profile_banners/1207019158791229440/1746767795"
"1650822457937506304","Nanon Network","NanonNetwork","🌊 Modular Blockchain Designed for Web3 Gaming

📢 Discord：https://t.co/Zjw6zmqQkG","109","21076","11","145","38","","","https://www.nanon.network/","false","false","","false","true","2023-04-25 19:22:01","https://x.com/NanonNetwork","https://pbs.twimg.com/profile_images/1797827751015284736/Y-xaZ7Ut_400x400.jpg","https://pbs.twimg.com/profile_banners/1650822457937506304/1717559914"
"1535193762422370305","AFK Journey","AFK_Journey","AFK Journey is a free-to-play ethereal fantasy RPG. Experience a blend of AFK gameplay with new strategic layers and amazing stories!","1600","146530","11","492","1379","","Esperia","https://afkjourney.farlightgames.com/","false","true","","false","true","2022-06-10 17:35:11","https://x.com/AFK_Journey","https://pbs.twimg.com/profile_images/1772828790722633728/V3siYdO__400x400.jpg","https://pbs.twimg.com/profile_banners/1535193762422370305/1758854415"
"1650822478309253120","Eternal中文官方","eternal_game_","Eternal：经典IP，永恒传奇，大型MMOPRG区块链游戏。
OpenSea：https://t.co/l2wn18qjTE","389","9996","11","589","96","","","https://www.eternal.game/","false","true","","false","true","2023-04-25 19:22:06","https://x.com/eternal_game_","https://pbs.twimg.com/profile_images/1761958273576828928/1o15oaCR_400x400.jpg","https://pbs.twimg.com/profile_banners/1650822478309253120/1741339906"
"1574342039172358144","Lumiterra (mainnet arc)","LumiterraGame","🎮 MMO Sandbox | 🌐 Open Economy | 🤖 AI Agents","5509","188778","1559","28517","1184","","","https://lumiterra.net/","false","true","Business","false","false","2022-09-26 18:16:32","https://x.com/LumiterraGame","https://pbs.twimg.com/profile_images/1667436896480563200/8YPmbLbv_400x400.png","https://pbs.twimg.com/profile_banners/1574342039172358144/1752743243"
"1693531102713929728","PopAi","popaiinone","PopAi - Chat, Read, Write and Present with AI
Our community: https://t.co/dZLJ7ZVb1X
Customer service: customerservice@popai.pro","1751","6445","44","634","1076","科技","","https://popai.onelink.me/Ge5X/9zmxvu23","false","true","","false","false","2023-08-21 15:51:16","https://x.com/popaiinone","https://pbs.twimg.com/profile_images/1694574180635643904/y6SKzK8G_400x400.jpg","https://pbs.twimg.com/profile_banners/1693531102713929728/1728727968"
"1610560894504939520","Download Videos","downloadvideos_","📣 Want to grab videos from tweets? 🎥

🔗 Mention @downloadvideos_ in the video tweet

🚀 I’ll send a download link

❤️ Follow for more video downloads!","3351","1158","15","453","67","","","","false","false","","false","false","2023-01-04 16:57:11","https://x.com/downloadvideos_","https://pbs.twimg.com/profile_images/1719964225379205120/R-uJY7if_400x400.jpg","https://pbs.twimg.com/profile_banners/1610560894504939520/1698906421"
"1683767572519608320","董币哥","NextBullReady","🚩 练级中，发点干货也碎碎念

🏋️ 不保涨，不割韭

🍺  牛回相见","3287","33014","451","8863","2171","","","","false","true","","false","false","2023-07-25 17:14:41","https://x.com/NextBullReady","https://pbs.twimg.com/profile_images/1921116632933343232/_hnSwHVq_400x400.jpg","https://pbs.twimg.com/profile_banners/1683767572519608320/1690292601"
"803499004881354752","林无限SamLam🦇🔊","samsir1997","无限可能，无限进步","4943","28892","3551","7621","1111","科技","有事私聊我，学习还是工作交流都可以","","false","false","","false","true","2016-11-29 15:21:05","https://x.com/samsir1997","https://pbs.twimg.com/profile_images/1557084001805840384/uSuILBqr_400x400.jpg","https://pbs.twimg.com/profile_banners/803499004881354752/1652640638"
"588093066","二大爷","tankman2002","前刑警，后反贼。十度喝茶，二次抄家。野生太史令，头铁读书人。“二大爷”系列文章作者。现居美国。油管频道：二爷故事https://t.co/Uz0ZaGNoaH，邮件：freeaoloa@gmail.com","3983","339208","202","306","1703","社交媒体影响者","United States","","false","true","","false","true","2012-05-23 12:47:01","https://x.com/tankman2002","https://pbs.twimg.com/profile_images/1546721046723584000/LlgxAVK1_400x400.jpg","https://pbs.twimg.com/profile_banners/588093066/1657602063"
"1476739136023597060","加密狗","JiamigouCn","#Binance 入口 https://t.co/W2WpqHCidF ｜
#Bitget 入口 https://t.co/fUBE8RaRf3 ｜
资料存放：https://t.co/6gsVGlFVxM","21265","187112","5966","1701","3825","","BD","https://t.me/jiamigou_BD","false","true","","false","true","2021-12-31 10:17:14","https://x.com/JiamigouCn","https://pbs.twimg.com/profile_images/1945067339914805248/EPwCI1Fo_400x400.png","https://pbs.twimg.com/profile_banners/1476739136023597060/1722405290"
"855303666722525184","摆烂程序媛","wanerfu","大厂牛马 🐮 🐴｜日常摆烂 🏖️

分享泛互联网 👩‍💻 ｜ 泛科技资讯 💬 |  AI 🤖  |  web 3💰
 
渴望退休、渴望财务自由 🆓 💸

一站式AI工具:

🔗 https://t.co/ASzfTXDak9","4589","97724","167","11334","3985","科技","宇宙中心","","false","true","","false","true","2017-04-21 14:14:19","https://x.com/wanerfu","https://pbs.twimg.com/profile_images/1695073712612016128/xjiHduPl_400x400.jpg","https://pbs.twimg.com/profile_banners/855303666722525184/1692971868"
"1634094792752906240","Hayo","HayoAI","Because it's there","1658","2101","124","92","755","科技","","http://www.hayo.com","false","false","Business","false","false","2023-03-10 15:32:38","https://x.com/HayoAI","https://pbs.twimg.com/profile_images/1635521917879992320/-MoF3KXd_400x400.jpg","https://pbs.twimg.com/profile_banners/1634094792752906240/1679383823"
"1249341631007883264","徐行Action","MrWang46765351","互联网教育创业者
AI口语练习工具 ：https://t.co/Xw2fkNE3wc
播客学英语练听力：https://t.co/Tm833advwx","81","128","365","466","22","","","","false","false","","false","false","2020-04-12 22:20:39","https://x.com/MrWang46765351","https://pbs.twimg.com/profile_images/1745109639954657280/35LXo7I5_400x400.jpg",""
"1659175419952910337","Naimi Birdie (🌸, 🦜)","Birdie56789","I have a lot of birds! (I'm a bird too)
I am lazy cosplayer 
I love @Azuki 
You can call me Naimi
Vegetarian, Wide range of interests","289","474","1271","436","16","","","","false","false","","false","false","2023-05-18 20:33:47","https://x.com/Birdie56789","https://pbs.twimg.com/profile_images/1684549912170844162/48uInxBR_400x400.jpg","https://pbs.twimg.com/profile_banners/1659175419952910337/1688625637"
"1499047075903725569","0xFrank","fuxiang77","@okx /Bitcoin Ecosystem in @wallet / Meme Killer / Prev Head of Research/Mentor @HBSCryptoClub /Data Scientist/AI/On Chain Data Analyst","1072","1005","3888","1006","31","科技","","","false","true","","false","true","2022-03-02 23:41:23","https://x.com/fuxiang77","https://pbs.twimg.com/profile_images/1659507027843100672/2byrE4rP_400x400.jpg",""
"1627276070922887170","Bitcoin Frogs 比特蛙","BitcoinFrogs","10,000 timeless frog collectibles stored on Bitcoin blockchain. Chat: https://t.co/s6tG2QpYSQ. Market: https://t.co/CLkBgGbbcf","18723","65768","36289","21536","807","","","http://bitcoinfrogs.com","false","true","","false","false","2023-02-19 19:57:21","https://x.com/BitcoinFrogs","https://pbs.twimg.com/profile_images/1635725529604136963/es4S6UqQ_400x400.jpg","https://pbs.twimg.com/profile_banners/1627276070922887170/1711647492"
"1342379013948370944","web3打工仔","web3_home","七年老韭菜，被割无数次，业余打狗业务员，希望被带，很急！！！！商务合作DM：TG @web3_home1","11501","43013","3007","6971","1122","","Central & Western District","","false","true","","false","true","2020-12-25 15:58:00","https://x.com/web3_home","https://pbs.twimg.com/profile_images/1815761173884940288/fvVNsBNl_400x400.jpg","https://pbs.twimg.com/profile_banners/1342379013948370944/1720604617"
"1220021970999185410","财经天下","Caijingtianxia","🌐 财经天下 
📊 汇集海内外财经数据/思想/观点
💡 碰撞出前沿洞察，探寻市场背后的力量","2434","40539","229","7595","1424","","","","false","true","","false","true","2020-01-23 00:34:51","https://x.com/Caijingtianxia","https://pbs.twimg.com/profile_images/1716636872913608704/nTdxx5Bu_400x400.jpg","https://pbs.twimg.com/profile_banners/1220021970999185410/1698033815"
"1676856175240019968","NanonFish","NanonFish","🐟 Upgrade your fish, earn more coins, and get more airdrop rewards!

💎 Backed by Nanon Foundation @NanonNetwork","33","10492","3","47","26","","","","false","false","","false","true","2023-07-06 15:30:55","https://x.com/NanonFish","https://pbs.twimg.com/profile_images/1814127002770890752/ELhQu3nk_400x400.png","https://pbs.twimg.com/profile_banners/1676856175240019968/1721031991"
"1510886940710617091","静香小姐","btc_jx","普通擦边女爱炒币","11214","609974","1144","3916","1017","","畅享web3尽在OKX","http://okx.com/join/18217947","false","true","","false","true","2022-04-04 15:48:27","https://x.com/btc_jx","https://pbs.twimg.com/profile_images/1559441539889127424/5p6T0EKu_400x400.jpg","https://pbs.twimg.com/profile_banners/1510886940710617091/1741674591"
"889074378717093891","Kevin Zhang","Kevin_zhangchao","Interdisplinary world with sustainability is my passion","113","55","415","221","9","","Melbourne, Victoria","","false","false","","false","false","2017-07-23 18:47:04","https://x.com/Kevin_zhangchao","https://pbs.twimg.com/profile_images/1597589282801205250/GU3gwY0Q_400x400.jpg","https://pbs.twimg.com/profile_banners/889074378717093891/1500807565"
"1367360490427453441","路飞 🏴‍☠️ AI 研究员🧐","0xluffy_eth","🌍 分享工具和资料
🔭 专注于 AI、效率工具、Web3 的信息挖掘和评测
⛵️ 海贼·王路飞的狂热粉丝，坚信勇气和冒险精神可以开启人生新篇章 

🧧 10,000元红包雨 + 1000款 AI 工具合集，100% 免费领取 
📱打开抖音领取👉 https://t.co/ksOCiri13u","8197","125635","127","10944","6347","","","","false","true","","false","true","2021-03-04 14:25:27","https://x.com/0xluffy_eth","https://pbs.twimg.com/profile_images/1612405554491850752/G2adJo0p_400x400.jpg","https://pbs.twimg.com/profile_banners/1367360490427453441/1673262832"
"1401887084076429324","Trader米哥 🚀","tradermige","🇬🇧 Trader #btc #eth Since 2016.  Founder High Steaks Capital","24471","129681","645","35014","6779","娱乐和休闲","Switzerland","https://linktr.ee/ricetoshi","false","true","","false","false","2021-06-07 21:01:55","https://x.com/tradermige","https://pbs.twimg.com/profile_images/1982421465522749440/eCYztuWQ_400x400.jpg","https://pbs.twimg.com/profile_banners/1401887084076429324/1761996162"
"1516941936971554817","杀破狼 WolfyXBT","Wolfy_XBT","数据分析｜信息整理｜全职韭菜｜兼职傻逼｜币安返佣：https://t.co/0iHUM5kFgG｜买 Memecoin 推荐使用 GMGN：https://t.co/So9qyNKHTQ","19820","820227","6839","48424","2505","","交易所返佣链接 👉","http://linktr.ee/killthewolf","false","true","","false","true","2022-04-21 08:48:42","https://x.com/Wolfy_XBT","https://pbs.twimg.com/profile_images/1680938637628944384/2FYk0Ft4_400x400.jpg","https://pbs.twimg.com/profile_banners/1516941936971554817/1734990370"
"1312959551185051652","lucki","LuckiWeb3","on chain gamblooor","39938","49956","17407","817526","392","","","","false","false","","false","true","2020-10-05 11:35:36","https://x.com/LuckiWeb3","https://pbs.twimg.com/profile_images/1802483841338085376/LSf2MCk__400x400.jpg","https://pbs.twimg.com/profile_banners/1312959551185051652/1718580612"
"1525627166595043329","vigorxu","vigorX777","AIGC 布道者 🖖 
AI 产品蝗虫 🦗
web3 抄底师 🤡 
自媒体运营菜鸡 🐔 
魂类游戏玩家 🌞 
焦虑失眠患者 🥺

公众号：「懂点儿AI」","1334","8879","919","422","434","","","","false","false","","false","true","2022-05-15 08:00:50","https://x.com/vigorX777","https://pbs.twimg.com/profile_images/1619609106225979394/nGhNOk6A_400x400.jpg","https://pbs.twimg.com/profile_banners/1525627166595043329/1652573110"
"1248305998256672768","0xPutao🟪","0xPutao","学习，探索。https://t.co/8LPQ44N0wy","2736","36427","1324","2205","952","","","","false","true","","false","true","2020-04-10 01:45:24","https://x.com/0xPutao","https://pbs.twimg.com/profile_images/1686822568840630272/8q2dVsHi_400x400.png","https://pbs.twimg.com/profile_banners/1248305998256672768/1681842942"
"1328666264449867777","0xkevin (🖤 , 💙)| MemeMax⚡","0xKevin00","𝐊𝐞𝐯𝐢𝐧 の撸毛日记｜Airdrop thread｜TG: Kevin00btc｜#OKX WEB3钱包减免手续费链接：https://t.co/yFYN0GOW5u 邀请码：0xkvein00","22305","56316","5450","7756","1656","","🟦🟦🟦🟦🟦⬜️⬜️","https://mirror.xyz/0xC6D545FA2a9738933e7Fb40ac7024FbD951bAe0A","false","true","","false","true","2020-11-17 19:48:39","https://x.com/0xKevin00","https://pbs.twimg.com/profile_images/1945775246260285440/JuIfQtym_400x400.png","https://pbs.twimg.com/profile_banners/1328666264449867777/1754754787"
"841797609215873024","flypotato","flypotato132","币安是最垃圾的交易所，远离币安","2755","9977","305","255","649","","","","false","true","","false","true","2017-03-15 07:46:04","https://x.com/flypotato132","https://pbs.twimg.com/profile_images/1519588775990796290/EU5kkUCM_400x400.jpg","https://pbs.twimg.com/profile_banners/841797609215873024/1640095225"
"1396010946699698179","0xzhaozhao | 🌊RIVER | MemeMax⚡️","0xzhaozhao","人生是用来体验的，Web3浪客。｜ Building   MemeCore 、BOB｜ 🏁Crypto入口，#OKX Web3 就够 ！最全交易工具，畅游130+公链，极速交易热门Meme。https://t.co/Qf6ORNceYb｜","23984","69359","3201","51223","4875","","合作DM","https://link3.to/0xzhaozhao","false","true","","false","true","2021-05-22 15:52:13","https://x.com/0xzhaozhao","https://pbs.twimg.com/profile_images/1943563003275939841/nkNdTt9r_400x400.jpg","https://pbs.twimg.com/profile_banners/1396010946699698179/1741675514"
"1622854892716167170","NFT & Crypto Marketing | PR | Brand Promotions","NFTMasterpiece","NFT & Crypto Promotions💯 | Marketplace | Blockchain artist | 📩 DM to Go Viral","953","130373","2","2377550","678","","Los Angeles, CA","","false","false","","false","true","2023-02-07 15:09:05","https://x.com/NFTMasterpiece","https://pbs.twimg.com/profile_images/1753293404199620608/8C049qKa_400x400.jpg","https://pbs.twimg.com/profile_banners/1622854892716167170/1706852696"
"1508654097863700481","币见行情CoinView","CoinView_","币见行情APP-行情数据，分析文章， 热点资讯，欢迎扫描二维码下载APP。
币见联合创始人：@x1aob1za1zh1
官方电报群：https://t.co/hjIvxQ9EaD
APP下载链接：https://t.co/SIEI2qguqb","61","2138","10","1615","29","移动应用程序","","http://m.bjhq.vip/DownloadApp","false","false","","false","true","2022-03-29 11:55:58","https://x.com/CoinView_","https://pbs.twimg.com/profile_images/1633351556165959681/vKB4zu4x_400x400.jpg","https://pbs.twimg.com/profile_banners/1508654097863700481/1681442448"
"1138842105856573445","Out of Context Human Race","NoContextHumans","The ORIGINAL Out of Context Human Race page! Subscribe to us for $1!↗️ No Copyright intended.","46714","4241278","308","96","40509","娱乐和休闲","","","false","true","","false","true","2019-06-13 00:14:51","https://x.com/NoContextHumans","https://pbs.twimg.com/profile_images/1207636309508014081/hfA24vWM_400x400.jpg","https://pbs.twimg.com/profile_banners/1138842105856573445/1576755017"
"1334568477642854411","Football Vibes","FootbalIVibes","Football updates, 24/7 ⚽️","54","368425","0","28","56","娱乐和休闲","","","false","true","","false","true","2020-12-04 02:41:46","https://x.com/FootbalIVibes","https://pbs.twimg.com/profile_images/1988400903636787201/D7-cdo8d_400x400.jpg","https://pbs.twimg.com/profile_banners/1334568477642854411/1762906500"
"719944279452446720","pictures","pictures","📷📸","4374","813285","128","4591","4011","","DM Submissions! ","","false","true","","false","true","2016-04-13 01:44:26","https://x.com/pictures","https://pbs.twimg.com/profile_images/1080993940143329280/dC8fdeSw_400x400.jpg","https://pbs.twimg.com/profile_banners/719944279452446720/1684802119"
"2262723812","ahhhhfs","abskoop","❤️虚假推友🫶🫰😘💕 收集分享各种互联网垃圾｜投稿侵权请私信｜谢谢不接推｜TG频道订阅更新:https://t.co/OmSvNms9yl ｜小号:@ahhhhfs l🔔重复刷无相关评论会被拉黑｜链接打不开用Chrome浏览器，不要用国产浏览器","59010","731295","1203","26146","22883","科技","有空翻翻👉","https://dizhi.abskoop.com/","false","true","","false","true","2013-12-26 19:26:41","https://x.com/abskoop","https://pbs.twimg.com/profile_images/1429676617329119233/C_U_KwBv_400x400.jpg","https://pbs.twimg.com/profile_banners/2262723812/1629809938"
"2446896679","Punk（2898 🙌💎）","punk2898","Vibe Coding Enthusiast ｜定居新加坡 ｜ Web3 入口一个就够 ⬇️","6162","79109","957","12398","1383","","🇸🇬 新加坡","https://web3.okx.com/ul/joindex?ref=PUNK2898","false","true","","false","true","2014-04-16 17:33:51","https://x.com/punk2898","https://pbs.twimg.com/profile_images/1578724430536388613/mmTYRTbf_400x400.png","https://pbs.twimg.com/profile_banners/2446896679/1760095684"
"1934596998","hotsp0t 🍲","cldstart","✱ Building

https://t.co/vK0siYxIq7 - language learning","869","1625","290","2414","218","","Lisbon","","false","true","","false","true","2013-10-04 23:43:54","https://x.com/cldstart","https://pbs.twimg.com/profile_images/1911854996708089856/7t60S5sf_400x400.jpg","https://pbs.twimg.com/profile_banners/1934596998/1527093838"
"1631228444834148352","闪电头条⚡️","shandian_io","🌐 全球首个以 GPT 为信息处理引擎的 Web3 内容聚合平台 

☎️ TG: https://t.co/L8tL33LpQG

🎨 Discord: https://t.co/IAuD85nhzR

 #Crypto #ChatGPT #Web3

✉️ 合作请 DM 私信","25637","17275","141","5292","1030","商业和工业","","http://t.me/shandian_io","false","false","","false","true","2023-03-02 17:43:08","https://x.com/shandian_io","https://pbs.twimg.com/profile_images/1631257927834275848/a2B31y04_400x400.png","https://pbs.twimg.com/profile_banners/1631228444834148352/1677758303"
"3202731","星空","gonbo","Founder of https://t.co/haRj4jd2HS","670","9762","316","37","4","","","https://BixinGroup.com","false","false","","false","false","2007-04-02 18:40:29","https://x.com/gonbo","https://pbs.twimg.com/profile_images/1065223307438448640/_YSbS4m__400x400.jpg",""
"1594879692632649734","GoGobtc","DDNBS4","手上没有钱💰和有钱不用，不是一回事。","1440","286","986","4932","79","","Tokyo-to, Japan","","false","false","","false","true","2022-11-22 10:25:40","https://x.com/DDNBS4","https://pbs.twimg.com/profile_images/1739091439240597504/YRhxisb9_400x400.jpg","https://pbs.twimg.com/profile_banners/1594879692632649734/1734699943"
"1416646471273779207","southweek I 👨‍🚀 🌞","chenmork","已婚Switch | ʕ•̫͡•ོʔ•̫͡•ཻʕ•̫͡•ʔ•͓͡•ʔ | 在杭州电商宇宙中心 | 常居萧山
努力成为有趣の人，且保持一颗诚挚的心🧸
不知名餐饮品牌策划运营人员   不口嗨不自嗨","3643","230","158","10110","412","媒体人物","hello word","","false","false","","false","true","2021-07-18 14:30:26","https://x.com/chenmork","https://pbs.twimg.com/profile_images/1697866766935019520/4JSfIkFj_400x400.jpg","https://pbs.twimg.com/profile_banners/1416646471273779207/1693638014"
"1527105077374111745","庞教主.edge🦭","kiki520_eth","Hyperliquid中文区教皇

新tg（老tg被封了）：https://t.co/z4SYMSDfKP","8501","75596","1532","21182","568","金融服务","香港","","false","true","","false","true","2022-05-19 09:53:24","https://x.com/kiki520_eth","https://pbs.twimg.com/profile_images/1531105275750469632/CFXBRG81_400x400.jpg","https://pbs.twimg.com/profile_banners/1527105077374111745/1653878906"
"1318036166344466432","Pete","nonmayorpete","sf library commish","3529","43201","1240","5852","547","","San Francisco, CA","","false","false","","false","true","2020-10-19 11:48:13","https://x.com/nonmayorpete","https://pbs.twimg.com/profile_images/1850627629529079808/oWX4dw1v_400x400.jpg",""
"12705792","Brian Jhang | AI x Startups × Crypto","BrianJhang","AI | Vibe Coding | 連續創業者 | Crypto","2643","811","232","15726","675","Blockchain","","https://brianjhang.com","false","false","","false","false","2008-01-26 09:47:16","https://x.com/BrianJhang","https://pbs.twimg.com/profile_images/1908088803279163392/cRkLcuge_400x400.jpg","https://pbs.twimg.com/profile_banners/12705792/1741079827"
"3353223123","K线教主","Paris13Jeanne","二级实盘交易员/法国Essec金融硕士/CFA特许金融分析师一级/缠论lover/SM lover/加群需要注册:
近3亿用户共同选择TOP1交易所币安 或
钱包超丝滑，合约滑点小的OKX
（链接如下）","49439","117271","2966","68023","3555","社交媒体影响者","Paris","https://t.me/+pvDUrBUsKNlkOTNk","false","true","","false","true","2015-07-01 23:03:04","https://x.com/Paris13Jeanne","https://pbs.twimg.com/profile_images/1966498856683847680/60Li7Mqk_400x400.jpg","https://pbs.twimg.com/profile_banners/3353223123/1746101446"
"25508067","Star@Day1Global Podcast","starzq","Host @day1globalpod , Top Crypto Podcast 🇨🇳🇺🇸
| Research & Invest in AI, Robotics, Crypto
| @virtuals_io Partner 
| @humafinance Content Academy Mentor","10311","41283","1774","8385","2027","科技","Collab→day1globalxyz@gmail.com","https://linktr.ee/day1global","false","true","","false","true","2009-03-20 22:08:03","https://x.com/starzq","https://pbs.twimg.com/profile_images/1928268381888860164/15uMfp9o_400x400.jpg","https://pbs.twimg.com/profile_banners/25508067/1749090590"
"1370681090256506882","Oxluffy","oxluffy8848","财富是对认知的奖赏。","3184","1971","4186","4944","234","","","","false","true","","false","false","2021-03-13 18:20:22","https://x.com/oxluffy8848","https://pbs.twimg.com/profile_images/1443853381013938178/lbpcvesy_400x400.jpg","https://pbs.twimg.com/profile_banners/1370681090256506882/1763297384"
"1483654308964958210","Wzw.126🟡🐮","WzwCrypto","羡慕不眼红，敢拼真英雄。","2719","101","593","2346","44","","Hong Kong","","false","false","","false","true","2022-01-19 12:15:34","https://x.com/WzwCrypto","https://pbs.twimg.com/profile_images/1976680611030151168/GKbNvLyN_400x400.jpg","https://pbs.twimg.com/profile_banners/1483654308964958210/1721786301"
"1269162349836906498","Joe","6catliu","","3142","481","231","2076","316","","","","false","false","","false","true","2020-06-06 15:01:09","https://x.com/6catliu","https://pbs.twimg.com/profile_images/1967629423961931776/iNMeIUFZ_400x400.jpg",""
"1410758193286950912","Virality Clips","ViralityClips","","1947","462154","0","337","1935","娱乐和休闲","","","false","true","","false","true","2021-07-02 08:32:31","https://x.com/ViralityClips","https://pbs.twimg.com/profile_images/1882589655679279104/xOGGfwSD_400x400.jpg","https://pbs.twimg.com/profile_banners/1410758193286950912/1737679326"
"855300206086168576","NO CONTEXT HUMANS","HumansNoContext","humans being humans","44416","6142380","0","770","42850","","","","false","true","","false","true","2017-04-21 14:00:34","https://x.com/HumansNoContext","https://pbs.twimg.com/profile_images/1833050358479826944/A2qj0e6Z_400x400.jpg","https://pbs.twimg.com/profile_banners/855300206086168576/1748254524"
"86889819","沈仝","jessyshen","SQZ基金管理合伙人，Adera AI 联合创始人 咖啡会聊创投https://t.co/TsrrMpzkg4","14952","130072","900","879","1123","企业家","Newport Beach, CA","","false","false","","false","false","2009-11-02 14:50:57","https://x.com/jessyshen","https://pbs.twimg.com/profile_images/1985875668983562244/evKvQuqf_400x400.jpg","https://pbs.twimg.com/profile_banners/86889819/1740278476"
"1477342523555135490","多伦多方脸","torontobigface","YouTube：https://t.co/JrdyvNc63o 投稿邮箱:Torontosquareface@gmail.com 粉丝群：https://t.co/7fI2Xsn7l9 李币社区群：https://t.co/Uao93nfZ79","17989","749032","233","4271","5926","社交媒体影响者","乌鲁木齐中路，多伦多","https://www.torontosquareface.com","false","true","","false","true","2022-01-02 02:14:50","https://x.com/torontobigface","https://pbs.twimg.com/profile_images/1581508796845019137/iNF3fAIe_400x400.jpg","https://pbs.twimg.com/profile_banners/1477342523555135490/1646202283"
"1294022686583054336","王大有-不语","youyou5202","但行好事，莫问前程。

以欲止欲、以邪入正","9678","50358","2387","1397","920","","","","false","false","","false","true","2020-08-14 05:27:37","https://x.com/youyou5202","https://pbs.twimg.com/profile_images/1931728544574705664/qTvp9aQP_400x400.jpg","https://pbs.twimg.com/profile_banners/1294022686583054336/1716636654"
"1340565036822003715","王团长","thoseflower","hello world","9","500","3716","4","0","","","","false","true","","false","true","2020-12-20 15:49:59","https://x.com/thoseflower","https://pbs.twimg.com/profile_images/1580444740688171008/d6X1ydS6_400x400.jpg","https://pbs.twimg.com/profile_banners/1340565036822003715/1614153371"
"2309692758","稀饭","wang_2014","ALL in #BTC #SOL #NXPC","1283","2185","1109","2314","115","社交媒体影响者","","","false","true","","false","false","2014-01-25 17:03:09","https://x.com/wang_2014","https://pbs.twimg.com/profile_images/1773249087292551168/pMl6Bzzv_400x400.jpg","https://pbs.twimg.com/profile_banners/2309692758/1711610504"
"1457238121679302657","Colin Wu","colinwu","吴说主编  @wublockchain @wublockchain12
TG colinwu1989 欢迎交流、提供新闻线索、寻求报道，招全职 BD 和内容实习生
个人言论与任职机构无关
关注吴说，更可信赖，多语种新闻、深度、音视频等 https://t.co/Ogi9S0FyEs","7649","75150","1076","3693","774","","","","false","true","","false","true","2021-11-07 14:47:29","https://x.com/colinwu","https://pbs.twimg.com/profile_images/1521814314042073088/iHufnQKe_400x400.jpg","https://pbs.twimg.com/profile_banners/1457238121679302657/1732870774"
"1183965906449264640","Cpypto Times","cpyptotimes","","867","63","158","53","27","","","","false","false","","false","true","2019-10-15 12:40:50","https://x.com/cpyptotimes","https://pbs.twimg.com/profile_images/1820682255238639616/cdkEvVCA_400x400.jpg","https://pbs.twimg.com/profile_banners/1183965906449264640/1622375923"
"45327059","flex 🌕 @ stables labs","goXmoonman","| Designing the Monetary Stack for a World Powered by Intelligence and Fusion 
| Glimpsing a Greater Truth Through the Cracks in the Universe’s Underlying Code","8224","5271","3492","5589","595","科技","https://stableslabs.com","https://x.com/StablesLabs","false","false","","false","true","2009-06-07 19:56:13","https://x.com/goXmoonman","https://pbs.twimg.com/profile_images/1859102994434060289/QrIzfi-R_400x400.jpg","https://pbs.twimg.com/profile_banners/45327059/1739174276"
"1514271424256438273","BigPump 泵叔","BigPumpUNCLE","泵叔安全合規OTC，團隊只做收U單向業務，資金均為海外持牌公司，100%乾淨不凍卡，安全第一。全網只有X推和電報唯一User name ID：@BigPumpUNCLE（區分大小寫），電報資訊泵叔至：👉 https://t.co/DEbWxOxqci","209","2773","351","43","70","金融服务","Hong Kong","http://bigpump.xyz","false","true","","false","true","2022-04-13 23:57:07","https://x.com/BigPumpUNCLE","https://pbs.twimg.com/profile_images/1633012320585777152/Wk8_QTkE_400x400.jpg","https://pbs.twimg.com/profile_banners/1514271424256438273/1678175513"
"2572155504","AI银哥","YingeAI","AI、投资/交易，用理性看市场，用人性看世界。","16609","28414","443","8470","1879","社交媒体影响者","","","false","true","","false","true","2014-06-17 12:01:24","https://x.com/YingeAI","https://pbs.twimg.com/profile_images/1833030848985341952/F-0G4_n6_400x400.jpg","https://pbs.twimg.com/profile_banners/2572155504/1760440879"
"1427242328029233155","王百亿","wbybtc","所有推文都构成投资建议，冲就完了，犹豫的人永远无法到达顶峰.","179","27475","81","207","35","","Los Angeles, CA","","false","true","","false","false","2021-08-16 20:14:31","https://x.com/wbybtc","https://pbs.twimg.com/profile_images/1975607447965605892/669DSsLi_400x400.jpg","https://pbs.twimg.com/profile_banners/1427242328029233155/1759856565"
"1501968038991925249","DeFi Cheetah - e/acc","DeFi_Cheetah","Investing @VelocityCap_｜prev @BinanceResearch｜Disclaimer: No Financial Advice","8611","40540","4585","13246","445","","","https://anthony-chan.notion.site/","false","true","","false","true","2022-03-11 01:08:02","https://x.com/DeFi_Cheetah","https://pbs.twimg.com/profile_images/1501968720457252865/MPA-E4SN_400x400.jpg","https://pbs.twimg.com/profile_banners/1501968038991925249/1681141268"
"1255397431023411200","加密九段","i9duan","记录撸毛和打新日常，没有任何投资建议。","1698","998","81","1248","145","","moon","","false","true","","false","true","2020-04-29 15:24:14","https://x.com/i9duan","https://pbs.twimg.com/profile_images/1661657468882280449/kVCBuScx_400x400.jpg","https://pbs.twimg.com/profile_banners/1255397431023411200/1702991765"
"1459120771847319554","PlayerOne","PlayerOneWorld","Explore 'Craft Your Sky Legend', a blockchain adventure whereyou build and define your own saga in the skies. 

🎮 Discord:https://t.co/UbAqnVrDIq","934","71618","204","860","559","","","https://playerone.world/","false","true","","false","true","2021-11-12 19:29:16","https://x.com/PlayerOneWorld","https://pbs.twimg.com/profile_images/1610106080809390083/X6YNyHk8_400x400.jpg","https://pbs.twimg.com/profile_banners/1459120771847319554/1729657535"
"27169884","Bruno F | Magna","Bfaviero","🇺🇸 Founder @magna_digital (YC W22) Token vesting, airdrops, custody ($10B+ TVL). 
Prev: @PalantirTech (via acq), Kensho, 2x AI founder","25614","21170","7054","70817","2331","技术公司","NYC","https://www.magna.so/","false","true","","false","true","2009-03-28 11:30:02","https://x.com/Bfaviero","https://pbs.twimg.com/profile_images/1957897045865385984/gkCUOMvH_400x400.jpg","https://pbs.twimg.com/profile_banners/27169884/1677081512"
"1467734865676312579","xero 🎮","xerocooleth","Helping to onboard people | Crypto Memes, Parody & Satire | Not financial advice","105640","71272","15199","512359","2845","","","","false","true","","false","true","2021-12-06 13:59:19","https://x.com/xerocooleth","https://pbs.twimg.com/profile_images/1888644116969316352/RLFRdI16_400x400.jpg","https://pbs.twimg.com/profile_banners/1467734865676312579/1753938641"
"180115578","Mira Murati","miramurati","Now building @thinkymachines. Previously CTO @OpenAI","326","380209","586","1909","6","","San Francisco, CA","","false","true","","false","false","2010-08-19 05:43:38","https://x.com/miramurati","https://pbs.twimg.com/profile_images/1891915096278073344/-pNYsXgr_400x400.jpg","https://pbs.twimg.com/profile_banners/180115578/1665340075"
"308800426","MATT GRAY","matt_gray_","“The Systems Guy” | Proven systems to grow a profitable audience with content. Founder & CEO @founderos","57108","384146","217","67218","5898","","Join 172K+ subscribers ➜","https://fos.now/x-newsletter-7","false","true","","false","true","2011-06-01 09:09:23","https://x.com/matt_gray_","https://pbs.twimg.com/profile_images/1669158896227737601/2y1eIG_L_400x400.jpg","https://pbs.twimg.com/profile_banners/308800426/1758299316"
"112395753","Lorenzo Green 〰️","mrgreen","Tweets about AI, business & design. Sold 4 companies, building 3. I run Twitter experiments.","4091","89721","684","6413","720","","Amsterdam","http://loz.ai","false","true","","false","true","2010-02-08 18:19:50","https://x.com/mrgreen","https://pbs.twimg.com/profile_images/1962774873052192768/eB4rxGX-_400x400.jpg","https://pbs.twimg.com/profile_banners/112395753/1653322448"
"1213849843614928901","WZ(旺总)","wangwanglaifu","旺旺来富创始人，写过代码，做过产品，懂点税务，会点法律。
https://t.co/JaLdZydXaJ","936","8163","22","58","404","企业家","Singapore","https://wangwanglaifu.com","false","true","","false","false","2020-01-05 23:49:01","https://x.com/wangwanglaifu","https://pbs.twimg.com/profile_images/1616437759241236481/9aAytVT3_400x400.jpg","https://pbs.twimg.com/profile_banners/1213849843614928901/1594001834"
"318366744","东京温哥","wenqiangjp","🇯🇵旅日媒体人、教育博主、前网易新闻(日本)总编辑🗼定居东京第15年 📸 微信：wenqiangjp（注明来意）｜日常分享：#温哥看日本｜#日本现场｜#每天拍一个日本人","17590","115206","1280","52978","1807","教育","Tokyo-to, Japan","https://www.instagram.com/wenqiangjp","false","true","","false","true","2011-06-16 19:23:09","https://x.com/wenqiangjp","https://pbs.twimg.com/profile_images/1826373040273588227/YrBMtIEO_400x400.jpg","https://pbs.twimg.com/profile_banners/318366744/1724084961"
"1551258526584115204","AI Will","FinanceYF5","增长顾问 | AI行业分析师，Learn in Public","40144","177971","1908","5200","22066","媒体和新闻公司","San Francisco Bay area","https://linktr.ee/hanweilang","false","false","","false","true","2022-07-25 01:30:38","https://x.com/FinanceYF5","https://pbs.twimg.com/profile_images/1896818103016935424/ucw3T2uW_400x400.jpg","https://pbs.twimg.com/profile_banners/1551258526584115204/1760393812"
"1505829104737685505","陈剑Jason","jason_chen998","4XLabs | 瞎分析，也作为投资者和顾问与部分项目存在利益相关，请注意我的内容无法保证客观，不要对我有过高的道德要求，不喜欢就求求你把我拉黑｜#Binance 启程Wbe3，就在币安👉 https://t.co/U3aQal7399｜超100%POR资金储备，安全首选OKX 👉 https://t.co/iFUpotVI6b","12692","107678","383","24897","1522","Blockchain","","","false","true","","false","true","2022-03-21 16:50:25","https://x.com/jason_chen998","https://pbs.twimg.com/profile_images/1653068718321336321/grq9EkXA_400x400.jpg","https://pbs.twimg.com/profile_banners/1505829104737685505/1678725665"
"958562247831367680","Bitturing","Bitturing","🗺️大自然的搬运工 

🕸️泛互联网 
🔭科技 
🤖AI 
📖学习 
🪙Crypto #BTC 
💎投资 
🪐Web3 

🌍看都看了，点点关注","5105","100881","199","16690","3539","","","","false","true","","false","true","2018-01-31 12:47:03","https://x.com/Bitturing","https://pbs.twimg.com/profile_images/1640782991457931264/NiQ4O-sX_400x400.jpg","https://pbs.twimg.com/profile_banners/958562247831367680/1677489017"
"1316527318869905408","CryptoSlam!","cryptoslamio","We organize all the information in web3, making it useful to Humans & AI.

Backed by: @mcuban, @reidhoffman, @ysiu, @animocabrands, @okx

Launching: @SLAMai_xyz","4526","38119","1030","10965","1390","","Kansas City (USA)","https://linktr.ee/cryptoslam","false","true","","false","true","2020-10-15 07:54:35","https://x.com/cryptoslamio","https://pbs.twimg.com/profile_images/1788926041982955520/eZiAqsrz_400x400.jpg","https://pbs.twimg.com/profile_banners/1316527318869905408/1740155523"
"857699969263964161","Suhem Parack","suhemparack","Partner Engineering @ 𝕏 Opinions my own. RTs != endorsements etc","2225","5697","1618","580","159","","Palo Alto, CA","https://console.x.com","false","true","","false","true","2017-04-28 04:56:22","https://x.com/suhemparack","https://pbs.twimg.com/profile_images/1842253249082245120/ML_fynoY_400x400.jpg",""
"1391109059537891328","Neo-法恒","0xfaheng","专注投研； Bome单币A7，还清债务A6+，目前在攒A8中；
Wechat：faheng2009
币安钱包邀请码：NJULQ8ZJ
OK钱包邀请码：0XFAHENG
Bitget代理商：https://t.co/HryRJpKgNS
Gate邀请码：VQBGXVFY","8572","13160","3638","5279","788","科技","","http://youtube.com/@0xfaheng","false","true","","false","true","2021-05-09 03:13:49","https://x.com/0xfaheng","https://pbs.twimg.com/profile_images/1391109164714237953/RZkUnbRY_400x400.jpg","https://pbs.twimg.com/profile_banners/1391109059537891328/1681039778"
"1297458558708023296","luyaoyao_BNB BGB","LUYAOYAO_BTC","18年底 $80 卖掉5000个 $ETH 19年被骗100个 $BTC 。#BNB #BGB #BTC #OKB #SOL持有者 不构成投资建议。币安广场：luyaoyao123 #OKX邀请码：luyaoyao123","2657","4145","379","2330","214","金融服务","New York","","false","true","","false","true","2020-08-23 17:00:10","https://x.com/LUYAOYAO_BTC","https://pbs.twimg.com/profile_images/1656157523848617985/S-HJW9Hk_400x400.jpg","https://pbs.twimg.com/profile_banners/1297458558708023296/1676972736"
"1500388301261262852","思博","phd_si","Owner of Azuki #4512 | Koda #232 | Moonbird #8571. PhD in Civil Engineering. Web3 builder and explorer.","261","181","949","188","11","","","","false","false","","false","false","2022-03-06 16:30:38","https://x.com/phd_si","https://pbs.twimg.com/profile_images/1741255102630154240/yfo1RYpm_400x400.jpg","https://pbs.twimg.com/profile_banners/1500388301261262852/1646555682"
"916949113744142336","高老庄 -Web3Pig","Web3Pig","web3实战派：爱搭风口，情绪周期逃顶党 ——用输得起的钱，在共识萌芽期播种，在 FOMO 狂欢时落袋 | Layer2News 联创｜Bitcoin Punks 中文社区核心推动者 比特币生态 OG，信愿所至 #Ordinals / #Runes / #BRC20 协议终有所成 #OP_CAT","8597","13457","3544","5368","1854","","Meme Flood","https://inv.debot.ai/r/194160","false","true","","false","true","2017-10-08 16:51:19","https://x.com/Web3Pig","https://pbs.twimg.com/profile_images/1659322008944140288/DN8nABxu_400x400.jpg","https://pbs.twimg.com/profile_banners/916949113744142336/1613256047"
"40634022","Arki","ArkiWang","🙎‍♂️ 香港保诚保险代理人，团队已服务100+币圈客户。
💼 主业香港保险 | 电子货币与港币、美元之间合规出入金 | 境外资产配置，香港身份，香港开卡，港美股开户 | 自己公司在非洲挖矿 | 养了8只猫 | PKUer
✉️ 微信 arkiwang，加好友请备注来自X","270","322","485","191","19","","深圳&香港","","false","false","","false","false","2009-05-17 17:22:37","https://x.com/ArkiWang","https://pbs.twimg.com/profile_images/685001093827330048/oJHqATOr_400x400.jpg","https://pbs.twimg.com/profile_banners/40634022/1644423233"
"922373834216312833","三刀","sdcrypto123","AI+区块链","2553","15098","181","1956","183","风险投资","","","false","false","","false","true","2017-10-23 16:07:13","https://x.com/sdcrypto123","https://pbs.twimg.com/profile_images/1545950666853531648/9Ki1fwrG_400x400.jpg","https://pbs.twimg.com/profile_banners/922373834216312833/1673919829"
"1521868785237471232","夏语冰","xiaxiaoyubing","认知本身并不赚钱

判断对了，也不赚钱

要配上具体的行动，才能赚到钱

红利出现的时候，要重仓，要all in

#Binance 加入全球最大交易所-币安：👉 https://t.co/vNqx5Rob1D","2026","8841","909","4543","965","","onchain","","false","true","","false","true","2022-05-04 23:06:38","https://x.com/xiaxiaoyubing","https://pbs.twimg.com/profile_images/1633668797264699392/zaJfRKdF_400x400.jpg","https://pbs.twimg.com/profile_banners/1521868785237471232/1755765257"
"1173128142778748928","Vic TALK","victalk_eth","YouTube：Vic TALK｜Crypto Researcher｜Ai","1893","28201","869","4191","308","金融服务","Prenzlauer Berg, Berlin","https://youtube.com/channel/UC0Qj2CZsALJRivClNuDStlA","false","false","","false","true","2019-09-15 14:55:26","https://x.com/victalk_eth","https://pbs.twimg.com/profile_images/1709776980915441664/iss7zKOi_400x400.jpg","https://pbs.twimg.com/profile_banners/1173128142778748928/1572190116"
"1462957339300925443","Christian (Building @0xinfini)","Christianeth","Founder @0xinfini

“All in Crypto to achieve common prosperity”","6054","55698","1425","15660","397","企业家","Hong Kong","","false","true","","false","true","2021-11-23 09:33:11","https://x.com/Christianeth","https://pbs.twimg.com/profile_images/1894561803939844098/ujnP_69d_400x400.jpg","https://pbs.twimg.com/profile_banners/1462957339300925443/1744442350"
"1474822443512786944","HG🐴","HGWeb3","| #MEME | #百倍猎手 | #BTC | #ETH | #Crypto | #1000X💎 |  #BNB | 【MEME永存】","3021","5078","4971","1843","732","汽车","新加坡","https://linktr.ee/hgweb3","false","true","","false","false","2021-12-26 03:21:04","https://x.com/HGWeb3","https://pbs.twimg.com/profile_images/1686608075439112192/jrf6idML_400x400.jpg","https://pbs.twimg.com/profile_banners/1474822443512786944/1728827962"
"1427199382974210048","Huohuo","zerowu97","#BTC 敬畏市场、不玩土狗、不玩合约、不玩杠杆 :)","2348","11672","3338","1727","382","","","","false","false","","false","true","2021-08-16 17:24:00","https://x.com/zerowu97","https://pbs.twimg.com/profile_images/1915920708473131008/50KGUUHs_400x400.jpg","https://pbs.twimg.com/profile_banners/1427199382974210048/1651896476"
"1448073908599627777","0xJames All in Crypto","Jamesweb3dao","Life-long learner | 9 years of investment #stock #BTC #web3 #AI #EAI","13634","10000","5214","21395","1311","金融服务","London, England","https://t.me/ZAOAWANC/1","false","false","","false","true","2021-10-13 07:52:08","https://x.com/Jamesweb3dao","https://pbs.twimg.com/profile_images/1608478525773983746/kLkXr78C_400x400.jpg","https://pbs.twimg.com/profile_banners/1448073908599627777/1646310682"
"2244994945","Developers","XDevelopers","The voice of the X Dev team and your official source for updates, news, and events, related to the X API.","4185","695683","752","2378","825","社区","127.0.0.1","https://docs.x.com/","false","true","Business","false","true","2013-12-14 12:35:55","https://x.com/XDevelopers","https://pbs.twimg.com/profile_images/1683501992314798080/xl1POYLw_400x400.jpg","https://pbs.twimg.com/profile_banners/2244994945/1690213128"
"1453711744451313669","AI索罗斯科特","0xScottBTC","3年硬件开发，2年券商投研，10年加密投资。目前专注AI量化
@GryphsisAcademy 联合创始人
商务联系(tg): scott_cheung","1593","12350","1257","670","354","","Bangkok","https://www.gryphsis.com","false","true","","false","true","2021-10-28 21:14:38","https://x.com/0xScottBTC","https://pbs.twimg.com/profile_images/1914140013060849664/VKG38tuf_400x400.jpg","https://pbs.twimg.com/profile_banners/1453711744451313669/1726973879"
"2478062833","南宫远","nangongyuan","币民日报创始人，混沌数学研究者，多巴胺操控大师。
常用网址 https://t.co/S6qm7ghLVX","3551","15925","281","5942","640","媒体人物","","https://www.ngy123.com","false","false","","false","true","2014-05-05 16:48:16","https://x.com/nangongyuan","https://pbs.twimg.com/profile_images/1534137718149509121/7Hp_V8y3_400x400.jpg",""
"2401091251","寂寞火山","jimohuoshan","🤓三轮牛熊老韭菜， 交易新人","6724","31861","681","8941","895","","迪拜","","false","false","","false","true","2014-03-21 14:35:52","https://x.com/jimohuoshan","https://pbs.twimg.com/profile_images/1333296449870647299/jaIHojTf_400x400.png","https://pbs.twimg.com/profile_banners/2401091251/1743219668"
"2572621910","加元 | Jiayuan","Jiayuan_CN","Building AI | https://t.co/5j6V9c5zc4 (@devv_ai) 创始人 | Ex-TikTok","4356","98161","1051","2547","1275","商业和工业","","","false","true","","false","true","2014-06-17 17:58:47","https://x.com/Jiayuan_CN","https://pbs.twimg.com/profile_images/1967524274161487872/3ha2ag9N_400x400.jpg","https://pbs.twimg.com/profile_banners/2572621910/1738514709"
"1500486837839998976","徐冲浪","cyrilxuq","美股和加密交易员
Youtube（https://t.co/TQSWom3qm9） 小隐寺·住持（https://t.co/HOBzGZibPm） 加密货币·币安（https://t.co/bTKfCX7OUY） 链上meme(https://t.co/SOYXG7dKgD)","9447","118750","2170","4120","774","","东京","https://xiaoyinsi.com","false","true","","false","true","2022-03-06 23:02:00","https://x.com/cyrilxuq","https://pbs.twimg.com/profile_images/1980239992354930688/fJCZ8isl_400x400.jpg","https://pbs.twimg.com/profile_banners/1500486837839998976/1743770815"
"917677387478835200","Joy Lou","Joylou1209","Partner@Cycle Capital#No financial advice. 不作投资建议。","3281","49506","538","126","539","Blockchain","Hong Kong","","false","false","","false","false","2017-10-10 17:05:13","https://x.com/Joylou1209","https://pbs.twimg.com/profile_images/1624041453100867585/a-4qIkoG_400x400.jpg","https://pbs.twimg.com/profile_banners/917677387478835200/1540328821"
"2621412174","Pranksy 🏚","pranksy","I used to collect JPEGs, but then I took an arrow to the knee. I still appreciate shiny things though 💎

IG: Pranksy","15930","446327","1288","25660","4548","企业家","The Ether","https://pranksy.io/","false","true","","false","true","2014-07-12 16:28:46","https://x.com/pranksy","https://pbs.twimg.com/profile_images/1980319219163000832/h5nKyG7e_400x400.jpg","https://pbs.twimg.com/profile_banners/2621412174/1762382368"
"936048782206058496","dingaling","dingalingts","building @boopdotfun｜Previously; ex-@binance CRO, Founder @pancakeswap","4117","253925","2303","12640","826","","","","false","true","","false","true","2017-11-30 09:46:35","https://x.com/dingalingts","https://pbs.twimg.com/profile_images/1671535865145745410/DaM1zme1_400x400.jpg","https://pbs.twimg.com/profile_banners/936048782206058496/1745759206"
"1398934230407606278","老白（每日干货分享✊）","laobaishare","收集和分享好东西：🌍泛互联网 + 💻科技 + 🤖️Al + 📃学习 + 🤑Crypto 

🧰 我常用的AI效率工具Flowith ：https://t.co/c6gH4Yf6EN","9281","190768","425","12570","5966","科技","","","false","true","","false","true","2021-05-30 17:28:41","https://x.com/laobaishare","https://pbs.twimg.com/profile_images/1688863542110507008/RO_U6ecN_400x400.jpg","https://pbs.twimg.com/profile_banners/1398934230407606278/1686798589"
"1559891706392494086","小马哥不会写代码","ponyweb3_eth","#BTC #Web3 / #币圈科学家 / 16年老韭菜 💎
#DeFi、NFT 玩家 🖼 
从不伸手，靠技术赚钱，有头发的程序员😎  
偶尔会激进，但更多的是理想 🗺️
#区块链 和 #AI 正在改变世界🌍","672","5944","214","3669","203","Blockchain","","","false","false","","false","false","2022-08-17 21:15:48","https://x.com/ponyweb3_eth","https://pbs.twimg.com/profile_images/1574653613624131585/HqtztpvQ_400x400.jpg","https://pbs.twimg.com/profile_banners/1559891706392494086/1675839273"
"970141244067274753","LF","ZHAOJI9342772","One piece","77","1244","900","82","3","社区","People's Republic of China","","false","false","","false","false","2018-03-04 11:37:51","https://x.com/ZHAOJI9342772","https://pbs.twimg.com/profile_images/1511252313671081988/_BWBN5cN_400x400.jpg","https://pbs.twimg.com/profile_banners/970141244067274753/1649145605"
"1455056599286964226","阿科","cryptosixman","怕什么学海无涯，进一寸有进一寸的欢喜","4658","31249","701","228","636","","","http://www.google.com","false","true","","false","true","2021-11-01 14:18:33","https://x.com/cryptosixman","https://pbs.twimg.com/profile_images/1462593895758692352/ae2hcaJa_400x400.jpg","https://pbs.twimg.com/profile_banners/1455056599286964226/1642341758"
"258156475","Yishi","ohyishi","intern at onekey 👉 https://t.co/VuDtV3zk82","5961","84853","3842","14157","467","","earth, moon and mars.","https://yishi.io","false","true","","false","true","2011-02-27 10:46:56","https://x.com/ohyishi","https://pbs.twimg.com/profile_images/1927515593592213504/Olm9TKXc_400x400.jpg",""
"1387708368056328194","千寻 🌸","Crypto_QianXun","👧 Crypto Girl  / 放下成见，拥抱变化

💻 币圈工具分享 /  项目研究 / 赛道分析

⬇️ Youtube 频道，每周更新，欢迎订阅～

永远保持空杯心态，终身学习

✉️ 合作请 DM 私信","4715","68191","623","18861","2310","","","https://www.youtube.com/@Crypto_QianXun","false","true","","false","true","2021-04-29 18:00:43","https://x.com/Crypto_QianXun","https://pbs.twimg.com/profile_images/1623552966837039112/-lRznnfc_400x400.jpg","https://pbs.twimg.com/profile_banners/1387708368056328194/1675867834"
"1564866203914743808","A9樱木","0xSilver_Time","认知本身并不创造财富，具体的行动才会创造财富。 撸毛 | 二级 | 投研 | 吹牛 都是一家之言，如有意见，你说得都对","4067","67661","974","14796","1386","Blockchain","Satoshi Nakamoto","","false","true","","false","true","2022-08-31 14:42:51","https://x.com/0xSilver_Time","https://pbs.twimg.com/profile_images/1925735712080408576/1lJgoiai_400x400.jpg","https://pbs.twimg.com/profile_banners/1564866203914743808/1747966203"
"935785877841645568","日經中文網","rijingzhongwen","編制日經指數的《日本經濟新聞》的中文版。","40302","628073","32","9","15507","","日本 東京","http://cn.nikkei.com","false","true","","false","false","2017-11-29 16:21:54","https://x.com/rijingzhongwen","https://pbs.twimg.com/profile_images/936152865067827200/IZwOyNDN_400x400.jpg","https://pbs.twimg.com/profile_banners/935785877841645568/1677659130"
"1059638356609396736","外汇交易员","myfxtrader","盯紧市场，把握时机。理性客观，利益永恒。","42358","370158","481","7367","12817","金融服务","Hong Kong","","false","true","","false","true","2018-11-06 10:47:26","https://x.com/myfxtrader","https://pbs.twimg.com/profile_images/1230373331724947458/8LlXOtfV_400x400.jpg","https://pbs.twimg.com/profile_banners/1059638356609396736/1582338929"
"1004020535641059328","冰蛙","Ice_Frog666666","|🪂Airdrop Analyst |🏁GT&F4业余赛车手|🐸联系：https://t.co/oN9Mrg75Wy 
|💬蛙群：https://t.co/hOnwqc0O4P","11199","102591","2346","10786","381","金融服务","","","false","true","","false","true","2018-06-05 23:22:04","https://x.com/Ice_Frog666666","https://pbs.twimg.com/profile_images/1546704581815463937/fn14Lcd-_400x400.jpg","https://pbs.twimg.com/profile_banners/1004020535641059328/1743782214"
"1345438874521071617","Nathan","26x14eth","","7867","31118","2805","2913","445","","","","false","true","","false","true","2021-01-03 02:36:59","https://x.com/26x14eth","https://pbs.twimg.com/profile_images/1966848914428141568/tjLujKGw_400x400.jpg","https://pbs.twimg.com/profile_banners/1345438874521071617/1733188117"
"16076416","南瓜🎃💙💛","wingoffire","说点怪话，负能量博主","17166","19090","915","958","1341","科技","Phuket","","false","true","","false","true","2008-09-01 11:42:06","https://x.com/wingoffire","https://pbs.twimg.com/profile_images/1766216158716264448/Ql_BnDh__400x400.jpg",""
"1240158860754575360","Lsp","lsp8940","破而后立","3134","71133","1541","2714","576","","新加坡","","false","true","","false","true","2020-03-18 14:11:46","https://x.com/lsp8940","https://pbs.twimg.com/profile_images/1435500502180003844/SyStGjmb_400x400.jpg","https://pbs.twimg.com/profile_banners/1240158860754575360/1737413974"
"1315492227175477250","詹姆斯叉 | JamesX","0xJamesXXX","Web3 Advisor & Investor |  Onchain Nomad","7125","44120","3589","30624","1024","科技","Web3","https://link3.to/jamesx","false","true","","false","true","2020-10-12 11:19:31","https://x.com/0xJamesXXX","https://pbs.twimg.com/profile_images/1881690302714609664/pjwDST-m_400x400.jpg","https://pbs.twimg.com/profile_banners/1315492227175477250/1684048878"
"17874544","Support","Support","Official @X support account. Find answers to common questions and get help on our Help Center: https://t.co/EO1OOUj5T5","84607","6956254","2","489","273","","","https://help.x.com","false","true","Business","true","true","2008-12-05 02:51:57","https://x.com/Support","https://pbs.twimg.com/profile_images/1683508200069296129/KM80Wkfx_400x400.jpg","https://pbs.twimg.com/profile_banners/17874544/1690214608"
"1501502506538438657","UNICORN⚡️🦄","UnicornBitcoin","#XClub $BTC $ETH $OKB $BNB $SOL $UNI $ASTER ⚡️ #OKX WEB3入口一个就够https://t.co/pZCFItmdrD #Binance 近3亿用户的共同选择https://t.co/KoDvNU04iq","17630","132033","3148","36378","3389","Blockchain","UnicornBitcoin","http://Bitcoin.com","false","true","","false","false","2022-03-09 18:18:02","https://x.com/UnicornBitcoin","https://pbs.twimg.com/profile_images/1963503485170978817/NpvyjRQ1_400x400.jpg","https://pbs.twimg.com/profile_banners/1501502506538438657/1744342761"
"1465779736840265729","wu fan","wufantouzi","微博、微信公众号： 午饭投资","4522","112950","35","3403","731","金融服务","Hong Kong","https://m.time.store/#/packageAccount/phone/index?code=3906890","false","false","","false","true","2021-12-01 04:28:26","https://x.com/wufantouzi","https://pbs.twimg.com/profile_images/1478300336519475201/CQ8zZCb7_400x400.jpg",""
"1401718840535379970","梭教授说","hellosuoha","All in || @lspdao || || virtual|| ||GMGN|| ||https://t.co/KQTDv6PBuS|| TG：@hellosuoha  ||
做一个有耐心的人，做个有耐心的，做个人。","33478","172819","455","2432","3571","金融服务","Macau","","false","true","","false","true","2021-06-07 09:53:15","https://x.com/hellosuoha","https://pbs.twimg.com/profile_images/1937899711350104064/3oRnBU5t_400x400.jpg","https://pbs.twimg.com/profile_banners/1401718840535379970/1748652366"
"971201087767068672","CM","cmdefi","陈默 DeFi OG.
Core LUNAtics. 
// DeFi Research and Practice.","7689","53999","3565","8790","664","科技","","https://www.cmdefi.io","false","true","","false","true","2018-03-07 09:49:18","https://x.com/cmdefi","https://pbs.twimg.com/profile_images/1580556182292684801/ix3h_YCE_400x400.jpg","https://pbs.twimg.com/profile_banners/971201087767068672/1666076416"
"4882369060","招财锚 LuckyCot","Cotislucky","/Something’s Cooking/༺仮想通༒貨天使༻會夢到招き錨嗎 @Niqislucky","1582","6050","27","1291","575","社区","Bitcoin & Ethereum","http://niq.super.site","false","false","","false","true","2016-02-07 01:17:21","https://x.com/Cotislucky","https://pbs.twimg.com/profile_images/1728290459108478976/d0LsxfQm_400x400.jpg","https://pbs.twimg.com/profile_banners/4882369060/1696268628"
"962205335288135680","Lao Bai","Wuhuoqiu","Advisor @ambergroup_io https://t.co/gwnjbS70D8｜ex Investment - OKX_Ventures ｜ex Investment & Research Partner @ABCDELabs","2778","72365","615","723","132","","","","false","true","","false","true","2018-02-10 14:03:23","https://x.com/Wuhuoqiu","https://pbs.twimg.com/profile_images/1957952798513037312/BgHsgnHn_400x400.jpg","https://pbs.twimg.com/profile_banners/962205335288135680/1761877875"
"13298072","Tesla","Tesla","Electric vehicles, giant batteries & solar, AI & robotics","9969","24575284","78","7341","1926","","","https://www.tesla.com","false","true","Business","false","true","2008-02-10 09:12:32","https://x.com/Tesla","https://pbs.twimg.com/profile_images/1337607516008501250/6Ggc4S5n_400x400.png","https://pbs.twimg.com/profile_banners/13298072/1762567360"
"42352056","郭宇 guoyu.eth","turingou","Retired. 只活一次等于没活。","7497","153436","511","4165","2545","社交媒体影响者","東京 港区","https://guoyu.mirror.xyz/","false","true","","false","true","2009-05-25 12:50:07","https://x.com/turingou","https://pbs.twimg.com/profile_images/1870511184761483265/QO7R0Ow3_400x400.jpg","https://pbs.twimg.com/profile_banners/42352056/1651418512"
"705877083839401988","PandaDAO.sui","0x_hellopanda","Life is a fxxking movie","484","18709","1498","670","194","","","","false","true","","false","true","2016-03-05 06:06:26","https://x.com/0x_hellopanda","https://pbs.twimg.com/profile_images/1944805582629953538/OTrJih01_400x400.jpg","https://pbs.twimg.com/profile_banners/705877083839401988/1666598684"
"1195728139898376193","0xWizard","0xcryptowizard","||🐿️🥜 $pnut
|| 🌞🌕https://t.co/nnmTLYbIfK
|| AI meme infra agent
|| Defi & Meme Degen 
|| NFA 非投资建议
⚠️没有任何tg群，不要被钓鱼链接诈骗⚠️","22519","226744","6332","19931","1406","社交媒体影响者","Metaverse","","false","true","","false","true","2019-11-16 23:39:49","https://x.com/0xcryptowizard","https://pbs.twimg.com/profile_images/1865248625678520325/K8QQsqDl_400x400.jpg","https://pbs.twimg.com/profile_banners/1195728139898376193/1748246152"
"1320137963112574976","Du Jun","DujunX","AI first. Founder of Vernal. 🤖Co-founder of Huobi & ChainUP.","2011","238752","1447","3935","433","风险投资","San Francisco, CA","","false","true","","false","true","2020-10-25 07:00:03","https://x.com/DujunX","https://pbs.twimg.com/profile_images/1614999478867742720/edV5b25F_400x400.jpg","https://pbs.twimg.com/profile_banners/1320137963112574976/1749571931"
"930159781729333249","rick awsb ($people, $people)","rickawsb","瞎读书，乱解释，买啥亏啥，宏观小学生，政经评论外卖员，正在ai中慢慢迷失自我，crypto holder, defi farmer, not financial advice 非投资建议","19257","134301","12070","7754","2075","","no where","","false","true","","false","true","2017-11-14 03:45:48","https://x.com/rickawsb","https://pbs.twimg.com/profile_images/1577139853585973248/VFH3Pxe3_400x400.png","https://pbs.twimg.com/profile_banners/930159781729333249/1635014346"
"763250971141025792","陳威廉","William11Chan","一个伪装成加密博主的段子手。
聊投资，聊加密，聊心态，聊比特币。
这里的所有内容均不作为投资建议。 BTC HODL","5459","185237","352","557","1954","","Hongkong","","false","true","","false","true","2016-08-10 13:49:46","https://x.com/William11Chan","https://pbs.twimg.com/profile_images/1905263911060078592/0QafMmkn_400x400.jpg","https://pbs.twimg.com/profile_banners/763250971141025792/1629348547"
"766292409110130688","蓝衣侯-搏杀meme已亏麻🧠SENT","lanyihou","近3亿用户的共同选择，出入金安全，启程Web3，就在
币安： https://t.co/gc4ycx20BW","9741","106856","3176","412","2010","","","","false","true","","false","true","2016-08-18 23:15:22","https://x.com/lanyihou","https://pbs.twimg.com/profile_images/1989695200223252481/t0ZIjLKa_400x400.jpg","https://pbs.twimg.com/profile_banners/766292409110130688/1670952547"
"1224360235709550594","0xLeon @ Hubble.xyz","Leoninweb3","Building @MeetHubble ｜ENFP ｜AI x Crypto","17659","89784","9781","18015","1893","科技","Hong Kong","https://hubble.xyz","false","true","","false","true","2020-02-03 23:53:29","https://x.com/Leoninweb3","https://pbs.twimg.com/profile_images/1937804470676869120/OAdMIzMa_400x400.jpg","https://pbs.twimg.com/profile_banners/1224360235709550594/1758777832"
"843686211264823298","DiscusFish","bitfish1","Co-founder of F2Pool & Cobo. Bitcoin enthusiast exploring DeFi & AI.A risk manager, not a prophet.","1415","205260","600","156","218","","","","false","true","","false","true","2017-03-20 12:50:42","https://x.com/bitfish1","https://pbs.twimg.com/profile_images/998657366743629825/YVEECfjo_400x400.jpg","https://pbs.twimg.com/profile_banners/843686211264823298/1727156224"
"1058197676213231618","Cindy胖迪🔶BNB","CindyCreation","#Bitcoin｜币圈7年从业者 | $ETH Maxi｜Youtuber https://t.co/MoUY8tCtRz｜#Alpha #二级交易｜Cooking @AlphaMoonDao｜商务：https://t.co/DgnY4WuvJM ｜♋️巨蟹INTP","27803","89342","3571","35673","2440","社交媒体影响者","Ur Heart","https://www.youtube.com/channel/UCLjFF108rbeV-Rt901-ZFlA","false","true","","false","true","2018-11-02 11:22:41","https://x.com/CindyCreation","https://pbs.twimg.com/profile_images/1901827743337357312/sa_7JZnM_400x400.jpg","https://pbs.twimg.com/profile_banners/1058197676213231618/1730870594"
"902926941413453824","CZ 🔶 BNB","cz_binance","@BNBchain
@YZiLabs
@GiggleAcademy
@binance","7386","10494518","1236","17544","924","科技","","http://www.binance.com","false","true","","false","false","2017-08-31 00:12:13","https://x.com/cz_binance","https://pbs.twimg.com/profile_images/1961440580279336960/PiiIs8Lh_400x400.jpg","https://pbs.twimg.com/profile_banners/902926941413453824/1597864552"
"1428246848301502464","吴说区块链","wublockchain12","吴说中文推特：接近真相，更可信赖
专业可信的行业新闻，优质深度内容推荐
吴说所有内容渠道、播客、APP 等：https://t.co/rVoqryXVjk
联系我们 TG: colinwu1989","68449","167774","2","11","3456","","","https://www.wublock123.com/","false","true","Business","false","false","2021-08-19 14:46:06","https://x.com/wublockchain12","https://pbs.twimg.com/profile_images/1763571513553543168/swT8lq9S_400x400.jpg","https://pbs.twimg.com/profile_banners/1428246848301502464/1727454928"
"779201879913803776","0xTodd","0x_Todd","Long BTC, Love the World |

热衷研究 |

在 @researchnothing 琢磨策略 |
在 @ebunker_eth 打包区块 |

#Binance 远古交易用户 https://t.co/42whA3ioyb |
#OKX 资深钱包用户 https://t.co/8Aes1jx1Xn |

NFA","9526","69115","2896","4314","1394","投资公司","Singapore","","false","true","","false","true","2016-09-23 14:12:59","https://x.com/0x_Todd","https://pbs.twimg.com/profile_images/1863860454348791808/77qlWd0q_400x400.jpg","https://pbs.twimg.com/profile_banners/779201879913803776/1648483272"
"1277231643862814721","小隐新十年（Feng Wang）","wangfeng_0128","Crypto Citizen ｜Founder&CEO/蓝港互动集团（8267 HK)；NFT @element_market ；Media @Marsbit2022 ；Asset @Lkventure ；Web3 gameportal @gamefinaga ｜Ex-SVP /Kingsoft Group","5441","91081","6646","12417","552","电子游戏公司","Hong Kong","","false","true","","false","true","2020-06-28 21:25:39","https://x.com/wangfeng_0128","https://pbs.twimg.com/profile_images/1715076448107802624/2b4iIAR__400x400.jpg","https://pbs.twimg.com/profile_banners/1277231643862814721/1677557254"
"825183199198212096","BITWU.ETH 🔆","Bitwux","4XLabs | Coinseek @imcoinseek｜https://t.co/5pqnsZeVmK | #Binance 近3亿选择：https://t.co/SRRIENCA22｜ #OKX https://t.co/qQLPDPmfho","30990","350789","2162","9489","11010","社交媒体影响者","Los Angeles, CA","http://mirror.xyz/bitwu.eth","false","true","","false","true","2017-01-28 11:26:20","https://x.com/Bitwux","https://pbs.twimg.com/profile_images/1928373079161581568/-POhPs1V_400x400.jpg","https://pbs.twimg.com/profile_banners/825183199198212096/1747640548"
"1110877798820777986","SBF","SBF_FTX","SBF's words. Shared by a friend.

✉️ (monitored): Samuel Bankman-Fried 37244-510, FCI Terminal Island, PO Box 3007, San Pedro, CA 90733","20784","998116","2829","27008","1199","","","","false","true","","false","true","2019-03-27 20:14:41","https://x.com/SBF_FTX","https://pbs.twimg.com/profile_images/1493575109424160772/AKRRTAI-_400x400.jpg","https://pbs.twimg.com/profile_banners/1110877798820777986/1648240595"
"483748673","Mindao","mindaoyang","Perpetual Optimism | #investing, social movement, my opinion is mine (乱弹琴）","5387","60196","1202","5230","208","","","","false","true","","false","true","2012-02-05 18:42:18","https://x.com/mindaoyang","https://pbs.twimg.com/profile_images/1278370707844378624/yzPshiLo_400x400.jpg",""
"1491840045723967505","LaserCat","LaserCatNFT","猫窝; 创始人: @BitCloutCat 总量520，已售罄，NFT可质押获得更多权益。持有LaserCat NFT需要进微信群的加管理微信【RICK56777】 备注NFT编号","1435","83855","12","175","647","","https://linktr.ee/lasercatnft","https://hub.xyz/lasercat-nft","false","true","","false","true","2022-02-11 02:23:40","https://x.com/LaserCatNFT","https://pbs.twimg.com/profile_images/1491840488885735424/PRRwBt2I_400x400.jpg","https://pbs.twimg.com/profile_banners/1491840045723967505/1644520752"
"7205472","Zhixiong Pan","nake13","A real cyborg vibe coder | Study @ChainFeedsxyz | ex Research @ChainNewscom, @MyToken, @IBM | Holding and accumulating BTC since 2011.","5860","40329","2973","12145","312","信息技术公司","Singapore","","false","true","","false","true","2007-07-02 21:48:38","https://x.com/nake13","https://pbs.twimg.com/profile_images/1453941987833368578/KT-m8rBf_400x400.jpg","https://pbs.twimg.com/profile_banners/7205472/1635481643"
"1513802190791806980","NFT Blue | MEXC NFT Index 🔮","nftbluemexc","🐳 NFT Blue is a comprehensive liquidity product that allows users to “cost effectively” participate in Blue-chip #NFT and enjoy the ""future value"" of them.","159","20701","99","36","23","","Owned by @MEXC_Global | 👉","https://www.mexc.com/","false","false","","false","true","2022-04-12 16:54:57","https://x.com/nftbluemexc","https://pbs.twimg.com/profile_images/1544203552867827713/Mi2T_imB_400x400.jpg","https://pbs.twimg.com/profile_banners/1513802190791806980/1657002536"
"5711522","Feng Liu","fishkiller","I built @ChainNewscom & shut it down. Now helping/supporting fearless crypto builders via https://t.co/6vlWPdowYj | 🐈ailurophile🐈‍⬛","5781","33516","2405","10329","196","","","","false","true","","false","true","2007-05-02 20:09:53","https://x.com/fishkiller","https://pbs.twimg.com/profile_images/1444439584926957570/ZKh-sNtC_400x400.jpg","https://pbs.twimg.com/profile_banners/5711522/1674531115"
"1416680666184306689","PANews","PANews","A leading crypto news outlet in Asia since 2018， 提供有价值的 #Crypto #Blockchain 资讯和研报。

Cofounders @web3stellakung @tongtongbee , CEO @SunnyNgPA
Intern @PANewsLab","60912","88466","1124","2786","13465","媒体和新闻公司","","https://linktr.ee/PANewsLab","false","true","Business","false","true","2021-07-18 16:46:20","https://x.com/PANews","https://pbs.twimg.com/profile_images/1608641504142315521/6ztLV4Q6_400x400.jpg","https://pbs.twimg.com/profile_banners/1416680666184306689/1712020994"
"1444910994052972553","湾区aWSB茶馆🐡","awsbclub_cn","24/7 Clubhouse一起撸币论战 聊 #BTC 趋势 论 #ETH 生态 分叉 #ETHW 讲 #Defi 密码 说 #NFT 图片 谈 #BAYC #猴基金 🦧follow @aWSBclub TG: https://t.co/ZiQHKG1khl CH: https://t.co/dWO7PXktA6","3168","49942","595","1222","178","","Around the globe","https://discord.gg/RcuVydXb2M","false","true","","false","true","2021-10-04 14:23:41","https://x.com/awsbclub_cn","https://pbs.twimg.com/profile_images/1473248376707698689/7eqPTt0a_400x400.jpg","https://pbs.twimg.com/profile_banners/1444910994052972553/1633329025"
"1377637009871798277","benmo.eth","Super4DeFi","香港流动性社区，专注于defi、套利及其他的earn，主要进社区的方式是老带新，您可以和你身边本末群友充分了解后，再考虑让他介绍您进社区。 其他合作找里里老师@Riconomi","4544","92241","1762","901","396","科技","The Earth, Moon & Mars","","false","true","","false","true","2021-04-01 23:00:44","https://x.com/Super4DeFi","https://pbs.twimg.com/profile_images/1771547450467340288/_heCcJFw_400x400.jpg","https://pbs.twimg.com/profile_banners/1377637009871798277/1623342238"
"1442977115607998481","凉粉小刀 🥊","liangfenxiaodao","在币圈捡矿泉水瓶子的人。 三思而后割肉 ｜ 安心交易，注册币安 https://t.co/D2cNYBKlTY","4654","60781","1816","1731","453","金融服务","Metaverse","","false","true","","false","true","2021-09-29 06:18:55","https://x.com/liangfenxiaodao","https://pbs.twimg.com/profile_images/1938819241484132354/qJfcIQPN_400x400.jpg","https://pbs.twimg.com/profile_banners/1442977115607998481/1645525367"
"928101537506738176","niq","niqislucky","纸上得来终觉浅，绝知此事要躬行。
OneKey App Maxi","10355","25075","2267","15145","1280","","@cotislucky","http://niq.super.site","false","true","","false","true","2017-11-08 11:27:04","https://x.com/niqislucky","https://pbs.twimg.com/profile_images/1971934389388169222/uwSv_eme_400x400.jpg","https://pbs.twimg.com/profile_banners/928101537506738176/1738681980"
"2207129125","Cointelegraph","Cointelegraph","Trusted crypto media since 2013 · News, research, podcasts & more · Explore: https://t.co/6IsiPge7RR","169705","2886460","1350","16184","37774","媒体和新闻公司","New York, New York","https://cointelegraph.com/","false","true","Business","false","false","2013-11-21 20:57:08","https://x.com/Cointelegraph","https://pbs.twimg.com/profile_images/1755983593925378048/kYutau0B_400x400.jpg","https://pbs.twimg.com/profile_banners/2207129125/1724836333"
"904902534434656256","DeFi小矿工🔶 BNB","DeFi8362","人菜话多，无投资建议。#BNB #BTC

近3亿用户的共同选择，出入金安全，启程Web3，就在币安：https://t.co/qriplTW46S
新人首选，安全简单。一站式链上链下交易平台OKX：https://t.co/KU3eGp3VZb","21669","70704","1182","6216","6313","","defi","","false","true","","false","true","2017-09-05 11:02:31","https://x.com/DeFi8362","https://pbs.twimg.com/profile_images/1452901484367003648/dVQ4Qc2W_400x400.jpg","https://pbs.twimg.com/profile_banners/904902534434656256/1657795254"
"1372876871990272000","丰密","KuiGas","10几前是个民工，现在是个屌丝，KuiGas路上，入不敷出，我明白这就是生活 🌱 
一站式链上链下交易:https://t.co/ndLjOShioB 
使用交易:https://t.co/dxoLXgumeM 

@33daoweb3  @kuiclub","7048","103998","946","10299","772","","","","false","true","","false","true","2021-03-19 19:45:50","https://x.com/KuiGas","https://pbs.twimg.com/profile_images/1951510357769592890/oim_Z9Fl_400x400.jpg","https://pbs.twimg.com/profile_banners/1372876871990272000/1747386224"
"295218901","vitalik.eth","VitalikButerin","I choose balance. First-level balance.

mi pinxe lo crino tcati

https://t.co/gCQrmCb0ih","21301","5858430","528","10770","928","企业家","Earth","","false","true","","false","false","2011-05-09 00:03:03","https://x.com/VitalikButerin","https://pbs.twimg.com/profile_images/1895872023944937472/Uoyc5-p8_400x400.jpg","https://pbs.twimg.com/profile_banners/295218901/1740846090"
"1268846851253366784","匿名博士","Chris_Defi","Web3｜玄学🔮｜占卜🎲｜周易☯️｜ 加密占卜｜玄学金融｜金融占星｜ 宗教哲学｜TG玄学群：@0xChris_defi OKX交易所：🔗 https://t.co/GVmnimj0zv ValueScan：https://t.co/j04US2fT2a","2704","110868","4247","1308","697","占卜师","☯️🟨🟩🟦🟥🟫☯️","https://t.me/Chris_6699","false","true","","false","true","2020-06-05 18:07:34","https://x.com/Chris_Defi","https://pbs.twimg.com/profile_images/1559594596111228928/PIS0hee7_400x400.jpg","https://pbs.twimg.com/profile_banners/1268846851253366784/1651311257"
"3148596870","Rui","YeruiZhang","Chief eating officer at HashKey Capital, Travel, Foodie, Crypto #Binance GMGN：https://t.co/yKaFrDMkoi Kaito：https://t.co/0RR42Z1YJD","4260","59344","337","261","51","","Shanghai, Tokyo, HongKong","","false","true","","false","true","2015-04-11 06:33:53","https://x.com/YeruiZhang","https://pbs.twimg.com/profile_images/1444200872389451779/nix4bmZt_400x400.jpg","https://pbs.twimg.com/profile_banners/3148596870/1619508397"
"130649891","Live","Live","","8327","8434371","31","1747","364","","","https://x.com/Live/highlights","false","true","Business","false","false","2010-04-08 06:41:40","https://x.com/Live","https://pbs.twimg.com/profile_images/1976291103457308673/gUP7nHsd_400x400.jpg","https://pbs.twimg.com/profile_banners/130649891/1762442266"
"783214","X","X","what's happening?!","15655","66105590","1","5990","2473","技术公司","everywhere","https://x.com","false","true","Business","false","false","2007-02-20 22:35:54","https://x.com/X","https://pbs.twimg.com/profile_images/1955359038532653056/OSHY3ewP_400x400.jpg","https://pbs.twimg.com/profile_banners/783214/1690175171"
"1456122941192605705","0xAA","0xAA_Science","Neuroscience PhD, x402 lover @WTFAcademy_ @ourRescuETH @The_PeopleDAO ｜启程Web3，就在币安: https://t.co/k5E2804y9X ｜新人首选，安全简单。一站式链上链下交易平台OKX https://t.co/Kwxe2KTZlu","15750","167835","1466","25555","3609","科技","Dark Forest","https://wtf.academy","false","true","","false","true","2021-11-04 12:55:50","https://x.com/0xAA_Science","https://pbs.twimg.com/profile_images/1909791942961250308/nPZLMciH_400x400.jpg","https://pbs.twimg.com/profile_banners/1456122941192605705/1743759569"
"978566222282444800","MEXC","MEXC_Official","Your Easiest Way to Crypto @MEXC_Listings | #MEXC0Fee | Support: @MEXC_CST | Follows/RTs/QTs ≠ endorsements","38929","1666181","107","7473","25231","","0 Trading Fees? Click this:","https://www.mexc.com/zero-fee","false","false","Business","false","true","2018-03-27 17:35:43","https://x.com/MEXC_Official","https://pbs.twimg.com/profile_images/1919664587772944384/yLx45XhG_400x400.jpg","https://pbs.twimg.com/profile_banners/978566222282444800/1746518679"
"1003840309166366721","Yi He","heyibinance","Co-Founder & Chief Customer Service Officer @Binance  
Holder of #BNB","4409","531409","1148","2222","312","企业家","Mars","http://binance.com","false","true","","false","true","2018-06-05 11:25:54","https://x.com/heyibinance","https://pbs.twimg.com/profile_images/1974520590410170369/q2Q0S0fa_400x400.jpg","https://pbs.twimg.com/profile_banners/1003840309166366721/1607445425"
"2260491445","CoinMarketCap","CoinMarketCap","#CMC is the world’s most trusted source for crypto data & insights. Have a question about crypto? Ask https://t.co/54uUtCrWHY","39572","6919973","514","16934","10537","","Decentralized","http://coinmarketcap.com/mobile","false","true","Business","false","true","2013-12-25 00:50:12","https://x.com/CoinMarketCap","https://pbs.twimg.com/profile_images/1984546816151490561/1psXb3km_400x400.jpg","https://pbs.twimg.com/profile_banners/2260491445/1706617415"
"44196397","Elon Musk","elonmusk","","89408","229226021","1227","183509","4236","","","","false","true","","false","false","2009-06-03 04:12:29","https://x.com/elonmusk","https://pbs.twimg.com/profile_images/1983681414370619392/oTT3nm5Z_400x400.jpg","https://pbs.twimg.com/profile_banners/44196397/1739948056"
"1405826789927182337","币圈老司机🔶BNB","Bqlsj2023","16年至今年资深币圈玩家，热衷于追寻热点 个人TG：@BQLSJ2023
OK: https://t.co/ycjeIYG59w
BN：https://t.co/GemZu6SVtO","22581","133911","1732","2098","5694","金融服务","日本","https://t.me/+atwGN9muCcIyNzc1","false","true","","false","true","2021-06-18 17:56:45","https://x.com/Bqlsj2023","https://pbs.twimg.com/profile_images/1896595804724359171/nvH8dGaA_400x400.jpg","https://pbs.twimg.com/profile_banners/1405826789927182337/1628821058"
"1403881130802225152","大宇","BTCdayu","币圈宝典 https://t.co/EIMVhaC9IM

💰省手续费注册交易所
币安 https://t.co/ko3kej3ziu
钱包 https://t.co/9M9a33fyFj

OK  https://t.co/RxSNyyuxow
钱包 https://t.co/OZPyv05YMc

✈️免费投资频道
https://t.co/f4KWsBAbzT","19013","284256","3843","4509","2551","社区","收费群1688U/年，点链接","https://forms.gle/fqcwMDdxVHizeWQw8","false","true","","false","true","2021-06-13 09:05:28","https://x.com/BTCdayu","https://pbs.twimg.com/profile_images/1862767252400967680/mjEMe7kp_400x400.jpg","https://pbs.twimg.com/profile_banners/1403881130802225152/1739255404"
"2412652615","CoinGecko","coingecko","The world's largest independent crypto data aggregator. Price alerts on-the-go: https://t.co/ApyqCEUX89 Track DEXs @GeckoTerminal","38687","2364499","628","17185","11373","","","https://www.coingecko.com/","false","false","Business","false","false","2014-03-26 21:54:48","https://x.com/coingecko","https://pbs.twimg.com/profile_images/1959999205533167617/Kf-YFXWB_400x400.jpg","https://pbs.twimg.com/profile_banners/2412652615/1744019927"
"739948645","ChandlerGuo 郭宏才 宝二爷","ChandlerGuo","bitcoin will $500000 in next 4 years 我微信号13935402564 我没有小号 所有QQ 钉钉 X私信 让你投资USDT的都是诈骗 见到直接举报","5270","206099","3020","82","2282","Blockchain","Los Gatos, CA","https://linktr.ee/chandler_guo","false","true","","false","true","2012-08-06 13:53:22","https://x.com/ChandlerGuo","https://pbs.twimg.com/profile_images/1589141652198694912/tweqsURL_400x400.jpg","https://pbs.twimg.com/profile_banners/739948645/1754229202"
"1305062626272055296","比特币子棋（重生版）","cloakmk","输出独立观点 研究行情趋势 热点机会 仅供参考 注意风险 别看别信别买OKX：https://t.co/YwB0jDEyw1 〈节省20%手续费〉","1682","222014","374","5296","347","社交媒体影响者","","","false","true","","false","true","2020-09-13 16:36:08","https://x.com/cloakmk","https://pbs.twimg.com/profile_images/1976984540926394368/6RXtVLGL_400x400.jpg","https://pbs.twimg.com/profile_banners/1305062626272055296/1734702999"
"1374985535169552388","LaserCat397.eth","BitCloutCat","在悲观时看见光，在乐观时看见影。","7343","150852","3346","12945","1770","企业家","","https://opensea.io/collection/lasercat-nft","false","true","","false","true","2021-03-25 15:24:42","https://x.com/BitCloutCat","https://pbs.twimg.com/profile_images/1931808821388931072/8vCozkM2_400x400.jpg","https://pbs.twimg.com/profile_banners/1374985535169552388/1678886523"
"1050570534860156928","TechFlow 深潮｜APP 已上线","TechFlowPost","Chinese Crypto Media  \Long Web3\NFA\ DM OPEN

EN Brother @BlockFlow_News

订阅频道 https://t.co/kgUk5EApj5","5440","162769","6312","4623","2085","媒体和新闻公司","HongKong","https://www.techflowpost.com/","false","true","","false","true","2018-10-12 10:15:08","https://x.com/TechFlowPost","https://pbs.twimg.com/profile_images/1642733537152610306/wWtDXcl2_400x400.jpg","https://pbs.twimg.com/profile_banners/1050570534860156928/1701255702"
"17552210","Cos(余弦)😶‍🌫️","evilcos","Founder of @SlowMist_Team. Creator of https://t.co/tFCQExsAlL // 分身一号/捉虫大师/救火运动员 // 慢雾，慢而有为，雾释冰融 // 🕖灾备频道 https://t.co/bMGdsBlwmk","8255","117089","1496","22676","867","","HACKING","https://github.com/evilcos","false","true","","false","true","2008-11-22 11:40:47","https://x.com/evilcos","https://pbs.twimg.com/profile_images/1681578030811209728/Xx1RuT6N_400x400.jpg","https://pbs.twimg.com/profile_banners/17552210/1658214023"
"1222182756400037889","孙宇晨（去过太空版）🧑‍🚀","sunyuchentron","👨‍💻 企业家 | 🤵‍♂️ 外交官 | 👨‍🚀 宇航员 #712 | 🍌 艺术收藏家 | 创始人 @trondaoCN | 顾问 @BitTorrent & @htx_global | 英文@justinsuntron","8420","227479","273","83","2973","","Singapore","https://sunpump.meme","false","true","","false","true","2020-01-28 23:41:01","https://x.com/sunyuchentron","https://pbs.twimg.com/profile_images/1955272811448340480/M9982AS6_400x400.jpg","https://pbs.twimg.com/profile_banners/1222182756400037889/1705557778"
"1333467482","CoinDesk","CoinDesk","Leading the conversation on accelerating crypto’s future. Follow @CoinDeskPodcast @consensus2026 @Consensus_HK @CoinDeskES @CoinDeskMarkets @CoinDeskData","137978","3429721","1749","9261","33525","媒体和新闻公司","New York, USA","http://coindesk.com","false","true","Business","false","true","2013-04-07 15:50:08","https://x.com/CoinDesk","https://pbs.twimg.com/profile_images/1840920544608165896/niPELF6e_400x400.jpg","https://pbs.twimg.com/profile_banners/1333467482/1747760765"
"10228272","YouTube","YouTube","like & subscribe","60419","75467507","1145","6040","16060","","San Bruno, CA","http://linkin.bio/youtube","false","true","Business","false","false","2007-11-14 05:43:46","https://x.com/YouTube","https://pbs.twimg.com/profile_images/1984471345854566400/5pd8GpgC_400x400.jpg","https://pbs.twimg.com/profile_banners/10228272/1761969746"
"978732571738755072","Still A Bull","TheMoonCarl","Law Of Attraction | Founder of @TheMoonShow","31040","1542984","594","21579","5764","","The Moon","https://youtube.com/@themoon","false","true","","false","true","2018-03-28 04:36:43","https://x.com/TheMoonCarl","https://pbs.twimg.com/profile_images/1989472979269607424/6KnTFqWq_400x400.jpg","https://pbs.twimg.com/profile_banners/978732571738755072/1686156962"
"5147381","wuzhe","realwuzhe","关注科技、好用的工具、美股、日常生活 | INTJ-A | 没有建群，不主动私信人，谨防骗子 | 投资有风险，不要听我的 | NFA | 不接广告，勿扰","4507","124314","4420","1399","685","","the world","","false","true","","false","true","2007-04-19 03:09:47","https://x.com/realwuzhe","https://pbs.twimg.com/profile_images/866518410972192768/66vemQ1D_400x400.jpg","https://pbs.twimg.com/profile_banners/5147381/1366828940"
"900935123968737281","何币","hebi555","注意：此帐户中提到的任何内容都不是投资建议 本推特提到的任何项目都不要信，不要看，不要点，更不要买||https://t.co/Q8DISODv8H|| ||https://t.co/8Wu8bhqnL8||","6676","398522","1367","283","1280","科技","","","false","true","","false","true","2017-08-25 12:17:26","https://x.com/hebi555","https://pbs.twimg.com/profile_images/1677888294661791748/GzBJhJcb_400x400.jpg","https://pbs.twimg.com/profile_banners/900935123968737281/1741063821"
