﻿"User ID","Name","Username","Bio","Tweets Count","Followers Count","Following Count","Favourites Count","Media Count","Professional","Location","Website","Verified","Is Blue Verified","Verified Type","Protected","Can DM","Created At","Profile URL","Avatar URL","Profile Banner URL"
"1470050550083465217","DN-Samuel 🧑‍💻","SamuelQZQ","AI领域视频博主 全网60万关注 | Crypto Builder & Holder｜苏州线下开发者社群🐷理人｜前微软工程师","1291","19227","703","2821","131","","","http://qzq.at","false","true","","false","true","2021-12-12 23:19:17","https://x.com/SamuelQZQ","https://pbs.twimg.com/profile_images/1633090580543676416/7nhHRLUS_400x400.jpg","https://pbs.twimg.com/profile_banners/1470050550083465217/1678194113"
"3122661542","Yangyi","Yangyixxxx","Believing is seeing","13752","109046","500","5397","2848","科技","","https://lnk.bio/yangyi","false","true","","false","true","2015-04-01 11:00:40","https://x.com/Yangyixxxx","https://pbs.twimg.com/profile_images/1790540021327712256/72wMFr9-_400x400.jpg","https://pbs.twimg.com/profile_banners/3122661542/1702609915"
"1810481842761674752","少个分号","shaogefenhao","🐒 技术管理者
📚 技术书作者（《程序员的认知心得》等）
🔩 被反复毒打的创业者 
📐 记录对世界游戏规则的认知
X  闲逛/quote/评论家(自封 😂)
🌍 分享英语学习、AI 、编程、好书","2760","12200","167","1196","362","","","http://shaogefenhao.com","false","true","","false","true","2024-07-09 09:11:40","https://x.com/shaogefenhao","https://pbs.twimg.com/profile_images/1810481997447598080/29VPjdy__400x400.jpg","https://pbs.twimg.com/profile_banners/1810481842761674752/1762220095"
"983361642359439361","Tiger Chen & 前端之虎陈随易","chenbimo","标签：农村程序员，独立开发者，前端之虎
网站：https://t.co/885UEBTrFu
开源：https://t.co/yUH6NeljXg
作品：https://t.co/wpcqk1FlPw - VSCode编程神器fnMap(函数地图)","5645","8959","962","881","735","科技","hunan ","https://chensuiyi.me","false","true","","false","true","2018-04-09 23:11:00","https://x.com/chenbimo","https://pbs.twimg.com/profile_images/1113275680639180800/OxDOCjLk_400x400.png","https://pbs.twimg.com/profile_banners/983361642359439361/1701223973"
"1498856398238945281","iKun","zhaokunZhang2","别黑我🐔哥。Vue, React 开发者，略懂 node ，","330","27","89","1355","4","","","https://github.com/ZKunZhang","false","false","","false","true","2022-03-02 11:03:15","https://x.com/zhaokunZhang2","https://pbs.twimg.com/profile_images/1782366441997758464/44o4hMJj_400x400.jpg","https://pbs.twimg.com/profile_banners/1498856398238945281/1646193068"
"1676132765098741762","RainbowBird | 洛灵","luoling8192","👩‍💻 数字游民 / 独立开发者 / 生活 & 技术分享 / 努力成为 Vibe code cleanup specialist 😎","1677","4644","958","8510","403","","Shanghai, China","http://github.com/luoling8192","false","true","","false","true","2023-07-04 15:36:21","https://x.com/luoling8192","https://pbs.twimg.com/profile_images/1740286835249786880/DwrVM8h__400x400.jpg","https://pbs.twimg.com/profile_banners/1676132765098741762/1688456270"
"18233920","Ryo Lu","ryolu_","Head of Design @Cursor_ai. Early @NotionHQ, @Stripe, built startups. I make a world where anyone can make software. Aspiring k-pop idol.","18177","65169","1611","32892","1459","","San Francisco, CA","https://ryo.lu","false","true","","false","true","2008-12-19 11:39:15","https://x.com/ryolu_","https://pbs.twimg.com/profile_images/1915014653295697921/KmMbglaO_400x400.jpg","https://pbs.twimg.com/profile_banners/18233920/1581710656"
"977586382762795008","赖老二","qinhualai","正在创业做一个程序员远程工作平台(GitWork-远程工作平台 ，https://t.co/qrnjJObw4t)，平台有产品经理、设计师、程序员、测试、运维、项目管理等优秀人才；软件开发找我给您组建团队就对了。工作微信:gitwork","1966","6184","1385","1869","180","产品经理","中国","http://www.gitwork.cn","false","false","","false","true","2018-03-25 00:42:11","https://x.com/qinhualai","https://pbs.twimg.com/profile_images/1852687118759505920/05WW9-UL_400x400.jpg","https://pbs.twimg.com/profile_banners/977586382762795008/1720808332"
"147786784","yetone","yetone","I built a Cursor-like experience plugin for Neovim: avante.nvim","16819","62253","4449","17546","1919","木匠","无","https://github.com/yetone","false","true","","false","false","2010-05-25 09:52:30","https://x.com/yetone","https://pbs.twimg.com/profile_images/1458663772017491971/h1-KC--K_400x400.jpg","https://pbs.twimg.com/profile_banners/147786784/1635109454"
"1329449687062032385","Steven Lynn","Stv_Lynn","host of https://t.co/62gAtIsTk6 | vibe coder | EN/CH/JP | 👉 @FirstLabAI Channel: https://t.co/UwjjgwnevL","8273","8416","1342","46077","1094","Editor","The Great Bay Area","https://stv.pm","false","true","","false","true","2020-11-19 23:41:29","https://x.com/Stv_Lynn","https://pbs.twimg.com/profile_images/1988658279522971648/inGF8Lny_400x400.jpg","https://pbs.twimg.com/profile_banners/1329449687062032385/1690818464"
"1302118861995536387","Panda","Jiaxi_Cui","Video AI","2239","15641","849","2537","384","","BeiJing","https://scholar.google.com/citations?user=QRV7CjgAAAAJ","false","true","","false","true","2020-09-05 13:38:34","https://x.com/Jiaxi_Cui","https://pbs.twimg.com/profile_images/1677124881144770560/W6zZ-Zux_400x400.jpg","https://pbs.twimg.com/profile_banners/1302118861995536387/1758038923"
"1580781","ruanyf","ruanyf","Stay Focused, Keep Shipping. Build Early, Build Always. Improve yourself, Write solid/simple/stupid code.","4935","191222","374","13734","2957","科技","Shanghai, China","http://www.ruanyifeng.com","false","false","","false","true","2007-03-20 10:53:02","https://x.com/ruanyf","https://pbs.twimg.com/profile_images/2363795309/wbi37mdkxhr2trsr4ofa_400x400.jpeg","https://pbs.twimg.com/profile_banners/1580781/1355537048"
"24124203","Baye","waylybaye","一个自由的程序员，以卖 App 为生。边全球旅居边创作产品。作品：熊猫吃短信、DAMA、ServerCat、OpenCat，Miley。","14497","154649","508","21567","754","","中华人民共和国","","false","true","","false","true","2009-03-13 12:05:00","https://x.com/waylybaye","https://pbs.twimg.com/profile_images/1807439424009175040/F2mBMzcN_400x400.jpg",""
"1697094426735349760","VoidZero","voidzerodev","Unified Tooling for JavaScript","254","14339","49","242","48","","undefined","https://voidzero.dev","false","true","","false","false","2023-08-31 11:50:35","https://x.com/voidzerodev","https://pbs.twimg.com/profile_images/1841108308494798848/81KN_iEl_400x400.jpg","https://pbs.twimg.com/profile_banners/1697094426735349760/1717917611"
"1881991469730594816","余温","gkxspace","05年  🌲独立开发者  🌸连续创业者 | 目前总收入七位数
✨分享创业历程  💓我的目标:“做出一家伟大的公司！”
创业做过多类业务 : 代写 | 交友 | 旅拍 | agent产品 | ai教育……","2057","7470","547","1429","116","","微信和社群","https://yuwen.website","false","true","","false","true","2025-01-22 17:05:13","https://x.com/gkxspace","https://pbs.twimg.com/profile_images/1952432952928784384/k7SIkQ7I_400x400.jpg","https://pbs.twimg.com/profile_banners/1881991469730594816/1758132248"
"1709539383953477632","Overbrand","OverbrandStudio","Creating OverPowered™ ideas for visionary people","42","17","2","2","22","","The Creative Realm","http://overbrand.studio","false","false","","false","false","2023-10-04 20:02:30","https://x.com/OverbrandStudio","https://pbs.twimg.com/profile_images/1710213185196728320/0YSZNvKo_400x400.jpg","https://pbs.twimg.com/profile_banners/1709539383953477632/1696581579"
"3178231","宝玉","dotey","Prompt Engineer, dedicated to learning and disseminating knowledge about AI, software engineering, and engineering management.","27067","144741","1452","38054","4695","","Chicago, IL","https://baoyu.io","false","true","","false","true","2007-04-02 11:42:14","https://x.com/dotey","https://pbs.twimg.com/profile_images/561086911561736192/6_g58vEs_400x400.jpeg",""
"1392110156452823044","Berryxia.AI","berryxia_ai","🧠✨Building AI tools AI System Prompt 🐳 | Make WinMaxle Keyboard  Not a designer, not a programmer, Love Design & Coding & Prompt！ 
💼📮:Andyhuo@me.com","5429","17075","1806","2436","1227","金融服务","hongkong","https://yw.app/3bD49AG","false","true","","false","true","2021-05-11 21:31:49","https://x.com/berryxia_ai","https://pbs.twimg.com/profile_images/1911247392478789632/JvXU6qyM_400x400.jpg","https://pbs.twimg.com/profile_banners/1392110156452823044/1760658386"
"756268734","袁滚滚 Wenny Yuan","rollrollyuan","📷 🚗🏂🏻 🚴🏻 💃🏻 🎮 ⌨️
极限运动 | 户外 | 摄影 | 文博 | 游戏 | 艺术
AI/Infra-Focused $VC 
10y+ Cloud Infra/Tech Community Builder/Technical Writer
求求了，AI 让我投一个吧","1748","4467","706","492","247","","Beijing","","false","false","","false","false","2012-08-14 10:14:58","https://x.com/rollrollyuan","https://pbs.twimg.com/profile_images/1805251094718922752/uCKUgRma_400x400.jpg","https://pbs.twimg.com/profile_banners/756268734/1719483671"
"1928711169419956224","Jason Zhu","GoSailGlobal","独立开发，AI SaaS出海， AI价值内容分享 — 让AI工具就像积木一样构建产品，拼出无限可能！👉🏻 https://t.co/BDEkVzvki1","2465","7700","1515","4432","348","","china","","false","true","","false","false","2025-05-31 15:13:12","https://x.com/GoSailGlobal","https://pbs.twimg.com/profile_images/1949434880959676416/GEQGVlME_400x400.jpg","https://pbs.twimg.com/profile_banners/1928711169419956224/1755945863"
"1558317849508122629","CuiMao","CuiMao","我是一名智力低下的博士生，我想学习一下这篇论文，请用傻子都能懂的语言详细给我讲一下这篇文章怎么做的，特别是模型和实证方面","8512","22402","960","6665","1004","科技","","","false","true","","false","true","2022-08-13 13:01:53","https://x.com/CuiMao","https://pbs.twimg.com/profile_images/1987475348288925696/UEjtXq1b_400x400.jpg","https://pbs.twimg.com/profile_banners/1558317849508122629/1760427513"
"16681326","Frank Wang 玉伯","lifesinger","I am curious and honest","4248","15113","889","732","89","","FUTURE","http://youmind.com","false","true","","false","false","2008-10-10 17:36:41","https://x.com/lifesinger","https://pbs.twimg.com/profile_images/1965120373781114880/rLnJ1xpC_400x400.jpg","https://pbs.twimg.com/profile_banners/16681326/1755700256"
"804592206","代码家","daimajia","🎸独立投资人 / 👨‍💼 前真格基金投资 VP / 🚀 峰瑞资本投资经理 / 🛠️ 掘金联合创始人 / 🌊 GitHub 4w 星达成者 / 🎓 北京师范大学计算机硕士 / 🎓 西安西北大学学士","2085","13453","3899","3885","268","","Beijing","http://github.com/daimajia","false","true","","false","true","2012-09-05 21:23:53","https://x.com/daimajia","https://pbs.twimg.com/profile_images/1079686710282182663/tBz4bUwK_400x400.jpg","https://pbs.twimg.com/profile_banners/804592206/1520867626"
"81712767","Lee Robinson","leerob","Teaching developers @cursor_ai, previously @vercel","14573","205914","751","51409","1164","","Iowa, USA","https://leerob.com","false","true","","false","true","2009-10-12 07:48:28","https://x.com/leerob","https://pbs.twimg.com/profile_images/1862717563311968256/xfgt1L9l_400x400.jpg","https://pbs.twimg.com/profile_banners/81712767/1759897679"
"618751087","tangjinzhou","tangjinzhou","@mentorbook_ai

Open-source creator (https://t.co/RZwQkvYf58, 21K⭐)

Creator of https://t.co/XaPx3hQDiS  https://t.co/BmCv4BAxxo https://t.co/qHDd127xwr","2064","8267","625","3105","97","","","https://www.mentorbook.ai","false","true","","false","true","2012-06-26 13:03:46","https://x.com/tangjinzhou","https://pbs.twimg.com/profile_images/1952273219903508480/WeOr6NmB_400x400.jpg","https://pbs.twimg.com/profile_banners/618751087/1760516850"
"243240363","itshan","itshanrw","💻 Developer - Focus on #KMP 🌐 TDD Advocate ⇢ https://t.co/kEZeAz0YEg ⇢ https://t.co/qdozCULzdr AppNexus ⇢ https://t.co/nz2jSOuSH2 BezelBlned","6272","799","2181","5983","1329","","Singapore","","false","true","","false","false","2011-01-27 00:27:48","https://x.com/itshanrw","https://pbs.twimg.com/profile_images/1241398912339996683/7jgAJE4Q_400x400.jpg","https://pbs.twimg.com/profile_banners/243240363/1713589556"
"1708132468216487936","在悉尼和稀泥","JamesGoong","💰 上班牛马，下班副业，周末学术，闲暇咨询。边赚工资边搞钱 🚀 做过产品，踩过坑，亏过百万，也赚过📖 记录真实的赚钱过程，研究副业、出海方法，分享真实经历","3396","21655","286","6201","400","企业家","微信和社群请看链接 👉","https://linktr.ee/jamesgong","false","true","","false","true","2023-09-30 22:51:41","https://x.com/JamesGoong","https://pbs.twimg.com/profile_images/1708132603872874496/Z-Bau7vu_400x400.jpg","https://pbs.twimg.com/profile_banners/1708132468216487936/1696085717"
"1444777537","litang0908","litang0908","📍Xi’An, China 
💼 Solopreneur/Digital Nomad
🛠️ 3 Apps 
🌾 6M+ Users 
👀 https://t.co/2LLz7C1UgZ
Only talk about programming and #IndieHackers
愿我们的交流简单而坦诚👋","730","4372","776","2028","84","科技","Xi’An","https://w2solo.com","false","true","","false","false","2013-05-21 04:53:52","https://x.com/litang0908","https://pbs.twimg.com/profile_images/1694612553354354688/s1TmkQ8h_400x400.jpg","https://pbs.twimg.com/profile_banners/1444777537/1675675012"
"800153130977542146","AnqiRocks 安琪","anqirocks","💻 Gen AI product @BytedanceTalk📍Beijing/ Shenzhen 🦾 May we have guts and patience to create 小马过河","13818","9504","983","17706","2041","科技","","https://anqi.rocks","false","true","","false","true","2016-11-20 09:45:47","https://x.com/anqirocks","https://pbs.twimg.com/profile_images/1149162437431590914/uPJXAs0B_400x400.png","https://pbs.twimg.com/profile_banners/800153130977542146/1562817461"
"529069413","CatFly","imyouhu","✦Views expressed are my own 
✦Operations Manager at https://t.co/U7OvuKqGi4  
✦Passionately Curious
✦Passionate about AI, Tech, Finance, and Society","2389","3916","648","1377","226","科技","Hong Kong","https://juejin.cn/","false","true","","false","true","2012-03-19 11:34:15","https://x.com/imyouhu","https://pbs.twimg.com/profile_images/1043851872078110721/9-3A3Jy5_400x400.jpg","https://pbs.twimg.com/profile_banners/529069413/1571134325"
"1704733865997377536","nicekate","nicekate8888","AI and tech aficionado, keen on radios and e-readers.

🌐 https://t.co/aW55vLd67a","2188","10335","2146","19442","1058","","","","false","true","","false","true","2023-09-21 13:46:53","https://x.com/nicekate8888","https://pbs.twimg.com/profile_images/1737278828798767104/Ym9jifD8_400x400.jpg",""
"880606715141529600","Robinson · 鲁棒逊","python_xxt","AI & Robustness in chaos.

Insight  → Strategy → Operation

Now,not How.

我对现实世界的认知
贫瘠到无法自知其贫瘠","6275","21293","494","24296","351","","Deep thinker try to think","","false","true","","false","true","2017-06-30 09:59:36","https://x.com/python_xxt","https://pbs.twimg.com/profile_images/1980814059525033985/d9tb6rAG_400x400.jpg","https://pbs.twimg.com/profile_banners/880606715141529600/1760968248"
"1567179325551812609","Li Xiangyu 香鱼🐬","LiXiang1947","Neuroscience PhD diving deep into AI | Going all-in on global product adventures | English vibes: @lixiangyu9710 | Email to xiangyuli997@gmail.com","16451","16529","1609","23467","452","科技","","https://scholar.google.com/citations?hl=zh-CN&user=FQlzamQAAAAJ","false","true","","false","true","2022-09-06 23:54:12","https://x.com/LiXiang1947","https://pbs.twimg.com/profile_images/1911584400224948224/QbglopMa_400x400.jpg","https://pbs.twimg.com/profile_banners/1567179325551812609/1729084908"
"1413340227687571456","YC (Yucheng Liu)","lyc_zh","⛴️ 为出海企业构建软基建 via #出海去 @chuhaiqu Founder
🦾 为超级团队打造数字员工 @LuciusAI_HQ Co-founder
🚀 X BoostClub 400 万推特社区 #XBC Founder
🦄 一人独角兽必将出现 
♊️ INTJ/ENTJ 左右横跳 
📍 Boston","5138","12290","1635","5485","849","社区","Boston, MA","https://regrowth.so/watchlists/x-boostclub-a044a9436ec34d399abef5042600a7d2","false","true","","false","true","2021-07-09 11:32:38","https://x.com/lyc_zh","https://pbs.twimg.com/profile_images/1964737537479512064/KXewSKLV_400x400.jpg","https://pbs.twimg.com/profile_banners/1413340227687571456/1735691977"
"6690032","向阳乔木","vista8","喜欢摇滚乐、爱钓鱼的PM
网站：https://t.co/vnUpLt752o","6014","68264","1370","6745","1778","科技","Beijing","","false","true","","false","true","2007-06-09 13:48:52","https://x.com/vista8","https://pbs.twimg.com/profile_images/1960882043249942533/h4J39ERy_400x400.jpg","https://pbs.twimg.com/profile_banners/6690032/1681134125"
"710422413893238784","布鲁斯.Lee","sekay2016","不吹，不黑，分享普通人的海外工作真实信息，商务部资质公司，10多年出国行业经验。 海外不是天堂，出国要从零开始，需要做好心理建设。业务咨询与合作请联系国内业务微信:visa6363              超过 40 岁没有技术，就不要出国了。没有机会了","5223","59560","182","822","2105","","","","false","false","","false","true","2016-03-17 19:07:57","https://x.com/sekay2016","https://pbs.twimg.com/profile_images/1514610043987312640/rP8Lk3kE_400x400.jpg","https://pbs.twimg.com/profile_banners/710422413893238784/1579141559"
"362252075","哥飞","gefei55","哥飞，出海鼓励师，SEO爱好者，Adsense玩家，出海AI工具方向创业者。
同名公众号写了五百多篇出海搞流量免费教程文章。","2372","45425","1044","777","606","科技","Guangdong","https://new.web.cafe/","false","true","","false","false","2011-08-26 10:49:30","https://x.com/gefei55","https://pbs.twimg.com/profile_images/1600285780555202560/TE8ad_yJ_400x400.jpg",""
"1152073433410261005","10xMyLife","hhmy27","AI | Crypto | 起舞吧","5606","10851","1726","9603","538",""," ","","false","false","","false","true","2019-07-19 12:31:25","https://x.com/hhmy27","https://pbs.twimg.com/profile_images/1990256506819010560/KY1yT56T_400x400.jpg","https://pbs.twimg.com/profile_banners/1152073433410261005/1741931760"
"629853584","Miao","xinzhilong","A person who is love learning language of many different countries","2349","125","826","231","48","教育","","","false","true","","false","false","2012-07-08 11:13:16","https://x.com/xinzhilong","https://pbs.twimg.com/profile_images/1862911205926391808/CvB5ODff_400x400.jpg","https://pbs.twimg.com/profile_banners/629853584/1744616696"
"44196397","Elon Musk","elonmusk","","89424","229227411","1227","183544","4236","","","","false","true","","false","false","2009-06-03 04:12:29","https://x.com/elonmusk","https://pbs.twimg.com/profile_images/1983681414370619392/oTT3nm5Z_400x400.jpg","https://pbs.twimg.com/profile_banners/44196397/1739948056"
"2789781","xushiwei","xushiwei","Creator of XGo (https://t.co/i0rVuQXRRO) and LLGo. Our vision is to enable everyone to become a builder of the world. Qiniu Limited CEO.","1447","9022","560","552","192","","","https://xgo.dev/","false","true","","false","true","2007-03-29 12:50:07","https://x.com/xushiwei","https://pbs.twimg.com/profile_images/1923576841215905792/OAco0pZx_400x400.jpg","https://pbs.twimg.com/profile_banners/2789781/1710403962"
"5778712","kepano","kepano","making @obsdmd","11405","71606","1983","17206","1172","","Earth","http://stephango.com","false","true","","false","true","2007-05-05 08:42:26","https://x.com/kepano","https://pbs.twimg.com/profile_images/1563635599906549761/wIum4L8I_400x400.jpg","https://pbs.twimg.com/profile_banners/5778712/1670616207"
"1474067654","李继刚","lijigang_com","Reader.  Thinker.  Prompter.","629","30167","32","236","86","","","","false","true","","false","false","2013-06-01 15:32:24","https://x.com/lijigang_com","https://pbs.twimg.com/profile_images/599778700943446016/N-a6Jbep_400x400.jpg","https://pbs.twimg.com/profile_banners/1474067654/1750226514"
"145593492","Glowin","glow1n","focusing on Generative AI ｜Former Co-founder of https://t.co/PJL8ze16fj with @kalasoo , acquired by ByteDance in 2019","10760","7666","3627","1415","787","科技","北京, 中华人民共和国","","false","true","","false","true","2010-05-19 18:32:32","https://x.com/glow1n","https://pbs.twimg.com/profile_images/1810969278847537154/oEHfLcrK_400x400.jpg","https://pbs.twimg.com/profile_banners/145593492/1700795102"
"451425069","海拉鲁编程客","hylarucoder","🖥️ Indie Maker
🛠️ 星球「海哥和他的小伙伴们」
📌 油管「海拉鲁编程客」
 🌸 沦为程序员的段子手/猫咪","14561","18970","1023","3799","1723","科技","👉","https://discord.gg/QpUU4ayM2m","false","true","","false","true","2011-12-31 20:37:37","https://x.com/hylarucoder","https://pbs.twimg.com/profile_images/1725593465/1e73398765998062c75cc3f6____400x400.jpg","https://pbs.twimg.com/profile_banners/451425069/1581146904"
"1478042617958912005","知识分享官","knowledgefxg","热爱知识，没事分享点有趣硬核的东西,包含英语学习，AI编程，科技软件，资源网站等等。来都来了，点点关注😘。 合作请DM私信。","7814","193033","1565","38623","2638","科技","","https://en.knowledgefxg.com/","false","true","","false","true","2022-01-04 00:39:09","https://x.com/knowledgefxg","https://pbs.twimg.com/profile_images/1485604570898526208/Bfi12r9h_400x400.jpg","https://pbs.twimg.com/profile_banners/1478042617958912005/1738162096"
"1102444843140182016","Kai","real_kai42","独立开发者，20k stars 开源项目 Qwerty Learner 作者，《Web Worker 播客》主播，数码爱好者

仅聊技术和生活，仅代表个人观点，不太擅长文字，但话痨∠(｀ω´*) 

个人主页/咨询服务/内推 : https://t.co/ZCsVg4sr1t

ex @BytedanceTalk @hulu","4485","26763","1126","5812","775","科技","Vancouver, British Columbia","https://kaiyi.cool","false","true","","false","true","2019-03-04 13:45:07","https://x.com/real_kai42","https://pbs.twimg.com/profile_images/1706347168393764864/DoRcb3kd_400x400.jpg","https://pbs.twimg.com/profile_banners/1102444843140182016/1735983286"
"28530405","Andy Stewart","manateelazycat","懒猫微服CEO、前Deepin CTO、不端不装 仗剑走天涯

懒猫微服购买链接 https://t.co/KVqgWHDvJj 

懒猫微服有啥用？https://t.co/SF9p24BuTk","30129","43680","247","15482","3576","企业家","China","https://manateelazycat.github.io","false","true","","false","true","2009-04-03 17:01:38","https://x.com/manateelazycat","https://pbs.twimg.com/profile_images/768239262/HaskellIcon_400x400.jpg",""
"42352056","郭宇 guoyu.eth","turingou","Retired. 只活一次等于没活。","7504","153491","511","4172","2548","社交媒体影响者","東京 港区","https://guoyu.mirror.xyz/","false","true","","false","true","2009-05-25 12:50:07","https://x.com/turingou","https://pbs.twimg.com/profile_images/1870511184761483265/QO7R0Ow3_400x400.jpg","https://pbs.twimg.com/profile_banners/42352056/1651418512"
"1796926497279852544","Ark_21 | 🧠SENT","0xark21","- 人的本质是赌徒，不赌其实在赌自己输
@arbitrum ambassador  |  @GoKiteAI

#BNB","14710","4864","3489","33125","1119","","Hong Kong","","false","true","","false","true","2024-06-01 23:27:27","https://x.com/0xark21","https://pbs.twimg.com/profile_images/1989595523184222208/hbzUygrD_400x400.jpg","https://pbs.twimg.com/profile_banners/1796926497279852544/1761849392"
"1625338851496726529","郭晓力","Guoxiaoli0","目前在做： 
原则 ｜https://t.co/fB2S6Hnk6I 
之前做过： 

芦笋 | https://t.co/KhpXlStF9n 
幕布 | https://t.co/G2LlCJpg3h","813","4536","234","602","113","","","https://Guoxiaoli.com/","false","true","","false","false","2023-02-14 11:39:26","https://x.com/Guoxiaoli0","https://pbs.twimg.com/profile_images/1876142341221666816/_y6O9yRi_400x400.jpg",""
"132827204","winter","winter_cn","","1348","2166","370","100","14","","","","false","true","","false","false","2010-04-14 16:31:50","https://x.com/winter_cn","https://pbs.twimg.com/profile_images/1895568945857347585/7isJbeHX_400x400.jpg",""
"2162747077","𝗖𝘆𝗱𝗶𝗮𝗿","Cydiar404","🧑🏻‍🦯带属性浪迹互联网20年 | 202209开始创业 | 我是产品经理 · 强迫癌 | 我是设计师 · 像素眼 | 我能说5分钟脱口秀 | 绝不给SB老板打工 | 长期主义 | 利他主义 | 哆啦C梦 | 超级奶爸 | ENFJ | Cydiar.eth | Agent | RAG | Lucy","15686","57134","811","15618","2157","","✨","http://www.cydiar.com","false","true","","false","true","2013-10-29 20:19:55","https://x.com/Cydiar404","https://pbs.twimg.com/profile_images/1980204817009037312/rFrZZ8ab_400x400.jpg","https://pbs.twimg.com/profile_banners/2162747077/1761938560"
"1502106744230924288","Simon He","simon_he1995","👋 前端 / unocss 和 vue vine 核心成员 / webview-use 作者 / vscode 插件大师 / 造轮子专家 / 开源魔术师 / 开发效率大师 / antfu的头号粉丝 / 正在往独立开发努力中...... / 40多个vscode插件的作者","4801","3903","668","4980","589","Software developer/Programmer/Software engineer","https://github.com/Simon-He95","http://simonhe.me","false","false","","false","true","2022-03-11 10:19:01","https://x.com/simon_he1995","https://pbs.twimg.com/profile_images/1874623305803784192/8Kg2n3ls_400x400.jpg","https://pbs.twimg.com/profile_banners/1502106744230924288/1704906414"
"897599934089777152","Tristan","wsygc","Machine repeats, Human creates. https://t.co/eLLFjM35O2 /  https://t.co/jksvCA57dt / https://t.co/7t7DneyuFD / more on: https://t.co/hL0tSxJPsi
contact me: vx: yanggc_2013","2834","8228","362","3075","833","科技","Shandong","https://yangerxiao.com","false","false","","false","true","2017-08-16 07:24:35","https://x.com/wsygc","https://pbs.twimg.com/profile_images/1750352227284492288/qWOaL7TC_400x400.jpg","https://pbs.twimg.com/profile_banners/897599934089777152/1704610805"
"1718896922277314560","熠辉 Indie","yihui_indie","我的AI编程课(https://t.co/HVZn3ItASW) |B站up主 | 分享创造 + 无限迭代ing","4374","39124","722","2776","1042","","Hong Kong","https://happyaicoding.com","false","true","","false","true","2023-10-30 15:45:42","https://x.com/yihui_indie","https://pbs.twimg.com/profile_images/1804848821702377472/fSfFlGTf_400x400.jpg","https://pbs.twimg.com/profile_banners/1718896922277314560/1753789761"
"1046752032202190848","郭雨澳 August","KuoScript","Software Engineer | Independent Developer | UI/UX | Based in Beijing","113","143","297","16","26","科技","","https://www.augusts.me","false","false","","false","true","2018-10-01 21:21:46","https://x.com/KuoScript","https://pbs.twimg.com/profile_images/1700019629459210240/5pCsg7fN_400x400.jpg",""
"427612058","尤雨溪","yuxiyou","@youyuxi 的中文小号。@voidzerodev 创始人，开源软件开发者，Vue / Vite 作者。此号只聊技术无关的闲话（偶尔破戒警告","1653","112715","251","1060","168","","Singapore","https://evanyou.me","false","false","","false","false","2011-12-04 03:03:55","https://x.com/yuxiyou","https://pbs.twimg.com/profile_images/1904818433897984000/0K6AhwWU_400x400.jpg","https://pbs.twimg.com/profile_banners/427612058/1652336566"
"1550580288786350080","智子","zhizijun","@sanxiaozhizi 的第二人格 🏳️‍🌈・🦋 @sxzz.moe","6671","6820","453","27360","789","","Hangzhou","","false","false","","false","false","2022-07-23 04:36:09","https://x.com/zhizijun","https://pbs.twimg.com/profile_images/1550580882003480576/QAQ_yZ9b_400x400.jpg","https://pbs.twimg.com/profile_banners/1550580288786350080/1680886843"
"1712095004","狼叔","i5ting","前阿里，字节前端技术专家，关注Node.js AI Agent开发和Moonbit语言","4688","11617","2893","1897","262","","Beijing","","false","false","","false","false","2013-08-30 15:47:00","https://x.com/i5ting","https://pbs.twimg.com/profile_images/1817769006746746880/QfKfsYhV_400x400.jpg","https://pbs.twimg.com/profile_banners/1712095004/1710332016"
"6782882","Orange AI","oran_ge","聊硅基 AI，看有机 Orange。","133751","140745","785","1990","6045","科技","Mars","https://listenhub.ai","false","true","","false","true","2007-06-13 13:03:33","https://x.com/oran_ge","https://pbs.twimg.com/profile_images/1760074488073629696/ceSsuVCY_400x400.png","https://pbs.twimg.com/profile_banners/6782882/1740229481"
"52468378","luolei","luoleiorg","💻 Full-Stack Developer / 📖 Lifetime Learner / 🚧 Building & Sharing / 🎬 YouTuber https://t.co/7g47VdNMnN / 📝 https://t.co/6ucNiJ2gyg / 👨‍🚀 More https://t.co/smbFyIb6Hc","9765","56463","1534","1349","4582","","Shenzhen","https://luolei.org","false","true","","false","true","2009-07-01 02:05:29","https://x.com/luoleiorg","https://pbs.twimg.com/profile_images/1550157622300786688/672YmCpB_400x400.jpg","https://pbs.twimg.com/profile_banners/52468378/1658420826"
"1513770687596433411","Will ～ 用心开发最好用的英语工具","iWillDev","很多用户说，这是他们目前用过最好的YouTube中英双语字幕插件。
有兴趣的话，不妨去试试 🔗 https://t.co/2sIJaYIoxC
无需注册，免费即可体验核心功能，上手非常轻松。

产品亮点：不是单纯直译，而是用 AI 实时把 YouTube 字幕翻译成自然、可读的第二语言。","2467","12656","170","68","305","教育","Nanaimo, BC, Canada","https://itoytoy.com/about/","false","true","","false","true","2022-04-12 14:47:32","https://x.com/iWillDev","https://pbs.twimg.com/profile_images/1908330621426163715/sgbJswa3_400x400.jpg","https://pbs.twimg.com/profile_banners/1513770687596433411/1700338570"
"823092277090209793","liruifengv","liruifengv","前端/开源爱好者/喜欢摇滚乐🎸远程工作中

 @astrodotbuild 开源项目成员 

GitHub https://t.co/JLAiaeJK32 

Youtube https://t.co/VvvjD05xNI","2621","4400","1358","6448","423","","","https://liruifengv.com","false","true","","false","true","2017-01-22 16:57:46","https://x.com/liruifengv","https://pbs.twimg.com/profile_images/1575140014912000001/pMRGEcaN_400x400.jpg","https://pbs.twimg.com/profile_banners/823092277090209793/1712624299"
"21308096","云风","cloudwu","Coder, Freelancer, Blogger, Gamer, Father of 2 kids, Rock climber. Author of open source projects : skynet, ltask, sproto, luaecs, lua-bgfx, soluna, etc.","9748","50516","73","478","713","","广州","http://blog.codingnow.com","false","false","","false","true","2009-02-19 23:35:03","https://x.com/cloudwu","https://pbs.twimg.com/profile_images/1385692491/me2_400x400.jpg",""
"1491374379007356931","凡尘","yinke_jr","古典技术产品人","688","257","1174","664","51","","","","false","false","","false","false","2022-02-09 19:32:35","https://x.com/yinke_jr","https://pbs.twimg.com/profile_images/1918542060317229056/V_xB1HWT_400x400.jpg",""
"2262723812","ahhhhfs","abskoop","❤️虚假推友🫶🫰😘💕 收集分享各种互联网垃圾｜投稿侵权请私信｜谢谢不接推｜TG频道订阅更新:https://t.co/OmSvNms9yl ｜小号:@ahhhhfs l🔔重复刷无相关评论会被拉黑｜链接打不开用Chrome浏览器，不要用国产浏览器","59018","731220","1203","26145","22888","科技","有空翻翻👉","https://dizhi.abskoop.com/","false","true","","false","true","2013-12-26 19:26:41","https://x.com/abskoop","https://pbs.twimg.com/profile_images/1429676617329119233/C_U_KwBv_400x400.jpg","https://pbs.twimg.com/profile_banners/2262723812/1629809938"
"20588970","倪爽","nishuang","倪爽，设计顾问。 超过 20 年经验资深设计师，在美国运营 Honest Dot Design / 倪爽设计工作室，为中国及北美企业提供品牌营销设计、UX 设计两类设计咨询服务","42112","100976","803","22000","15507","","United States","https://nishuang.net/","false","true","","false","true","2009-02-11 21:17:01","https://x.com/nishuang","https://pbs.twimg.com/profile_images/1615204555/bg_green_300x300_400x400.jpg","https://pbs.twimg.com/profile_banners/20588970/1720543960"
"885086674828578816","Mr Panda","PandaTalk8","Solo Developer ｜ Growth Coach｜Helping creators build their personal brand on X  
公众号：PandaTalk8","20114","56235","6649","56940","1217","教育","","https://xgrowth.xlearnity.ai/","false","true","","false","true","2017-07-12 18:41:22","https://x.com/PandaTalk8","https://pbs.twimg.com/profile_images/1738715996737933312/QHUuRDK1_400x400.jpg","https://pbs.twimg.com/profile_banners/885086674828578816/1760969154"
"345437084","徹言","iamcheyan","程序员・作家・编剧  / 東京都在住 🗼","14702","42282","7571","100636","2619","","東京 墨田区","http://iamcheyan.com","false","true","","false","true","2011-07-31 00:05:20","https://x.com/iamcheyan","https://pbs.twimg.com/profile_images/1752946036358909952/o_vVoTim_400x400.jpg","https://pbs.twimg.com/profile_banners/345437084/1714718985"
"763901306264322049","Susan STEM","feltanimalworld","Founder of the Entropy Control Theory : Language as system design  用结构抵抗熵增","33872","40728","6063","43241","1679","","Virginia, USA","https://www.entropycontroltheory.com","false","true","","false","false","2016-08-12 08:53:58","https://x.com/feltanimalworld","https://pbs.twimg.com/profile_images/1941884420048265216/Dbcchu0q_400x400.jpg","https://pbs.twimg.com/profile_banners/763901306264322049/1511626510"
"808272897974276096","橙子🍊啊","sailfishcc1","code|不聊政治｜好好刷牙｜尽量早睡晚起｜好好锻炼 ｜SW-2343-6376-3615 ｜e/acc","6699","7653","6427","46701","1034","金融服务","","https://blog.sailfishc.com","false","true","","false","false","2016-12-12 19:30:50","https://x.com/sailfishcc1","https://pbs.twimg.com/profile_images/1454390759374098432/Lj6RkcEK_400x400.jpg","https://pbs.twimg.com/profile_banners/808272897974276096/1578456269"
"232519529","AI进化论-花生","AlchainHust","🤖AI Native Coder：「小猫补光灯」「拍照学单词」
🎥经营20万+粉丝的YouTube/B站频道：AI进化论-花生
💡AI编程知识星球：https://t.co/qkSYGBzeRw
小红书：花叔（只工作不上班版
公众号：花叔
即刻：Alchian花生","821","19932","270","606","208","","","https://huasheng.ai/","false","false","","false","false","2010-12-31 19:18:07","https://x.com/AlchainHust","https://pbs.twimg.com/profile_images/1851546452184752128/koJVfNWf_400x400.jpg","https://pbs.twimg.com/profile_banners/232519529/1740280664"
"2827471609","吕立青_JimmyLv (闭关ing) 2𐃏25","Jimmy_JingLv","🚧 building https://t.co/AJfZ3LMlgq
https://t.co/606cFUoda3
https://t.co/s0m0tpQMDH

🐣learning/earning while helping others
❤️making software, storytelling videos
🔙alibaba @thoughtworks","7210","14752","4709","17375","1544","科技","crossbell.io/@jimmylv","https://jimmylv.cn","false","true","","false","true","2014-09-23 12:56:37","https://x.com/Jimmy_JingLv","https://pbs.twimg.com/profile_images/1904951563657129984/FUJlM4dy_400x400.jpg","https://pbs.twimg.com/profile_banners/2827471609/1668128967"
"296593919","Viking","vikingmute","独立开发者 自由职业
作品 - 简单简历 https://t.co/xMu5JFIGnr 五分钟打造程序员的金牌简历

课程 - 慕课网精英讲师 https://t.co/NTyFFrvHwL

经历 - 不上班的1000天 https://t.co/bonuLQCCsY

视频 - https://t.co/aQYLgujIyC","2585","59816","280","737","1283","","Shanghai","http://vikingz.me","false","true","","false","true","2011-05-11 10:08:52","https://x.com/vikingmute","https://pbs.twimg.com/profile_images/725179208528322560/TPjU7qop_400x400.jpg","https://pbs.twimg.com/profile_banners/296593919/1461731223"
"1255471267198783495","Yating Zhao","yatingzhao_ux","Design, Product | Founder @BrewpotDesign, a one man design agency | Plans and pricing: https://t.co/rTGD5JIsNd","503","8881","3896","1203","167","产品设计师","Los Angeles, CA","https://cal.com/yating-zhao/15min","false","true","","false","true","2020-04-29 20:17:38","https://x.com/yatingzhao_ux","https://pbs.twimg.com/profile_images/1805131800106385408/X_1s5Zr3_400x400.jpg","https://pbs.twimg.com/profile_banners/1255471267198783495/1719212025"
"255218981","👈 李浪溪 | 三维整合成长陪伴者","SeabornLi","🚀 认知重构+情感支持+行动落地
👥 个人数字孪生 App 技术合伙人
🧑‍💻 前外企培训师 | 服务过JD，腾讯，DJI 等
💡 大厂研发教练 | 服务过华为，HSBC 等
📚 终身学习者 | MSc AI @livuni 在读
📧 小报童《溪行记》更新中 https://t.co/9rpyMIkp1I","1123","1471","376","1836","260","企业家","北京➡️深圳➡️成都➡️大理🔜清迈","https://waterlee.site","false","true","","false","false","2011-02-21 06:44:20","https://x.com/SeabornLi","https://pbs.twimg.com/profile_images/1821359859981508608/Gqy-7kw2_400x400.jpg","https://pbs.twimg.com/profile_banners/255218981/1760585378"
"1779402448815497216","子夜","ziye_one","Crypto-Obsessed｜btc-Possessed Here for the Long Haul","484","1914","1098","2265","46","","Hong Kong","https://warpcast.com/pistachioo","false","false","","false","true","2024-04-14 14:53:11","https://x.com/ziye_one","https://pbs.twimg.com/profile_images/1823364005706317824/lJY9lw6C_400x400.jpg","https://pbs.twimg.com/profile_banners/1779402448815497216/1727931787"
"1130628715","十里","okooo5km","🔖 Building · Sharing 
✨ Zipic · TimeGo · KeygenGo · HiPixel · Orchard · Prism","3330","5491","728","9659","747","","5km","https://5km.studio","false","true","","false","true","2013-01-29 18:07:21","https://x.com/okooo5km","https://pbs.twimg.com/profile_images/1907070842108006400/2a9cSz5L_400x400.jpg","https://pbs.twimg.com/profile_banners/1130628715/1752132025"
"1267444107552546816","卡颂","kasong2048","🥴 裸辞前是前端｜自由职业4年
📖《React设计原理》作者","555","9424","150","98","105","","","","false","true","","false","false","2020-06-01 21:13:30","https://x.com/kasong2048","https://pbs.twimg.com/profile_images/1789164528917434368/ROeLvHcn_400x400.jpg","https://pbs.twimg.com/profile_banners/1267444107552546816/1717224909"
"3003486236","banboo","xbanboo","随便活着。","8473","38807","605","11895","1442","","Dali","","false","true","","false","true","2015-01-30 21:26:34","https://x.com/xbanboo","https://pbs.twimg.com/profile_images/1957642877254914048/VWg-Vtj__400x400.jpg","https://pbs.twimg.com/profile_banners/3003486236/1746461793"
"1529821061411246081","Olivert","indiehackercase","数据分析师，分享AI自媒体搞钱副业，只做线上项目。资源分享：https://t.co/RDR5wnZMXQ 雅思词汇解读：https://t.co/0LwWCC8dWU，最近在学加密Crypto","6621","27115","3927","376","1623","","","","false","false","","false","false","2022-05-26 21:45:58","https://x.com/indiehackercase","https://pbs.twimg.com/profile_images/1977258121816162304/1hNmA_d8_400x400.jpg","https://pbs.twimg.com/profile_banners/1529821061411246081/1704296957"
"11765952","Justin","interjc","🥷🏼 ENTJ-A｜程序员
🧑‍💻 @yokogaisha｜AIGC
🎓 AI 课程：https://t.co/MNSqx9ncpS
📱 Wechat：justinchencn","28887","27229","1599","64500","3367","科技","Osaka, Japan","https://interjc.net","false","true","","false","true","2008-01-03 02:38:17","https://x.com/interjc","https://pbs.twimg.com/profile_images/1791761180610211840/JrLnAGtF_400x400.jpg","https://pbs.twimg.com/profile_banners/11765952/1712804144"
"975329340","花果山大圣","shengxj1","不爱上班的程序员, 靠谱的前端讲师， 卖课为生，前端 Web3  程序员英语 私教, 独立开发
努力做最好的程序员讲师
油管主页：https://t.co/kEcslLs1vs
加入电报群:  https://t.co/fQEVZn8uNH
合作微信：itdasheng168","11713","54219","1141","2096","2318","","Remote","https://linktr.ee/shengxj","false","true","","false","true","2012-11-28 12:19:05","https://x.com/shengxj1","https://pbs.twimg.com/profile_images/1956649801128329216/9dfodVqp_400x400.jpg","https://pbs.twimg.com/profile_banners/975329340/1700320345"
"1131442257675083777","Cell 细胞","cellinlab","⚡️ 「BIP 订阅制真人秀」概念提出者 ｜ 💻 独立开发者 ｜🌍 造物矩阵 @ZaoWuJuZhen & 小火炉播客 @XiaohuoluFM 创始人 ｜🎯 关注 AI & Crypto · 构建创作者生态 · 探索个体与社区的更多可能 ｜🌐 English: @CellNomad","12084","20146","4526","13490","2243","科技","","https://www.cellinlab.com","false","true","","false","true","2019-05-23 14:10:30","https://x.com/cellinlab","https://pbs.twimg.com/profile_images/1634900405724545031/gQgQEpaj_400x400.jpg","https://pbs.twimg.com/profile_banners/1131442257675083777/1732942869"
"1865299069092139008","Fox@MkSaaS.com","indie_maker_fox","🚀 The best AI SaaS boilerplate - https://t.co/VyNtTrZM3p
🔥 The best directory boilerplate with AI - https://t.co/wEvJ1DcAlj
🎉 https://t.co/zubXJCoqju & https://t.co/tfQf8T6IR7","5937","8286","1002","7270","1036","","🟩🟩🟩🟩🟩🟩🟩🟩🟩🟧 $100K","https://mksaas.link/discord","false","true","","false","true","2024-12-07 15:35:39","https://x.com/indie_maker_fox","https://pbs.twimg.com/profile_images/1905643474952880129/HiunneWW_400x400.jpg","https://pbs.twimg.com/profile_banners/1865299069092139008/1748222129"
"835155419622363139","LeviDing","levidingX","🚀 AI 是这个时代给每个人的重要杠杆
🔧 它不是少数人的专利，而是你的得力工具
⚡️ 跟我一起，从零开始，用 AI 解决实际问题，让生活和工作效率翻倍
📲 Youtube/微信公众号/视频号/小红书/B 站/抖音/即刻/小宇宙：LeviDing","309","5153","426","306","24","社交媒体影响者","America","https://linktr.ee/leviding","false","true","","false","true","2017-02-24 23:52:23","https://x.com/levidingX","https://pbs.twimg.com/profile_images/838735453515702272/aXI4QrBa_400x400.jpg","https://pbs.twimg.com/profile_banners/835155419622363139/1754548048"
"1468481874251362304","辉小志","imvihv","爱折腾的程序员，探索被动收入，梦想财务自由🥰","3249","7992","2593","17845","355","","","https://zerorust.dev","false","false","","false","true","2021-12-08 15:26:09","https://x.com/imvihv","https://pbs.twimg.com/profile_images/1871255832136192001/kRX1gM0f_400x400.jpg","https://pbs.twimg.com/profile_banners/1468481874251362304/1658635613"
"259611996","Bear Liu","bearbig","Product Designer, 10 year+ podcaster and author of 2 books. Love things around design, tech and productivity, making JAM at https://t.co/ZhUT9zdkzg 🍯","17989","108971","2600","5184","6417","产品设计师","Free newsletter  👉","https://bear.academy","false","true","","false","true","2011-03-02 14:53:54","https://x.com/bearbig","https://pbs.twimg.com/profile_images/803996540696084480/Z-uk8--s_400x400.jpg","https://pbs.twimg.com/profile_banners/259611996/1746610243"
"950460643173216256","idoubi","idoubicc","Building https://t.co/mOqCgk7jjr  /  https://t.co/vK21lE7HkK. ex: WechatPay Global","695","21411","336","352","177","","all in AI","","false","true","","false","true","2018-01-09 04:14:10","https://x.com/idoubicc","https://pbs.twimg.com/profile_images/1657754264729448448/1AOP0K4c_400x400.jpg","https://pbs.twimg.com/profile_banners/950460643173216256/1715493813"
"803040718876835841","supermao","buaaxhm","会点开发，Go、Python、Node、Js、Typescript。 新口头禅：向AI讨口饭吃。本推特主要是发点生活日常、段子，所有想法仅代表个人观点。与公司立场无关！","11572","13062","3958","14983","1274","","Beijing","https://github.com/hongmaoxiao","false","true","","false","true","2016-11-28 09:00:01","https://x.com/buaaxhm","https://pbs.twimg.com/profile_images/1864898092417568768/Xc94S79n_400x400.jpg","https://pbs.twimg.com/profile_banners/803040718876835841/1701968403"
"364478145","响马","xicilion","。。。。。。","21","60555","3445","19","0","科技","","https://fibjs.org/","false","false","","false","false","2011-08-30 04:52:12","https://x.com/xicilion","https://pbs.twimg.com/profile_images/1792551913969631232/tBrYW9Vq_400x400.jpg","https://pbs.twimg.com/profile_banners/364478145/1716313835"
"1253776193742163968","Guoqi Sun","sun0225SUN","🐣 00 后｜🍭 前端小学生（React）｜📸 摄影爱好者｜🚴 骑行蹭风选手

🎙️ talking https://t.co/bF15HKFe3F

🔨 building https://t.co/rIdNxgrmeO & https://t.co/v2Fcph7DnK

💼 I will have my own business.

✨ 路漫漫其修远兮，吾将上下而求索。","4509","5986","804","3275","1472","科技","Dalifornia, China","http://guoqi.dev","false","true","","false","true","2020-04-25 04:02:10","https://x.com/sun0225SUN","https://pbs.twimg.com/profile_images/1923447229517529090/8lC7A3Vo_400x400.jpg","https://pbs.twimg.com/profile_banners/1253776193742163968/1742730480"
"1502119029716127747","流光卡片~是魔王哒！","huangzh65903362","05 萌新全栈开发运营，不简单事情做简单，出海赚美刀。

有一个小产品：
“流光卡片，文字卡片工具，长文拆分卡片神器”

春节前目标 👇
1️⃣日入10🔪7 月达成，之后没有坚持每日上站，踩了不少坑
2️⃣月入1000🔪
3️⃣日入百刀🔪
接下来将正确的事重复执行

使用流光卡片发布帖子都会得到我的转发~🥰","4019","3070","951","6000","1265","","","https://fireflycard.shushiai.com/zh","false","true","","false","false","2022-03-11 11:07:50","https://x.com/huangzh65903362","https://pbs.twimg.com/profile_images/1970403971446796288/vEQO1Hmm_400x400.jpg","https://pbs.twimg.com/profile_banners/1502119029716127747/1734665614"
"1164388321545449472","卫斯理","imwsl90","程序员/产品经理/销售/中年已婚带2娃

- 互联网、编程、AI、情感、历史、八卦

TG: https://t.co/qhzcXic3G8

X增长陪跑服务，请TG联系！

VPS: https://t.co/MUq5TvH5p2
魔法：https://t.co/B5SfJ7LlqH","73312","78751","7440","44185","12391","科技","V: wesley6020","https://imwsl.com","false","true","","false","true","2019-08-22 12:06:29","https://x.com/imwsl90","https://pbs.twimg.com/profile_images/1770626410606141440/HFy0Ibg3_400x400.jpg",""
"452072245","铁锤人","lxfater","我在用 AI 协助我创业，赚钱，走向自由
我的录屏软件  https://t.co/S9MMiRiy7L
github 维护 3w star 项目：https://t.co/ytvQf2mtZO","9850","50343","1109","5542","1007","社交媒体影响者","我的所有信息-》》","https://www.lxfater.com","false","true","","false","true","2012-01-01 19:26:00","https://x.com/lxfater","https://pbs.twimg.com/profile_images/1723719195995807744/9JIAjVJr_400x400.jpg","https://pbs.twimg.com/profile_banners/452072245/1762837704"
"168139512","Geek","geekbb","🧠在家居士 | 🥦素食者 | 🏃🏻马拉松爱好者 | 💰省钱小能手 | 搭🪜技术资深学者 | 👨‍💻科技宅 | 🆕更新狂 | 🆅 六边型战五渣","23782","99741","393","16501","6153","科技","火星","https://www.igeekbb.com","false","false","","false","true","2010-07-18 22:10:39","https://x.com/geekbb","https://pbs.twimg.com/profile_images/1644898947272671233/7959WGOK_400x400.jpg","https://pbs.twimg.com/profile_banners/168139512/1689476157"
"18896395","大帅老猿","ezshine","边开房车边写代码走遍了中国 33 个省份，目前在清迈陪读，日常分享编程，游戏，AI，SEO，营销和生活。

🔍全网同名，个人微信@itdashuai","15564","50253","568","3213","2618","","blog ➡️","https://dashu.ai","false","true","","false","true","2009-01-12 17:29:14","https://x.com/ezshine","https://pbs.twimg.com/profile_images/687927732311863297/iJSmNFUt_400x400.jpg","https://pbs.twimg.com/profile_banners/18896395/1700505811"
"953625003802718208","Nick Schmidt","NickSchmidt","Always learning. Co-founder @TraderLion & @Deepvue.","25161","154715","288","68880","4421","企业家","NY","https://go.traderlion.com/subscribe","false","true","","false","true","2018-01-17 21:48:13","https://x.com/NickSchmidt","https://pbs.twimg.com/profile_images/1987585668759814144/PfP2Xkjq_400x400.jpg","https://pbs.twimg.com/profile_banners/953625003802718208/1750019679"
