﻿"User ID","Name","Username","Bio","Tweets Count","Followers Count","Following Count","Favourites Count","Media Count","Professional","Location","Website","Verified","Is Blue Verified","Verified Type","Protected","Can DM","Created At","Profile URL","Avatar URL","Profile Banner URL"
"780262031899242496","志辉","iamzhihui","10 年架构师，现在在学习 AI， 喜欢分享点有用，有趣的事情","769","3567","642","846","64","","","","false","true","","false","false","2016-09-26 12:25:39","https://x.com/iamzhihui","https://pbs.twimg.com/profile_images/1978098197122748417/jxAKxT1n_400x400.jpg","https://pbs.twimg.com/profile_banners/780262031899242496/1761282558"
"855303666722525184","摆烂程序媛","wanerfu","大厂牛马 🐮 🐴｜日常摆烂 🏖️

分享泛互联网 👩‍💻 ｜ 泛科技资讯 💬 |  AI 🤖  |  web 3💰
 
渴望退休、渴望财务自由 🆓 💸

一站式AI工具:

🔗 https://t.co/ASzfTXDak9","4589","97721","167","11334","3985","科技","宇宙中心","","false","true","","false","true","2017-04-21 14:14:19","https://x.com/wanerfu","https://pbs.twimg.com/profile_images/1695073712612016128/xjiHduPl_400x400.jpg","https://pbs.twimg.com/profile_banners/855303666722525184/1692971868"
"1597294270226092042","素人极客-Amateur Geek","changli71829684","360集团-纳米AI提示词工程顾问。
文科人，原创500+提示词工程。
独家20条黄金AI交互法则，
用AI对传统任务，狂抽猛送三千下。
我正在做的事：复刻那些底层内核强大的人。
AI课：AI捏人大法，重塑灵魂底价。","7009","5110","560","5239","431","教育","合作微：surenjike0123","","false","true","","false","true","2022-11-29 02:20:26","https://x.com/changli71829684","https://pbs.twimg.com/profile_images/1600900605668491269/mqTJl9NA_400x400.jpg","https://pbs.twimg.com/profile_banners/1597294270226092042/1669881223"
"1639144776368025600","彻易Heawcyrt","Lay78Ever","INFJ | All in AI x 自媒体 x 自由职业🚀
10x is easier than 2x 📈 | The obstacle is the way.
分享生活碎片🧩 | 深度思考🧠 | 搞钱日记💰 | 每日精进¹ᐟ₃₆₅","4971","3163","611","11388","650","","","","false","true","","false","true","2023-03-24 13:59:24","https://x.com/Lay78Ever","https://pbs.twimg.com/profile_images/1922464504149114885/KKH8ClXS_400x400.jpg","https://pbs.twimg.com/profile_banners/1639144776368025600/1746507311"
"1776995846267265024","亦明 EthanRay","cheyimingf","自营交易员 | 帮助交易员获得平台资金
公众号：亦明讲交易","92","83","790","251","3","","","","false","false","","false","false","2024-04-07 23:30:11","https://x.com/cheyimingf","https://pbs.twimg.com/profile_images/1983369021421756416/UFZT1u_1_400x400.jpg","https://pbs.twimg.com/profile_banners/1776995846267265024/1761706763"
"1821092702127300608","糖拌西红柿🍅","tangbanxihongsi","分享教程，实用工具，行业解决方案，日常生活美好分享","214","92","645","137","61","科技","","","false","true","","false","false","2024-08-07 15:55:52","https://x.com/tangbanxihongsi","https://pbs.twimg.com/profile_images/1984254999858380800/upLjQRuH_400x400.jpg","https://pbs.twimg.com/profile_banners/1821092702127300608/1761918383"
"1478042617958912005","知识分享官","knowledgefxg","热爱知识，没事分享点有趣硬核的东西,包含英语学习，AI编程，科技软件，资源网站等等。来都来了，点点关注😘。 合作请DM私信。","7814","192990","1564","38617","2638","科技","","https://en.knowledgefxg.com/","false","true","","false","true","2022-01-04 00:39:09","https://x.com/knowledgefxg","https://pbs.twimg.com/profile_images/1485604570898526208/Bfi12r9h_400x400.jpg","https://pbs.twimg.com/profile_banners/1478042617958912005/1738162096"
"1958801928693129216","邪修玩AI-诗泳","LiEvanna85716","AI视觉设计师 | 专注AIGC工具测评与实战教程 🚀▢AI绘画 ▢设计工作流｜品牌/产品/动画设计 | 用AIGC为您实现创意 | 欢迎合作👉精华沉淀：公众号 邪修AI教主-诗泳","235","833","90","56","58","","","","false","true","","false","true","2025-08-22 16:02:40","https://x.com/LiEvanna85716","https://pbs.twimg.com/profile_images/1977901941289365504/ga9WjN0v_400x400.jpg","https://pbs.twimg.com/profile_banners/1958801928693129216/1755852763"
"1072388864487055360","来去之间🇺🇦","ComeAndGo8964","移动互联网分析师/不拉黑任何人/牛排吃9成熟/囤积强迫症/电影/大聪明/网络安全质检员/爆脾气/不对任何政治人物产生信仰/黑暗游侠/大叔/无权解封账号/能打胜仗/作风优良/私信功能已关闭/大外宣/收放自如/为新浪指明方向","22972","45109","10064","17746","3148","媒体人物","","http://weibo.com","false","false","","false","false","2018-12-11 15:13:24","https://x.com/ComeAndGo8964","https://pbs.twimg.com/profile_images/1360790745108647939/z9NmJbGB_400x400.jpg","https://pbs.twimg.com/profile_banners/1072388864487055360/1761887386"
"323554812","龙鳞","LonglinX","AI × Product × Growth 🚀

Building, scaling, nomading.

Urban Planner → PropTech → AI Product Builder 🏗️→🚀
Affiliate Dev & Product Maker Nomading with Kelly🐕","451","154","210","175","19","","","https://llcclass.com/zh/foreigners","false","true","","false","false","2011-06-25 09:16:08","https://x.com/LonglinX","https://pbs.twimg.com/profile_images/1983520250290429953/UXeeCxVf_400x400.jpg","https://pbs.twimg.com/profile_banners/323554812/1761892070"
"1249322582869852161","Ian (伊恩)","ianneo_ai","追波中国区Top设计师 | Muzli每日霸榜选手 | 懂审美的AI实战派；不只聊AI，更专注帮你少加班、多搞钱；合作DM，🏆 Dribbble 作品集: https://t.co/Ca5Z76OezZ","824","4516","399","1354","100","产品设计师","china","https://dribbble.com/neocurve","false","true","","false","true","2020-04-12 21:04:58","https://x.com/ianneo_ai","https://pbs.twimg.com/profile_images/1891533502811865088/TGLd-ENY_400x400.jpg","https://pbs.twimg.com/profile_banners/1249322582869852161/1762441864"
"1850075259120369664","吴美律AI日记","wumeilv_ai","🎯AI编程入门与提效📌出海实战与案例分享❤️自媒体与流量增长🏃‍♀️正在尝试通过AI编程搭建第一个出海网站 知识星球：吴美律AI实战营","967","3007","472","1961","78","","","","false","true","","false","false","2024-10-26 15:21:38","https://x.com/wumeilv_ai","https://pbs.twimg.com/profile_images/1963855479287037952/va2PFwKK_400x400.jpg",""
"1070281907349479424","Soran（懒人的 AI 万能口袋）","yinlin66","INTJ 天蝎｜
😼懒人的 AI 万能口袋，效率加速器｜
专为小白打造的 AI 实用教程｜
😻小白也能vibe coding做产品｜
分享我 2 年的AI 踩坑自救手册","2502","353","255","2750","39","科技","","","false","true","","false","true","2018-12-05 19:41:06","https://x.com/yinlin66","https://pbs.twimg.com/profile_images/1984464546203910144/Me5ZZNiu_400x400.jpg","https://pbs.twimg.com/profile_banners/1070281907349479424/1762300920"
"1103489280188461056","AISmart","makuta22923984","前端开发者，研究在线协同文档与 AI 出海产品，关注教育科技与认知工具。投资理财，量化学习中。 https://t.co/zBU9bZaQ9D 填词游戏 创作者
#前端开发 #协同文档 #AI #教育科技 #出海 #投资理财","481","183","243","541","70","","","","false","true","","false","false","2019-03-07 10:55:21","https://x.com/makuta22923984","https://pbs.twimg.com/profile_images/1982661163591561216/_iUilbKy_400x400.jpg","https://pbs.twimg.com/profile_banners/1103489280188461056/1761393775"
"1226419222474936320","苍何","canghecode","专注AI出海，AI编程，智能体，MCP，努力分享一些有趣，实用的AI干货，公众号：苍何","1175","3551","434","506","262","科技","wuhan","https://canghecode.com","false","true","","false","false","2020-02-09 16:15:56","https://x.com/canghecode","https://pbs.twimg.com/profile_images/1744283141219680256/5DcrV0du_400x400.jpg","https://pbs.twimg.com/profile_banners/1226419222474936320/1707200700"
"1518692390478917632","Michelle Li · 米总在路上","jardinmichelle2","Serial entrepreneur & founder of @Mywellbot — where AI meets nutrition & habits 🌿 Believing food is more than calories. China · France · Canada","570","593","400","190","63","","Greater Vancouver","http://www.mywellbot.com","false","true","","false","false","2022-04-26 04:44:28","https://x.com/jardinmichelle2","https://pbs.twimg.com/profile_images/1986889389461676034/nukxvdwY_400x400.jpg","https://pbs.twimg.com/profile_banners/1518692390478917632/1762551907"
"1976285144991608833","MindfulReturn 身心修复局","MindfulReturn","人生极简修 bug 师，聚焦极简内观呼吸法， 文章精选及付费栏目请查看下面链接：","1030","4623","358","1689","143","","Macau","http://rebootmindful.github.io/mindfulreturn/","false","true","","false","false","2025-10-09 21:54:47","https://x.com/MindfulReturn","https://pbs.twimg.com/profile_images/1976288711743774720/aQHjghWV_400x400.jpg","https://pbs.twimg.com/profile_banners/1976285144991608833/1760104550"
"1833799736262074368","Xiaopeng He","xiaopenghexpeng","Chairman & CEO, XPENG Motors","138","6582","23","108","71","","Guangzhou ","http://www.xpeng.com","false","true","","false","false","2024-09-11 17:28:34","https://x.com/xiaopenghexpeng","https://pbs.twimg.com/profile_images/1833799891673649152/-kjnhtGj_400x400.jpg","https://pbs.twimg.com/profile_banners/1833799736262074368/1726047057"
"130745589","Fei-Fei Li","drfeifei","Prof (CS @Stanford), Co-Director @StanfordHAI, Cofounder/CEO @theworldlabs, #AI #SpatialIntelligence #GenAI #computervision #robotics #AI-healthcare","2861","538721","1154","7089","275","","Stanford, CA, U.S.A.","http://svl.stanford.edu","false","true","","false","false","2010-04-08 13:16:30","https://x.com/drfeifei","https://pbs.twimg.com/profile_images/841385099799085056/R1iX4QGX_400x400.jpg","https://pbs.twimg.com/profile_banners/130745589/1691282908"
"1759716641892679680","没有神的光环","NoGodHalo","👨‍💻 AI 程序员 / 创业者 / 小城居民  。 扛着电脑，也扛着孩子。没有神的光环，只有平凡人的汗水和思考。","284","108","1478","82","63","","","","false","true","","false","true","2024-02-20 07:08:46","https://x.com/NoGodHalo","https://pbs.twimg.com/profile_images/1983274988569235456/zyaBAkgx_400x400.jpg",""
"1899037940501839872","Nicolechan","stark_nico99","分享出海增长历程和干货 | Building YouMind | Co-founder & Growth Leader | Ex-CMS Securities UX | Ex-Tencent Alumni Content Lead | Community & Content Expert @Youmind_AI","298","1646","544","2273","26","","","https://youmind.com/","false","true","","false","false","2025-03-10 18:02:14","https://x.com/stark_nico99","https://pbs.twimg.com/profile_images/1980138155312304128/4C6tfjLW_400x400.jpg","https://pbs.twimg.com/profile_banners/1899037940501839872/1758634718"
"1377234557389316101","金鱼爸爸（好笑群群主）","XMjinyu","好笑群群主｜币圈韭菜｜八年创业｜信息整理｜贪财好色","217","21","209","113","85","","附近的人","","false","false","","false","false","2021-03-31 20:21:33","https://x.com/XMjinyu","https://pbs.twimg.com/profile_images/1848540606819139584/DMYD4eAx_400x400.jpg","https://pbs.twimg.com/profile_banners/1377234557389316101/1729561448"
"921074636095348737","Bob Zhang | Humorist","affLeopard","Content Marketer | Public Speaker | Ex-Standup Comic
📝Tweet tips on Content Marketing, X Marketing.
分享内容创作、内容营销、X营销的干货。帮你创作优质内容、获得更多客户！
English X: @Bobzhangai","3272","3238","712","6963","839","","查看精选帖子👉","https://x.com/affLeopard/status/1988770822769799221","false","true","","false","true","2017-10-20 02:04:40","https://x.com/affLeopard","https://pbs.twimg.com/profile_images/1972532533821927424/JMzRd4Jg_400x400.jpg","https://pbs.twimg.com/profile_banners/921074636095348737/1760725191"
"1889586332198117381","Latte","0xbisc","Product Designer & AI Explorer
Crafting UI/UX for blockchain
Sharing tech insights｜Learn in public
Open to new projects and collaborations🪄","335","2121","305","1182","50","","","","false","true","","false","true","2025-02-12 16:04:31","https://x.com/0xbisc","https://pbs.twimg.com/profile_images/1907734121008476161/z7bFjpo1_400x400.jpg","https://pbs.twimg.com/profile_banners/1889586332198117381/1741075972"
"1938803593576067072","Adam也叫吉米","Adam38363368936","职场探路人，连续创业者 ︱ 前AI大厂市场人︱如今 All in：AI搞钱实战 x 内容IP x 个人成长︱不讲正确的废话，只分享我踩过的坑和验证过的路。","1349","690","530","907","93","","","","false","true","","false","true","2025-06-28 11:42:42","https://x.com/Adam38363368936","https://pbs.twimg.com/profile_images/1939170082405396480/QvHt62st_400x400.jpg","https://pbs.twimg.com/profile_banners/1938803593576067072/1751169240"
"130385559","段少🎵DaDalus","BinaryHB","Founder https://t.co/4DoPZ86hgw Co-founder https://t.co/R2KMpEyQvG","6134","2364","767","16797","437","","dadalus.eth","","false","true","","false","false","2010-04-07 12:12:21","https://x.com/BinaryHB","https://pbs.twimg.com/profile_images/1631932738789056512/uupwNVRq_400x400.jpg","https://pbs.twimg.com/profile_banners/130385559/1482074340"
"1729328295081295872","无名布道师","UnfamousGuider","ex Senior Engineer @Baidu_inc","61","365","252","201","3","","Australia","","false","true","","false","false","2023-11-28 10:36:17","https://x.com/UnfamousGuider","https://pbs.twimg.com/profile_images/1916383083324182533/GVpKVZLv_400x400.jpg","https://pbs.twimg.com/profile_banners/1729328295081295872/1701570421"
"1974826100015730688","Hazel紫苏","hazelwong_","AI is future ｜ AI出海 ｜职场AI提效 ｜ 外贸AI应用 ｜币圈web3小白 | 爱阅读思考 | 我的未来我做主","232","214","184","828","19","","","","false","true","","false","false","2025-10-05 21:17:08","https://x.com/hazelwong_","https://pbs.twimg.com/profile_images/1984451198506975234/75GRngwv_400x400.jpg","https://pbs.twimg.com/profile_banners/1974826100015730688/1762009846"
"26654586","M.","wlzh","🎯AI玩家","5010","8410","263","7846","1041","","VX&TG：+gxjdian","https://t.me/tgmShare","false","true","","false","true","2009-03-26 09:31:32","https://x.com/wlzh","https://pbs.twimg.com/profile_images/1971564093330100224/LUdVXeKz_400x400.jpg","https://pbs.twimg.com/profile_banners/26654586/1755613642"
"732380227901366272","robotbird","PMAndDog","📚 Learner · 💡 Prompter· 🛠 Creator 
🎨 Works: https://t.co/8A7wGkIgXR  |   ChaTab(chrome plugin)","626","365","453","309","113","科技","浙江, 中华人民共和国","https://www.jqpress.com/","false","true","","false","false","2016-05-17 09:20:28","https://x.com/PMAndDog","https://pbs.twimg.com/profile_images/1973212982940446720/ioEwhPPf_400x400.jpg",""
"1807043606320214016","外贸赶路人Michael","imichaelsoho","公众号：外贸赶路人 🌊解决外贸跨境出海问题🎨打造个人商业自媒体，SOHO一人公司，数字游民，Web3，努力奔赴自由职业ing📱咨询沟通交流⬇️","2920","5290","573","1822","647","社交媒体影响者","vx/WeChat: sohofree","https://imichaelsoho.com/","false","true","","false","true","2024-06-29 21:29:15","https://x.com/imichaelsoho","https://pbs.twimg.com/profile_images/1936062878068449280/jgFgn3AS_400x400.jpg","https://pbs.twimg.com/profile_banners/1807043606320214016/1750767077"
"1983404875921928193","Echo Zhou","echozhou68","10+ Years in International Business | Always Exploring ENTJ in the AGI wave, logging how AI reshapes efficiency, marketing, wealth & personal growth. 🚀","220","317","274","163","49","","Mainland China","","false","true","","false","false","2025-10-29 13:25:56","https://x.com/echozhou68","https://pbs.twimg.com/profile_images/1985904971376918528/kPUTjf9a_400x400.jpg","https://pbs.twimg.com/profile_banners/1983404875921928193/1762654035"
"761100642282713089","朱无忌无忌","Wujizhuzhu","公众号：快马财媒 | 一人公司 | 终身学习者|创业者|跑步🏃| 纳指标普定投 | 财务自由 |Z-library Points北京站|利物浦球迷","3432","4551","804","1101","203","媒体和新闻公司","North Region, Singapore","","false","true","","false","false","2016-08-04 15:25:08","https://x.com/Wujizhuzhu","https://pbs.twimg.com/profile_images/1972613352091484160/eZq8Ek1G_400x400.jpg","https://pbs.twimg.com/profile_banners/761100642282713089/1758856665"
"1249358784767479810","热教","couchRe","中大厂待过，现国企技术leader。目前想通过一些技术课程获得收益，分享知识，分享快乐。欢迎互fo。","35","47","74","159","3","","","","false","false","","false","false","2020-04-12 23:28:54","https://x.com/couchRe","https://pbs.twimg.com/profile_images/1957030414062874624/HTitm3c6_400x400.jpg",""
"1760529823259312128","Andy Yang","AndyEduAI","我的「陪读日记」：和闺女在香港成长。

主业是爸爸，副业是：
▪️ AI应用探索者，帮你把高科技变成学习利器
▪️ 英语 & 投资学习者，相信终身成长的力量
▪️ 教育心得记录者，分享干货与生活

从维港夜景到书房灯火，一起聊聊教育、学习和未来。","336","208","309","509","28","","香港","","false","true","","false","false","2024-02-22 13:00:13","https://x.com/AndyEduAI","https://pbs.twimg.com/profile_images/1977673283878408192/_EIPL5sg_400x400.jpg","https://pbs.twimg.com/profile_banners/1760529823259312128/1760747965"
"1638740582318354432","砰砰砰","li5359826589201","做你热爱的","60","35","278","94","1","","","","false","false","","false","true","2023-03-23 11:13:03","https://x.com/li5359826589201","https://pbs.twimg.com/profile_images/1641995904344547336/3UEUtVU9_400x400.jpg",""
"1892802325586333699","serva huang","servasyy","古早程序员 | AI出海 | 自由职业
机车游侠&机速购&骑享租创始人
15年前 freelance 起步 → 连续创业者 → 亏过1个亿，逆风翻盘中
分享创业，AI，生活，读书，健身，中医","2974","8358","542","5374","116","","","","false","true","","false","true","2025-02-21 13:03:54","https://x.com/servasyy","https://pbs.twimg.com/profile_images/1969304899877027840/Ok6tYp0b_400x400.jpg","https://pbs.twimg.com/profile_banners/1892802325586333699/1760433997"
"1733818969134661632","Mike Yang","Mike_yanger","AI Entrepreneur | Indie Dev ｜The Lord is my shepherd, I shall not want. He makes me lie down in green pastures, He leads me beside still waters.","1683","4315","642","1458","64","","","http://mikeyang.cc","false","true","","false","false","2023-12-10 20:01:00","https://x.com/Mike_yanger","https://pbs.twimg.com/profile_images/1988067877984022529/VaAsqCpN_400x400.jpg","https://pbs.twimg.com/profile_banners/1733818969134661632/1760690176"
"839464991510020097","AI自动化坤哥","noexcuse555","95后｜连续创业10年｜做过日入百万的IP产品
用n8n+AI帮你搭建自动赚钱系统
每周分享可落地工作流","234","3988","97","279","73","社交媒体影响者","免费社群👉","https://www.skool.com/aiagent-2146/about?ref=6d304c88a49e4ecab501b3888c816aa7","false","true","","false","true","2017-03-08 21:17:05","https://x.com/noexcuse555","https://pbs.twimg.com/profile_images/1986306052078587904/O8-eipb__400x400.jpg","https://pbs.twimg.com/profile_banners/839464991510020097/1762407243"
"1472063616","Zara Zhang","zarazhangrui","Building AI x learning products. Harvard’17. Side project: https://t.co/QTlH7OGcGy YouTube: https://t.co/8xzbGWtf6w Substack: https://t.co/dDPEWGiuBW","1111","16347","1314","1032","206","","San Jose, CA","http://www.zarazhang.com","false","true","","false","true","2013-05-31 20:52:30","https://x.com/zarazhangrui","https://pbs.twimg.com/profile_images/1742369596534067200/Ts-5zSJ6_400x400.jpg",""
"1618975370488999936","AshutoshShrivastava","ai_for_success","Post about latest AI news, tools, tutorials and memes.","71339","71488","2477","138214","10829","科技","sponsorships 📩 or check my 🌐","https://ashutoshai.com","false","false","","false","true","2023-01-27 22:13:25","https://x.com/ai_for_success","https://pbs.twimg.com/profile_images/1687401026805256192/uQ1o2wVQ_400x400.jpg","https://pbs.twimg.com/profile_banners/1618975370488999936/1739214839"
"1369089513473990658","飞凡","feifan7686","只输出价值 | 宏观 | 二级｜加密圈高级认知 | 非AI ｜只评论价值帖子 | ICT｜微信投研群：feifan7686 ｜专注加密投研 | 合作DM |#DYOR | #Binance 数字货币交易平台， #币安👉https://t.co/baPS98KWhD","19282","45964","4960","2021","411","金融服务","","https://t.me/Starslabs78","false","true","","false","true","2021-03-09 08:55:58","https://x.com/feifan7686","https://pbs.twimg.com/profile_images/1582367675954892801/ebQKm__v_400x400.jpg","https://pbs.twimg.com/profile_banners/1369089513473990658/1615252451"
"1717728951123025920","AI产品黄叔","PMbackttfuture","两家大厂AI产品顾问 我的AI编程社团：https://t.co/SLvvrAwXeD","946","10175","222","920","270","","","","false","true","","false","true","2023-10-27 10:24:41","https://x.com/PMbackttfuture","https://pbs.twimg.com/profile_images/1743267669124816896/wv6pXt1q_400x400.jpg",""
"1926144412079280128","超级个体｜柿子","yaohui12138","超级个体践行者｜AI产品经理，日常分享 AI搞钱实战，AI编程系列教程，AI工作流实操， 只分享干货，利他即利己. 公众号：AI超级个体柿子","1642","3591","159","2456","92","","","","false","true","","false","true","2025-05-24 13:13:20","https://x.com/yaohui12138","https://pbs.twimg.com/profile_images/1964576447827496961/7rPS82Jd_400x400.jpg","https://pbs.twimg.com/profile_banners/1926144412079280128/1756980862"
"50683","ding.one","dingyi","Prev: Bewater, Mask, OPPO, 36Kr...
Design Newsletter ‣ https://t.co/q1JG1yCzdb
Design Engineer News ‣ https://t.co/uHtq1Z3Kus
Promote your product: dingyi@me.com","56071","159785","4675","3196","2302","产品设计师"," Remote","http://ding.one","false","true","","false","true","2006-12-08 23:10:12","https://x.com/dingyi","https://pbs.twimg.com/profile_images/1961774857223630848/YOjEFAE0_400x400.jpg","https://pbs.twimg.com/profile_banners/50683/1582434442"
"1973363489109581828","fishCookies","CodesCookies","前大厂螺丝钉 | 现个人开发者/思考者 | 记录从0到1的构建之路｜我现在除了对自己和未来的求知欲一无所长","25","136","95","56","5","","shanghai","","false","true","","false","false","2025-10-01 20:26:17","https://x.com/CodesCookies","https://pbs.twimg.com/profile_images/1973365729761304579/a9PQPLO3_400x400.jpg",""
"1567021951708975106","一为 Yiwei","2022_ops","🏠 上海 👉 伦敦 👉

💼 心理师｜心理教练｜AI产品marketing

🚀 搞钱 + 创业中","129","41","211","241","14","Content Creator","London, England","","false","false","","false","true","2022-09-06 13:28:53","https://x.com/2022_ops","https://pbs.twimg.com/profile_images/1906028025747001344/LLJVKMRo_400x400.jpg","https://pbs.twimg.com/profile_banners/1567021951708975106/1744761195"
"2932265213","Lesley","Lesley_912","四年 web3 市场/内容运营/猎头可对接 🥂
分享行业思考、英语学习、生活日常 💡  
tg 群 https://t.co/3lFTUAgbmX 💬","76","457","338","103","19","","","","false","true","","false","false","2014-12-20 00:49:15","https://x.com/Lesley_912","https://pbs.twimg.com/profile_images/1877239756381368320/wJej0_F1_400x400.jpg","https://pbs.twimg.com/profile_banners/2932265213/1725809778"
"1468104021114195969","LISON CHEN","ChenLison","I want to be an artist in the spotlight, believe me.","192","297","52","5199","136","艺术家","","https://opensea.io/HBN_AQUIL","false","false","","false","false","2021-12-07 14:24:22","https://x.com/ChenLison","https://pbs.twimg.com/profile_images/1967977265574338560/Rp5gPCLi_400x400.jpg",""
"100399047","Tz","Tz_2022","AI is the steam engine of the mind. AI是心灵的蒸汽机。
科幻是现实的有效坍塌。加速正在被加速。
看，那千尺海啸正扑面而来，而我们还在海滩上捡垃圾。
念念不忘，必有回响。","5109","11051","1366","8750","955","科技","Edinburgh, UK","","false","false","","false","false","2009-12-30 12:06:23","https://x.com/Tz_2022","https://pbs.twimg.com/profile_images/1579478276287905794/7-2NGiY3_400x400.jpg","https://pbs.twimg.com/profile_banners/100399047/1724471757"
"1889198325607632896","二竹| 🌊RIVER","2AazY47K6m34310","加密货币爱好者❤️｜新手韭菜｜所有内容不够成投资建议｜梭哈🫵｜空投、撸毛｜KOL TEAM ｜https://t.co/fEV3zlFWYv","1193","5010","5065","3823","262","","Hong Kong","","false","true","","false","false","2025-02-11 14:22:45","https://x.com/2AazY47K6m34310","https://pbs.twimg.com/profile_images/1889516496789053443/FCzHoyTC_400x400.jpg","https://pbs.twimg.com/profile_banners/1889198325607632896/1739330847"
"1624410058288410624","CK LAU劉松剛","CK_Lau_HK","District Councillor
Tsuen Wan, Hong Kong.
Glad to connect with you and establish a Twitter friendship.💙🧡
#LoveHongKong 
#LoveChina","2453","10311","11245","27137","627","","Tsuen Wan, Hong Kong","https://www.facebook.com/cklau51878877","false","false","","false","false","2023-02-11 22:08:49","https://x.com/CK_Lau_HK","https://pbs.twimg.com/profile_images/1628292359715958784/yBOsMwut_400x400.jpg","https://pbs.twimg.com/profile_banners/1624410058288410624/1676965391"
"1783506872290664448","Kevin Ma","kevinma_dev_zh","👨‍💻 全栈开发 | 兩个娃 🧒 | 四只貓😸 | 喜欢听许巍/李健 🎶, 喜欢读王小波 📚 | 做过运维, 做过开发, 创过业, 在工厂打过杂 | 努力养家糊口 | 坚持学英语 | 分享英语, AI, 自媒体","2540","6188","593","6273","106","","","https://kevinma2010.net/service/","false","true","","false","true","2024-04-25 22:43:41","https://x.com/kevinma_dev_zh","https://pbs.twimg.com/profile_images/1783509931813154816/O2ZjRUSc_400x400.jpg","https://pbs.twimg.com/profile_banners/1783506872290664448/1714057364"
"1586237383200034817","yongge趋势研究","Michell49473040","这该死的正义感，不要停止探索这个世界， 持有比特狗   $dog 人民的比特币","5418","942","4177","44211","176","","","","false","true","","false","false","2022-10-29 14:04:08","https://x.com/Michell49473040","https://pbs.twimg.com/profile_images/1745102628781178880/Cpby0Rph_400x400.jpg","https://pbs.twimg.com/profile_banners/1586237383200034817/1758370602"
"1687135495049129984","Kechen Li@LinChance","Kechen_Li2018","Gen Z AI Researcher | Founder LinChance & Halo – AI curates perfect Gen Z matches via events, AR & vibes (bye swipe fatigue!) | All-in on AI | DM collabs!","106","121","427","434","4","科技","","https://scholar.google.com/citations?user=Tv1y8wEAAAAJ","false","true","","false","true","2023-08-04 00:17:16","https://x.com/Kechen_Li2018","https://pbs.twimg.com/profile_images/1890786655155748864/out6pZFk_400x400.jpg","https://pbs.twimg.com/profile_banners/1687135495049129984/1739742037"
"602580143","瑞克克","aiRickMomo","⛵️ 产品经理，在实践出海 📝 平时分享一些见闻和思考 💰 金融小白的 Agentic 量化系统从零搭建日记","103","88","185","156","30","","A.I. && Crypto","","false","true","","false","false","2012-06-08 16:27:45","https://x.com/aiRickMomo","https://pbs.twimg.com/profile_images/1957275473416970241/MfWLnUis_400x400.jpg","https://pbs.twimg.com/profile_banners/602580143/1742525692"
"1932328766556258304","MR BOB","BOB00Z","重新感知世界","605","138","78","473","48","","","","false","false","","false","false","2025-06-10 14:49:06","https://x.com/BOB00Z","https://pbs.twimg.com/profile_images/1966718732543373312/DZWmqhdE_400x400.jpg","https://pbs.twimg.com/profile_banners/1932328766556258304/1757737804"
"1558642294936715264","pr1nciple","principlezhang","#INTP 程序员 · 苹果人 · Bitcoin Maxi","1189","662","1150","584","81","","","","false","true","","false","false","2022-08-14 10:31:08","https://x.com/principlezhang","https://pbs.twimg.com/profile_images/1978039981395652608/AIkf6Jsx_400x400.jpg","https://pbs.twimg.com/profile_banners/1558642294936715264/1740297768"
"1554325830708314112","droidHZ","hezhiyan7","嗨，这里是赫兹，网站出海生意人 ，公开记录网站开发每一步！","987","2892","303","844","97","","","http://droidhz.com","false","true","","false","false","2022-08-02 12:39:09","https://x.com/hezhiyan7","https://pbs.twimg.com/profile_images/1942385394554728448/b9FlYTW2_400x400.jpg","https://pbs.twimg.com/profile_banners/1554325830708314112/1757243110"
"1611034105290063873","TianMing","IndieMakerMing","独立开发者天明｜专注流程自动化领域
🔥 免费 n8n 工作流模版站 - https://t.co/t39q1Rm8Ud","383","183","261","136","92","","","","false","true","","false","true","2023-01-06 00:17:30","https://x.com/IndieMakerMing","https://pbs.twimg.com/profile_images/1943678282756431873/KOlxh9Ab_400x400.jpg","https://pbs.twimg.com/profile_banners/1611034105290063873/1727193772"
"1717726640040783872","泊舟","bozhou_ai","🧠AI 程序员 & Vibe 编码者 | 构建 AI 工具、系统提示与高效流程 | 热爱设计、编码，将想法转化为影响力🚀| 云服务器，高端显卡租赁","1749","4566","489","2462","158","科技","杭州","","false","true","","false","true","2023-10-27 10:15:31","https://x.com/bozhou_ai","https://pbs.twimg.com/profile_images/1971027619232796672/RvWGRpkC_400x400.jpg","https://pbs.twimg.com/profile_banners/1717726640040783872/1760612203"
"1858777028688039936","傅盛","FuSheng_0306","猎豹移动董事长兼CEO，猎户星空董事长@orionstar2016 ｜ 生日3月6日，打造了早期的360安全卫士｜TikTok最早期的投资人｜是上市公司CEO，也是陪女儿打游戏的老爸玩家｜ 是连续创业者，也是从220斤爆改到150斤的运动达人","557","12872","277","188","267","技术公司","Palo Alto","https://www.youtube.com/@FuSheng_AI","false","true","","false","false","2024-11-19 15:39:21","https://x.com/FuSheng_0306","https://pbs.twimg.com/profile_images/1861635667035607040/t6sP_RUA_400x400.jpg","https://pbs.twimg.com/profile_banners/1858777028688039936/1756807747"
"3151608288","AppSail.dev","AppSaildotDEV","Build  https://t.co/6hXCeF4SjA  https://t.co/bJvmBtFnWm
🚀 X BoostClub 350w+ 社区  #XBC Partner
🏂 🏄 🛹 Lover of boards & freedom
#独立开发者 #港卡 #汇丰卓越  #资金回国
付费咨询请私信","4480","10618","1215","5563","270","科技","Singapore","https://x-boostclub.notion.site/","false","true","","false","true","2015-04-12 23:43:33","https://x.com/AppSaildotDEV","https://pbs.twimg.com/profile_images/1898997683634978816/jmJl9q7A_400x400.jpg",""
"1660598418409127937","GitHubDaily","GitHub_Daily","💡 挖掘开源的价值
🧑🏻‍💻 坚持分享 GitHub 上高质量、有趣、实用的教程、AI工具、前沿 AI 技术
🧐 A list cool, interesting projects of GitHub.
✏️ 公众号：GitHubDaily","1539","54126","136","33","1521","","","https://github.com/GitHubDaily/GitHubDaily","false","true","","false","true","2023-05-22 18:48:49","https://x.com/GitHub_Daily","https://pbs.twimg.com/profile_images/1660876795347111937/EIo6fIr4_400x400.jpg","https://pbs.twimg.com/profile_banners/1660598418409127937/1684818863"
"1131442257675083777","Cell 细胞","cellinlab","⚡️ 「BIP 订阅制真人秀」概念提出者 ｜ 💻 独立开发者 ｜🌍 造物矩阵 @ZaoWuJuZhen & 小火炉播客 @XiaohuoluFM 创始人 ｜🎯 关注 AI & Crypto · 构建创作者生态 · 探索个体与社区的更多可能 ｜🌐 English: @CellNomad","12051","20118","4523","13426","2240","科技","","https://www.cellinlab.com","false","true","","false","true","2019-05-23 14:10:30","https://x.com/cellinlab","https://pbs.twimg.com/profile_images/1634900405724545031/gQgQEpaj_400x400.jpg","https://pbs.twimg.com/profile_banners/1131442257675083777/1732942869"
"2943557672","1024","xiaohua_888","全干工程师 只工作不上班 公众号：硅基思维","902","1963","418","704","340","","","","false","true","","false","false","2014-12-26 13:33:06","https://x.com/xiaohua_888","https://pbs.twimg.com/profile_images/1873938005683298306/KeuC-zZO_400x400.jpg","https://pbs.twimg.com/profile_banners/2943557672/1762297891"
"1602939289532502016","翼小旭Sunny Zou","zouxulucky","效率工具PM｜10+年软件出海 & 商业化经验｜动手党，偶尔手搓小工具 记录产品思考 & 出海实战","1516","2343","326","1065","63","","","http://zouxu.fun","false","true","","false","false","2022-12-14 16:11:57","https://x.com/zouxulucky","https://pbs.twimg.com/profile_images/1970297019656011777/zAIB1kLc_400x400.jpg","https://pbs.twimg.com/profile_banners/1602939289532502016/1758118655"
"1639460977510092803","极客杰尼","seekjourney","老实憨厚的技术人｜AI出海实战派：https://t.co/dLMTi0TT4n ｜公众号：极客杰尼  ｜编程之道：https://t.co/TRfntMpEIK｜公众号排版器：https://t.co/Nbya0npukd","2331","4503","770","3327","525","","","https://www.geekjourney.dev","false","true","","false","false","2023-03-25 10:55:48","https://x.com/seekjourney","https://pbs.twimg.com/profile_images/1969069943766536192/opyw1L1U_400x400.jpg","https://pbs.twimg.com/profile_banners/1639460977510092803/1759826188"
"1904355639243218944","不知","pxNl8MfkN338618","青年吐槽家丨铲屎的丨表情包库存999+ 丨资深相声听众丨目标是成为知名无业游民丨非著名AI使用家
菜无梗可活，人若无梗如何？","131","43","95","60","48","互联网公司","","","false","true","","false","false","2025-03-25 10:12:33","https://x.com/pxNl8MfkN338618","https://pbs.twimg.com/profile_images/1922838481883234304/-vvZO4qF_400x400.jpg","https://pbs.twimg.com/profile_banners/1904355639243218944/1758125828"
"1587376519860539392","牛油果先生","huolong010","产品人 | 研究Ai是工作也是爱好｜探索被动收入 ｜专注于Ai实践，搁这聊聊Ai","3746","761","368","1817","450","","杭州","","false","true","","false","true","2022-11-01 17:30:46","https://x.com/huolong010","https://pbs.twimg.com/profile_images/1911808425031282689/kxDjOSeg_400x400.jpg","https://pbs.twimg.com/profile_banners/1587376519860539392/1761818871"
"1963143290402037760","FOMO.RUN","runfomo","伪人 | 只知 KNOW，不知 HOW。出生至今未成功。千万别关注我，喜欢《一人之下》张怀义。只想在 X 做阴沟里的老鼠。努力打造 AI 伪人系统，让 AI 驱动人。想成为 AI 傀儡，让 AI 做主人。","16","21","132","11","0",""," in this universe","","false","false","","false","false","2025-09-03 15:33:39","https://x.com/runfomo","https://pbs.twimg.com/profile_images/1979468731462868992/F-4avCzW_400x400.jpg",""
"1392110156452823044","Berryxia.AI","berryxia_ai","🧠✨Building AI tools AI System Prompt 🐳 | Make WinMaxle Keyboard  Not a designer, not a programmer, Love Design & Coding & Prompt！ 
💼📮:Andyhuo@me.com","5345","16893","1805","2402","1221","金融服务","hongkong","https://yw.app/3bD49AG","false","true","","false","true","2021-05-11 21:31:49","https://x.com/berryxia_ai","https://pbs.twimg.com/profile_images/1911247392478789632/JvXU6qyM_400x400.jpg","https://pbs.twimg.com/profile_banners/1392110156452823044/1760658386"
"36952268","Tony出海","iamtonyzhu","Tony出海营销, Founder, Ship AI startups。10年前从国内互联网产品转行跨境电商。 社媒高转化 + SEO持续增长","5267","16198","1671","5336","930","","Tony出海营销手册👉","https://chuhaihao.com","false","true","","false","true","2009-05-01 22:23:58","https://x.com/iamtonyzhu","https://pbs.twimg.com/profile_images/1731259755891732480/C4u-Yz1V_400x400.jpg",""
"518340894","Jermic 𝕏 ","JermicX","💻 Indie Hacker
💡 PicSeed 灵感收集 - https://t.co/G8av4scZ7f
🗞️ BBNews 哔哔资讯 - https://t.co/QvR4o7UewZ","143","387","3592","87","42","科技","","https://apps.apple.com/cn/app/picseed/id6479976532","false","true","","false","true","2012-03-08 17:27:16","https://x.com/JermicX","https://pbs.twimg.com/profile_images/1642948458788290561/E0x5dBM5_400x400.jpg","https://pbs.twimg.com/profile_banners/518340894/1711034955"
"1647868943758139394","FoxBitAI","FoxBitAI","🦊 AI炼丹术士 → 智能开发工具创作者
🎯 技术三重奏：LSP Server × VS Code插件 × AI Agent
🛠️ 技术栈：
LSP协议优化 | VS Code插件产品化
AI Agent工程化 | Python全栈生态
💸 分享：
技术产品海外商业化
AI工程化落地经验
开发者副业实战案例","547","1423","1716","1315","50","","","","false","true","","false","false","2023-04-17 15:46:29","https://x.com/FoxBitAI","https://pbs.twimg.com/profile_images/1972951982089596929/gONj7y5p_400x400.jpg","https://pbs.twimg.com/profile_banners/1647868943758139394/1761098696"
"1928711169419956224","Jason Zhu","GoSailGlobal","独立开发，AI SaaS出海， AI价值内容分享 — 让AI工具就像积木一样构建产品，拼出无限可能！👉🏻 https://t.co/BDEkVzvki1","2443","7655","1504","4357","344","","china","","false","true","","false","false","2025-05-31 15:13:12","https://x.com/GoSailGlobal","https://pbs.twimg.com/profile_images/1949434880959676416/GEQGVlME_400x400.jpg","https://pbs.twimg.com/profile_banners/1928711169419956224/1755945863"
"312717842","清源","sourcecold_","程序員，出海素人，文博萌新，正直勇敢有閱讀量。","78","84","969","60","4","","Code Farm","","false","false","","false","false","2011-06-07 23:20:21","https://x.com/sourcecold_","https://pbs.twimg.com/profile_images/557880226898644992/GeWFBnnT_400x400.png",""
"1583745695151927296","老牛TrueOx","Yamanaka1911","我今年三十一，正是努力在改变自己的年纪。首先找到能够持续盈利的个人开发项目，其次照顾好自己。","38","31","92","121","5","","","","false","false","","false","false","2022-10-22 17:04:10","https://x.com/Yamanaka1911","https://pbs.twimg.com/profile_images/1969018217260896256/Q9Yjw6fJ_400x400.jpg",""
"1957643575128383489","Yep大白","easyopss","认真生活，慢慢变富｜目标：开发1000+实用小工具、副业日入1K｜分享从0到1的AI编程心得、副业变现路径和生活日常。#大白小应用","1426","2541","467","560","172","","VX：qinniao1234","https://www.easyops.work","false","true","","false","true","2025-08-19 11:20:27","https://x.com/easyopss","https://pbs.twimg.com/profile_images/1965629767912407040/YqlalUBV_400x400.jpg","https://pbs.twimg.com/profile_banners/1957643575128383489/1761021967"
"1114865761","水木易","ohmuyi","终生学习者 | 连续创业者 | 前产品经理 | 前前菜鸟程序员 | 前前前哲学硕士学渣 | 个人网站: https://t.co/SmsEu5xP1w | 个人博客: https://t.co/TKArTESlzU","1718","815","357","271","453","产品经理","大湾区","https://shuimuyi.com","false","true","","false","true","2013-01-24 01:23:09","https://x.com/ohmuyi","https://pbs.twimg.com/profile_images/1961305939795165184/bBNP1DD2_400x400.jpg","https://pbs.twimg.com/profile_banners/1114865761/1755657344"
"1964505015743352832","FUNL的科技观察","FUNL_PM","音视频硬件出海PM | 翻译过一本出版书籍 | TSLA & NVDA holder 🌍分享科技见闻、产品奇思 💬英语口语&发音咨询 ，一起接轨世界。","79","107","168","46","31","","","","false","false","","false","false","2025-09-07 09:44:47","https://x.com/FUNL_PM","https://pbs.twimg.com/profile_images/1967061019228020736/sCCA1A-4_400x400.jpg","https://pbs.twimg.com/profile_banners/1964505015743352832/1757819112"
"1392781884690636800","Stella Lin","StellaOnChAIn","捣鼓 AI & 用好 AI｜ “有趣”很重要｜ 近期 Flag：健身减脂、提升审美、提高表达、快乐育儿","2601","2374","1561","5112","182","","","","false","true","","false","true","2021-05-13 18:01:12","https://x.com/StellaOnChAIn","https://pbs.twimg.com/profile_images/1689850305830334464/W9g93DA8_400x400.jpg","https://pbs.twimg.com/profile_banners/1392781884690636800/1753773326"
"1700931475083010048","Dorian wong","GalaLane51405","23届，AI出海小白，争取能够自由","14","54","133","53","1","","","","false","false","","false","false","2023-09-11 01:57:28","https://x.com/GalaLane51405","https://pbs.twimg.com/profile_images/1968962848668950528/yZtwOdFK_400x400.jpg","https://pbs.twimg.com/profile_banners/1700931475083010048/1758272298"
"1914978318795079680","凉光一现","QusetionHub","✨intj to enfj｜💭创业＆认知｜💦沪漂｜💫在职教学主管｜💻独立开发学习ing","1521","4193","288","1858","145","","","","false","true","","false","true","2025-04-23 17:44:08","https://x.com/QusetionHub","https://pbs.twimg.com/profile_images/1944986011882135552/6885Cdi2_400x400.jpg","https://pbs.twimg.com/profile_banners/1914978318795079680/1750229629"
"1758735409826476032","Mark Roie","MarkRoie80403","医学研究生，主攻病原与免疫学，思考ai与现代生物医疗的协作","279","649","276","124","16","","china","","false","true","","false","false","2024-02-17 14:09:43","https://x.com/MarkRoie80403","https://pbs.twimg.com/profile_images/1937560836144529410/tcuEpkK-_400x400.jpg",""
"885997627845771264","张有菜","caiwithai","👨🏻‍💻 中文系 | 大厂码农 | 独立开发 🔍 复利实践：2025年被动收入9万刀 | 计算与信息差 💡 不卖课❗持续分享科技、投资、创业、优秀工具、踩坑经验 🌟 正在用AI探索下一个增长引擎...高效工作和创造","207","3813","895","307","19","","Beijing","https://magua.app","false","true","","false","false","2017-07-15 07:01:10","https://x.com/caiwithai","https://pbs.twimg.com/profile_images/1965610470188130305/2Q4hqfRq_400x400.jpg","https://pbs.twimg.com/profile_banners/885997627845771264/1759895700"
"1727598779942293504","hooxing","hooxingzhao","vibe coder.","412","63","116","86","92","","","","false","false","","false","false","2023-11-23 16:03:46","https://x.com/hooxingzhao","https://pbs.twimg.com/profile_images/1968310208284987393/tEiE003H_400x400.jpg","https://pbs.twimg.com/profile_banners/1727598779942293504/1758116727"
"1682044077595037697","雨果","Zerspace","🏂 在职前端开发者 | 正探索独立开发之路 🤝 乐于助人，扶老奶奶过马路 🌱 正在构建我的第一个产品，记录从 0 到 1 的全过程。","86","71","299","23","28","","Crafting the Future","","false","false","","false","false","2023-07-20 23:05:45","https://x.com/Zerspace","https://pbs.twimg.com/profile_images/1968848989073367040/jv9dnsqQ_400x400.jpg","https://pbs.twimg.com/profile_banners/1682044077595037697/1758245165"
"383538144","johnbens","johnbens24","有点想法，有时瞎说 ｜
古典品牌营销人｜
个人投资者｜
量化交易员｜
全力学习 AI & Web 3｜

博客👉🏻：https://t.co/AqNvEUkV0a  |
投资交易策略订阅👉🏻：https://t.co/BaUnb7Lqj9","531","313","288","31","129","金融服务","Shanghai","https://stay-bullish.com/","false","true","","false","true","2011-10-02 10:18:03","https://x.com/johnbens24","https://pbs.twimg.com/profile_images/1727612009037074432/Ck9vfHVs_400x400.jpg","https://pbs.twimg.com/profile_banners/383538144/1700729786"
"1723698848185659392","zojian","zojian1996","7 年央企Java开发☕️
AI 出海探索中 🚢 小里程碑 $1k+/mo
白天上班 ｜ 晚上上站
记录踩坑, 欢迎关注","123","130","305","172","27","","Zhuhai,China","","false","true","","false","false","2023-11-12 21:46:53","https://x.com/zojian1996","https://pbs.twimg.com/profile_images/1956871135196495872/GrmzTS6J_400x400.jpg","https://pbs.twimg.com/profile_banners/1723698848185659392/1762267135"
"1866821173755121666","木马人","cnyzgkc","🚀 Frontend @ Big Tech | ESTJ 
✍️ 分享AI 资讯 / AI 副业实战 / AI 自媒体
 📍公众号：木马人 AI","2491","2140","1158","2265","262","","Los Angeles, CA","","false","false","","false","true","2024-12-11 20:23:59","https://x.com/cnyzgkc","https://pbs.twimg.com/profile_images/1963499609017495553/kuzkS82V_400x400.jpg","https://pbs.twimg.com/profile_banners/1866821173755121666/1760602138"
"1157286873426849794","20xbrights","20mprofitai","Z世代，连续创业者，AI增强型开发者，ASI降临派，多个AI联合创始人，出海！做过电商，卖过课，卖过化妆品，倒腾过源码    结果导向!   极致利他！欢迎每一位朋友交流学习！专注，极致，口碑，敏捷","1305","256","235","2962","86","","Singapore 🟩🟨🟨🟨🟨🟨 $100K","","false","false","","false","false","2019-08-02 21:47:46","https://x.com/20mprofitai","https://pbs.twimg.com/profile_images/1972094751622287360/QWTt3cV__400x400.jpg","https://pbs.twimg.com/profile_banners/1157286873426849794/1759017737"
"1871361198693941248","romeofang","romeofang1412","🪐 聚焦 AI ✕ 创造力 | 分享实用工具和前沿资讯
🎨 Vibe Coder | 创造好用、有趣的产品
🌍 出海探索者 | 奔向被动收入和数字游民生活","226","241","212","314","42","","","","false","false","","false","false","2024-12-24 09:04:55","https://x.com/romeofang1412","https://pbs.twimg.com/profile_images/1961328548138094592/WN_W5L3C_400x400.jpg","https://pbs.twimg.com/profile_banners/1871361198693941248/1757170582"
"1955884662842421248","星见","xingjian_ai","中厂十年老后端 | 出海赚美刀 | 存在主义 | 爱门 
分享自己成为超级个体道路上的的思考, 和乐子","346","293","337","732","23","","","","false","true","","false","false","2025-08-14 14:50:33","https://x.com/xingjian_ai","https://pbs.twimg.com/profile_images/1972655068840386561/9iPfvSHb_400x400.jpg",""
"1166950087399837696","Robin Seun","RobinSeun","城市规划博士 ｜ 规划咨询师｜参加国家经济形势研讨｜宏观经济研究｜妄图转码｜狂爱看书｜自由和稳定每天都在撕裂我…","1553","5333","658","945","288","教育","","","false","true","","false","false","2019-08-29 13:46:05","https://x.com/RobinSeun","https://pbs.twimg.com/profile_images/1166950238004711424/KAk20SS__400x400.jpg",""
"33838201","Google AI","GoogleAI","Making AI helpful for everyone. Show thinking ↓","3068","2335932","25","240","1302","","Mountain View, CA","https://ai.google","false","true","Business","false","false","2009-04-21 14:59:33","https://x.com/GoogleAI","https://pbs.twimg.com/profile_images/1924554705503715328/0-HDhohz_400x400.jpg","https://pbs.twimg.com/profile_banners/33838201/1747684575"
"2815325906","刘小排","bourneliu66","AI产品创业者

Raphael AI - https://t.co/tJOiC33sAI
AnyVoice - https://t.co/MQkmOW2lbu
Fast3D - https://t.co/6m3JO8jJvc","123","11120","81","14","58","","","https://raphael.app/","false","true","","false","false","2014-09-18 01:37:10","https://x.com/bourneliu66","https://pbs.twimg.com/profile_images/1955860656919625728/sCkP_hTF_400x400.png",""
"1726158130709708800","Eric Jing","ericjing_ai","Cofounder/CEO @Genspark_ai | Serial entrepreneur, built business from 0 to $5.5B | Ex-CPO @Baidu Search, Ex-Principal Dev Mgr @Microsoft Bing","1767","15800","148","1650","161","","Palo Alto, CA","http://genspark.ai","false","true","","false","false","2023-11-19 16:39:16","https://x.com/ericjing_ai","https://pbs.twimg.com/profile_images/1871418126610685952/GUIuX0Bs_400x400.jpg","https://pbs.twimg.com/profile_banners/1726158130709708800/1735015827"
"1752169047884812288","安和乐Anholo（互fo💯）","Anho0817","我见诸君皆傻X，料诸君见我应如是。
世界那么大，也就这么回事儿。
TRAVEL/PETS/ACG/TOY/PHO/MOVIE","417","2635","2910","230","96","","","","false","false","","false","false","2024-01-30 11:17:54","https://x.com/Anho0817","https://pbs.twimg.com/profile_images/1950065474257190912/tD-2Mjel_400x400.jpg","https://pbs.twimg.com/profile_banners/1752169047884812288/1753257127"
"3512525536","链上狐狸｜AlphaHunt 🔶BNB","kelson_04701","Web3 技术流玩家 🔍 深挖链上逻辑、空投套利门道

分享交易所/社区空投实操，电报交流 https://t.co/w9WUzn3NG2

互关长期活跃，抱团吃肉","4949","1198","1181","3118","177","","Hong Kong","","false","true","","false","false","2015-09-01 20:29:48","https://x.com/kelson_04701","https://pbs.twimg.com/profile_images/1933854309982314496/DsuIzufN_400x400.jpg","https://pbs.twimg.com/profile_banners/3512525536/1754563454"
"1720665183188922368","Grok","grok","https://t.co/fqNKQSiLQB
@grok it","67386125","6646438","3","79","2731859","","wherever you are","https://grok.com","false","true","Business","false","false","2023-11-04 12:52:34","https://x.com/grok","https://pbs.twimg.com/profile_images/1893219113717342208/Vgg2hEPa_400x400.jpg","https://pbs.twimg.com/profile_banners/1720665183188922368/1740213586"
"1723331","indigo","indigo11","Co-founder of https://t.co/WosXbyLukR / Partner of Brilliant Phoenix / ex-Weibo. Investor, Writer, Coder, Gamer & Amateur Cook. e/acc, 𝕏 is my notebook …","8350","45633","1033","14186","2726","","Canada","http://indigox.me","false","true","","false","true","2007-03-21 16:10:31","https://x.com/indigo11","https://pbs.twimg.com/profile_images/1521250220067098624/ZhlFfRWZ_400x400.png","https://pbs.twimg.com/profile_banners/1723331/1631392155"
"1943306828697550848","Claude","claudeai","Claude is an AI assistant built by @anthropicai to be safe, accurate, and secure. Talk to Claude on https://t.co/ZhTwG8dz3D or download the app.","168","173731","2","174","71","","","http://claude.ai","false","true","","false","false","2025-07-10 21:50:48","https://x.com/claudeai","https://pbs.twimg.com/profile_images/1950950107937185792/QOfEjFoJ_400x400.jpg","https://pbs.twimg.com/profile_banners/1943306828697550848/1754428112"
"745273","Naval","naval","Incompressible","26825","2947576","0","270755","308","","","https://nav.al","false","true","","false","false","2007-02-02 07:05:04","https://x.com/naval","https://pbs.twimg.com/profile_images/1256841238298292232/ycqwaMI2_400x400.jpg","https://pbs.twimg.com/profile_banners/745273/1588490328"
"1404738934043602947","Jackywine","Jackywine","年终复盘 ing","23502","25691","2807","76769","3601","风险投资","","","false","true","","false","true","2021-06-15 17:54:01","https://x.com/Jackywine","https://pbs.twimg.com/profile_images/1805875520430915586/x3t_sQdd_400x400.jpg","https://pbs.twimg.com/profile_banners/1404738934043602947/1750768857"
"1795209683285815296","Sgt Sref","sergeantsref","-- Finding The Best Midjourney Style References 
-- So You Don't Have To","1537","20408","1","1855","1486","","Daily SREFs","","false","true","","false","true","2024-05-28 05:45:36","https://x.com/sergeantsref","https://pbs.twimg.com/profile_images/1795370881625006080/1yt6p0On_400x400.jpg","https://pbs.twimg.com/profile_banners/1795209683285815296/1716884754"
"33836629","Andrej Karpathy","karpathy","Building @EurekaLabsAI. Previously Director of AI @ Tesla, founding team @ OpenAI, CS231n/PhD @ Stanford. I like to train large deep neural nets.","9816","1472927","1026","20719","826","","Stanford","https://karpathy.ai","false","true","","false","true","2009-04-21 14:49:15","https://x.com/karpathy","https://pbs.twimg.com/profile_images/1296667294148382721/9Pr6XrPB_400x400.jpg","https://pbs.twimg.com/profile_banners/33836629/1407117611"
"216939636","Andrew Ng","AndrewYNg","Co-Founder of Coursera; Stanford CS adjunct faculty. Former head of Baidu AI Group/Google Brain. #ai #machinelearning, #deeplearning #MOOCs","1948","1291769","1048","1658","438","","Palo Alto, CA","http://www.andrewng.org","false","true","","false","false","2010-11-18 11:39:11","https://x.com/AndrewYNg","https://pbs.twimg.com/profile_images/733174243714682880/oyG30NEH_400x400.jpg","https://pbs.twimg.com/profile_banners/216939636/1483126470"
"1307056292465274880","Midjourney","midjourney","A community supported research lab - exploring new mediums of thought and amplifying the imaginative powers of the human species.","1127","404568","0","9496","270","科技","","https://www.midjourney.com","false","true","Business","false","true","2020-09-19 04:38:07","https://x.com/midjourney","https://pbs.twimg.com/profile_images/1826028197256822784/pfgqU218_400x400.jpg","https://pbs.twimg.com/profile_banners/1307056292465274880/1724194045"
"885086674828578816","Mr Panda","PandaTalk8","Solo Developer ｜ Growth Coach｜Helping creators build their personal brand on X  
公众号：PandaTalk8","20076","56225","6648","56839","1215","教育","","https://xgrowth.xlearnity.ai/","false","true","","false","true","2017-07-12 18:41:22","https://x.com/PandaTalk8","https://pbs.twimg.com/profile_images/1738715996737933312/QHUuRDK1_400x400.jpg","https://pbs.twimg.com/profile_banners/885086674828578816/1760969154"
"1905532312177311745","LovartAI","lovart_ai","The design agent. Ideate, create & deliver - all in one place.
🎨🎙️🎞️ ｜ https://t.co/S8TmoIlI1S","290","19587","172","1564","148","","San Francisco","https://www.lovart.ai","false","true","","false","true","2025-03-28 16:08:12","https://x.com/lovart_ai","https://pbs.twimg.com/profile_images/1921463929634729984/3l477prv_400x400.jpg","https://pbs.twimg.com/profile_banners/1905532312177311745/1745376432"
"451425069","海拉鲁编程客","hylarucoder","🖥️ Indie Maker
🛠️ 星球「海哥和他的小伙伴们」
📌 油管「海拉鲁编程客」
 🌸 沦为程序员的段子手/猫咪","14541","18963","1023","3799","1721","科技","👉","https://discord.gg/QpUU4ayM2m","false","true","","false","true","2011-12-31 20:37:37","https://x.com/hylarucoder","https://pbs.twimg.com/profile_images/1725593465/1e73398765998062c75cc3f6____400x400.jpg","https://pbs.twimg.com/profile_banners/451425069/1581146904"
"1474067654","李继刚","lijigang_com","Reader.  Thinker.  Prompter.","629","30129","32","235","86","","","","false","true","","false","false","2013-06-01 15:32:24","https://x.com/lijigang_com","https://pbs.twimg.com/profile_images/599778700943446016/N-a6Jbep_400x400.jpg","https://pbs.twimg.com/profile_banners/1474067654/1750226514"
"1552580106257928192","fofr","fofrAI","melty ai","11299","49752","1359","27390","4668","","🪴","http://fofr.ai","false","true","","false","true","2022-07-28 17:02:50","https://x.com/fofrAI","https://pbs.twimg.com/profile_images/1732174612178350080/X1uR3MvQ_400x400.jpg","https://pbs.twimg.com/profile_banners/1552580106257928192/1736724067"
"1231772373323411456","張小珺 Xiaojùn","zhang_benita","Financial writer covering China business world, also the producer and host of Zhang Xiaojun Podcast.   财经媒体人，写作中国商业深度报道，包括AI/科技巨头/风险投资/人物，也是播客《张小珺商业访谈录》主持人、制作人。","113","19783","98","118","39","","Beijing","https://www.xiaoyuzhoufm.com/podcast/626b46ea9cbbf0451cf5a962","false","true","","false","true","2020-02-24 10:46:42","https://x.com/zhang_benita","https://pbs.twimg.com/profile_images/1894401243893940224/szxdXY20_400x400.jpg","https://pbs.twimg.com/profile_banners/1231772373323411456/1740495439"
"64662332","阑夕","foxshuo","说什么是你的自由，做什么是我的权利，如果我做的得不到你的赞同，那就对了，否则我将与你一样平淡无奇。","1944","172696","784","13948","645","科技","中国","","false","true","","false","true","2009-08-11 16:23:02","https://x.com/foxshuo","https://pbs.twimg.com/profile_images/1550395556685819910/qnbrCfBf_400x400.jpg","https://pbs.twimg.com/profile_banners/64662332/1427376009"
"1867332524","Yinsen","YinsenHo_","PM of 🍒 Cherry Studio","2613","8806","627","107","341","科技","Los Angeles, CA","http://Cherry-ai.com","false","true","","false","false","2013-09-15 19:14:10","https://x.com/YinsenHo_","https://pbs.twimg.com/profile_images/1892102864560062468/HqBEmDlS_400x400.jpg",""
"168139512","Geek","geekbb","🧠在家居士 | 🥦素食者 | 🏃🏻马拉松爱好者 | 💰省钱小能手 | 搭🪜技术资深学者 | 👨‍💻科技宅 | 🆕更新狂 | 🆅 六边型战五渣","23774","99701","393","16485","6151","科技","火星","https://www.igeekbb.com","false","false","","false","true","2010-07-18 22:10:39","https://x.com/geekbb","https://pbs.twimg.com/profile_images/1644898947272671233/7959WGOK_400x400.jpg","https://pbs.twimg.com/profile_banners/168139512/1689476157"
"1695890961094909952","Cursor","cursor_ai","The best way to code with AI.","213","275264","44","555","93","","","http://cursor.com","false","false","Business","false","false","2023-08-28 04:08:16","https://x.com/cursor_ai","https://pbs.twimg.com/profile_images/1970182748146180096/dhZeXi_X_400x400.jpg","https://pbs.twimg.com/profile_banners/1695890961094909952/1758562002"
"1164388321545449472","卫斯理","imwsl90","程序员/产品经理/销售/中年已婚带2娃

- 互联网、编程、AI、情感、历史、八卦

TG: https://t.co/qhzcXic3G8

X增长陪跑服务，请TG联系！

VPS: https://t.co/MUq5TvH5p2
魔法：https://t.co/B5SfJ7LlqH","73288","78738","7438","44174","12381","科技","V: wesley6020","https://imwsl.com","false","true","","false","true","2019-08-22 12:06:29","https://x.com/imwsl90","https://pbs.twimg.com/profile_images/1770626410606141440/HFy0Ibg3_400x400.jpg",""
"1563445937527455746","Wang xin","oviswang","Product manager","284","24275","47","130","108","","新加坡","","false","true","","false","true","2022-08-27 16:39:57","https://x.com/oviswang","https://pbs.twimg.com/profile_images/1940273955064967168/sUXNMNQ3_400x400.jpg","https://pbs.twimg.com/profile_banners/1563445937527455746/1761693920"
"163975783","Google Labs","GoogleLabs","Google’s home for our latest AI tools and experiments.","2189","99715","71","991","857","","Google, Inc.","https://labs.google/","false","true","Business","false","true","2010-07-08 02:50:14","https://x.com/GoogleLabs","https://pbs.twimg.com/profile_images/1792661411102863360/fzzB7K-f_400x400.png","https://pbs.twimg.com/profile_banners/163975783/1716238762"
"11765952","Justin","interjc","🥷🏼 ENTJ-A｜程序员
🧑‍💻 @yokogaisha｜AIGC
🎓 AI 课程：https://t.co/MNSqx9ncpS
📱 Wechat：justinchencn","28873","27216","1598","64419","3365","科技","Osaka, Japan","https://interjc.net","false","true","","false","true","2008-01-03 02:38:17","https://x.com/interjc","https://pbs.twimg.com/profile_images/1791761180610211840/JrLnAGtF_400x400.jpg","https://pbs.twimg.com/profile_banners/11765952/1712804144"
"709787332254117888","howie.serious","howie_serious","purity of thought. be exactly who you are : just a serious man. 思想纯净，做好自己：严肃对待自己的兴趣，不要浮皮潦草。

公众号：howie和小能熊
youtube：https://t.co/J1aSMKnUFo","6652","46612","328","4118","2038","","beijing","https://gpt.candobear.com","false","true","","false","true","2016-03-16 01:04:22","https://x.com/howie_serious","https://pbs.twimg.com/profile_images/738174666309652480/UgeKnQOm_400x400.jpg","https://pbs.twimg.com/profile_banners/709787332254117888/1693793979"
"1707024297129066496","ᴡᴇɪʀᴅ ᴀɪ ᴀʀᴛ","weirdai_art","⧉🔮 creations from the æther 🔮⧉  creative partnerships : https://t.co/m6cMEFh0Xg, https://t.co/U3W21WwwyX, https://t.co/zLiuEnjF6e, https://t.co/imoKDjD08f, https://t.co/wPfL11ar32, https://t.co/aeeK4vQkCg ⧉","9378","8260","437","26684","2221","","the æther","https://weirdai.art","false","true","","false","true","2023-09-27 21:28:19","https://x.com/weirdai_art","https://pbs.twimg.com/profile_images/1840188108656062464/Q9ZtRr3W_400x400.jpg","https://pbs.twimg.com/profile_banners/1707024297129066496/1730827508"
"1714580962569588736","DeepSeek","deepseek_ai","Unravel the mystery of AGI with curiosity. Answer the essential question with long-termism.","151","969407","0","32","92","","","https://www.deepseek.com/","false","true","","false","false","2023-10-18 17:55:45","https://x.com/deepseek_ai","https://pbs.twimg.com/profile_images/1717417613775757312/Uk1zNOj4_400x400.jpg","https://pbs.twimg.com/profile_banners/1714580962569588736/1698208997"
"1451283336526278678","Morph","Morph_VGart","Creative AI Content Producer @opensea | My posts are my own

For inquiries 📩:

morphvgart@gmail.com","37712","26387","3506","40288","9843","娱乐和休闲","United States","http://morphvgart.gumroad.com","false","true","","false","true","2021-10-22 04:24:54","https://x.com/Morph_VGart","https://pbs.twimg.com/profile_images/1849276573205004288/14-5PdDZ_400x400.jpg","https://pbs.twimg.com/profile_banners/1451283336526278678/1758663403"
"119185333","TechHalla","techhalla","Senior Telecommunications Engineer & Developer, sharing daily insights on Gen AI.

Partners: Leonardo, Kling. Freepik, Higgsfield, LTX, ImagineArt, Tripo.","81753","71592","712","99247","10077","教育","Cantabria, España","http://goto.higgsfield.ai/techhalla","false","true","","false","true","2010-03-03 06:44:11","https://x.com/techhalla","https://pbs.twimg.com/profile_images/1625034521174331392/tzX1TLet_400x400.jpg","https://pbs.twimg.com/profile_banners/119185333/1740049092"
"1736717167981182976","-Zho-","ZHO_ZHO_ZHO","Aichitect ➟ Architect | Artist | AI explorer","3853","30174","164","2683","2246","","","https://github.com/ZHO-ZHO-ZHO","false","true","","false","false","2023-12-18 19:57:34","https://x.com/ZHO_ZHO_ZHO","https://pbs.twimg.com/profile_images/1736718001905303553/eLVgZgbv_400x400.jpg","https://pbs.twimg.com/profile_banners/1736717167981182976/1702925198"
"913314383526223872","赵纯想","chunxiangai","产品🎬 https://t.co/Xd1e236W65 
顾问服务💬 https://t.co/UVx8yZHIBo 
课程📖 https://t.co/T13Crt8lg5","2113","31174","340","1681","308","移动应用程序","","https://chunxiang.space","false","true","","false","true","2017-09-28 16:08:12","https://x.com/chunxiangai","https://pbs.twimg.com/profile_images/1851554473174286336/nuzwVwa2_400x400.jpg","https://pbs.twimg.com/profile_banners/913314383526223872/1734401000"
"1657474831","Gorden Sun","Gorden_Sun","只发AI相关信息，个人维护的AI资讯日报（已连续日更两年半）👇","6244","38370","1611","123","2274","科技","","https://gorden-sun.notion.site/527689cd2b294e60912f040095e803c5?v=4f6cc12006c94f47aee4dc909511aeb5","false","true","","false","true","2013-08-09 18:31:29","https://x.com/Gorden_Sun","https://pbs.twimg.com/profile_images/1522159828231409664/GPpXyPT1_400x400.jpg","https://pbs.twimg.com/profile_banners/1657474831/1705626134"
"236810355","AI画社(AI Image Studio)","seki_images","CivitAI: https://t.co/YrGzZOaOfI
Huggingface：https://t.co/Pl8NVhLJCj","4495","16659","407","8843","3260","","","","false","true","","false","true","2011-01-11 20:30:25","https://x.com/seki_images","https://pbs.twimg.com/profile_images/1981703085274669056/eT_h64xB_400x400.jpg","https://pbs.twimg.com/profile_banners/236810355/1761299787"
"1497608864102899721","空想写真家","KusoPhoto","「空想」をテーマにAI技術で作った架空のポートレート写真を毎日投稿しています / サブ垢：@kusojutsushi / @kusoeshi_  / @kusodanshi / プロディース：杏音(あのん) @0x0_anon","6904","12391","84","23687","2751","","","https://kusophoto.jp/","false","true","","false","false","2022-02-27 00:26:08","https://x.com/KusoPhoto","https://pbs.twimg.com/profile_images/1905200668199301120/OaO9mZva_400x400.jpg","https://pbs.twimg.com/profile_banners/1497608864102899721/1743070212"
"1693450364341948416","iGeekbb","igeekbb","🕹️发一些碎碎念和有趣的东东，主打一个快分享。-私信开放欢迎投稿-","8609","58897","1","8100","5738","","","","false","true","","false","false","2023-08-21 10:30:22","https://x.com/igeekbb","https://pbs.twimg.com/profile_images/1799328738871750657/9Shu8NrP_400x400.jpg","https://pbs.twimg.com/profile_banners/1693450364341948416/1714738367"
"232519529","AI进化论-花生","AlchainHust","🤖AI Native Coder：「小猫补光灯」「拍照学单词」
🎥经营20万+粉丝的YouTube/B站频道：AI进化论-花生
💡AI编程知识星球：https://t.co/qkSYGBzeRw
小红书：花叔（只工作不上班版
公众号：花叔
即刻：Alchian花生","821","19928","270","606","208","","","https://huasheng.ai/","false","false","","false","false","2010-12-31 19:18:07","https://x.com/AlchainHust","https://pbs.twimg.com/profile_images/1851546452184752128/koJVfNWf_400x400.jpg","https://pbs.twimg.com/profile_banners/232519529/1740280664"
"1117295285309329409","小马驹 哒哒哒 哒哒哒","jjgfscbd","61868875唯一抖音号👈🏻不定期直播｜ 付费陪聊/王者陪玩30min/100💰｜ 接大哥USDT打赏｜Instagram：jjgfscbd｜独立室内设计师｜副业团购加群VX：Xiaomajudadada｜工厂直发团购群TG版https://t.co/I3cgzvxrSB","41173","148881","1004","24584","2525","废物管理公司","好物团购社群｜查看置顶⬇️","https://t.me/+RNbwZ2An4V0XcxU_","false","false","","false","true","2019-04-14 13:15:29","https://x.com/jjgfscbd","https://pbs.twimg.com/profile_images/1612046228161974273/PV1AVKKt_400x400.jpg","https://pbs.twimg.com/profile_banners/1117295285309329409/1740906189"
"1600589508646510592","Max ✦","MaxVOAO","Conversations between human and machine. Crafting experiences at the edge of design and generative art. Each piece is a meditation on our digital consciousness.","6746","50822","608","1028301","4181","","FR ⏤ Business requests → DM","https://voao.co/ai","false","true","","false","true","2022-12-08 04:34:38","https://x.com/MaxVOAO","https://pbs.twimg.com/profile_images/1857463721238413313/Im5RAkXM_400x400.jpg","https://pbs.twimg.com/profile_banners/1600589508646510592/1761734903"
"1515128158835691526","Ring Hyacinth","ring_hyacinth","Artist working with #AI","331","12091","337","711","190","","","http://hyacinth.im","false","true","","false","true","2022-04-16 08:41:37","https://x.com/ring_hyacinth","https://pbs.twimg.com/profile_images/1811285605252313088/w5sCj3nH_400x400.jpg","https://pbs.twimg.com/profile_banners/1515128158835691526/1666290243"
"985402927253635073","即刻精选","jike_collection","精选即刻App有意思的话题，程序抓取发布，非官方，侵删请DM @_istar__     Telegram版：https://t.co/qTLXqw1Z1t","17322","148189","1","5","4358","","Internet","","false","false","","false","false","2018-04-15 14:22:20","https://x.com/jike_collection","https://pbs.twimg.com/profile_images/985403677350346752/tw6tRCVW_400x400.jpg",""
"1841436670169923584","AI Dance","AI_Whisper_X","头部大模型核心算法&VC
小红书4.0万粉
aidance.info@gmail.com","1384","2849","170","308","393","","","","false","false","","false","false","2024-10-02 19:15:53","https://x.com/AI_Whisper_X","https://pbs.twimg.com/profile_images/1848214600766169088/ZaP8y2t6_400x400.jpg",""
"1296847058586890241","汗青 HQ","hq4ai","AIGC | Arts | AI-IP creation | Virtual Idols | AI Interactive Storytelling | Japan | https://t.co/aiF6whMY1j | https://t.co/4bDfMXETFT |","1898","33149","585","3014","599","科技","Tokyo-to, Japan","http://youtube.com/@AITalk4","false","true","","false","true","2020-08-22 00:30:17","https://x.com/hq4ai","https://pbs.twimg.com/profile_images/1934920592987496448/Rdeuz225_400x400.jpg","https://pbs.twimg.com/profile_banners/1296847058586890241/1758645464"
"1593547850637791233","低等生物","didengshengwu","我人虽然不怎么高级，但是底线还可以的！喜欢分享一些心理学和投资内容，欢迎交流！","5748","183218","859","3004","3072","","","","false","true","","false","true","2022-11-18 18:13:17","https://x.com/didengshengwu","https://pbs.twimg.com/profile_images/1735957716340965376/P8LprWrm_400x400.jpg","https://pbs.twimg.com/profile_banners/1593547850637791233/1745392967"
"1226402668077174784","Edwin Chiang","EdwinHChiang","https://t.co/sev2V8ouIs 民主新青年召集人、發言人。習近平閩浙時期專家、李強問題專家、《之江新軍》專業人士！ 本名尹科，浙江杭州人！原平安銀行杭州分行行長助理！2018年流亡澳洲。 Telegram：YinKe1982","13664","20278","86","2399","2918","非政府组织和非营利组织 ","Albury, New South Wales","","false","true","","false","true","2020-02-09 15:09:34","https://x.com/EdwinHChiang","https://pbs.twimg.com/profile_images/1789881306115149824/NTDu4M2I_400x400.jpg","https://pbs.twimg.com/profile_banners/1226402668077174784/1735498853"
"1451788266710048770","中国人事观察","cnpoliwatch","","2319","98465","965","3014","650","","United States","","false","false","","false","false","2021-10-23 13:51:29","https://x.com/cnpoliwatch","https://pbs.twimg.com/profile_images/1591741289313161219/QGnJOyyk_400x400.jpg","https://pbs.twimg.com/profile_banners/1451788266710048770/1668336530"
"4398626122","OpenAI","OpenAI","OpenAI’s mission is to ensure that artificial general intelligence benefits all of humanity. We’re hiring: https://t.co/dJGr6Lg202","1507","4502797","4","1218","446","","","https://openai.com","false","true","Business","false","false","2015-12-07 06:51:08","https://x.com/OpenAI","https://pbs.twimg.com/profile_images/1885410181409820672/ztsaR0JW_400x400.jpg","https://pbs.twimg.com/profile_banners/4398626122/1759076948"
"1353836358901501952","Anthropic","AnthropicAI","We're an AI safety and research company that builds reliable, interpretable, and steerable AI systems. Talk to our AI assistant @claudeai on https://t.co/FhDI3KQh0n.","1220","690047","35","1468","500","","","https://anthropic.com","false","true","Business","false","false","2021-01-26 06:45:28","https://x.com/AnthropicAI","https://pbs.twimg.com/profile_images/1798110641414443008/XP8gyBaY_400x400.jpg","https://pbs.twimg.com/profile_banners/1353836358901501952/1719228429"
"1605","Sam Altman","sama","AI is cool i guess","7284","4127847","974","1024","375","","SF","http://blog.samaltman.com","false","true","","false","false","2006-07-17 06:01:55","https://x.com/sama","https://pbs.twimg.com/profile_images/1904933748015255552/k43GMz63_400x400.jpg",""
"3178231","宝玉","dotey","Prompt Engineer, dedicated to learning and disseminating knowledge about AI, software engineering, and engineering management.","27056","144694","1452","38033","4694","","Chicago, IL","https://baoyu.io","false","true","","false","true","2007-04-02 11:42:14","https://x.com/dotey","https://pbs.twimg.com/profile_images/561086911561736192/6_g58vEs_400x400.jpeg",""
"1529821061411246081","Olivert","indiehackercase","数据分析师，分享AI自媒体搞钱副业，只做线上项目。资源分享：https://t.co/RDR5wnZMXQ 雅思词汇解读：https://t.co/0LwWCC8dWU，最近在学加密Crypto","6599","27057","3926","376","1621","","","","false","false","","false","false","2022-05-26 21:45:58","https://x.com/indiehackercase","https://pbs.twimg.com/profile_images/1977258121816162304/1hNmA_d8_400x400.jpg","https://pbs.twimg.com/profile_banners/1529821061411246081/1704296957"
"950460643173216256","idoubi","idoubicc","Building https://t.co/mOqCgk7jjr  /  https://t.co/vK21lE7HkK. ex: WechatPay Global","694","21367","336","352","176","","all in AI","","false","true","","false","true","2018-01-09 04:14:10","https://x.com/idoubicc","https://pbs.twimg.com/profile_images/1657754264729448448/1AOP0K4c_400x400.jpg","https://pbs.twimg.com/profile_banners/950460643173216256/1715493813"
"1755139304513490944","空想術師","kusojutsushi","Sub account of KusoPhoto / Main:@KusoPhoto / Art:@kusoeshi_ / Backup:@kusodanshi / Produced by Anon:@0x0_anon / Photo:https://t.co/XdnYL4IAkg","1255","23898","1","5069","314","","","https://www.patreon.com/cw/KusoPhoto","false","true","","false","false","2024-02-07 16:01:03","https://x.com/kusojutsushi","https://pbs.twimg.com/profile_images/1949118491241705472/NUQHg2sB_400x400.jpg","https://pbs.twimg.com/profile_banners/1755139304513490944/1753540929"
"6782882","Orange AI","oran_ge","聊硅基 AI，看有机 Orange。","133733","140717","785","1990","6045","科技","Mars","https://listenhub.ai","false","true","","false","true","2007-06-13 13:03:33","https://x.com/oran_ge","https://pbs.twimg.com/profile_images/1760074488073629696/ceSsuVCY_400x400.png","https://pbs.twimg.com/profile_banners/6782882/1740229481"
"1669276256","歸藏(guizang.ai)","op7418","关注人工智能、LLM 、 AI 图像视频和设计（Interested in AI, LLM, Stable Diffusion, and design）

AIGC 周刊主理人｜公众号：歸藏的AI工具箱","21136","105644","1218","36573","7252","","","https://www.guizang.ai/","false","true","","false","true","2013-08-14 10:18:36","https://x.com/op7418","https://pbs.twimg.com/profile_images/1636981205504786434/xDl77JIw_400x400.jpg","https://pbs.twimg.com/profile_banners/1669276256/1706450781"
"105279042","Gizem Akdag","gizakdag","Creative Director, AI Explorer || Creative Ambassador @perplexity_ai || 

For inquiries: hello@gizemakdag.com","15074","64550","1242","41490","4640","","","https://linktr.ee/gizemakdag","false","true","","false","true","2010-01-16 06:41:23","https://x.com/gizakdag","https://pbs.twimg.com/profile_images/1715718182604775424/hbyXDcq7_400x400.jpg","https://pbs.twimg.com/profile_banners/105279042/1700925731"
"1516941936971554817","杀破狼 WolfyXBT","Wolfy_XBT","数据分析｜信息整理｜全职韭菜｜兼职傻逼｜币安返佣：https://t.co/0iHUM5kFgG｜买 Memecoin 推荐使用 GMGN：https://t.co/So9qyNKHTQ","19820","820171","6839","48424","2505","","交易所返佣链接 👉","http://linktr.ee/killthewolf","false","true","","false","true","2022-04-21 08:48:42","https://x.com/Wolfy_XBT","https://pbs.twimg.com/profile_images/1680938637628944384/2FYk0Ft4_400x400.jpg","https://pbs.twimg.com/profile_banners/1516941936971554817/1734990370"
"1469727737665691648","シャルトリュー","chartreux_AIart","雰囲気、表情、色香、憂いのあるイラストを作っていきたいと思っています。｜𝘋𝘪𝘨𝘪𝘵𝘢𝘭 𝘢𝘳𝘵｜𝘈𝘐-𝘨𝘦𝘯.+𝘳𝘦𝘵𝘰𝘶𝘤𝘩｜𝘔𝘪𝘥/𝘯𝘪𝘫𝘪｜𝘈𝘐美人画部｜𝘳𝘦𝘱𝘳𝘰𝘥𝘶𝘤𝘵𝘪𝘰𝘯 𝘱𝘳𝘰𝘩𝘪𝘣𝘪𝘵𝘦𝘥｜.✿*","8993","14110","940","30718","3313","Digital Creator","Heaven on Earth","https://opensea.io/collection/your-serenity-by-chartreux-aiart","false","true","","false","true","2021-12-12 01:56:43","https://x.com/chartreux_AIart","https://pbs.twimg.com/profile_images/1684513529972641793/fkfyzz-d_400x400.jpg","https://pbs.twimg.com/profile_banners/1469727737665691648/1695424849"
"1764818331822182400","小互","imxiaohu","学AI找小互，找小互，上 https://t.co/4PVaHEr5r3 ...

小互AI日报 社群：https://t.co/LIEXfWUHv1","7736","76039","1499","1859","4863","","Mars","http://xiaohu.ai","false","true","","false","true","2024-03-05 09:01:23","https://x.com/imxiaohu","https://pbs.twimg.com/profile_images/1765404718959095808/BX7VN1hS_400x400.jpg","https://pbs.twimg.com/profile_banners/1764818331822182400/1717126346"
"42352056","郭宇 guoyu.eth","turingou","Retired. 只活一次等于没活。","7497","153438","511","4165","2545","社交媒体影响者","東京 港区","https://guoyu.mirror.xyz/","false","true","","false","true","2009-05-25 12:50:07","https://x.com/turingou","https://pbs.twimg.com/profile_images/1870511184761483265/QO7R0Ow3_400x400.jpg","https://pbs.twimg.com/profile_banners/42352056/1651418512"
"1074156215733604353","WallPapers 🔥","Papers_app","Discover a curated collection of stunning wallpapers and exclusive Wallpapers with Papers Wallpapers","6287","1292442","252","6092","4910","","United States","https://bento.me/papers","false","true","","false","true","2018-12-16 12:16:13","https://x.com/Papers_app","https://pbs.twimg.com/profile_images/1746854639243563008/509EItpg_400x400.jpg","https://pbs.twimg.com/profile_banners/1074156215733604353/1705317577"
"28940967","lidang 立党 （全网劝人卖房、劝人学CS、劝人买SP500和NASDAQ100第一人）","lidangzzz","co-founder @HedgehogLabHQ @Project_DARC","42252","1595547","2691","27582","8839","","Houston, TX","https://linktr.ee/lidang","false","true","","false","false","2009-04-05 12:33:19","https://x.com/lidangzzz","https://pbs.twimg.com/profile_images/1589854626282618880/Pl_kF0yY_400x400.jpg","https://pbs.twimg.com/profile_banners/28940967/1590188835"
"259611996","Bear Liu","bearbig","Product Designer, 10 year+ podcaster and author of 2 books. Love things around design, tech and productivity, making JAM at https://t.co/ZhUT9zdkzg 🍯","17978","108941","2600","5180","6414","产品设计师","Free newsletter  👉","https://bear.academy","false","true","","false","true","2011-03-02 14:53:54","https://x.com/bearbig","https://pbs.twimg.com/profile_images/803996540696084480/Z-uk8--s_400x400.jpg","https://pbs.twimg.com/profile_banners/259611996/1746610243"
"6690032","向阳乔木","vista8","喜欢摇滚乐、爱钓鱼的PM
网站：https://t.co/vnUpLt752o","6004","68182","1370","6736","1773","科技","Beijing","","false","true","","false","true","2007-06-09 13:48:52","https://x.com/vista8","https://pbs.twimg.com/profile_images/1960882043249942533/h4J39ERy_400x400.jpg","https://pbs.twimg.com/profile_banners/6690032/1681134125"
"51904755","Morris","Morris_LT","某不知名Web3.0创业公司 - 创始人&CEO&首席擦屁股执行官！#Bitcoin 和 #Dogecoin 信仰者、老韭菜、囤币党。《旷野之心》作者，私信开放订购：https://t.co/W2fM1ccAiv","69830","167646","412","51229","6991","","𝕏Ɖ","","false","true","","false","true","2009-06-29 09:07:03","https://x.com/Morris_LT","https://pbs.twimg.com/profile_images/1661240746018754560/8Shwdpaj_400x400.jpg","https://pbs.twimg.com/profile_banners/51904755/1709362287"
"1588829429333037056","章工","435hz","三角眼观天下，覆船口吞乾坤。
天纵英才，献忠回来。
仅在X有账号，其它平台不是本人。","18172","113160","86","5862","2107","","","","false","false","","false","true","2022-11-05 17:44:16","https://x.com/435hz","https://pbs.twimg.com/profile_images/1591818969236717569/q95i8uvS_400x400.jpg",""
"1551258526584115204","AI Will","FinanceYF5","增长顾问 | AI行业分析师，Learn in Public","40144","177973","1908","5200","22066","媒体和新闻公司","San Francisco Bay area","https://linktr.ee/hanweilang","false","false","","false","true","2022-07-25 01:30:38","https://x.com/FinanceYF5","https://pbs.twimg.com/profile_images/1896818103016935424/ucw3T2uW_400x400.jpg","https://pbs.twimg.com/profile_banners/1551258526584115204/1760393812"
"155252642","黄赟","huangyun_122","正在研究 100个 AI 变现案例， 用数据思维解构商业增长","8006","72135","1080","2354","1600","","Shanghai Pudong","","false","true","","false","true","2010-06-14 00:04:08","https://x.com/huangyun_122","https://pbs.twimg.com/profile_images/1183766724534882305/SIxSKinT_400x400.jpg","https://pbs.twimg.com/profile_banners/155252642/1555159810"
"1335973070","ilovelife","ilovek8s","资深全干工程师 | 尊贵的SRE(重启工程师)｜TG: https://t.co/yakXjFGFmu｜ 小报童甄选：https://t.co/xRn5j3Lu9f 独立开发者出海技术栈：https://t.co/av5jVVXXou 🌟欢迎私信自荐产品🌟","18030","17940","2217","13066","452","","Hong Kong","https://chuhai.tools","false","false","","false","true","2013-04-08 15:19:51","https://x.com/ilovek8s","https://pbs.twimg.com/profile_images/1767739942283980800/iJUzgOtl_400x400.jpg","https://pbs.twimg.com/profile_banners/1335973070/1710296352"
"3122661542","Yangyi","Yangyixxxx","Believing is seeing","13742","109058","499","5393","2848","科技","","https://lnk.bio/yangyi","false","true","","false","true","2015-04-01 11:00:40","https://x.com/Yangyixxxx","https://pbs.twimg.com/profile_images/1790540021327712256/72wMFr9-_400x400.jpg","https://pbs.twimg.com/profile_banners/3122661542/1702609915"
"1367360490427453441","路飞 🏴‍☠️ AI 研究员🧐","0xluffy_eth","🌍 分享工具和资料
🔭 专注于 AI、效率工具、Web3 的信息挖掘和评测
⛵️ 海贼·王路飞的狂热粉丝，坚信勇气和冒险精神可以开启人生新篇章 

🧧 10,000元红包雨 + 1000款 AI 工具合集，100% 免费领取 
📱打开抖音领取👉 https://t.co/ksOCiri13u","8197","125638","127","10944","6347","","","","false","true","","false","true","2021-03-04 14:25:27","https://x.com/0xluffy_eth","https://pbs.twimg.com/profile_images/1612405554491850752/G2adJo0p_400x400.jpg","https://pbs.twimg.com/profile_banners/1367360490427453441/1673262832"
"1390560341227020291","HongKongDoll","MyHongKongDoll","NOT A KOL","2854","1645685","378","2325","476","","","","false","true","","false","false","2021-05-07 14:53:28","https://x.com/MyHongKongDoll","https://pbs.twimg.com/profile_images/1894421436774707200/nFcN53F2_400x400.jpg",""
"1477342523555135490","多伦多方脸","torontobigface","YouTube：https://t.co/JrdyvNc63o 投稿邮箱:Torontosquareface@gmail.com 粉丝群：https://t.co/7fI2Xsn7l9 李币社区群：https://t.co/Uao93nfZ79","17989","749066","233","4271","5926","社交媒体影响者","乌鲁木齐中路，多伦多","https://www.torontosquareface.com","false","true","","false","true","2022-01-02 02:14:50","https://x.com/torontobigface","https://pbs.twimg.com/profile_images/1581508796845019137/iNF3fAIe_400x400.jpg","https://pbs.twimg.com/profile_banners/1477342523555135490/1646202283"
"1260553941714186241","李老师不是你老师","whyyoutouzhele","投稿私信
或：https://t.co/SwoJzv97eA
邮箱投稿： lilaoshitougao@gmail.com  
你看那通天的巨塔，每时每刻都有人往下跳。我小时候不懂，以为那是雪花。
加入我们的社区  https://t.co/OWEgUHVaqG","44218","2141123","979","8331","37356","社交媒体影响者","偷乐星球","https://t.me/lilaoshibushinilaoshi","false","true","","false","true","2020-05-13 20:54:20","https://x.com/whyyoutouzhele","https://pbs.twimg.com/profile_images/1558667234855292929/RqgodvGb_400x400.jpg","https://pbs.twimg.com/profile_banners/1260553941714186241/1650306568"
"14130366","Sundar Pichai","sundarpichai","CEO,  Google and Alphabet","2532","5620730","183","1139","307","","","","false","true","","false","false","2008-03-12 13:51:53","https://x.com/sundarpichai","https://pbs.twimg.com/profile_images/1710036756731510784/FyfFgM-B_400x400.jpg",""
"44196397","Elon Musk","elonmusk","","89408","229229320","1227","183509","4236","","","","false","true","","false","false","2009-06-03 04:12:29","https://x.com/elonmusk","https://pbs.twimg.com/profile_images/1983681414370619392/oTT3nm5Z_400x400.jpg","https://pbs.twimg.com/profile_banners/44196397/1739948056"
