﻿"User ID","Name","Username","Bio","Tweets Count","Followers Count","Following Count","Favourites Count","Media Count","Professional","Location","Website","Verified","Is Blue Verified","Verified Type","Protected","Can DM","Created At","Profile URL","Avatar URL","Profile Banner URL"
"1976285144991608833","MindfulReturn 身心修复局","MindfulReturn","人生极简修 bug 师，聚焦极简内观呼吸法， 文章精选及付费栏目请查看下面链接：","1079","4726","362","1786","149","","Macau","http://rebootmindful.github.io/mindfulreturn/","false","true","","false","false","2025-10-09 21:54:47","https://x.com/MindfulReturn","https://pbs.twimg.com/profile_images/1976288711743774720/aQHjghWV_400x400.jpg","https://pbs.twimg.com/profile_banners/1976285144991608833/1760104550"
"1889586332198117381","Latte","0xbisc","Product Designer & AI Explorer
Crafting UI/UX for blockchain
Sharing tech insights｜Learn in public
Open to new projects and collaborations🪄","340","2227","306","1205","51","","","","false","true","","false","true","2025-02-12 16:04:31","https://x.com/0xbisc","https://pbs.twimg.com/profile_images/1907734121008476161/z7bFjpo1_400x400.jpg","https://pbs.twimg.com/profile_banners/1889586332198117381/1741075972"
"780262031899242496","志辉","iamzhihui","10 年架构师，现在在学习 AI， 喜欢分享点有用，有趣的事情","814","3761","659","908","67","","","","false","true","","false","false","2016-09-26 12:25:39","https://x.com/iamzhihui","https://pbs.twimg.com/profile_images/1978098197122748417/jxAKxT1n_400x400.jpg","https://pbs.twimg.com/profile_banners/780262031899242496/1761282558"
"1466576627584798720","Bysir","hi_bysir","💻 全干工程师，正在学习代码之外的知识，认知、商业、营销。
📚 持续学习并分享经验，让我们每天进步一点点。
🚀 正在积木成塔，搭建 https://t.co/pNQ3Qv1acF","306","761","164","213","8","","","http://bysir.top","false","true","","false","false","2021-12-03 09:15:15","https://x.com/hi_bysir","https://pbs.twimg.com/profile_images/1973297015233929216/TytK614q_400x400.jpg","https://pbs.twimg.com/profile_banners/1466576627584798720/1759800748"
"1751967884019134464","Sherry Chang","sherry_writelog","Product @muset_ai | to make creative flow less broken.🥸

AI-native. Context-aware. Built for deep creators.

Early Beta now.  DM open👌🏼","10","20","84","25","2","","","","false","true","","false","false","2024-01-29 21:58:05","https://x.com/sherry_writelog","https://pbs.twimg.com/profile_images/1987108517480726528/nLwAnkNJ_400x400.jpg",""
"1598519155736645632","岚叔","LufzzLiz","用代码表达思想，用 AI 拓展想象，从生活汲取能量。
探索阅读与创造的边界。输出有温度的洞察。 致力于降低 AI 使用门槛，让更多人受益。
云架构师|Architect & Creator
Exploring the world through creation, with warmth and insight.","586","580","427","1448","90","科技","","","false","true","","false","false","2022-12-02 11:27:35","https://x.com/LufzzLiz","https://pbs.twimg.com/profile_images/1680410719941165058/vWaCNg37_400x400.jpg","https://pbs.twimg.com/profile_banners/1598519155736645632/1669961625"
"1967874651113345024","洋平707","MYohei707","💼解决方案  |  产品  |  销售  |  市场运营/公关  |  管理
🖥️云计算  |  CDN  |  AI
👀ENTX，X不确定，时P时J
💰创业者，项目采销存全流程都懂点，但是最了解的还是市场
🤔可能是中推少数不会写代码的人
✍🏻我的公众号：洋平的商业思维，上面会分享一些长文及图文内容","457","817","326","208","91","娱乐和休闲","Chinamainland","","false","true","","false","false","2025-09-16 16:54:30","https://x.com/MYohei707","https://pbs.twimg.com/profile_images/1990571515050680320/t0tYkigF_400x400.jpg","https://pbs.twimg.com/profile_banners/1967874651113345024/1760278361"
"1892802325586333699","serva huang","servasyy","古早程序员 | AI出海 | 自由职业
机车游侠&机速购&骑享租创始人
15年前 freelance 起步 → 连续创业者 → 亏过1个亿，逆风翻盘中
分享创业，AI，生活，读书，健身，中医","3061","8648","543","5524","122","","","","false","true","","false","true","2025-02-21 13:03:54","https://x.com/servasyy","https://pbs.twimg.com/profile_images/1969304899877027840/Ok6tYp0b_400x400.jpg","https://pbs.twimg.com/profile_banners/1892802325586333699/1760433997"
"1761315133069115392","加密CC🔥","PitebiBTC","📊 情绪交易研究员 🌞🌊 一边笑，一边观察币圈的人性 📍 Not financial advice, just funny vibes.","4535","1348","886","2436","424","","","","false","true","","false","true","2024-02-24 17:00:53","https://x.com/PitebiBTC","https://pbs.twimg.com/profile_images/1988834821465075712/KHwGapRM_400x400.jpg","https://pbs.twimg.com/profile_banners/1761315133069115392/1761838850"
"1932935705711513600","Yanhua 彦华","yanhua1010","独立开发者 & AI创业者 
营销增长和产品开发实战 
Reddit 用户痛点和Niche挖掘 https://t.co/sK8Mi76nnt
公众号「EvanAI工坊」","2464","4310","420","1706","184","科技","","https://lnk.bio/yanhua","false","true","","false","false","2025-06-12 06:59:32","https://x.com/yanhua1010","https://pbs.twimg.com/profile_images/1974706545431818240/wNphA_FD_400x400.jpg","https://pbs.twimg.com/profile_banners/1932935705711513600/1760163026"
"1717394229734039552","00后破产哲学家沈飞","GideonMich1618","19岁 踏入金融市场 A股 期权 数字货币 港股 牛熊证 期货 这些我全都操作过
23岁 背叛 欺骗 失控 破产
24岁 走在重生的道路上","28","61","195","14","2","","China","","false","true","","false","false","2023-10-26 12:17:40","https://x.com/GideonMich1618","https://pbs.twimg.com/profile_images/1975852968802205696/4d9YyQC8_400x400.jpg","https://pbs.twimg.com/profile_banners/1717394229734039552/1760712635"
"1882653904879714305","象骑士Hack","xiangqishi","高校副教授，玩网盘拉新、AI出海
vx: okok6a
知识星球：https://t.co/nEEwvrz9Iz","857","1127","2514","1072","129","","","","false","true","","false","false","2025-01-24 12:57:29","https://x.com/xiangqishi","https://pbs.twimg.com/profile_images/1957744398261010432/q6AX_KIM_400x400.jpg",""
"36952268","Tony出海","iamtonyzhu","Tony出海营销, Founder, Ship AI startups。10年前从国内互联网产品转行跨境电商。 社媒高转化 + SEO持续增长","5309","16320","1676","5363","933","","Tony出海营销手册👉","https://chuhaihao.com","false","true","","false","true","2009-05-01 22:23:58","https://x.com/iamtonyzhu","https://pbs.twimg.com/profile_images/1731259755891732480/C4u-Yz1V_400x400.jpg",""
"2311987360","Marc Lou","marc_louvion","🧑‍💻 https://t.co/Y30jsaHwz9 $20K/m
⚡️ https://t.co/vatLDmi9UG $17K/m
📈 https://t.co/3EDxln5mdi $16K/m
⭐️ https://t.co/MZc8tG9xWi $8K/m
🧬 https://t.co/SfrVXVtmdA $.5K/m
🍜 https://t.co/r07EpGSYJ2 $0K/m
🧾 https://t.co/7olaOzV8Xd $0/m

+18 https://t.co/4zCWHGJp1S","29163","229082","1119","53522","4385","","Join 43,000+ readers →","https://marclou.com/newsletter","false","true","","false","true","2014-01-29 21:56:31","https://x.com/marc_louvion","https://pbs.twimg.com/profile_images/1514863683574599681/9k7PqDTA_400x400.jpg","https://pbs.twimg.com/profile_banners/2311987360/1708675367"
"100399047","Tz","Tz_2022","AI is the steam engine of the mind. AI是心灵的蒸汽机。
科幻是现实的有效坍塌。加速正在被加速。
看，那千尺海啸正扑面而来，而我们还在海滩上捡垃圾。
念念不忘，必有回响。","5127","11075","1367","8767","960","科技","Edinburgh, UK","","false","false","","false","false","2009-12-30 12:06:23","https://x.com/Tz_2022","https://pbs.twimg.com/profile_images/1579478276287905794/7-2NGiY3_400x400.jpg","https://pbs.twimg.com/profile_banners/100399047/1724471757"
"1912050383574482944","小红🌸","karkanini9","front-end 独立开发做 https://t.co/QoTKzKmoIp 站点已上线：AI 手办&签名生成｜积分支付已上线 

真诚活跃，长期主义；

吐槽、引用、互关、活跃 在战在报，搞钱 ing;  

还在学英语，据说6个月能掌握一门语言，我要试试。","531","360","353","937","53","","","","false","true","","false","false","2025-04-15 15:48:44","https://x.com/karkanini9","https://pbs.twimg.com/profile_images/1987489828825444352/EAVPSqMK_400x400.jpg",""
"1156182860342034433","idan","eddiearc6","刚好踏入高考及格线（三本）的前字节跳动工程师🧑‍💻
正在构建我自己的AI产品🔨  
费曼学习法践行者","282","94","364","875","13","","Shenzhen CN","","false","true","","false","true","2019-07-30 20:40:49","https://x.com/eddiearc6","https://pbs.twimg.com/profile_images/1984945749315182592/lesdFMMx_400x400.jpg","https://pbs.twimg.com/profile_banners/1156182860342034433/1701145820"
"1576219005488369665","我真的没有拼多多","nopinduoduo","赛博永生| 远程办公程序员 | 农学研究生退学 | 转码 
ADHDer/infp，独立开发探索者，AI探索，副业探索。

🖋️ 对抗遗忘，用代码和文字记录混乱人生。
         people die, words alive
         人或许会逝去，但文字永远鲜活","3042","4062","1044","5411","423","","https://github.com/QiYongchuan","https://www.youtube.com/@nopinduoduo","false","true","","false","false","2022-10-01 22:34:47","https://x.com/nopinduoduo","https://pbs.twimg.com/profile_images/1850103103540142081/LMxypzXA_400x400.jpg","https://pbs.twimg.com/profile_banners/1576219005488369665/1729935091"
"1699791054814445568","神奇小喷菇","xpg0970","一切不为我所有，但一切可为我所用

AI超级个体 在路上","1009","180","1327","1618","78","科技","","","false","true","","false","true","2023-09-07 22:28:52","https://x.com/xpg0970","https://pbs.twimg.com/profile_images/1979093536453591040/VY9N-c3M_400x400.jpg","https://pbs.twimg.com/profile_banners/1699791054814445568/1762710385"
"1306429903886139392","AI酱帮我套利","tsuibo1","日赚咖啡｜bug致富认证｜单身求撩","259","137","520","284","60","","","","false","true","","false","false","2020-09-17 11:09:07","https://x.com/tsuibo1","https://pbs.twimg.com/profile_images/1985697458178211840/6LcvpYwT_400x400.jpg","https://pbs.twimg.com/profile_banners/1306429903886139392/1762265425"
"1951984926439755776","宇皓AI","AGIJackson008","AI科班研究生🧑‍🎓 前沿AI工具🧰 关注LLM，Agent，AI出海｜vx: AIJackson008
个人IP创作平台 ContentFlow AI: https://t.co/PP3B0EySl7
自研的通用流量聚合平台（知识付费社区）已服务数十家企业承接公域流量｜体验: https://t.co/Zuub9P1Z4R","66","30","100","9","19","科技","","http://jackson.contentflow.art","false","false","","false","true","2025-08-03 20:34:19","https://x.com/AGIJackson008","https://pbs.twimg.com/profile_images/1952347475458789376/BhP128xk_400x400.jpg","https://pbs.twimg.com/profile_banners/1951984926439755776/1754310993"
"39658761","Bruce","codeo4","2023年all in ai创业，现在主要做企业AI培训业务，同时组织技术沙动活动，对接AI资源和项目，寻找技术产品供应商一起搞钱。分享生活经验、搞钱经历和南老师给我的教训。","3228","1076","331","332","96","","中国广州","https://www.dongboge.cn","false","true","","false","false","2009-05-13 09:52:26","https://x.com/codeo4","https://pbs.twimg.com/profile_images/1972958879672848384/YDYjjc4P_400x400.jpg","https://pbs.twimg.com/profile_banners/39658761/1705306089"
"1581259092928040961","尹珉","yinmin1987","🐧 Linux Foundation亚太地区布道师 || 
🌟 Milvus 北辰使者 || 
 🌐Oceanbase Ambassador || 
🦭 Sealos Ambassador ||
《LangGraph实战》编著
Vibe Weave 发起人","3869","2593","2282","5642","645","","Hangzhou","https://milvus.io/zh","false","false","","false","false","2022-10-15 20:22:08","https://x.com/yinmin1987","https://pbs.twimg.com/profile_images/1910487298338443264/3WJdOyfu_400x400.jpg","https://pbs.twimg.com/profile_banners/1581259092928040961/1744330671"
"1625510502246801408","送姜","song66546656","06 | INFP | 努力做一名终身学习者 | 正在琢磨怎么赚一点小钱","397","750","151","506","28","","","","false","true","","false","false","2023-02-14 23:01:39","https://x.com/song66546656","https://pbs.twimg.com/profile_images/1982443595735977984/tZ4FhYA4_400x400.jpg","https://pbs.twimg.com/profile_banners/1625510502246801408/1759929656"
"2445001998","冰河","binghe_sun","🎉 爱技术，爱赚钱，爱分享！

🐬 分享 赚钱项目 ｜打破信息壁垒 ｜副业避坑

🌻 能拆解的赚钱项目才有意义

🪐 知识星球社群/公众号：“钱来有道” 

🌌 小宇宙 |Podcasts |QQ音乐  播客 “钱来有道”

🎀 搞钱训练营  https://t.co/58qRl0IBTf","3242","24618","163","353","546","","","http://qianlai.flowus.cn","false","true","","false","true","2014-04-15 14:33:45","https://x.com/binghe_sun","https://pbs.twimg.com/profile_images/1967594037571121152/jS1dH7FJ_400x400.jpg","https://pbs.twimg.com/profile_banners/2445001998/1710989203"
"1554383427163418624","Albert_OnePiece","ZeroRichardo","ALLin Crypto&AI 🚀 | 不定期分享个人见解","172","56","309","357","11","","","","false","true","","false","false","2022-08-02 16:28:09","https://x.com/ZeroRichardo","https://pbs.twimg.com/profile_images/1986331012566306816/5yYJEdY9_400x400.jpg","https://pbs.twimg.com/profile_banners/1554383427163418624/1762413193"
"733818589921189893","周杨ChengCheng（ZYYC）","Zhoukkb","吃了十年的土地财政红利，给国内各大地产公司做战略客户供应商，国内基建是到头了，未来十年便是AI的世界","1658","79","317","487","208","","0.1m","","false","false","","false","true","2016-05-21 08:36:00","https://x.com/Zhoukkb","https://pbs.twimg.com/profile_images/1222930391536783360/jtv6K8-7_400x400.jpg","https://pbs.twimg.com/profile_banners/733818589921189893/1762309606"
"1071326488467693568","月下独酌の仙人","zacK57959289","INFP-T
🧠 Solo Engineer in Tokyo |  🇯🇵 驻日朴素郊游程序员 |保持有趣& 東京でNPCになる|You May Say I'm a Dreamer","428","77","289","120","106","","Shinjuku-ku, Tokyo","","false","true","","false","false","2018-12-08 16:51:53","https://x.com/zacK57959289","https://pbs.twimg.com/profile_images/1989550128672411648/XtIVt7Bi_400x400.jpg","https://pbs.twimg.com/profile_banners/1071326488467693568/1761378180"
"1771948996598337536","欧文_出海","owenchuhai","探索AI在各行业的实际应用
分享 AI、AI 智能体以及AI应用相关的新鲜事","24","31","114","9","0","","","","false","true","","false","false","2024-03-25 01:16:01","https://x.com/owenchuhai","https://pbs.twimg.com/profile_images/1942431612135690240/bCb2q7FV_400x400.jpg","https://pbs.twimg.com/profile_banners/1771948996598337536/1751946762"
"1587305146655993856","蓝夏","huanlanshengxia","会写点代码
说出来的，都不可信","114","26","128","91","20","","","","false","false","","false","false","2022-11-01 12:47:04","https://x.com/huanlanshengxia","https://pbs.twimg.com/profile_images/1870703973310906368/9kmHETv5_400x400.jpg",""
"76875167","观思者","mitking","独立创业者 | AI 工具公司创始人 | 跨境出海布道者 我正在打造新一代 AI 助理工具，帮助普通人跨越文化与语言障碍， 为跨境出海企业与个人提供高效、智能的支持。 🌐 当前项目 👉 AI 翻译助理https://t.co/UytLvRzm0u 助力团队无障碍沟通，轻松迈向全球市场。","339","953","262","105","54","社交媒体影响者","Hong Kong","https://twitter.com/mitking","false","true","","false","false","2009-09-24 14:39:34","https://x.com/mitking","https://pbs.twimg.com/profile_images/1977933158348926976/ho4Qekax_400x400.jpg","https://pbs.twimg.com/profile_banners/76875167/1760427053"
"1965832077758095360","自由李亿freeliyi","freeliyi","长居欧洲写代码｜靠写作为生多年
公开记录每日尝试与进步
创业、投资、学语言、自我成长
目标是通过输出积累专长
希望自己积极快乐活在当下
快乐事业=退休（x，yt）
和自己的全能自恋相处中｜复利追求者
探索自由和搞钱","2094","14011","274","1941","117","","","http://www.youtube.com/@freeliyi","false","true","","false","false","2025-09-11 01:38:04","https://x.com/freeliyi","https://pbs.twimg.com/profile_images/1968787922926125056/bbPLoTRN_400x400.jpg",""
"1392110156452823044","Berryxia.AI","berryxia_ai","🧠✨Building AI tools AI System Prompt 🐳 | Make WinMaxle Keyboard  Not a designer, not a programmer, Love Design & Coding & Prompt！ 
💼📮:Andyhuo@me.com","5431","17102","1806","2437","1227","金融服务","hongkong","https://yw.app/3bD49AG","false","true","","false","true","2021-05-11 21:31:49","https://x.com/berryxia_ai","https://pbs.twimg.com/profile_images/1911247392478789632/JvXU6qyM_400x400.jpg","https://pbs.twimg.com/profile_banners/1392110156452823044/1760658386"
"1747573233661157376","左岸森","rgsen8","Web · AI · 出海 · 增长 ｜♟️chess｜🎼 古典｜🌍 游历中","94","639","210","419","13","","","","false","true","","false","true","2024-01-17 18:55:10","https://x.com/rgsen8","https://pbs.twimg.com/profile_images/1990499315660255232/r5ygi18D_400x400.jpg","https://pbs.twimg.com/profile_banners/1747573233661157376/1761140074"
"1226419222474936320","苍何","canghecode","专注AI出海，AI编程，智能体，MCP，努力分享一些有趣，实用的AI干货，公众号：苍何","1209","3736","436","530","264","科技","wuhan","https://canghecode.com","false","true","","false","false","2020-02-09 16:15:56","https://x.com/canghecode","https://pbs.twimg.com/profile_images/1744283141219680256/5DcrV0du_400x400.jpg","https://pbs.twimg.com/profile_banners/1226419222474936320/1707200700"
"1595800238366724097","Aiden Chen","AidenChen100","2024年河南省研发专项 AI 板块负责人 ｜
ABC-Labs Devrel ｜
独立开发者｜
AI Agent / Web3 Developer","35","376","420","115","7","","","","false","true","","false","false","2022-11-24 23:24:23","https://x.com/AidenChen100","https://pbs.twimg.com/profile_images/1982340740278603776/oIxJ1FFc_400x400.jpg","https://pbs.twimg.com/profile_banners/1595800238366724097/1762230122"
"1877440800","李韭二","lee_toyofbob","【韭二代的自救和重生之路】 
【文科生】【非物质文化遗产古法读书写作传承人】
【【正在学习关于互联网和商业的一切】
【分享我的愚蠢与偏见】","297","373","815","93","33","","Hong Kong","","false","true","","false","true","2013-09-18 08:52:13","https://x.com/lee_toyofbob","https://pbs.twimg.com/profile_images/1958447835365707776/pezBwxG9_400x400.jpg","https://pbs.twimg.com/profile_banners/1877440800/1762539508"
"1367360490427453441","路飞 🏴‍☠️ AI 研究员🧐","0xluffy_eth","🌍 分享工具和资料
🔭 专注于 AI、效率工具、Web3 的信息挖掘和评测
⛵️ 海贼·王路飞的狂热粉丝，坚信勇气和冒险精神可以开启人生新篇章 

🧧 10,000元红包雨 + 1000款 AI 工具合集，100% 免费领取 
📱打开抖音领取👉 https://t.co/ksOCiri13u","8199","125670","127","10999","6348","","","","false","true","","false","true","2021-03-04 14:25:27","https://x.com/0xluffy_eth","https://pbs.twimg.com/profile_images/1612405554491850752/G2adJo0p_400x400.jpg","https://pbs.twimg.com/profile_banners/1367360490427453441/1673262832"
"1723698848185659392","zojian","zojian1996","7 年央企Java开发☕️
AI 出海探索中 🚢 小里程碑 $1k+/mo
白天上班 ｜ 晚上上站
记录踩坑, 欢迎关注","123","131","305","174","27","","Zhuhai,China","","false","true","","false","false","2023-11-12 21:46:53","https://x.com/zojian1996","https://pbs.twimg.com/profile_images/1956871135196495872/GrmzTS6J_400x400.jpg","https://pbs.twimg.com/profile_banners/1723698848185659392/1762267135"
"1939108566","QuantaQueen","QuantaQueen","自媒体|电商|VPN","300","62","294","25","39","科技","","","false","false","","false","true","2013-10-06 07:35:28","https://x.com/QuantaQueen","https://pbs.twimg.com/profile_images/1817735825540440064/oyFovvIx_400x400.jpg","https://pbs.twimg.com/profile_banners/1939108566/1722217089"
"231725747","Mr_董先生☕️复利抗扰","Eddy_Gudong","人生抗干扰设计师 | 🛡️ 守护普通人脆弱的原始积累，避免努力一朝亏损

消除精力、金钱、时间在职场/人际/心态中的消耗。让努力有价值，实现复利增长。

Eliminate ⏳💰🧠 consumption in Career/Life. Maximize Compound Growth.","332","1174","510","264","38","","","","false","true","","false","true","2010-12-29 16:40:16","https://x.com/Eddy_Gudong","https://pbs.twimg.com/profile_images/1988157105359261696/cNSCcQrJ_400x400.jpg","https://pbs.twimg.com/profile_banners/231725747/1762244881"
"1490362148081463298","追光者","niaojiang5","跨领域知识分享者🎓 

英语学习📝｜金融思维🧠｜科技前沿🤖

让好奇心永远在线💪🏻～","35","68","365","391","23","","","","false","true","","false","true","2022-02-07 00:32:27","https://x.com/niaojiang5","https://pbs.twimg.com/profile_images/1982767842954031104/jS5RIjLR_400x400.jpg",""
"1587750166916136960","CodeCaptain","huangsanm","AI SaaS出海一线开发者 | 一人公司 | 分享如何用AI工具赋能产品，搞定技术与增长 | 从第一视角见证如何使用AI工具完成一个游戏站。","300","80","294","23","42","","California, USA","https://www.oneclickplay.fun","false","true","","false","true","2022-11-02 18:15:23","https://x.com/huangsanm","https://pbs.twimg.com/profile_images/1973000615132532738/S-OvSaJ0_400x400.jpg",""
"1783506872290664448","Kevin Ma","kevinma_dev_zh","👨‍💻 全栈开发 | 兩个娃 🧒 | 四只貓😸 | 喜欢听许巍/李健 🎶, 喜欢读王小波 📚 | 做过运维, 做过开发, 创过业, 在工厂打过杂 | 努力养家糊口 | 坚持学英语 | 分享英语, AI, 自媒体","2552","6190","593","6311","106","","","https://kevinma2010.net/service/","false","true","","false","true","2024-04-25 22:43:41","https://x.com/kevinma_dev_zh","https://pbs.twimg.com/profile_images/1783509931813154816/O2ZjRUSc_400x400.jpg","https://pbs.twimg.com/profile_banners/1783506872290664448/1714057364"
"1724755050722123776","丹德里恩","Dandelionlidf","嘛钱不钱的 乐呵乐呵得了","234","84","446","235","53","","","","false","true","","false","false","2023-11-15 19:43:57","https://x.com/Dandelionlidf","https://pbs.twimg.com/profile_images/1990408276564221952/2_-2KCvo_400x400.jpg","https://pbs.twimg.com/profile_banners/1724755050722123776/1763387357"
"1966322844490665984","饼干哥哥AGI（2.0）","bggg_ai","重生之我继续在X 分享AI干货知识：AI编程、n8n 工作流、AI 绘画","240","4622","211","315","91","","","","false","true","","false","false","2025-09-12 10:12:55","https://x.com/bggg_ai","https://pbs.twimg.com/profile_images/1982968532481802240/eZp14eKY_400x400.jpg",""
"1764818331822182400","小互","imxiaohu","学AI找小互，找小互，上 https://t.co/4PVaHEr5r3 ...

小互AI日报 社群：https://t.co/LIEXfWUHv1","7772","76161","1498","1885","4884","","Mars","http://xiaohu.ai","false","true","","false","true","2024-03-05 09:01:23","https://x.com/imxiaohu","https://pbs.twimg.com/profile_images/1765404718959095808/BX7VN1hS_400x400.jpg","https://pbs.twimg.com/profile_banners/1764818331822182400/1717126346"
"1667439202357899267","Pluviobyte | 出海","Pluvio9yte","大厂安全工程师 | 🌊web出海 | 🌏擅长Prompt && Vibe coding && 智能合约审计 | web3开发者 && 交易员 |  出海经验 | web3知识 | 工作流 | AI使用 | 日常感想 | 合作DM 📩 https://t.co/NQFSgc8FrP","569","914","288","688","88","","","","false","true","","false","true","2023-06-10 15:51:06","https://x.com/Pluvio9yte","https://pbs.twimg.com/profile_images/1986098802680369152/s5DF1Q7Y_400x400.jpg","https://pbs.twimg.com/profile_banners/1667439202357899267/1762357470"
"1957643575128383489","Yep大白","easyopss","认真生活，慢慢变富｜目标：开发1000+实用小工具、副业日入1K｜分享从0到1的AI编程心得、副业变现路径和生活日常。#大白小应用","1437","2547","470","580","174","","VX：qinniao1234","https://www.easyops.work","false","true","","false","true","2025-08-19 11:20:27","https://x.com/easyopss","https://pbs.twimg.com/profile_images/1965629767912407040/YqlalUBV_400x400.jpg","https://pbs.twimg.com/profile_banners/1957643575128383489/1761021967"
"921074636095348737","Bob Zhang | Humorist","affLeopard","Content Marketer | Public Speaker | Ex-Standup Comic
📝Tweet tips on Content Marketing, X Marketing.
分享内容创作、内容营销、X营销的干货。帮你创作优质内容、获得更多客户！
English X: @Bobzhangai","3301","3253","715","7011","842","","查看精选帖子👉","https://x.com/affLeopard/status/1988770822769799221","false","true","","false","true","2017-10-20 02:04:40","https://x.com/affLeopard","https://pbs.twimg.com/profile_images/1972532533821927424/JMzRd4Jg_400x400.jpg","https://pbs.twimg.com/profile_banners/921074636095348737/1760725191"
"1404738934043602947","Jackywine","Jackywine","年终复盘 ing","23596","25733","2809","76949","3609","风险投资","","","false","true","","false","true","2021-06-15 17:54:01","https://x.com/Jackywine","https://pbs.twimg.com/profile_images/1805875520430915586/x3t_sQdd_400x400.jpg","https://pbs.twimg.com/profile_banners/1404738934043602947/1750768857"
"1602939289532502016","翼小旭Sunny Zou","zouxulucky","效率工具PM｜10+年软件出海 & 商业化经验｜动手党，偶尔手搓小工具 记录产品思考 & 出海实战","1560","2370","329","1118","64","","","http://zouxu.fun","false","true","","false","false","2022-12-14 16:11:57","https://x.com/zouxulucky","https://pbs.twimg.com/profile_images/1970297019656011777/zAIB1kLc_400x400.jpg","https://pbs.twimg.com/profile_banners/1602939289532502016/1758118655"
"1669276256","歸藏(guizang.ai)","op7418","关注人工智能、LLM 、 AI 图像视频和设计（Interested in AI, LLM, Stable Diffusion, and design）

AIGC 周刊主理人｜公众号：歸藏的AI工具箱","21141","105684","1218","36594","7253","","","https://www.guizang.ai/","false","true","","false","true","2013-08-14 10:18:36","https://x.com/op7418","https://pbs.twimg.com/profile_images/1636981205504786434/xDl77JIw_400x400.jpg","https://pbs.twimg.com/profile_banners/1669276256/1706450781"
"1639460977510092803","极客杰尼","seekjourney","老实憨厚的技术人｜AI出海实战派：https://t.co/dLMTi0TT4n ｜公众号：极客杰尼  ｜编程之道：https://t.co/TRfntMpEIK｜公众号排版器：https://t.co/Nbya0npukd","2339","4518","772","3342","530","","","https://www.geekjourney.dev","false","true","","false","false","2023-03-25 10:55:48","https://x.com/seekjourney","https://pbs.twimg.com/profile_images/1969069943766536192/opyw1L1U_400x400.jpg","https://pbs.twimg.com/profile_banners/1639460977510092803/1759826188"
"783729200","汤光头","tangpanqing","🚀 出海神器，1 键翻译视频，轻松收获全球粉丝 👉 https://t.co/8ma8p3KiLz

🚀 音乐视频创作神器 ，解锁你的音乐天赋 👉https://t.co/sDDDXlyUV7","13007","19413","1131","4633","1582","","","","false","true","","false","true","2012-08-27 11:36:47","https://x.com/tangpanqing","https://pbs.twimg.com/profile_images/1892512101677277184/3h6Svthz_400x400.jpg","https://pbs.twimg.com/profile_banners/783729200/1711266286"
"452072245","铁锤人","lxfater","我在用 AI 协助我创业，赚钱，走向自由
我的录屏软件  https://t.co/S9MMiRiy7L
github 维护 3w star 项目：https://t.co/ytvQf2mtZO","9851","50351","1109","5542","1008","社交媒体影响者","我的所有信息-》》","https://www.lxfater.com","false","true","","false","true","2012-01-01 19:26:00","https://x.com/lxfater","https://pbs.twimg.com/profile_images/1723719195995807744/9JIAjVJr_400x400.jpg","https://pbs.twimg.com/profile_banners/452072245/1762837704"
"3316005374","小宇_Mick","Mick_Chan8","Indie hacker building tiny tools with AI. Solving everyday problems with code and curiosity. Currently working on language learning products.","49","9","44","62","5","","","","false","true","","false","false","2015-08-15 21:51:55","https://x.com/Mick_Chan8","https://pbs.twimg.com/profile_images/1966136680160833539/C8CmwHbI_400x400.jpg","https://pbs.twimg.com/profile_banners/3316005374/1757598490"
"1961957234507943936","亿舟","yizhouzeal","独立开发者  自由职业
AI知识加载中···","30","6","12","0","10","","","","false","false","","false","false","2025-08-31 09:00:39","https://x.com/yizhouzeal","https://pbs.twimg.com/profile_images/1963473501601595392/ecGu1_yR_400x400.jpg","https://pbs.twimg.com/profile_banners/1961957234507943936/1756963599"
"885086674828578816","Mr Panda","PandaTalk8","Solo Developer ｜ Growth Coach｜Helping creators build their personal brand on X  
公众号：PandaTalk8","20116","56238","6650","56953","1217","教育","","https://xgrowth.xlearnity.ai/","false","true","","false","true","2017-07-12 18:41:22","https://x.com/PandaTalk8","https://pbs.twimg.com/profile_images/1738715996737933312/QHUuRDK1_400x400.jpg","https://pbs.twimg.com/profile_banners/885086674828578816/1760969154"
"1717726640040783872","泊舟","bozhou_ai","🧠AI 程序员 & Vibe 编码者 | 构建 AI 工具、系统提示与高效流程 | 热爱设计、编码，将想法转化为影响力🚀| 云服务器，高端显卡租赁","1816","4598","492","2573","160","科技","杭州","","false","true","","false","true","2023-10-27 10:15:31","https://x.com/bozhou_ai","https://pbs.twimg.com/profile_images/1971027619232796672/RvWGRpkC_400x400.jpg","https://pbs.twimg.com/profile_banners/1717726640040783872/1760612203"
"1926144412079280128","超级个体｜柿子","yaohui12138","超级个体践行者｜AI产品经理，日常分享 AI搞钱实战，AI编程系列教程，AI工作流实操， 只分享干货，利他即利己. 公众号：AI超级个体柿子","1704","3641","162","2553","95","","","","false","true","","false","true","2025-05-24 13:13:20","https://x.com/yaohui12138","https://pbs.twimg.com/profile_images/1964576447827496961/7rPS82Jd_400x400.jpg","https://pbs.twimg.com/profile_banners/1926144412079280128/1756980862"
"1850075259120369664","吴美律AI日记","wumeilv_ai","🎯AI编程入门与提效📌出海实战与案例分享❤️自媒体与流量增长🏃‍♀️正在尝试通过AI编程搭建第一个出海网站 知识星球：吴美律AI实战营","970","3004","472","1974","79","","","","false","true","","false","false","2024-10-26 15:21:38","https://x.com/wumeilv_ai","https://pbs.twimg.com/profile_images/1963855479287037952/va2PFwKK_400x400.jpg",""
"985830788674404352","炮爷_已婚版","rotor187","💪妻宝男，让老婆变富婆
👑唯媳妇和搞钱不可辜负
🌹公🀄️号：炮爷Hack｜炮爷聊AI
❤️创业做过婚恋、出境游、红薯高客单等","1345","4210","363","1757","268","科技","","https://okjk.co/XkhvZP","false","true","","false","false","2018-04-16 18:42:30","https://x.com/rotor187","https://pbs.twimg.com/profile_images/1976333241494929409/w6d7IOQe_400x400.jpg","https://pbs.twimg.com/profile_banners/985830788674404352/1757857535"
"3122661542","Yangyi","Yangyixxxx","Believing is seeing","13754","109035","500","5398","2848","科技","","https://lnk.bio/yangyi","false","true","","false","true","2015-04-01 11:00:40","https://x.com/Yangyixxxx","https://pbs.twimg.com/profile_images/1790540021327712256/72wMFr9-_400x400.jpg","https://pbs.twimg.com/profile_banners/3122661542/1702609915"
"1554325830708314112","droidHZ","hezhiyan7","嗨，这里是赫兹，网站出海生意人 ，公开记录网站开发每一步！","1037","2893","303","895","97","","","http://droidhz.com","false","true","","false","false","2022-08-02 12:39:09","https://x.com/hezhiyan7","https://pbs.twimg.com/profile_images/1942385394554728448/b9FlYTW2_400x400.jpg","https://pbs.twimg.com/profile_banners/1554325830708314112/1757243110"
"720332644521807872","阿西_出海（2.0版）","imaxichuhai","🚀 关注AI、LLM、MCP、AI图像视频 (Interested in AI,LLM,MCP,Stable Diffusion) 💡 推特增长手册：https://t.co/ObLlRqWsJp | 商业合作DM | 公众号：阿西-出海","478","4526","118","274","122","","推特运营经验","https://mp.weixin.qq.com/s/I5ROj6UfXu_3-k_aIYe1eQ","false","true","","false","true","2016-04-14 03:27:40","https://x.com/imaxichuhai","https://pbs.twimg.com/profile_images/1971521661326499840/jJeiSVuo_400x400.jpg","https://pbs.twimg.com/profile_banners/720332644521807872/1763005062"
"1928711169419956224","Jason Zhu","GoSailGlobal","独立开发，AI SaaS出海， AI价值内容分享 — 让AI工具就像积木一样构建产品，拼出无限可能！👉🏻 https://t.co/BDEkVzvki1","2465","7703","1516","4439","348","","china","","false","true","","false","false","2025-05-31 15:13:12","https://x.com/GoSailGlobal","https://pbs.twimg.com/profile_images/1949434880959676416/GEQGVlME_400x400.jpg","https://pbs.twimg.com/profile_banners/1928711169419956224/1755945863"
"1619961638140149766","李举刚","justinleei","ai产品合伙人，白天写代码，晚上追热点，把点子变成产品的“全能螺丝钉”。","2010","8931","662","2756","145","","","https://lijugang.ai","false","true","","false","true","2023-01-30 15:32:32","https://x.com/justinleei","https://pbs.twimg.com/profile_images/1835526576374423553/3n_W8X1y_400x400.jpg","https://pbs.twimg.com/profile_banners/1619961638140149766/1732447168"
"1131442257675083777","Cell 细胞","cellinlab","⚡️ 「BIP 订阅制真人秀」概念提出者 ｜ 💻 独立开发者 ｜🌍 造物矩阵 @ZaoWuJuZhen & 小火炉播客 @XiaohuoluFM 创始人 ｜🎯 关注 AI & Crypto · 构建创作者生态 · 探索个体与社区的更多可能 ｜🌐 English: @CellNomad","12104","20160","4526","13519","2247","科技","","https://www.cellinlab.com","false","true","","false","true","2019-05-23 14:10:30","https://x.com/cellinlab","https://pbs.twimg.com/profile_images/1634900405724545031/gQgQEpaj_400x400.jpg","https://pbs.twimg.com/profile_banners/1131442257675083777/1732942869"
