﻿"User ID","Name","Username","Bio","Tweets Count","Followers Count","Following Count","Favourites Count","Media Count","Professional","Location","Website","Verified","Is Blue Verified","Verified Type","Protected","Can DM","Created At","Profile URL","Avatar URL","Profile Banner URL"
"28530405","Andy Stewart","manateelazycat","懒猫微服CEO、前Deepin CTO、不端不装 仗剑走天涯

懒猫微服购买链接 https://t.co/KVqgWHDvJj 

懒猫微服有啥用？https://t.co/SF9p24BuTk","29885","43839","240","15344","3556","企业家","China","https://manateelazycat.github.io","false","true","","false","true","2009-04-03 17:01:38","https://x.com/manateelazycat","https://pbs.twimg.com/profile_images/768239262/HaskellIcon_400x400.jpg",""
"1763419234934329344","文硕","suosimath","21岁的本科生，线上教育创业者，坚信教育和行动能改变命运，梦想让所有孤儿拥有一次改变命运的机会。","606","1687","196","723","38","教育","福州","","false","true","","false","false","2024-03-01 12:21:33","https://x.com/suosimath","https://pbs.twimg.com/profile_images/1763419279259729920/fAoAS2Sc_400x400.jpg","https://pbs.twimg.com/profile_banners/1763419234934329344/1719119030"
"256523056","DAN KOE","thedankoe","notes to myself. building @edendotso","30121","546689","948","84463","1272","作家","the goods:","https://letters.thedankoe.com","false","true","","false","true","2011-02-23 22:25:39","https://x.com/thedankoe","https://pbs.twimg.com/profile_images/1845856303174037504/Q7ZZqVFa_400x400.jpg","https://pbs.twimg.com/profile_banners/256523056/1711767394"
"1676274975052017664","AI制片人Webb","Webbwasd","","2","4","8","0","2","","","","false","false","","false","false","2023-07-05 01:01:43","https://x.com/Webbwasd","https://pbs.twimg.com/profile_images/1965281054203490304/Tsha6ahI_400x400.jpg",""
"1958801928693129216","邪修玩AI-诗泳","LiEvanna85716","AI视觉设计师 | 专注AIGC工具测评与实战教程 🚀▢AI绘画 ▢设计工作流｜品牌/产品/动画设计 | 用AIGC为您实现创意 | 欢迎合作👉精华沉淀：公众号 邪修AI教主-诗泳","235","830","90","56","59","","","","false","true","","false","true","2025-08-22 16:02:40","https://x.com/LiEvanna85716","https://pbs.twimg.com/profile_images/1977901941289365504/ga9WjN0v_400x400.jpg","https://pbs.twimg.com/profile_banners/1958801928693129216/1755852763"
"1071224721046261760","karminski-牙医","karminski3","A coder, road bike rider, server fortune teller, electronic waste collector, co-founder of KCORES, ex-director at IllaSoft, KingsoftOffice, Juejin.","3988","29414","1434","2022","2169","","Asia/Beijing","https://kcores.com","false","true","","false","true","2018-12-08 10:07:30","https://x.com/karminski3","https://pbs.twimg.com/profile_images/1071225168360427520/2tY0hY6b_400x400.jpg","https://pbs.twimg.com/profile_banners/1071224721046261760/1736987799"
"1745528837088161792","出海去孵化器","chuhaiqu","⛴️#出海去 帮助一人企业做好出海增长

我们是一个赋能独立创客、一人公司和小微团队的新型社区孵化器，帮独立创客打造全球化一人公司。

📖会员(课程): https://t.co/YLAkpwse6m
🚀加速营(孵化): https://t.co/4KVsRFIwZG
🗣️微信听友群: https://t.co/APS8qLRgMr
🔍公众号/视频号/小宇宙/即刻: 同名","2307","13326","343","1452","834","专业服务","🔗 更多详情见官网","https://chuhaiqu.club","false","true","","false","true","2024-01-12 03:31:25","https://x.com/chuhaiqu","https://pbs.twimg.com/profile_images/1803421997063438337/wqT7zWXC_400x400.jpg","https://pbs.twimg.com/profile_banners/1745528837088161792/1720877883"
"16681326","Frank Wang 玉伯","lifesinger","I am curious and honest","4234","15072","886","705","88","","FUTURE","http://youmind.com","false","true","","false","false","2008-10-10 17:36:41","https://x.com/lifesinger","https://pbs.twimg.com/profile_images/1965120373781114880/rLnJ1xpC_400x400.jpg","https://pbs.twimg.com/profile_banners/16681326/1755700256"
"1491786147961323526","Axis Wang","WangxsNB","🚀Vibe Developer  👨‍🎓PhD Candidate @Tsinghua_Uni","2737","4199","718","5316","333","","","","false","false","","false","true","2022-02-10 22:48:45","https://x.com/WangxsNB","https://pbs.twimg.com/profile_images/1921399854007291904/kjUx__5i_400x400.jpg","https://pbs.twimg.com/profile_banners/1491786147961323526/1728907700"
"1807043606320214016","外贸赶路人Michael","imichaelsoho","公众号：外贸赶路人 🌊解决外贸跨境出海问题🎨打造个人商业自媒体，SOHO一人公司，数字游民，Web3，努力奔赴自由职业ing📱咨询沟通交流⬇️","2900","5267","572","1806","644","社交媒体影响者","vx/WeChat: sohofree","https://imichaelsoho.com/","false","true","","false","true","2024-06-29 21:29:15","https://x.com/imichaelsoho","https://pbs.twimg.com/profile_images/1936062878068449280/jgFgn3AS_400x400.jpg","https://pbs.twimg.com/profile_banners/1807043606320214016/1750767077"
"1619910362119405570","索螺丝","fiapp_pro","量化机构工程师
加州大学 ucsd 计算机
量化：https://t.co/CqyB1rBhRR 
社群：https://t.co/rcquyCkUke 
tg：@fiapp_sls
founder of AnyUni, Inc.","3541","9759","216","5615","809","金融服务","CA | NY","https://fiapp.pro/","false","true","","false","true","2023-01-30 12:08:29","https://x.com/fiapp_pro","https://pbs.twimg.com/profile_images/1906550794033430528/STO9o_aH_400x400.jpg","https://pbs.twimg.com/profile_banners/1619910362119405570/1743392127"
"552491458","MapleShaw","msjiaozhu","👨🏻‍💻Aspiring Indie Hacker & Independent Thinker

📖公众号：DEEPMAPLE

Building👇
https://t.co/28eEVCtBMt
https://t.co/P7puTyKVx7
https://t.co/W2YK5ImJ6n","4183","18332","115","1714","690","Industrial engineer","Los Angeles, CA","","false","true","","false","true","2012-04-13 15:02:11","https://x.com/msjiaozhu","https://pbs.twimg.com/profile_images/1949085910345330688/MptgOZsj_400x400.jpg","https://pbs.twimg.com/profile_banners/552491458/1731163230"
"3151608288","AppSail.dev","AppSaildotDEV","Build  https://t.co/6hXCeF4SjA  https://t.co/bJvmBtFnWm
🚀 X BoostClub 350w+ 社区  #XBC Partner
🏂 🏄 🛹 Lover of boards & freedom
#独立开发者 #港卡 #汇丰卓越  #资金回国
付费咨询请私信","4442","10601","1214","5517","267","科技","Singapore","https://x-boostclub.notion.site/","false","true","","false","true","2015-04-12 23:43:33","https://x.com/AppSaildotDEV","https://pbs.twimg.com/profile_images/1898997683634978816/jmJl9q7A_400x400.jpg",""
"33656640","Accio","Accio_official","Your B2B AI sourcing agent that makes sourcing simpler, smarter, and more efficient than ever before.","7161","119869","415","227","1353","","","https://www.accio.com/?src=f_x_bio","false","true","Business","false","true","2009-04-21 04:46:45","https://x.com/Accio_official","https://pbs.twimg.com/profile_images/1952692383222550529/WvkpFMNr_400x400.jpg","https://pbs.twimg.com/profile_banners/33656640/1754393121"
"760516629541163008","Rico有三猫","rico_mary8192hy","🎮 AI科技博主 | AIGC创作者 | 设计师 
🖥️ 专注实用&好玩的AI工具和科技产品
📒 AI系列教程视频全网百万播放","161","760","88","56","87","","People's Republic of China","","false","false","","false","false","2016-08-03 00:44:29","https://x.com/rico_mary8192hy","https://pbs.twimg.com/profile_images/1871167047058780160/tOa9fWEe_400x400.jpg","https://pbs.twimg.com/profile_banners/760516629541163008/1746811625"
"1681349314797240320","OpenRouter","OpenRouterAI","Discover and use the latest LLMs. 500+ models (incl. 50+ free), explorable data, private chat, & a unified API. https://t.co/qJG5mKrigL","3785","58518","322","4398","656","科技","","https://openrouter.ai","false","true","","false","true","2023-07-19 01:06:39","https://x.com/OpenRouterAI","https://pbs.twimg.com/profile_images/1682268668321726464/NEb6_n7n_400x400.jpg","https://pbs.twimg.com/profile_banners/1681349314797240320/1729645714"
"1131442257675083777","Cell 细胞","cellinlab","⚡️ 「BIP 订阅制真人秀」概念提出者 ｜ 💻 独立开发者 ｜🌍 造物矩阵 @ZaoWuJuZhen & 小火炉播客 @XiaohuoluFM 创始人 ｜🎯 关注 AI & Crypto · 构建创作者生态 · 探索个体与社区的更多可能 ｜🌐 English: @CellNomad","12001","20035","4512","13347","2235","科技","","https://www.cellinlab.com","false","true","","false","true","2019-05-23 14:10:30","https://x.com/cellinlab","https://pbs.twimg.com/profile_images/1634900405724545031/gQgQEpaj_400x400.jpg","https://pbs.twimg.com/profile_banners/1131442257675083777/1732942869"
"814884992698368000","加密钟师傅🕊️","drmrzhong","资深设计师 | 社群运营 | Ai出海赚美刀
Web3 Builder | Alpha Research | vx: drmrzhong","30355","12552","12217","38239","2194","科技","Los Angeles, CA","https://www.mintpot.co/","false","true","","false","true","2016-12-31 01:24:57","https://x.com/drmrzhong","https://pbs.twimg.com/profile_images/1821535071234674688/wWswj6ij_400x400.jpg","https://pbs.twimg.com/profile_banners/814884992698368000/1684169033"
"1778396153496924160","毅行出海 Sven","sven_ai","🚀 前上市公司技术总监&架构师，带过十亿级产品&百人技术团队！
✈️ 现离开舒适圈，深耕AI出海，用AI打造全球化产品！
📈 创建https://t.co/ELdIsawOlx - 帮你实现AI出海营销 & SEO营销！
🚀 加入“毅行出海俱乐部”，从0到1实现AI出海：https://t.co/Hit874n2SG","3203","5226","896","1562","559","","","https://SoPilot.net","false","true","","false","true","2024-04-11 20:14:31","https://x.com/sven_ai","https://pbs.twimg.com/profile_images/1894675747584790529/LXdRFooV_400x400.jpg","https://pbs.twimg.com/profile_banners/1778396153496924160/1744277269"
"2889914240","Marx","marxgogogo","","1831","394","3107","12670","13","","","","false","true","","false","false","2014-11-04 23:27:22","https://x.com/marxgogogo","https://pbs.twimg.com/profile_images/1931234258917687296/eWSXWyeL_400x400.jpg",""
"1413340227687571456","YC (Yucheng Liu)","lyc_zh","⛴️ 为出海企业构建软基建 via #出海去 @chuhaiqu 
🚀 X BoostClub 350 万推特社区 #XBC Founder
📈 佐治亚理工 ➡️ 码弱 ➡️ TechLead ➡️ CTO ➡️ 超级个体 
🦾 一人独角兽必将出现 
♊️ INTJ/ENTJ 左右横跳 
📍 Boston","5119","12187","1634","5465","847","社区","Boston, MA","https://regrowth.so/watchlists/x-boostclub-a044a9436ec34d399abef5042600a7d2","false","true","","false","true","2021-07-09 11:32:38","https://x.com/lyc_zh","https://pbs.twimg.com/profile_images/1964737537479512064/KXewSKLV_400x400.jpg","https://pbs.twimg.com/profile_banners/1413340227687571456/1735691977"
"1939567114794483712","AI 原生基金会","AINativeF_zh","非营利组织，推动 Ethical AI 发展，分享 AI 原生领域的最新见解，🤝 加入社区：https://t.co/HNrx1JvD5i","2434","1174","1205","966","1560","","","https://ainativefoundation.org/","false","true","","false","false","2025-06-30 14:10:30","https://x.com/AINativeF_zh","https://pbs.twimg.com/profile_images/1939567314032021504/AF48YU_H_400x400.png",""
"1606846015944159233","Haoshan Hong","HroyhongHong","","2186","11083","428","2640","218","","","http://hhsblog.me","false","true","","false","true","2022-12-25 10:55:36","https://x.com/HroyhongHong","https://pbs.twimg.com/profile_images/1949090810190057472/RtGzFZRs_400x400.jpg","https://pbs.twimg.com/profile_banners/1606846015944159233/1726501127"
"3003486236","banboo","xbanboo","随便活着。","8457","38807","605","11885","1441","","Dali","","false","true","","false","true","2015-01-30 21:26:34","https://x.com/xbanboo","https://pbs.twimg.com/profile_images/1957642877254914048/VWg-Vtj__400x400.jpg","https://pbs.twimg.com/profile_banners/3003486236/1746461793"
"1839748856017215488","Pablo Prompt","pabloprompt","Psicólogo 🧠 que se topó con la Inteligencia Artificial 🤖 | Producción Audiovisual con IA | CPP 👉🏼 Freepik ~ Kling ~ Pika ~ Hailuo ~ PixVerse ~ Higgsfield","744","4915","203","1197","293","","Islas Canarias, España","","false","true","","false","true","2024-09-28 03:28:22","https://x.com/pabloprompt","https://pbs.twimg.com/profile_images/1930374537553543169/eIXt9dNO_400x400.jpg","https://pbs.twimg.com/profile_banners/1839748856017215488/1749072064"
"1515128158835691526","Ring Hyacinth","ring_hyacinth","Artist working with #AI","330","11995","335","709","190","","","http://hyacinth.im","false","true","","false","true","2022-04-16 08:41:37","https://x.com/ring_hyacinth","https://pbs.twimg.com/profile_images/1811285605252313088/w5sCj3nH_400x400.jpg","https://pbs.twimg.com/profile_banners/1515128158835691526/1666290243"
"190987452","The World Of Chinese","WorldofChinese","A magazine about Chinese society, culture, history, arts, language, and more. China is a story—we tell it. 
Use #theworldofchinese to share your China story!","16196","21316","1095","2078","5881","媒体和新闻公司","Beijing, China","http://www.theworldofchinese.com","false","true","","false","false","2010-09-15 18:11:55","https://x.com/WorldofChinese","https://pbs.twimg.com/profile_images/1385072610946342914/Krxf_kqa_400x400.jpg","https://pbs.twimg.com/profile_banners/190987452/1750992460"
"913269761735254017","pippingg","Suyanzhenq","From deep occran","5470","3376","1322","4017","44","商业和工业","Los Angeles, CA","","false","true","","false","true","2017-09-28 13:10:53","https://x.com/Suyanzhenq","https://pbs.twimg.com/profile_images/1181052845618946049/n81jDRod_400x400.jpg","https://pbs.twimg.com/profile_banners/913269761735254017/1738309675"
"1452169962286637059","DinoDeer","xDinoDeer","古典互联网从业者，广告爱好者，接地气的生意人。 Less code more money.","9204","23258","1130","3683","435","科技","Los Angeles, CA","https://upup.news","false","true","","false","true","2021-10-24 15:08:07","https://x.com/xDinoDeer","https://pbs.twimg.com/profile_images/1575140129152172038/yIfOXtw2_400x400.jpg","https://pbs.twimg.com/profile_banners/1452169962286637059/1728353112"
"1746801090962522112","ZOYA ✪","HeyZoyaKhan","Robotics Engineer | Exploring Tech & AI | Posting daily about AI tools, tutorials & updates |","7842","54184","135","8871","3462","Content Creator","","","false","true","","false","true","2024-01-15 15:47:14","https://x.com/HeyZoyaKhan","https://pbs.twimg.com/profile_images/1875986296650522624/ko_bZtZT_400x400.jpg","https://pbs.twimg.com/profile_banners/1746801090962522112/1736105180"
"3267819704","KeJun","yrmkejun","毛茸茸科技 CEO
三花 AI ❀  ⇢ https://t.co/AU1o8T7ej4
ComfyUI 爱好者 ♥ ⇢ https://t.co/I3kbmetu1U
UniHelper ⇢ https://t.co/uCLF9Rt4UU","799","6409","265","1224","200","","中国","https://github.com/kejunmao/","false","false","","false","false","2015-07-04 14:15:06","https://x.com/yrmkejun","https://pbs.twimg.com/profile_images/1667110127651135493/09y0YbZy_400x400.jpg","https://pbs.twimg.com/profile_banners/3267819704/1583688959"
"3181020308","Figma","figma","Early birds get your tix","29877","520335","166","42892","2624","科技","","https://figma.bot/Config26-X","false","true","Business","false","true","2015-05-01 05:48:45","https://x.com/figma","https://pbs.twimg.com/profile_images/1950251644467490817/MiHVMqAM_400x400.jpg","https://pbs.twimg.com/profile_banners/3181020308/1752680970"
"47636428","PJ Ace","PJaccetturo","Viral AI ad madman - CEO of https://t.co/YBc1ZfoyRf - 300M+ Views | Featured in Variety, Hollywood Reporter. || Join my newsletter & 100x views on your AI videos 👇🏼","6130","62292","1691","11873","527","","","https://pjace.beehiiv.com/","false","true","","false","true","2009-06-16 22:28:03","https://x.com/PJaccetturo","https://pbs.twimg.com/profile_images/1777424827730796545/ZzxKs8Pf_400x400.jpg","https://pbs.twimg.com/profile_banners/47636428/1712606077"
"1845681275400835072","yang fei","yangfei33113","","439","405","103","4436","103","","","","false","false","","false","false","2024-10-14 12:21:38","https://x.com/yangfei33113","https://pbs.twimg.com/profile_images/1905061250025082880/s7NqJonE_400x400.jpg",""
"1474067654","李继刚","lijigang_com","Reader.  Thinker.  Prompter.","627","30082","32","232","85","","","","false","true","","false","false","2013-06-01 15:32:24","https://x.com/lijigang_com","https://pbs.twimg.com/profile_images/599778700943446016/N-a6Jbep_400x400.jpg","https://pbs.twimg.com/profile_banners/1474067654/1750226514"
"1404738934043602947","Jackywine","Jackywine","年终复盘 ing","23446","25670","2806","76693","3594","风险投资","","","false","true","","false","true","2021-06-15 17:54:01","https://x.com/Jackywine","https://pbs.twimg.com/profile_images/1805875520430915586/x3t_sQdd_400x400.jpg","https://pbs.twimg.com/profile_banners/1404738934043602947/1750768857"
"717142471","Jerlin","eviljer","一人团队，自由创造。

聚焦：AI 玩法分享 ｜ 数据分析和可视化
产品：https://t.co/YkgdVIukIl —— 一拍一问，生活秒变英语课
作品集：https://t.co/YTtlIGTtLK","3827","9582","605","7961","1191","科技","China","","false","true","","false","true","2012-07-26 09:32:13","https://x.com/eviljer","https://pbs.twimg.com/profile_images/1957790663392874496/GK-LP0CR_400x400.jpg","https://pbs.twimg.com/profile_banners/717142471/1743019405"
"1727654155680968704","Hewar","hewarsaber","Websites, Branding, Product: https://t.co/8HrOeKPQRx","25271","11220","370","28928","1771","","Book Intro Call →","https://konvert.design/booking","false","true","","false","true","2023-11-23 19:43:56","https://x.com/hewarsaber","https://pbs.twimg.com/profile_images/1910744222010880000/r3G8_Dth_400x400.jpg","https://pbs.twimg.com/profile_banners/1727654155680968704/1755847124"
"1551258526584115204","AI Will","FinanceYF5","增长顾问 | AI行业分析师，Learn in Public","40144","177911","1905","5200","22066","媒体和新闻公司","San Francisco Bay area","https://linktr.ee/hanweilang","false","false","","false","true","2022-07-25 01:30:38","https://x.com/FinanceYF5","https://pbs.twimg.com/profile_images/1896818103016935424/ucw3T2uW_400x400.jpg","https://pbs.twimg.com/profile_banners/1551258526584115204/1760393812"
"1799294856822673408","Kling AI","Kling_ai","Join KLING AI Community💫
Discord:https://t.co/kUVSFwBlEu 
TikTok:https://t.co/J7oMx5kPxn 
IG:https://t.co/DDAKgGvLqh","2867","102918","473","5611","461","科技","","https://klingai.com/","false","true","","false","true","2024-06-08 12:18:28","https://x.com/Kling_ai","https://pbs.twimg.com/profile_images/1905183334021697536/8agjzVoq_400x400.jpg","https://pbs.twimg.com/profile_banners/1799294856822673408/1743080003"
"2731634660","katon","hellokaton","🎨 AI 创作者 | 全栈开发 | 开源传教士
⚡️ 分享提示词、编程观点、一些碎碎念","2682","11697","496","8650","417","","","https://555.dog/me","false","true","","false","true","2014-08-14 20:52:15","https://x.com/hellokaton","https://pbs.twimg.com/profile_images/1888609325863796736/GYOa1vYP_400x400.jpg","https://pbs.twimg.com/profile_banners/2731634660/1744681623"
"1296847058586890241","汗青 HQ","hq4ai","AIGC | Arts | AI-IP creation | Virtual Idols | AI Interactive Storytelling | Japan | https://t.co/aiF6whMY1j | https://t.co/4bDfMXETFT |","1898","33133","585","3014","599","科技","Tokyo-to, Japan","http://youtube.com/@AITalk4","false","true","","false","true","2020-08-22 00:30:17","https://x.com/hq4ai","https://pbs.twimg.com/profile_images/1934920592987496448/Rdeuz225_400x400.jpg","https://pbs.twimg.com/profile_banners/1296847058586890241/1758645464"
"1552580106257928192","fofr","fofrAI","melty ai","11300","49735","1358","27376","4668","","🪴","http://fofr.ai","false","true","","false","true","2022-07-28 17:02:50","https://x.com/fofrAI","https://pbs.twimg.com/profile_images/1732174612178350080/X1uR3MvQ_400x400.jpg","https://pbs.twimg.com/profile_banners/1552580106257928192/1736724067"
"1706190869915910144","Leon Liang","itsleonliang","Solving interesting problems with AI.
Previously lensgo_ai (built for 4M users).","482","7053","219","1154","105","","San Francisco","","false","true","","false","true","2023-09-25 14:16:33","https://x.com/itsleonliang","https://pbs.twimg.com/profile_images/1976132039780024320/8w6cS_XW_400x400.jpg","https://pbs.twimg.com/profile_banners/1706190869915910144/1758790357"
"1853727869312135168","Magic (formerly Openmagic)","omagic_ai","Building AI-powered platforms for you to make videos. Revolutionising 3D CGI & VFX Content. No complex editing, just Magic! Access👇","181","991","119","179","101","技术公司","New York, USA","https://app.omagic.ai?utm_source=x&utm_medium=main_account&utm_campaign=post-launch","false","false","","false","false","2024-11-05 17:15:58","https://x.com/omagic_ai","https://pbs.twimg.com/profile_images/1981723035028574208/9igABx2n_400x400.jpg","https://pbs.twimg.com/profile_banners/1853727869312135168/1761318840"
"1798380911870042112","Hedra","hedra_labs","The most productive way to go from idea to content, leveraging the latest in generative video and image models.","1893","47656","71","1270","203","","","https://www.hedra.com/","false","false","Business","false","false","2024-06-05 23:46:55","https://x.com/hedra_labs","https://pbs.twimg.com/profile_images/1985038638644944896/J71C-3Kj_400x400.jpg","https://pbs.twimg.com/profile_banners/1798380911870042112/1763057434"
"3178231","宝玉","dotey","Prompt Engineer, dedicated to learning and disseminating knowledge about AI, software engineering, and engineering management.","27045","144644","1452","37980","4693","","Chicago, IL","https://baoyu.io","false","true","","false","true","2007-04-02 11:42:14","https://x.com/dotey","https://pbs.twimg.com/profile_images/561086911561736192/6_g58vEs_400x400.jpeg",""
"1247832038977265664","AI4ALL","AI4ALL_NET","Education, Innovation, Elevation. Advancing Together in the AI Era.
E/acc #AI4ALL #AIPulse #AIForAll","2261","360091","469","2787","163","","","http://ai-4-all.net","false","true","","false","false","2020-04-08 18:22:06","https://x.com/AI4ALL_NET","https://pbs.twimg.com/profile_images/1844534946473574400/0Okazifj_400x400.jpg","https://pbs.twimg.com/profile_banners/1247832038977265664/1755659453"
"920321515077414912","Readwise","readwise","Save your best highlights from Kindle, Twitter, Pocket, Instapaper, iBooks, and 30+ others.

Then revisit, search, organize, and export them seamlessly.","574632","212048","3158","2738","154","","","https://readwise.io","false","true","","false","true","2017-10-18 00:12:02","https://x.com/readwise","https://pbs.twimg.com/profile_images/1333582244817100801/W9vXWh4U_400x400.jpg","https://pbs.twimg.com/profile_banners/920321515077414912/1628820387"
"6782882","Orange AI","oran_ge","聊硅基 AI，看有机 Orange。","133719","140586","784","1990","6044","科技","Mars","https://listenhub.ai","false","true","","false","true","2007-06-13 13:03:33","https://x.com/oran_ge","https://pbs.twimg.com/profile_images/1760074488073629696/ceSsuVCY_400x400.png","https://pbs.twimg.com/profile_banners/6782882/1740229481"
"1669276256","歸藏(guizang.ai)","op7418","关注人工智能、LLM 、 AI 图像视频和设计（Interested in AI, LLM, Stable Diffusion, and design）

AIGC 周刊主理人｜公众号：歸藏的AI工具箱","21119","105625","1218","36555","7241","","","https://www.guizang.ai/","false","true","","false","true","2013-08-14 10:18:36","https://x.com/op7418","https://pbs.twimg.com/profile_images/1636981205504786434/xDl77JIw_400x400.jpg","https://pbs.twimg.com/profile_banners/1669276256/1706450781"
"712282552162058240","森林狼","fastLonggogo","📌普通人如何XX？答：你得先变得不普通 💪健身 📖读书 📺自媒体","890","1118","365","2239","354","娱乐和休闲","","","false","false","","false","true","2016-03-22 22:19:28","https://x.com/fastLonggogo","https://pbs.twimg.com/profile_images/1840052462952296451/LtsfpFKO_400x400.jpg","https://pbs.twimg.com/profile_banners/712282552162058240/1607607115"
"1736717167981182976","-Zho-","ZHO_ZHO_ZHO","Aichitect ➟ Architect | Artist | AI explorer","3852","30168","164","2683","2246","","","https://github.com/ZHO-ZHO-ZHO","false","true","","false","false","2023-12-18 19:57:34","https://x.com/ZHO_ZHO_ZHO","https://pbs.twimg.com/profile_images/1736718001905303553/eLVgZgbv_400x400.jpg","https://pbs.twimg.com/profile_banners/1736717167981182976/1702925198"
"1600589508646510592","Max ✦","MaxVOAO","Conversations between human and machine. Crafting experiences at the edge of design and generative art. Each piece is a meditation on our digital consciousness.","6737","50780","607","1025913","4174","","FR ⏤ Business requests → DM","https://voao.co/ai","false","true","","false","true","2022-12-08 04:34:38","https://x.com/MaxVOAO","https://pbs.twimg.com/profile_images/1857463721238413313/Im5RAkXM_400x400.jpg","https://pbs.twimg.com/profile_banners/1600589508646510592/1761734903"
"4451726594","leon","frank_8848","AI创业者（PM & Growth）","565","500","543","900","11","","","","false","false","","false","true","2015-12-04 18:04:41","https://x.com/frank_8848","https://pbs.twimg.com/profile_images/1931583704641732608/F4cdZtTH_400x400.jpg",""
"47510001","嘿嘿嘿","heitouyang","一个无可救药的混球。","23547","1103","684","1854","269","","曼谷","","false","false","","false","false","2009-06-16 09:54:14","https://x.com/heitouyang","https://pbs.twimg.com/profile_images/1587427007197249536/gNJgROyu_400x400.jpg","https://pbs.twimg.com/profile_banners/47510001/1691378766"
"2207469767","⚡METAL⚡","MTLFORBRKFST","Hi I'm Metal For Breakfast! 👋 TEXT ME THE WORD 'CLUB' FOR A SURPRISE: 413-289-5150 👀","31205","17808","2587","191627","8994","社交媒体影响者","","http://mtl.lol/discord","false","true","","false","true","2013-12-04 22:31:56","https://x.com/MTLFORBRKFST","https://pbs.twimg.com/profile_images/1972751174810923008/KMU4ZS2X_400x400.jpg","https://pbs.twimg.com/profile_banners/2207469767/1718562602"
"1704797364291330048","DomoAI official","DomoAI_","Start for free: https://t.co/cVbKjTZc5U

Affiliate Program: https://t.co/OfiMTftWSB

Creative Partner Program: https://t.co/eAgvxyA4o9","649","18000","0","975","256","","Singapore","http://domoai.app","false","true","","false","true","2023-09-21 17:59:14","https://x.com/DomoAI_","https://pbs.twimg.com/profile_images/1877723801397731328/IXda0prw_400x400.jpg","https://pbs.twimg.com/profile_banners/1704797364291330048/1716878102"
"1790083138959400961","Ege","egeberkina","Art Director | Daily Image Drops | AI Explorer | Prompt & JSON & SREF share","7443","26519","407","20788","3062","","✉️ Available for projects - DM","https://linktr.ee/egeberkina","false","true","","false","true","2024-05-14 02:14:23","https://x.com/egeberkina","https://pbs.twimg.com/profile_images/1948123483214401536/u8qBu-WZ_400x400.jpg","https://pbs.twimg.com/profile_banners/1790083138959400961/1754257241"
"1612101590340755456","奇迹☆魔法少女","gasikaramada","💻 程序员，资深借书专家 
🤖 AI 带路党，氛围工程师，降临派大碳奸
🤯 focusing on Agentic Workflow","934","6673","1688","1032","126","科技","","","false","false","","false","true","2023-01-08 22:59:20","https://x.com/gasikaramada","https://pbs.twimg.com/profile_images/1906032996940980224/BsyRQ4Mx_400x400.png","https://pbs.twimg.com/profile_banners/1612101590340755456/1743268658"
"1725346215523721216","Longyi","hilongjw","🌟 Founder of @seedeAI
• Building the future of Generative GUI
• 15K+ stars on GitHub • Ex-Architect","249","1138","185","135","54","","","https://seede.ai","false","false","","false","false","2023-11-17 10:53:02","https://x.com/hilongjw","https://pbs.twimg.com/profile_images/1890645255508381696/toj6FOzR_400x400.jpg",""
"1764818331822182400","小互","imxiaohu","学AI找小互，找小互，上 https://t.co/4PVaHEr5r3 ...

小互AI日报 社群：https://t.co/LIEXfWUHv1","7726","75981","1499","1858","4858","","Mars","http://xiaohu.ai","false","true","","false","true","2024-03-05 09:01:23","https://x.com/imxiaohu","https://pbs.twimg.com/profile_images/1765404718959095808/BX7VN1hS_400x400.jpg","https://pbs.twimg.com/profile_banners/1764818331822182400/1717126346"
"6690032","向阳乔木","vista8","喜欢摇滚乐、爱钓鱼的PM
网站：https://t.co/vnUpLt752o","5988","68130","1370","6718","1765","科技","Beijing","","false","true","","false","true","2007-06-09 13:48:52","https://x.com/vista8","https://pbs.twimg.com/profile_images/1960882043249942533/h4J39ERy_400x400.jpg","https://pbs.twimg.com/profile_banners/6690032/1681134125"
"2503388002","OsBois骨木社","os_bois","💎TikTok&YouTube海外社媒运营干货 🕸️5年深耕海外原创短视频｜跨境电商 🍀小目标孵化100个国人海外IP 🔍小红书、抖音：OsBois骨木社","202","4604","170","30","27","教育","微信：OsBois-Mu","http://cutt.ly/frqXL1Yp","false","true","","false","true","2014-04-23 14:17:20","https://x.com/os_bois","https://pbs.twimg.com/profile_images/1898049437613932547/VWnjDwB0_400x400.jpg","https://pbs.twimg.com/profile_banners/2503388002/1742492352"
"851054131418505216","柴郡🔔｜Crypto+AI Plus","0xCheshire","比特币至少还有10倍上涨空间，这意味着它会到达100万美元 #DYOR 

交流群：https://t.co/lkMXOPWONd

#Binance 近3亿用户共同选择，出入金安全：https://t.co/WIPio1MiCP

#OKX 专属邀请：https://t.co/IspkjNJMTs","41379","140123","1013","25702","17879","","点击开始购买你人生第一枚比特币（保姆级教程）👉","https://0xcheshire.gitbook.io/web3/","false","true","","false","true","2017-04-09 20:48:11","https://x.com/0xCheshire","https://pbs.twimg.com/profile_images/1843286202528796673/PUyK9V4D_400x400.jpg","https://pbs.twimg.com/profile_banners/851054131418505216/1728312486"
"1850452841925861376","小年","XiaoNianTalk","自媒体干货+碎碎念","3400","14206","421","2197","341","教育","V：xiaonianpyq","https://www.xiaohongshu.com/user/profile/5dd6bf6600000000010064a3","false","true","","false","true","2024-10-27 16:22:05","https://x.com/XiaoNianTalk","https://pbs.twimg.com/profile_images/1888771094670151680/OxhjIgQX_400x400.jpg",""
"2725616497","darklightzz","darklight2064","不需要答案，我就是答案。
I don't know shit.","1122","250","4311","32008","46","","","","false","false","","false","false","2014-08-12 14:47:25","https://x.com/darklight2064","https://pbs.twimg.com/profile_images/1914959167925968898/7OTyOONG_400x400.jpg","https://pbs.twimg.com/profile_banners/2725616497/1627546519"
"4398626122","OpenAI","OpenAI","OpenAI’s mission is to ensure that artificial general intelligence benefits all of humanity. We’re hiring: https://t.co/dJGr6Lg202","1507","4500997","4","1218","446","","","https://openai.com","false","true","Business","false","false","2015-12-07 06:51:08","https://x.com/OpenAI","https://pbs.twimg.com/profile_images/1885410181409820672/ztsaR0JW_400x400.jpg","https://pbs.twimg.com/profile_banners/4398626122/1759076948"
"1486399671689830404","躲猫猫5.0","Duomaomao9966","永远不要提前焦虑

生活无非是见招拆招！","6206","38339","1024","26592","3593","娱乐和休闲","","","false","true","","false","true","2022-01-27 02:05:07","https://x.com/Duomaomao9966","https://pbs.twimg.com/profile_images/1778344317104672768/uuk1E9vd_400x400.jpg","https://pbs.twimg.com/profile_banners/1486399671689830404/1739807433"
"23113993","Min Choi","minchoi","AI Educator. 𝕏 about AI, solutions and interesting things.  Showing how to leverage AI in practical ways for you and your business. Opinions are my own.","49449","326128","1236","49962","8067","企业家","","","false","true","","false","true","2009-03-07 04:29:30","https://x.com/minchoi","https://pbs.twimg.com/profile_images/1638359113221517312/CBZaJFyA_400x400.jpg","https://pbs.twimg.com/profile_banners/23113993/1755782143"
"1596695231717871616","dontbesilent","dontbesilent12","🔍 商业哲学爱好者  📡 维特根斯坦种草主播  🫆 生活合伙人 @XiaoNianTalk  📱 全网同名：dontbesilent 聊赚钱","12098","55599","906","7931","1183","教育","","https://www.xiaohongshu.com/user/profile/63fc8880000000001f0329db","false","true","","false","true","2022-11-27 10:39:52","https://x.com/dontbesilent12","https://pbs.twimg.com/profile_images/1840665561287798784/GJCK0iKf_400x400.jpg","https://pbs.twimg.com/profile_banners/1596695231717871616/1762833879"
"155252642","黄赟","huangyun_122","正在研究 100个 AI 变现案例， 用数据思维解构商业增长","8006","72108","1080","2354","1600","","Shanghai Pudong","","false","true","","false","true","2010-06-14 00:04:08","https://x.com/huangyun_122","https://pbs.twimg.com/profile_images/1183766724534882305/SIxSKinT_400x400.jpg","https://pbs.twimg.com/profile_banners/155252642/1555159810"
"3122661542","Yangyi","Yangyixxxx","Believing is seeing","13736","109001","499","5391","2847","科技","","https://lnk.bio/yangyi","false","true","","false","true","2015-04-01 11:00:40","https://x.com/Yangyixxxx","https://pbs.twimg.com/profile_images/1790540021327712256/72wMFr9-_400x400.jpg","https://pbs.twimg.com/profile_banners/3122661542/1702609915"
"1708132468216487936","在悉尼和稀泥","JamesGoong","💰 上班牛马，下班副业，周末学术，闲暇咨询。边赚工资边搞钱 🚀 做过产品，踩过坑，亏过百万，也赚过📖 记录真实的赚钱过程，研究副业、出海方法，分享真实经历","3386","21622","286","6187","395","企业家","微信和社群请看链接 👉","https://linktr.ee/jamesgong","false","true","","false","true","2023-09-30 22:51:41","https://x.com/JamesGoong","https://pbs.twimg.com/profile_images/1708132603872874496/Z-Bau7vu_400x400.jpg","https://pbs.twimg.com/profile_banners/1708132468216487936/1696085717"
"44196397","Elon Musk","elonmusk","","89372","229162663","1228","183412","4236","","","","false","true","","false","false","2009-06-03 04:12:29","https://x.com/elonmusk","https://pbs.twimg.com/profile_images/1983681414370619392/oTT3nm5Z_400x400.jpg","https://pbs.twimg.com/profile_banners/44196397/1739948056"
