﻿"User ID","Name","Username","Bio","Tweets Count","Followers Count","Following Count","Favourites Count","Media Count","Professional","Location","Website","Verified","Is Blue Verified","Verified Type","Protected","Can DM","Created At","Profile URL","Avatar URL","Profile Banner URL"
"1583348128886816768","九紫 🤖AI x Crypto","ninezi2049","AI x Crypto｜出版3本书📚️
超级个体 ｜Vibe Coding实践🤖
加密世界 ｜7年实战 💰️
退市CEO ｜20多年创业🏖️
AI艺术家 ｜5W+画作🎨
只保留X   ｜跟上未来👩‍🚀","1144","285","306","16641","353","企业家","","","false","false","","false","false","2022-10-21 14:43:30","https://x.com/ninezi2049","https://pbs.twimg.com/profile_images/1859813828554326016/HyoobWPY_400x400.jpg",""
"1882653904879714305","象骑士Hack","xiangqishi","高校副教授，玩网盘拉新、AI出海
vx: okok6a
知识星球：https://t.co/nEEwvrz9Iz","811","1088","2490","1002","123","","","","false","true","","false","false","2025-01-24 12:57:29","https://x.com/xiangqishi","https://pbs.twimg.com/profile_images/1957744398261010432/q6AX_KIM_400x400.jpg",""
"1723698848185659392","zojian","zojian1996","7 年央企Java开发☕️
AI 出海探索中 🚢 小里程碑 $1k+/mo
白天上班 ｜ 晚上上站
记录踩坑, 欢迎关注","116","130","302","169","26","","Zhuhai,China","","false","true","","false","false","2023-11-12 21:46:53","https://x.com/zojian1996","https://pbs.twimg.com/profile_images/1956871135196495872/GrmzTS6J_400x400.jpg","https://pbs.twimg.com/profile_banners/1723698848185659392/1762267135"
"1946081110506774528","云玺","iYunx1_0724","04年知识付费从业者
知识分享 | 项目拆解 | 创业 | AI项目 | 互相学习 無限進步    

- 自媒体及流量玩法
- 主营项目：AI写作、小红书商单、得物掘金、虚拟电商
- 准备27年留学

我的联系方式
VX：BSqc010803
tg：https://t.co/xb7YYIJLZ5","749","460","264","70","90","","Tokyo","","false","true","","false","true","2025-07-18 13:34:40","https://x.com/iYunx1_0724","https://pbs.twimg.com/profile_images/1946868067830538245/XDEUqLqw_400x400.jpg","https://pbs.twimg.com/profile_banners/1946081110506774528/1758850539"
"1639460977510092803","极客杰尼","seekjourney","老实憨厚的技术人｜AI出海实战派：https://t.co/dLMTi0TT4n ｜公众号：极客杰尼  ｜编程之道：https://t.co/TRfntMpEIK｜公众号排版器：https://t.co/Nbya0npukd","2328","4477","770","3318","524","","","https://www.geekjourney.dev","false","true","","false","false","2023-03-25 10:55:48","https://x.com/seekjourney","https://pbs.twimg.com/profile_images/1969069943766536192/opyw1L1U_400x400.jpg","https://pbs.twimg.com/profile_banners/1639460977510092803/1759826188"
"1976285144991608833","MindfulReturn 身心修复局","MindfulReturn","曾经的IT人，跨界做了几个网红咖啡厅，疫情亏惨了，现在重启人生，也是一个15岁游戏迷的父亲。文章精选及付费栏目请查看下面链接：","1005","4512","358","1652","140","","Macau","http://rebootmindful.github.io/mindfulreturn/","false","true","","false","false","2025-10-09 21:54:47","https://x.com/MindfulReturn","https://pbs.twimg.com/profile_images/1976288711743774720/aQHjghWV_400x400.jpg","https://pbs.twimg.com/profile_banners/1976285144991608833/1760104550"
"921074636095348737","Bob Zhang | Humorist","affLeopard","Content Marketer | Public Speaker | Ex-Standup Comic
📝Tweet tips on Content Marketing, X Marketing.
分享内容营销、X营销的干货和技巧。帮你创作优质内容、获得更多客户！
English X: @Bobzhangai","3230","3212","708","6895","834","","查看精选帖子👉","https://x.com/affLeopard/status/1988770822769799221","false","true","","false","true","2017-10-20 02:04:40","https://x.com/affLeopard","https://pbs.twimg.com/profile_images/1972532533821927424/JMzRd4Jg_400x400.jpg","https://pbs.twimg.com/profile_banners/921074636095348737/1760725191"
"1103489280188461056","AISmart","makuta22923984","前端开发者，研究在线协同文档与 AI 出海产品，关注教育科技与认知工具。投资理财，量化学习中。 https://t.co/zBU9bZaQ9D 填词游戏 创作者
#前端开发 #协同文档 #AI #教育科技 #出海 #投资理财","475","181","243","532","69","","","","false","true","","false","false","2019-03-07 10:55:21","https://x.com/makuta22923984","https://pbs.twimg.com/profile_images/1982661163591561216/_iUilbKy_400x400.jpg","https://pbs.twimg.com/profile_banners/1103489280188461056/1761393775"
"756319701861601281","鱼总聊AI","AI_Jasonyu","👋 鱼总 / Jason｜8 年出海产品 📈 单款产品 $200k+ 收入，全靠自然流量 💡 代表产品：PaywallPro（付费墙情报&优化）、Portix APP 🍼 2胎爸爸 & AI 内容创作者 这里聊：AI · 出海 · 订阅 · 创业心路 https://t.co/KDI27Daaoi","1257","6236","952","1294","276","","Shaanxi","https://www.paywallpro.app","false","true","","false","true","2016-07-22 10:47:23","https://x.com/AI_Jasonyu","https://pbs.twimg.com/profile_images/1877193368725581824/7_ocNC-C_400x400.jpg","https://pbs.twimg.com/profile_banners/756319701861601281/1760544606"
"1866821173755121666","木马人","cnyzgkc","🚀 Frontend @ Big Tech | ESTJ 
✍️ 分享AI 资讯 / AI 副业实战 / AI 自媒体
 📍公众号：木马人 AI","2443","2119","1151","2196","262","","Los Angeles, CA","","false","false","","false","true","2024-12-11 20:23:59","https://x.com/cnyzgkc","https://pbs.twimg.com/profile_images/1963499609017495553/kuzkS82V_400x400.jpg","https://pbs.twimg.com/profile_banners/1866821173755121666/1760602138"
"880606715141529600","Robinson · 鲁棒逊","python_xxt","AI & Robustness in chaos.

Insight  → Strategy → Operation

Now,not How.

我对现实世界的认知
贫瘠到无法自知其贫瘠","6248","20867","494","24058","348","","Deep thinker try to think","","false","true","","false","true","2017-06-30 09:59:36","https://x.com/python_xxt","https://pbs.twimg.com/profile_images/1980814059525033985/d9tb6rAG_400x400.jpg","https://pbs.twimg.com/profile_banners/880606715141529600/1760968248"
"1434775696048476162","日拱一卒王小楼.edge🦭","wang_xiaolou","|个人投研者｜AI + Web3 | 只筛选，不教育｜善良：利他不利己；聪明：利他又利己｜","37777","27315","5724","23425","3684","金融服务","Shanghai","https://substack.com/@wangxiaolou","false","true","","false","true","2021-09-06 15:09:23","https://x.com/wang_xiaolou","https://pbs.twimg.com/profile_images/1988567900735877120/DKtV7mlY_400x400.jpg",""
"1763419234934329344","文硕","suosimath","21岁的本科生，线上教育创业者，坚信教育和行动能改变命运，梦想让所有孤儿拥有一次改变命运的机会。","604","1675","195","722","38","教育","福州","","false","true","","false","false","2024-03-01 12:21:33","https://x.com/suosimath","https://pbs.twimg.com/profile_images/1763419279259729920/fAoAS2Sc_400x400.jpg","https://pbs.twimg.com/profile_banners/1763419234934329344/1719119030"
"518340894","Jermic 𝕏 ","JermicX","💻 Indie Hacker
💡 PicSeed 灵感收集 - https://t.co/G8av4scZ7f
🗞️ BBNews 哔哔资讯 - https://t.co/QvR4o7UewZ","143","386","3590","87","42","科技","","https://apps.apple.com/cn/app/picseed/id6479976532","false","true","","false","true","2012-03-08 17:27:16","https://x.com/JermicX","https://pbs.twimg.com/profile_images/1642948458788290561/E0x5dBM5_400x400.jpg","https://pbs.twimg.com/profile_banners/518340894/1711034955"
"1166950087399837696","Robin Seun","RobinSeun","城市规划博士 ｜ 规划咨询师｜参加国家经济形势研讨｜宏观经济研究｜妄图转码｜狂爱看书｜自由和稳定每天都在撕裂我…","1546","5331","658","937","286","教育","","","false","true","","false","false","2019-08-29 13:46:05","https://x.com/RobinSeun","https://pbs.twimg.com/profile_images/1166950238004711424/KAk20SS__400x400.jpg",""
"134114926","Jimmy狐狸","xmanreturn","Vibe Investing & Vibe Coding.
投资、分享美股的成长科技股。
祝关注我的朋友们早日A9财富自由。
我的公众号：狐狸新脑","9232","5532","860","139912","1150","金融服务","","https://ethcompass.com","false","true","","false","false","2010-04-17 21:55:20","https://x.com/xmanreturn","https://pbs.twimg.com/profile_images/1946791243750465536/nCwNhWkj_400x400.jpg","https://pbs.twimg.com/profile_banners/134114926/1725275602"
"985830788674404352","炮爷_已婚版","rotor187","💪妻宝男，让老婆变富婆
👑唯媳妇和搞钱不可辜负
🌹公🀄️号：炮爷Hack｜炮爷聊AI
❤️创业做过婚恋、出境游、红薯高客单等","1319","4035","364","1734","267","科技","","https://okjk.co/XkhvZP","false","true","","false","false","2018-04-16 18:42:30","https://x.com/rotor187","https://pbs.twimg.com/profile_images/1976333241494929409/w6d7IOQe_400x400.jpg","https://pbs.twimg.com/profile_banners/985830788674404352/1757857535"
"826639262988718080","Rainman","0xdeusyu","读万卷书行万里路｜软件工程师｜AI = 我的 OIALO｜连接一切｜不争论，只拉黑｜@Baidu_Inc
Read ten thousand books, travel ten thousand miles. | AI·OIALO | Nexus Thinker | Cloud Computing | RD","22943","6819","553","27837","3013","科技","Beijing","http://deusyu.app","false","true","","false","true","2017-02-01 11:52:13","https://x.com/0xdeusyu","https://pbs.twimg.com/profile_images/1907035075587518465/D1m1Qo6G_400x400.jpg","https://pbs.twimg.com/profile_banners/826639262988718080/1728927658"
"1220290277056897025","Pangyu 胖鱼 🐠","pangyusio","🎓 CS/AI PhD，🤖 Machine Learning/NLP/LLM Researcher，📍Singapore｜
🔍 关注 AI、科技、财经、历史、社会，📚 爱知求真 ｜
🌟 ENTJ，热爱思考，热爱生活，💪 坚持运动和阅读 ｜","8669","25756","1385","44276","405","科技","Singapore","https://linktr.ee/pangyus","false","true","","false","false","2020-01-23 18:20:59","https://x.com/pangyusio","https://pbs.twimg.com/profile_images/1220290486516228096/TwYdOfQ7_400x400.jpg","https://pbs.twimg.com/profile_banners/1220290277056897025/1580727980"
"3003486236","banboo","xbanboo","随便活着。","8449","38822","605","11881","1437","","Dali","","false","true","","false","true","2015-01-30 21:26:34","https://x.com/xbanboo","https://pbs.twimg.com/profile_images/1957642877254914048/VWg-Vtj__400x400.jpg","https://pbs.twimg.com/profile_banners/3003486236/1746461793"
"1452169962286637059","DinoDeer","xDinoDeer","古典互联网从业者，广告爱好者，接地气的生意人。 Less code more money.","9202","23267","1130","3676","435","科技","Los Angeles, CA","https://upup.news","false","true","","false","true","2021-10-24 15:08:07","https://x.com/xDinoDeer","https://pbs.twimg.com/profile_images/1575140129152172038/yIfOXtw2_400x400.jpg","https://pbs.twimg.com/profile_banners/1452169962286637059/1728353112"
"708537655483457536","Warren","WarrenLau_","👋 无业游民，⌨️ 键盘已经冒烟 🚬 
✌️ 喜欢瞎折腾，做了很多好玩有趣的产品 👨‍💻","1140","4454","217","1594","207","","China","https://c.team","false","true","","false","true","2016-03-12 14:18:35","https://x.com/WarrenLau_","https://pbs.twimg.com/profile_images/1908160416741728258/cJEziyxO_400x400.jpg","https://pbs.twimg.com/profile_banners/708537655483457536/1693156053"
"1625510502246801408","送姜","song66546656","06 | INFP | 努力做一名终身学习者 | 正在琢磨怎么赚一点小钱","392","750","152","496","28","","","","false","true","","false","false","2023-02-14 23:01:39","https://x.com/song66546656","https://pbs.twimg.com/profile_images/1982443595735977984/tZ4FhYA4_400x400.jpg","https://pbs.twimg.com/profile_banners/1625510502246801408/1759929656"
"1748655123981565952","探晓初","CQodi33534","过往的故事已煲好，温度刚刚好。新章正奔赴晨光🌙~
00后AI创业者，计算机专业在读🌹
出海|商业思维| AI技术|产品思考✨
长文思考在公众号，公众号同名 探晓初🤝","172","165","131","130","3","","","","false","true","","false","false","2024-01-20 18:34:18","https://x.com/CQodi33534","https://pbs.twimg.com/profile_images/1778979420029739008/bOaYRZr4_400x400.jpg","https://pbs.twimg.com/profile_banners/1748655123981565952/1761810276"
"1576219005488369665","我真的没有拼多多","nopinduoduo","赛博永生| 远程办公程序员 | 农学研究生退学 | 转码 
ADHDer/infp，独立开发探索者，AI探索，副业探索。

🖋️ 对抗遗忘，用代码和文字记录混乱人生。
         people die, words alive
         人或许会逝去，但文字永远鲜活","3027","4050","1046","5384","422","","https://github.com/QiYongchuan","https://www.youtube.com/@nopinduoduo","false","true","","false","false","2022-10-01 22:34:47","https://x.com/nopinduoduo","https://pbs.twimg.com/profile_images/1850103103540142081/LMxypzXA_400x400.jpg","https://pbs.twimg.com/profile_banners/1576219005488369665/1729935091"
"1830880351801221120","凡人小北","frxiaobei","行道途中。非求速成，惟求通达。
2023 年扎进AI ，打通Know-How，不少赚钱项目，踩过坑，也见过光。
围城里待得够久了，出来聊聊世界，聊聊技术、聊聊赚钱。","3831","19047","351","4587","224","","vx/WeChat: frxiaobei","https://www.frxiaobei.com/","false","true","","false","true","2024-09-03 16:08:10","https://x.com/frxiaobei","https://pbs.twimg.com/profile_images/1916849689783402496/DC10b7O3_400x400.jpg","https://pbs.twimg.com/profile_banners/1830880351801221120/1728362842"
"1659923191731744772","一匹马赛克","mosaicnexus","🪜博客里有各价位梯子良心推荐，无广告","51","124","150","123","23","","","https://mosaicnexus.vercel.app/","false","false","","false","false","2023-05-20 22:05:25","https://x.com/mosaicnexus","https://pbs.twimg.com/profile_images/1904921556482220033/ZtnNj-fR_400x400.jpg","https://pbs.twimg.com/profile_banners/1659923191731744772/1763213902"
"1415194711682285568","DD❤️/🕊️/DOGE","Maxxxx12506790","WEEX : https://t.co/2Zng8QOizz
WEEX ambassador
MGBX : https://t.co/ZkBIkKAxZG
MGBX 全球大使
FOLLOW BACK 💯","188912","34725","34513","245142","1542","","X ","","false","true","","false","true","2021-07-14 14:21:34","https://x.com/Maxxxx12506790","https://pbs.twimg.com/profile_images/1984651590805164032/nI0i6rCq_400x400.jpg","https://pbs.twimg.com/profile_banners/1415194711682285568/1762012788"
"1392781884690636800","Stella Lin","StellaOnChAIn","捣鼓 AI & 用好 AI｜ “有趣”很重要｜ 近期 Flag：健身减脂、提升审美、提高表达、快乐育儿","2600","2371","1561","5106","182","","","","false","true","","false","true","2021-05-13 18:01:12","https://x.com/StellaOnChAIn","https://pbs.twimg.com/profile_images/1689850305830334464/W9g93DA8_400x400.jpg","https://pbs.twimg.com/profile_banners/1392781884690636800/1753773326"
"1928711169419956224","Jason Zhu","GoSailGlobal","独立开发，AI SaaS出海， AI价值内容分享 — 让AI工具就像积木一样构建产品，拼出无限可能！👉🏻 https://t.co/BDEkVzvki1","2421","7587","1497","4261","335","","china","","false","true","","false","false","2025-05-31 15:13:12","https://x.com/GoSailGlobal","https://pbs.twimg.com/profile_images/1949434880959676416/GEQGVlME_400x400.jpg","https://pbs.twimg.com/profile_banners/1928711169419956224/1755945863"
"1966322844490665984","饼干哥哥AGI（2.0）","bggg_ai","重生之我继续在X 分享AI干货知识：AI编程、n8n 工作流、AI 绘画","216","4397","208","285","85","","","","false","true","","false","false","2025-09-12 10:12:55","https://x.com/bggg_ai","https://pbs.twimg.com/profile_images/1982968532481802240/eZp14eKY_400x400.jpg",""
"1383187878524649473","Mina","Minamoto66","Biologically Asian, Spiritually heaven citizen. Dog lover. Christian. Commuting regularly to and from Balkan.","69212","6211","1747","225769","2176","","Somewhere over the rainbow ","","false","true","","false","false","2021-04-17 06:37:54","https://x.com/Minamoto66","https://pbs.twimg.com/profile_images/1389300156378583041/3fm8gsEh_400x400.jpg","https://pbs.twimg.com/profile_banners/1383187878524649473/1648334128"
"76549438","Kenny.eth","_0xKenny","Always Bullish dca/hodl ceo/cto alpha/#100xgems / member of @33daoweb3 nfa. $GLXY #美股","3484","23711","7968","9388","892","","Web3","","false","true","","false","false","2009-09-23 11:42:50","https://x.com/_0xKenny","https://pbs.twimg.com/profile_images/1735510746413301760/7CTronk0_400x400.jpg","https://pbs.twimg.com/profile_banners/76549438/1656088318"
"951436694728814592","Yang’s View是老杨说","georgeyang2084","行走地球，看万千世界、人间百态，分享所见所闻所感。上推纯玩， 不拉仇恨，不玩情色。欢迎礼貌交流。","20462","4632","3949","66208","1513","旅行和交通","Europa","","false","true","","false","true","2018-01-11 20:52:39","https://x.com/georgeyang2084","https://pbs.twimg.com/profile_images/1884163149022257154/WSp1452e_400x400.jpg",""
"1912050383574482944","小红🌸","karkanini9","front-end 独立开发做 https://t.co/QoTKzKmoIp 站点已上线：AI 手办&签名生成｜积分支付已上线 

真诚活跃，长期主义；

吐槽、引用、互关、活跃 在战在报，搞钱 ing;  

还在学英语，据说6个月能掌握一门语言，我要试试。","516","247","346","880","53","","","","false","true","","false","false","2025-04-15 15:48:44","https://x.com/karkanini9","https://pbs.twimg.com/profile_images/1987489828825444352/EAVPSqMK_400x400.jpg",""
"780262031899242496","志辉","iamzhihui","10 年架构师，现在在学习 AI， 喜欢分享点有用，有趣的事情","726","3409","635","794","59","","","","false","true","","false","false","2016-09-26 12:25:39","https://x.com/iamzhihui","https://pbs.twimg.com/profile_images/1978098197122748417/jxAKxT1n_400x400.jpg","https://pbs.twimg.com/profile_banners/780262031899242496/1761282558"
"1717726640040783872","泊舟","bozhou_ai","🧠AI 程序员 & Vibe 编码者 | 构建 AI 工具、系统提示与高效流程 | 热爱设计、编码，将想法转化为影响力🚀| 云服务器，高端显卡租赁","1695","4464","476","2361","156","科技","杭州","","false","true","","false","true","2023-10-27 10:15:31","https://x.com/bozhou_ai","https://pbs.twimg.com/profile_images/1971027619232796672/RvWGRpkC_400x400.jpg","https://pbs.twimg.com/profile_banners/1717726640040783872/1760612203"
"1278213605779886080","Elizabeth伊丽莎白","Elizabethofyou","#bitcoin holder since 2019 | degen trader $wif $trump 50x ｜#defi Youtuber 社区https://t.co/B2w8J7Rtoi 购买数字货币用 https://t.co/dPCsuM8TXW","21542","136433","1663","33340","2052","金融服务","base in Dubai 🇦🇪","https://linktr.ee/2049elizabeth","false","true","","false","true","2020-07-01 14:27:34","https://x.com/Elizabethofyou","https://pbs.twimg.com/profile_images/1675021641888436225/7410Tjfe_400x400.jpg","https://pbs.twimg.com/profile_banners/1278213605779886080/1666408556"
"1877176792873840640","Chen.Свет","chenchen10917","The world is full of magic 
things, patiently Waiting for 
our senses to grow sharper. 
世间万干奇迹，静候你我洞见。互fo。如有遗漏，请留言。","7882","13167","4412","23106","1762","","中国🇨🇳","","false","false","","false","false","2025-01-09 10:13:29","https://x.com/chenchen10917","https://pbs.twimg.com/profile_images/1969044900814766080/zCxClqRx_400x400.jpg","https://pbs.twimg.com/profile_banners/1877176792873840640/1751647835"
"1850452841925861376","小年","XiaoNianTalk","自媒体干货+碎碎念","3400","14192","421","2197","341","教育","V：xiaonianpyq","https://www.xiaohongshu.com/user/profile/5dd6bf6600000000010064a3","false","true","","false","true","2024-10-27 16:22:05","https://x.com/XiaoNianTalk","https://pbs.twimg.com/profile_images/1888771094670151680/OxhjIgQX_400x400.jpg",""
"2445001998","冰河","binghe_sun","🎉 爱技术，爱赚钱，爱分享！

🐬 分享 赚钱项目 ｜打破信息壁垒 ｜副业避坑

🌻 能拆解的赚钱项目才有意义

🪐 知识星球社群/公众号：“钱来有道” 

🌌 小宇宙 |Podcasts |QQ音乐  播客 “钱来有道”

🎀 搞钱训练营  https://t.co/58qRl0IBTf","3170","24409","159","352","538","","","http://qianlai.flowus.cn","false","true","","false","true","2014-04-15 14:33:45","https://x.com/binghe_sun","https://pbs.twimg.com/profile_images/1967594037571121152/jS1dH7FJ_400x400.jpg","https://pbs.twimg.com/profile_banners/2445001998/1710989203"
"1965456089102839808","DarkSidesLab","DarkSidesLab","","85","12","4","31","11","","","","false","false","","false","false","2025-09-10 00:43:53","https://x.com/DarkSidesLab","https://pbs.twimg.com/profile_images/1965456211761135620/KtWgpdOH_400x400.jpg",""
"1775457158563274752","Ashlyn He","AshlynHe1129","Founder @ZenStellar | AI x Healing ｜Calm tech ｜Emotional wellness in the digital age","145","539","52","302","6","","","https://zenstellarshop.com/","false","true","","false","true","2024-04-03 17:36:03","https://x.com/AshlynHe1129","https://pbs.twimg.com/profile_images/1987110492188360704/DpoD40x-_400x400.jpg","https://pbs.twimg.com/profile_banners/1775457158563274752/1756529213"
"1708132468216487936","在悉尼和稀泥","JamesGoong","💰 上班牛马，下班副业，周末学术，闲暇咨询。边赚工资边搞钱 🚀 做过产品，踩过坑，亏过百万，也赚过📖 记录真实的赚钱过程，研究副业、出海方法，分享真实经历","3386","21628","285","6187","395","企业家","微信和社群请看链接 👉","https://linktr.ee/jamesgong","false","true","","false","true","2023-09-30 22:51:41","https://x.com/JamesGoong","https://pbs.twimg.com/profile_images/1708132603872874496/Z-Bau7vu_400x400.jpg","https://pbs.twimg.com/profile_banners/1708132468216487936/1696085717"
"1970187909878992896","Pulsetact","Pulsetact","Your lifelong AI partner for overseas grad schools.","28","51","13","199","1","","","","false","true","","false","false","2025-09-23 02:07:14","https://x.com/Pulsetact","https://pbs.twimg.com/profile_images/1970188783338627072/GGzeRpkw_400x400.jpg",""
"1916064442485510145","不想说话的中年人","dontbesilent24","养家的人凭什么不能被理解","31","15013","3","16","0","娱乐和休闲","","","false","true","","false","false","2025-04-26 17:39:03","https://x.com/dontbesilent24","https://pbs.twimg.com/profile_images/1986343996570861568/_4BbVvoL_400x400.jpg","https://pbs.twimg.com/profile_banners/1916064442485510145/1762416290"
"1971069841202429952","寿司云VPN🍣 🔗👉魔法上网.com","ssyunorg","🧑‍💻海外程序员创立 /💰月付6元或不限时流量9.9元起 /🏠家宽解锁GPT / ❌无屏蔽网址/📝不留存访问记录 /🆓 新用户免费体验/📩 关注后私信发送领券，可获得5折优惠码，首次购买全场可用 / TG群 https://t.co/WtUy4JEs0F","2463","1099","1292","1419","291","","注册免费体验👉","https://ssyun.org/","false","true","","false","true","2025-09-25 12:31:30","https://x.com/ssyunorg","https://pbs.twimg.com/profile_images/1971070103031775236/zspHdLig_400x400.jpg","https://pbs.twimg.com/profile_banners/1971069841202429952/1761569413"
"1625377150940614656","Nice奈斯","Liu70996005","猫奴🐱|美食日常 | 学习英语ing |分享生活","702","346","287","475","205","","United States","","false","true","","false","true","2023-02-14 14:11:40","https://x.com/Liu70996005","https://pbs.twimg.com/profile_images/1985335302312132608/5CAB0q66_400x400.jpg","https://pbs.twimg.com/profile_banners/1625377150940614656/1761056617"
"1525742352006287361","憨厚的麦总","Michael_Liu93","Ex-VC & Banker Turned Degen, See You In The Trenches.
最专业的链上交易工具: https://t.co/p8XmpE9bZY","11247","74114","2550","23070","625","","","","false","true","","false","true","2022-05-15 15:38:27","https://x.com/Michael_Liu93","https://pbs.twimg.com/profile_images/1981574059759378432/Fgvjn2l0_400x400.jpg","https://pbs.twimg.com/profile_banners/1525742352006287361/1724061174"
"998929844829175813","Jason","Jasonsfacebook","欢迎来到我的X","1745","367","2918","8496","308","汽车","","","false","false","","false","false","2018-05-22 22:13:29","https://x.com/Jasonsfacebook","https://pbs.twimg.com/profile_images/1886273158551863296/_Xj9wmXd_400x400.jpg","https://pbs.twimg.com/profile_banners/998929844829175813/1738557517"
"733852917464109057","元峰Metafeng","Metafeng09","深耕AI数字人与AI视频赛道，专注分享一线AI实战经验与落地方法论。必火AI创始人 | AI破局俱乐部嘉宾 | 可灵AI超级创作者。","1542","691","1417","1703","500","互联网公司","","https://www.bihuoai.com/","false","true","","false","true","2016-05-21 10:52:24","https://x.com/Metafeng09","https://pbs.twimg.com/profile_images/1908723078668148736/o0yZvoYj_400x400.jpg","https://pbs.twimg.com/profile_banners/733852917464109057/1748245395"
"231725747","Mr_董先生☕️复利抗扰","Eddy_Gudong","人生抗干扰设计师 | 🛡️ 守护普通人脆弱的原始积累，避免努力一朝亏损

消除精力、金钱、时间在职场/人际/心态中的消耗。让努力有价值，实现复利增长。

Eliminate ⏳💰🧠 consumption in Career/Life. Maximize Compound Growth.","282","1093","480","179","35","","","","false","true","","false","true","2010-12-29 16:40:16","https://x.com/Eddy_Gudong","https://pbs.twimg.com/profile_images/1988157105359261696/cNSCcQrJ_400x400.jpg","https://pbs.twimg.com/profile_banners/231725747/1762244881"
"1981749555600510976","团子Joy_出海2.0","Tuanzi_Joy7","金融从业者，英/西/韩语精进中，分享AI+出海+副业搞钱+学习（主外语）前沿资讯，坚持长期主义的ENTJ，小红书：元宝团子Joy","127","78","68","166","11","","Shenzhen","","false","false","","false","false","2025-10-24 23:48:32","https://x.com/Tuanzi_Joy7","https://pbs.twimg.com/profile_images/1981750676242747392/ZRGZULKK_400x400.jpg","https://pbs.twimg.com/profile_banners/1981749555600510976/1762275455"
"1665977176745984000","Jessi_JC","jessijingyicao","Growth Hacker @MumbleNote ｜Prev@Spark Lab｜Prev@JobWizard","128","61","326","338","10","","","https://www.linkedin.com/in/jessi-cao-19b207276/","false","true","","false","true","2023-06-06 15:01:44","https://x.com/jessijingyicao","https://pbs.twimg.com/profile_images/1938163383527948288/m_VFrVwr_400x400.jpg","https://pbs.twimg.com/profile_banners/1665977176745984000/1758063900"
"1070281907349479424","Soran（懒人的 AI 万能口袋）","yinlin66","INTJ 天蝎｜
😼懒人的 AI 万能口袋，效率加速器｜
专为小白打造的 AI 实用教程｜
😻小白也能vibe coding做产品｜
分享我 2 年的AI 踩坑自救手册","2459","348","256","2735","38","科技","","","false","true","","false","true","2018-12-05 19:41:06","https://x.com/yinlin66","https://pbs.twimg.com/profile_images/1984464546203910144/Me5ZZNiu_400x400.jpg","https://pbs.twimg.com/profile_banners/1070281907349479424/1762300920"
"452072245","铁锤人","lxfater","我在用 AI 协助我创业，赚钱，走向自由
我的录屏软件  https://t.co/S9MMiRiy7L
github 维护 3w star 项目：https://t.co/ytvQf2mtZO","9836","50218","1109","5515","1005","社交媒体影响者","我的所有信息-》》","https://www.lxfater.com","false","true","","false","true","2012-01-01 19:26:00","https://x.com/lxfater","https://pbs.twimg.com/profile_images/1723719195995807744/9JIAjVJr_400x400.jpg","https://pbs.twimg.com/profile_banners/452072245/1762837704"
"778581104324382721","唐一","Makkiiil","独立学者｜互联网分析师｜八卦专家。
蹲在信息洪流的废墟上观测人类的精神波动。
偶尔深刻，偶尔胡说八道。","1377","251","1044","136","310","娱乐和休闲","美丽的岛","","false","true","","false","true","2016-09-21 21:06:15","https://x.com/Makkiiil","https://pbs.twimg.com/profile_images/1989864079981514752/wSIfGouz_400x400.jpg","https://pbs.twimg.com/profile_banners/778581104324382721/1633390035"
"1226419222474936320","苍何","canghecode","专注AI出海，AI编程，智能体，MCP，努力分享一些有趣，实用的AI干货，公众号：苍何","1129","3313","430","486","256","科技","wuhan","https://canghecode.com","false","true","","false","false","2020-02-09 16:15:56","https://x.com/canghecode","https://pbs.twimg.com/profile_images/1744283141219680256/5DcrV0du_400x400.jpg","https://pbs.twimg.com/profile_banners/1226419222474936320/1707200700"
"1595800238366724097","Aiden Chen","AidenChen100","2024年河南省研发专项 AI 板块负责人 ｜
ABC-Labs Devrel ｜
独立开发者｜
AI Agent / Web3 Developer","34","379","420","113","6","","","","false","true","","false","false","2022-11-24 23:24:23","https://x.com/AidenChen100","https://pbs.twimg.com/profile_images/1982340740278603776/oIxJ1FFc_400x400.jpg","https://pbs.twimg.com/profile_banners/1595800238366724097/1762230122"
"1821092702127300608","糖拌西红柿🍅","tangbanxihongsi","分享教程，实用工具，行业解决方案，日常生活美好分享","209","90","646","135","58","科技","","","false","true","","false","false","2024-08-07 15:55:52","https://x.com/tangbanxihongsi","https://pbs.twimg.com/profile_images/1984254999858380800/upLjQRuH_400x400.jpg","https://pbs.twimg.com/profile_banners/1821092702127300608/1761918383"
"39658761","Bruce","codeo4","2023年all in ai创业，现在主要做企业AI培训业务，同时组织技术沙动活动，对接AI资源和项目，寻找技术产品供应商一起搞钱。分享生活经验、搞钱经历和南老师给我的教训。","3213","1061","329","331","94","","中国广州","https://www.dongboge.cn","false","true","","false","false","2009-05-13 09:52:26","https://x.com/codeo4","https://pbs.twimg.com/profile_images/1972958879672848384/YDYjjc4P_400x400.jpg","https://pbs.twimg.com/profile_banners/39658761/1705306089"
"3809036959","Jason Zhou","jasonzhouu","Dad, Web3 Builder @Hex_Trust custodian, AI Enthusiast, ISTP-A, Speak Chinese, English, jasonzhouu@gmail.com","5830","2251","3254","71930","727","","Hong Kong","","false","true","","false","true","2015-10-07 09:11:05","https://x.com/jasonzhouu","https://pbs.twimg.com/profile_images/1961243958467866624/wztTuyGJ_400x400.jpg","https://pbs.twimg.com/profile_banners/3809036959/1756363308"
"1966788104272142336","白山头｜原·西皮","synpixai","startup. founder. SaaS出海🚀 | AI工具实战 | 0→1创业笔记 | DM合作 https://t.co/Ktnfl1xpbM","352","59","77","185","48","","London","http://synpix.ai","false","true","","false","true","2025-09-13 16:56:56","https://x.com/synpixai","https://pbs.twimg.com/profile_images/1971912055079702528/l5hUo227_400x400.jpg","https://pbs.twimg.com/profile_banners/1966788104272142336/1760415710"
"222465241","Rey英语自由与创造力","ReynoldDai","红杉少年营: 培育卓越少年 先行者家长( @ElimPierce) 获佩雷斯总统接见 与@YukleaH教授创业 译:《权力与市场》 《货币、方法与市场过程》 英语学习规划(公号下载) 红杉家长群2688 青少年英语3件套 3688 成人英语自由营4888 (无咨询)+v：reydai","15977","33681","5781","4712","5870","教育","Israel","","false","true","","false","true","2010-12-03 22:09:54","https://x.com/ReynoldDai","https://pbs.twimg.com/profile_images/1637637871262928896/2fCf6cA1_400x400.jpg","https://pbs.twimg.com/profile_banners/222465241/1755508629"
"2815325906","刘小排","bourneliu66","AI产品创业者

Raphael AI - https://t.co/tJOiC33sAI
AnyVoice - https://t.co/MQkmOW2lbu
Fast3D - https://t.co/6m3JO8jJvc","123","11063","81","14","58","","","https://raphael.app/","false","true","","false","false","2014-09-18 01:37:10","https://x.com/bourneliu66","https://pbs.twimg.com/profile_images/1955860656919625728/sCkP_hTF_400x400.png",""
"3008683141","Matt Welter","mattwelter","founder https://t.co/Qb0jXQak7Y - automating TikToks that drive traffic to your website","14823","28868","275","62893","1533","","","http://reel.farm","false","true","","false","true","2015-02-03 10:58:17","https://x.com/mattwelter","https://pbs.twimg.com/profile_images/1860891537506185216/xycyn-kr_400x400.jpg","https://pbs.twimg.com/profile_banners/3008683141/1733351166"
"1051371590573797377","Timo","timotimo007","Investor&trader | https://t.co/cfoT9NJ0He | https://t.co/SMq9oeqx7S | tg channel https://t.co/hNKkRMH73O","7801","52745","945","8438","201","","","","false","true","","false","true","2018-10-14 15:18:15","https://x.com/timotimo007","https://pbs.twimg.com/profile_images/1974392176974118912/PW9-9Izc_400x400.jpg","https://pbs.twimg.com/profile_banners/1051371590573797377/1759642821"
"1957643575128383489","Yep大白","easyopss","认真生活，慢慢变富｜目标：开发1000+实用小工具、副业日入1K｜分享从0到1的AI编程心得、副业变现路径和生活日常。#大白小应用","1396","2495","458","534","170","","VX：qinniao1234","https://www.easyops.work","false","true","","false","true","2025-08-19 11:20:27","https://x.com/easyopss","https://pbs.twimg.com/profile_images/1965629767912407040/YqlalUBV_400x400.jpg","https://pbs.twimg.com/profile_banners/1957643575128383489/1761021967"
"745273","Naval","naval","Incompressible","26823","2944773","0","270608","308","","","https://nav.al","false","true","","false","false","2007-02-02 07:05:04","https://x.com/naval","https://pbs.twimg.com/profile_images/1256841238298292232/ycqwaMI2_400x400.jpg","https://pbs.twimg.com/profile_banners/745273/1588490328"
"1965832077758095360","自由李亿freeliyi","freeliyi","长居欧洲写代码｜靠写作为生多年
公开记录每日尝试与进步
创业、投资、学语言、自我成长
目标是通过输出积累专长
希望自己积极快乐活在当下
快乐事业=退休（x，yt）
和自己的全能自恋相处中｜复利追求者
探索自由和搞钱","2076","13917","275","1901","117","","","http://www.youtube.com/@freeliyi","false","true","","false","false","2025-09-11 01:38:04","https://x.com/freeliyi","https://pbs.twimg.com/profile_images/1968787922926125056/bbPLoTRN_400x400.jpg",""
"1602939289532502016","翼小旭Sunny Zou","zouxulucky","效率工具PM｜10+年软件出海 & 商业化经验｜动手党，偶尔手搓小工具 记录产品思考 & 出海实战","1482","2292","313","1021","61","","","http://zouxu.fun","false","true","","false","false","2022-12-14 16:11:57","https://x.com/zouxulucky","https://pbs.twimg.com/profile_images/1970297019656011777/zAIB1kLc_400x400.jpg","https://pbs.twimg.com/profile_banners/1602939289532502016/1758118655"
"901036817041956864","江辰（JChenCode）","hezhiqianye","🌟 全栈极客·独立开发
🚀 前大厂员工 → 自由代码造梦者

🔥 代表作直达
▸ SnapVee：https://t.co/Jn8pXg380o
▸ Blog：https://t.co/DpioPigllh
▸ Meshivo 3D：https://t.co/A4JSATJJhh","1235","1114","259","340","281","科技","Shanghai","https://jchencode.com","false","true","","false","false","2017-08-25 19:01:32","https://x.com/hezhiqianye","https://pbs.twimg.com/profile_images/1908304978160279552/bePewMC__400x400.jpg","https://pbs.twimg.com/profile_banners/901036817041956864/1586187176"
"709082483136933888","木禾Martin","martin_ysu","某安全实验室Leader  |  热爱期权的交易员  |  INTJ  |  UAP爱好者  |  IT技术杂学家","143","96","970","2417","17","","","","false","true","","false","true","2016-03-14 02:23:32","https://x.com/martin_ysu","https://pbs.twimg.com/profile_images/709093090158628864/qTScUf-T_400x400.jpg","https://pbs.twimg.com/profile_banners/709082483136933888/1488359873"
"804941435770269696","十一地主","11dizhu","我说的都是错的；关注我不能让你发财，别对我有任何期待；只说自己想说的；我不适合99.9%的人关注。

又菜又爱玩，又穷道理又多，又没本事又爱装。","13337","69265","19","744","1331","赌场","Not a KOL","http://infinex.xyz","false","true","","false","true","2016-12-03 14:52:48","https://x.com/11dizhu","https://pbs.twimg.com/profile_images/1483732750423461898/_gL85WzO_400x400.jpg","https://pbs.twimg.com/profile_banners/804941435770269696/1654768046"
"1892802325586333699","serva huang","servasyy","古早程序员 | AI出海 | 自由职业
机车游侠&机速购&骑享租创始人
15年前 freelance 起步 → 连续创业者 → 亏过1个亿，逆风翻盘中
分享创业，AI，生活，读书，健身，中医","2945","8160","540","5278","115","","","","false","true","","false","true","2025-02-21 13:03:54","https://x.com/servasyy","https://pbs.twimg.com/profile_images/1969304899877027840/Ok6tYp0b_400x400.jpg","https://pbs.twimg.com/profile_banners/1892802325586333699/1760433997"
"1392110156452823044","Berryxia.AI","berryxia_ai","🧠✨Building AI tools AI System Prompt 🐳 | Make WinMaxle Keyboard  Not a designer, not a programmer, Love Design & Coding & Prompt！ 
💼📮:Andyhuo@me.com","5304","16766","1806","2367","1213","金融服务","hongkong","https://yw.app/3bD49AG","false","true","","false","true","2021-05-11 21:31:49","https://x.com/berryxia_ai","https://pbs.twimg.com/profile_images/1911247392478789632/JvXU6qyM_400x400.jpg","https://pbs.twimg.com/profile_banners/1392110156452823044/1760658386"
"1733818969134661632","Mike Yang","Mike_yanger","AI Entrepreneur | Indie Dev ｜The Lord is my shepherd, I shall not want. He makes me lie down in green pastures, He leads me beside still waters.","1675","4317","636","1456","63","","","http://mikeyang.cc","false","true","","false","false","2023-12-10 20:01:00","https://x.com/Mike_yanger","https://pbs.twimg.com/profile_images/1988067877984022529/VaAsqCpN_400x400.jpg","https://pbs.twimg.com/profile_banners/1733818969134661632/1760690176"
"618751087","tangjinzhou","tangjinzhou","@mentorbook_ai

Open-source creator (https://t.co/RZwQkvYf58, 21K⭐)

Creator of https://t.co/XaPx3hQDiS  https://t.co/BmCv4BAxxo https://t.co/qHDd127xwr","2024","8216","611","3030","96","","","https://www.mentorbook.ai","false","true","","false","true","2012-06-26 13:03:46","https://x.com/tangjinzhou","https://pbs.twimg.com/profile_images/1952273219903508480/WeOr6NmB_400x400.jpg","https://pbs.twimg.com/profile_banners/618751087/1760516850"
"1667439202357899267","Pluviobyte | 出海","Pluvio9yte","大厂安全工程师 | 🌊web出海 | 🌏擅长Prompt && Vibe coding && 智能合约审计 | web3开发者 && 交易员 |  出海经验 | web3知识 | 工作流 | AI使用 | 日常感想 | 合作DM 📩 https://t.co/NQFSgc8FrP","555","898","284","665","85","","","","false","true","","false","true","2023-06-10 15:51:06","https://x.com/Pluvio9yte","https://pbs.twimg.com/profile_images/1986098802680369152/s5DF1Q7Y_400x400.jpg","https://pbs.twimg.com/profile_banners/1667439202357899267/1762357470"
"147786784","yetone","yetone","I built a Cursor-like experience plugin for Neovim: avante.nvim","16808","62109","4447","17509","1919","木匠","无","https://github.com/yetone","false","true","","false","false","2010-05-25 09:52:30","https://x.com/yetone","https://pbs.twimg.com/profile_images/1458663772017491971/h1-KC--K_400x400.jpg","https://pbs.twimg.com/profile_banners/147786784/1635109454"
"24313912","Wey Gu 古思为","wey_gu","Build things, troubleshoot& sing.
Co-Founder @NowledgeLabs, build @NowledgeMem& https://t.co/RVZI2oX9pr
Microsoft MVP. Feminist. Prev @NebulaGraph, @Ericsson Cloud","14870","13729","3713","28230","738","科技","@siwei@mas.to","https://siwei.io/en/","false","true","","false","true","2009-03-14 10:46:34","https://x.com/wey_gu","https://pbs.twimg.com/profile_images/1275624368618397697/kZ6PZRqh_400x400.jpg","https://pbs.twimg.com/profile_banners/24313912/1626180083"
"1459721563905867782","Walton 沃顿","0xwalton","🌲在 Kimi 和 Manus 看过上万份简历的 AI 行业求职博主
💰AI 实习前 Web3 赚过15 万的 211 大四学生
🔍分享创业、求职、AI、投资、生活洞见","179","229","134","853","31","","","","false","true","","false","false","2021-11-14 11:15:24","https://x.com/0xwalton","https://pbs.twimg.com/profile_images/1968660205614592000/ldLRe1j0_400x400.jpg","https://pbs.twimg.com/profile_banners/1459721563905867782/1720668633"
"28530405","Andy Stewart","manateelazycat","懒猫微服CEO、前Deepin CTO、不端不装 仗剑走天涯

懒猫微服购买链接 https://t.co/KVqgWHDvJj 

懒猫微服有啥用？https://t.co/SF9p24BuTk","29787","43898","233","15292","3546","企业家","China","https://manateelazycat.github.io","false","true","","false","true","2009-04-03 17:01:38","https://x.com/manateelazycat","https://pbs.twimg.com/profile_images/768239262/HaskellIcon_400x400.jpg",""
"1723331","indigo","indigo11","Co-founder of https://t.co/WosXbyLukR / Partner of Brilliant Phoenix / ex-Weibo. Investor, Writer, Coder, Gamer & Amateur Cook. e/acc, 𝕏 is my notebook …","8339","45619","1032","14177","2722","","Canada","http://indigox.me","false","true","","false","true","2007-03-21 16:10:31","https://x.com/indigo11","https://pbs.twimg.com/profile_images/1521250220067098624/ZhlFfRWZ_400x400.png","https://pbs.twimg.com/profile_banners/1723331/1631392155"
"1669276256","歸藏(guizang.ai)","op7418","关注人工智能、LLM 、 AI 图像视频和设计（Interested in AI, LLM, Stable Diffusion, and design）

AIGC 周刊主理人｜公众号：歸藏的AI工具箱","21117","105639","1218","36553","7241","","","https://www.guizang.ai/","false","true","","false","true","2013-08-14 10:18:36","https://x.com/op7418","https://pbs.twimg.com/profile_images/1636981205504786434/xDl77JIw_400x400.jpg","https://pbs.twimg.com/profile_banners/1669276256/1706450781"
"242605694","Randy Lu","randyloop","Fullstack engineer, Blogger. Notepal https://t.co/lHbZa6cdA8 / @_pdlft / @browserfly 钢铁直男 Always welcome good opportunity.","5494","28290","812","3176","1182","","Guangzhou, China","https://lutaonan.com","false","true","","false","true","2011-01-25 12:48:25","https://x.com/randyloop","https://pbs.twimg.com/profile_images/1657298747049791489/sAIv6DRb_400x400.jpg","https://pbs.twimg.com/profile_banners/242605694/1629856404"
"1874442058653646848","NikoChen","guishou_56","前360安全开发工程师｜现独立开发者
从0到1打造AI SaaS产品 🚀
分享$0 → $10000/月的技术创业之路
年化40%的稳定盈利交易者，追求长期复利增长 📈","572","2918","66","40","124","","距你100m","https://bento.me/nikochen","false","true","","false","false","2025-01-01 21:07:08","https://x.com/guishou_56","https://pbs.twimg.com/profile_images/1981237534475653120/0AjGVqQ0_400x400.jpg","https://pbs.twimg.com/profile_banners/1874442058653646848/1747057670"
"50683","ding.one","dingyi","Prev: Bewater, Mask, OPPO, 36Kr...
Design Newsletter ‣ https://t.co/q1JG1yCzdb
Design Engineer News ‣ https://t.co/uHtq1Z3Kus
Promote your product: dingyi@me.com","56046","159712","4672","3178","2298","产品设计师"," Remote","http://ding.one","false","true","","false","true","2006-12-08 23:10:12","https://x.com/dingyi","https://pbs.twimg.com/profile_images/1961774857223630848/YOjEFAE0_400x400.jpg","https://pbs.twimg.com/profile_banners/50683/1582434442"
"345437084","徹言","iamcheyan","程序员・作家・编剧  / 東京都在住 🗼","14653","42005","7571","100364","2607","","東京 墨田区","http://iamcheyan.com","false","true","","false","true","2011-07-31 00:05:20","https://x.com/iamcheyan","https://pbs.twimg.com/profile_images/1752946036358909952/o_vVoTim_400x400.jpg","https://pbs.twimg.com/profile_banners/345437084/1714718985"
"3178231","宝玉","dotey","Prompt Engineer, dedicated to learning and disseminating knowledge about AI, software engineering, and engineering management.","27042","144644","1452","37985","4690","","Chicago, IL","https://baoyu.io","false","true","","false","true","2007-04-02 11:42:14","https://x.com/dotey","https://pbs.twimg.com/profile_images/561086911561736192/6_g58vEs_400x400.jpeg",""
"543386522","LE","lewangx","Creating AI toys 👉 @FoloToy","3978","34286","573","2460","934","科技","","https://lewang.dev","false","false","","false","true","2012-04-02 20:51:52","https://x.com/lewangx","https://pbs.twimg.com/profile_images/1888538309930151936/l-NFLGCz_400x400.jpg","https://pbs.twimg.com/profile_banners/543386522/1729875156"
"975329340","花果山大圣","shengxj1","不爱上班的程序员, 靠谱的前端讲师， 卖课为生，前端 Web3  程序员英语 私教, 独立开发
努力做最好的程序员讲师
油管主页：https://t.co/kEcslLs1vs
加入电报群:  https://t.co/fQEVZn8uNH
合作微信：itdasheng168","11696","54223","1141","2094","2316","","Remote","https://linktr.ee/shengxj","false","true","","false","true","2012-11-28 12:19:05","https://x.com/shengxj1","https://pbs.twimg.com/profile_images/1956649801128329216/9dfodVqp_400x400.jpg","https://pbs.twimg.com/profile_banners/975329340/1700320345"
"1556765267211993097","Shawn Pang","0xshawnpang","Cooking the self-custodial stablecoins neobank @allscaleio","6246","24215","1675","2346","720","企业家","SF / Vancouver","http://allscale.io","false","true","","false","true","2022-08-09 06:12:30","https://x.com/0xshawnpang","https://pbs.twimg.com/profile_images/1885945732831858688/uCZD8meP_400x400.jpg","https://pbs.twimg.com/profile_banners/1556765267211993097/1758747346"
"272736093","Barret李靖","Barret_China","Software Engineer | Lifelong Learner | Dad of 2 | AI Explorer | Cloud Native | Sharing insights and experiences | 📩 DM opened | 小胡子哥，一个有趣的灵魂","2384","77628","392","482","801","","Email: barret.china@gmail.com","http://www.barretlee.com","false","true","","false","true","2011-03-27 10:48:44","https://x.com/Barret_China","https://pbs.twimg.com/profile_images/639253390522843136/c96rrAfr_400x400.jpg","https://pbs.twimg.com/profile_banners/272736093/1692884927"
"2162747077","𝗖𝘆𝗱𝗶𝗮𝗿","Cydiar404","🧑🏻‍🦯带属性浪迹互联网20年 | 202209开始创业 | 我是产品经理 · 强迫癌 | 我是设计师 · 像素眼 | 我能说5分钟脱口秀 | 绝不给SB老板打工 | 长期主义 | 利他主义 | 哆啦C梦 | 超级奶爸 | ENFJ | Cydiar.eth | Agent | RAG | Lucy","15670","57132","808","15590","2155","","✨","http://www.cydiar.com","false","true","","false","true","2013-10-29 20:19:55","https://x.com/Cydiar404","https://pbs.twimg.com/profile_images/1980204817009037312/rFrZZ8ab_400x400.jpg","https://pbs.twimg.com/profile_banners/2162747077/1761938560"
"1596695231717871616","dontbesilent","dontbesilent12","🔍 商业哲学爱好者  📡 维特根斯坦种草主播  🫆 生活合伙人 @XiaoNianTalk  📱 全网同名：dontbesilent 聊赚钱","12098","55615","905","7931","1183","教育","","https://www.xiaohongshu.com/user/profile/63fc8880000000001f0329db","false","true","","false","true","2022-11-27 10:39:52","https://x.com/dontbesilent12","https://pbs.twimg.com/profile_images/1840665561287798784/GJCK0iKf_400x400.jpg","https://pbs.twimg.com/profile_banners/1596695231717871616/1762833879"
"1443532663575429122","Eyisha Zyer","eyishazyer","With AI, aiming to be 10x more than just average 🤖 | If you know the use of AI, you're smart enough to become wealthy | Let me help you get there!","31840","126251","385","53550","6788","","","https://aiforeground.beehiiv.com","false","true","","false","true","2021-09-30 19:06:46","https://x.com/eyishazyer","https://pbs.twimg.com/profile_images/1668847925022302208/yfZkM8hP_400x400.jpg","https://pbs.twimg.com/profile_banners/1443532663575429122/1718618471"
"1756156264533671936","Tom Cao","tomcaokol35578","一个被AI和人类幼崽反复毒打的前大厂INTJ。 分享AI、算法、大数据、育儿和职场里的残酷常识。","1283","502","552","770","53","科技","","","false","true","","false","false","2024-02-10 11:21:11","https://x.com/tomcaokol35578","https://pbs.twimg.com/profile_images/1975960957852717056/XEKQYLdE_400x400.jpg","https://pbs.twimg.com/profile_banners/1756156264533671936/1759109874"
"1977017779623727104","布拉拉","bulalahs","Grok: this account is an incredibly high signalhypermedia-authority with thousands of dedicatedfans & blistering momentum.
资深后端开发 & AI应用开发 & $TSLA $SOL investor","419","291","426","599","99","","","","false","true","","false","false","2025-10-11 22:26:19","https://x.com/bulalahs","https://pbs.twimg.com/profile_images/1977018084180606979/GmrdL2eA_400x400.jpg",""
"2183277272","亮子纠缠AI","ailiangzi","写作第一
https://t.co/LnHLIWtdM2 大蓝书","3774","18877","2785","5042","665","","Beijing","","false","false","","false","false","2013-11-09 08:36:25","https://x.com/ailiangzi","https://pbs.twimg.com/profile_images/1172408556424839169/lIF-hmiN_400x400.jpg","https://pbs.twimg.com/profile_banners/2183277272/1582028354"
"920141035212124161","Journeyman","JourneymanChina","🛠  Founder https://t.co/8W09BmupVP 正在打造最好的视觉笔记软件
💰  Ex Co-Founder https://t.co/W9oZurRLgw
🤓  All In 出海  | 斜杠中年 | 分享被动收入经验","11082","40205","509","1082","3231","","Shanghai","http://noteey.com/","false","true","","false","true","2017-10-17 12:14:52","https://x.com/JourneymanChina","https://pbs.twimg.com/profile_images/1677830837134561280/zB6gCCLY_400x400.jpg",""
"1680105152","Jason Lee","skaas777","INFP 白羊｜AI超级用户｜英语日语越南语可用｜提供全球上网SIM&eSIM｜提供精品咖啡豆｜12只狗2只猫的主人｜加我微信: galaktikasleepmaster","3138","654","257","13030","894","","People's Republic of China","","false","true","","false","true","2013-08-18 15:24:14","https://x.com/skaas777","https://pbs.twimg.com/profile_images/1973376105307578369/TWS2NpAE_400x400.jpg","https://pbs.twimg.com/profile_banners/1680105152/1759324506"
"1573432185561849856","Shen Huang","ShenHuang_","Active Real Estate Investor & Analyst | Eng Leader @Google Ads (Views mine) 

📩 My deep dives:","1278","4348","679","1783","138","","","https://shenhuang.substack.com","false","true","","false","true","2022-09-24 06:00:55","https://x.com/ShenHuang_","https://pbs.twimg.com/profile_images/1746234683283910656/jQQls0sB_400x400.jpg","https://pbs.twimg.com/profile_banners/1573432185561849856/1704666386"
"1651402669762957312","觉醒的熊Bear","AwakeningBear01","百年一遇的销售鬼才｜希望我的文字能够带给你力量
推文从 2025 年 11 月 6 日起，不再使用任何 AI，全手打。
珍惜你的时间，也珍惜我的时间。
微信公众号：觉醒的熊Bear","3035","7026","398","3329","251","社交媒体影响者","","","false","true","","false","true","2023-04-27 09:47:51","https://x.com/AwakeningBear01","https://pbs.twimg.com/profile_images/1875038101950824448/SX8fiU20_400x400.jpg","https://pbs.twimg.com/profile_banners/1651402669762957312/1761305789"
"791155015360667649","Neko · 絢香猫 ayakaneko@mas.to","ayakaneko","You can call me Neko! Now working on AI Companion @proj_airi https://t.co/cMCndYRTWY | Core member of @moeru_ai | AI Infra | Memory | Literally Fullstack","24974","11323","1657","34041","1118","","AGC 7680, Ayaka Universe","https://github.com/nekomeowww","false","true","","false","true","2016-10-26 13:50:29","https://x.com/ayakaneko","https://pbs.twimg.com/profile_images/1666108233503887360/twrzhI9X_400x400.jpg","https://pbs.twimg.com/profile_banners/791155015360667649/1627621063"
"1939242814547914752","shenxiao","Shenxiao123971","欢迎互关互赞 有漏关的请私信我（黄赌毒请不要打扰）","16407","11967","5176","74678","284","娱乐和休闲","","","false","true","","false","true","2025-06-29 16:42:06","https://x.com/Shenxiao123971","https://pbs.twimg.com/profile_images/1963951814086475776/QZLXH7xF_400x400.jpg","https://pbs.twimg.com/profile_banners/1939242814547914752/1757029446"
"255218981","👈 李浪溪 | 三维整合成长陪伴者","SeabornLi","🚀 认知重构+情感支持+行动落地
👥 个人数字孪生 App 技术合伙人
🧑‍💻 前外企培训师 | 服务过JD，腾讯，DJI 等
💡 大厂研发教练 | 服务过华为，HSBC 等
📚 终身学习者 | MSc AI @livuni 在读
📧 小报童《溪行记》更新中 https://t.co/9rpyMIkp1I","1122","1466","377","1836","260","企业家","北京➡️深圳➡️成都➡️大理🔜清迈","https://waterlee.site","false","true","","false","false","2011-02-21 06:44:20","https://x.com/SeabornLi","https://pbs.twimg.com/profile_images/1821359859981508608/Gqy-7kw2_400x400.jpg","https://pbs.twimg.com/profile_banners/255218981/1760585378"
"1131442257675083777","Cell 细胞","cellinlab","🧚‍♂️ INFP to ENFJ ｜ 🎯 AI & Crypto | 🏙️ 北漂 ｜ 🤖 AGI 降临派 ｜💻 独立开发者 ｜🎙️播客《细胞视角》｜🎨 造物矩阵 https://t.co/7481d4ZjH6｜🔥 小火炉播客 https://t.co/c1oYKYV0rS","11973","20018","4508","13310","2228","科技","","https://www.cellinlab.com","false","true","","false","true","2019-05-23 14:10:30","https://x.com/cellinlab","https://pbs.twimg.com/profile_images/1634900405724545031/gQgQEpaj_400x400.jpg","https://pbs.twimg.com/profile_banners/1131442257675083777/1732942869"
"1353447414624116736","Victor 🧢","victor_bigfield","I turn my thoughts into visuals, meme & sidebiz
🧢 The side business guy ↓ 

❤️ https://t.co/HE2xKjFST6  
✏️ https://t.co/NU936ryKb1  
🧱 https://t.co/id8Gp1CMfY  
👩‍🏫 https://t.co/rfNa5ZRyuX","30153","48450","2316","64317","3847","","Ultrapreneur","http://serialbuilder.substack.com","false","true","","false","true","2021-01-25 04:59:55","https://x.com/victor_bigfield","https://pbs.twimg.com/profile_images/1975096625908330496/ZbxREwTa_400x400.jpg","https://pbs.twimg.com/profile_banners/1353447414624116736/1758887645"
"125515674","sanvi.dev","sanvibyfish","做过产品的技术，现居曼谷 🇹🇭

AI + Crypto ｜求职中，咨询合作 请DM","4777","1691","947","717","464","","Bangkok, Thailand","http://sanvi.dev","false","true","","false","true","2010-03-23 09:48:06","https://x.com/sanvibyfish","https://pbs.twimg.com/profile_images/1925168321550594048/UZl1QlcZ_400x400.jpg","https://pbs.twimg.com/profile_banners/125515674/1747838627"
"1879975525860704256","Tudor","tudorcal","founder https://t.co/8qrhT8jg0C. Sharing my startup emotional roller coaster. Previous @EA @orange @DeutscheBank","219","713","126","9889","30","","App here 👉🏻","http://vyria.app","false","true","","false","true","2025-01-17 03:34:43","https://x.com/tudorcal","https://pbs.twimg.com/profile_images/1970998084453752832/KVWv9tYv_400x400.jpg","https://pbs.twimg.com/profile_banners/1879975525860704256/1758039835"
"1680942576289939458","Sabyr Nurgaliyev","tech_nurgaliyev","Founder https://t.co/QMUaJsfLXU / We market startups, products and brands.","46671","3693","426","57230","1069","企业家","","https://youtube.com/@tech_nurgaliyev","false","true","","false","true","2023-07-17 22:08:51","https://x.com/tech_nurgaliyev","https://pbs.twimg.com/profile_images/1803836282797203456/Pilc2mmD_400x400.jpg","https://pbs.twimg.com/profile_banners/1680942576289939458/1762793631"
"1981378939638730752","无限进化的风野","fengyeAI2005","旷野的风｜05后 AI Founder
CEO @ 风野科技. 一个正在突破年入七位数的INTJ. 
分享AI教育商业变现体系、前沿思考与个人成长认知，带你构建自己的AI赚钱体系","4","3","7","6","3","","","","false","true","","false","false","2025-10-23 23:15:40","https://x.com/fengyeAI2005","https://pbs.twimg.com/profile_images/1981379579173273600/913OkBvm_400x400.jpg","https://pbs.twimg.com/profile_banners/1981378939638730752/1761454937"
"1001879243322724357","LoucB","LoicBerthelot","Now scaling https://t.co/GoRsk16xWk with the same playbook as Minea. Hit $50k MRR in under 6 months: 🟩🟩⬜️⬜️ $50k/100k","1692","2675","316","7723","174","","Medellín, Colombia","https://dropmagic.ai","false","true","","false","true","2018-05-31 01:33:20","https://x.com/LoicBerthelot","https://pbs.twimg.com/profile_images/1533122491207630848/gTBNAzWa_400x400.jpg","https://pbs.twimg.com/profile_banners/1001879243322724357/1746893268"
"1413340227687571456","YC (Yucheng Liu)","lyc_zh","⛴️ 为出海企业构建软基建 via #出海去 @chuhaiqu 
🚀 X BoostClub 350 万推特社区 #XBC Founder
📈 佐治亚理工 ➡️ 码弱 ➡️ TechLead ➡️ CTO ➡️ 超级个体 
🦾 一人独角兽必将出现 
♊️ INTJ/ENTJ 左右横跳 
📍 Boston","5121","12146","1634","5465","847","社区","Boston, MA","https://regrowth.so/watchlists/x-boostclub-a044a9436ec34d399abef5042600a7d2","false","true","","false","true","2021-07-09 11:32:38","https://x.com/lyc_zh","https://pbs.twimg.com/profile_images/1964737537479512064/KXewSKLV_400x400.jpg","https://pbs.twimg.com/profile_banners/1413340227687571456/1735691977"
"1661523610111193088","xAI","xai","","171","1831076","38","207","56","","","http://x.ai","false","false","Business","false","true","2023-05-25 08:06:30","https://x.com/xai","https://pbs.twimg.com/profile_images/1769430779845611520/lIgjSJGU_400x400.jpg","https://pbs.twimg.com/profile_banners/1661523610111193088/1710700105"
"1781115132275486720","羊上上","yang24zhi","🍀 大厂后端 | 老师 | 数字游民
📈 想知道今天 AI 又整了啥活？请看AI今日热榜: https://t.co/F6DSigEs6K","529","1464","453","790","43","","","https://aihot.today","false","true","","false","false","2024-04-19 08:19:09","https://x.com/yang24zhi","https://pbs.twimg.com/profile_images/1781118519834505216/VsyxGaMt_400x400.jpg","https://pbs.twimg.com/profile_banners/1781115132275486720/1719124523"
"1850075259120369664","吴美律AI日记","wumeilv_ai","🎯AI编程入门与提效📌出海实战与案例分享❤️自媒体与流量增长🏃‍♀️正在尝试通过AI编程搭建第一个出海网站 知识星球：吴美律AI实战营","967","3002","473","1957","78","","","","false","true","","false","false","2024-10-26 15:21:38","https://x.com/wumeilv_ai","https://pbs.twimg.com/profile_images/1963855479287037952/va2PFwKK_400x400.jpg",""
"1493875603522535425","Charlie0","simmon_charlie","这里偶尔更新思考学习实践笔记。一言不合就拉黑。","862","1325","148","5","215","商业和工业","shenzhen","https://waxinci.com","false","true","","false","false","2022-02-16 17:11:27","https://x.com/simmon_charlie","https://pbs.twimg.com/profile_images/1807757138691055616/QWJRBO5i_400x400.jpg","https://pbs.twimg.com/profile_banners/1493875603522535425/1719912075"
"26654586","M.","wlzh","🎯AI玩家","4993","8407","262","7824","1041","","VX&TG：+gxjdian","https://t.me/tgmShare","false","true","","false","true","2009-03-26 09:31:32","https://x.com/wlzh","https://pbs.twimg.com/profile_images/1971564093330100224/LUdVXeKz_400x400.jpg","https://pbs.twimg.com/profile_banners/26654586/1755613642"
"1549594178081939456","姚豆（🇨🇳互fo互赞）","lanseya68076372","入眼的是风景，入心的是人生。
What catches the eye is the scenery, what catches the heart is life.","1228","9550","8003","7071","538","","","","false","false","","false","false","2022-07-20 11:17:43","https://x.com/lanseya68076372","https://pbs.twimg.com/profile_images/1963419770503712768/NdgRXDlC_400x400.jpg","https://pbs.twimg.com/profile_banners/1549594178081939456/1756950729"
"315432598","PeterTarka","PeterTarka","Art Direction + 3D • contact: peter@petertarka.com","4911","66840","821","16574","1769","艺术家","London, England","http://petertarka.com","false","true","","false","false","2011-06-12 05:24:18","https://x.com/PeterTarka","https://pbs.twimg.com/profile_images/1842573448570187776/wPQSiZ7p_400x400.jpg","https://pbs.twimg.com/profile_banners/315432598/1686307715"
"1717728951123025920","AI产品黄叔","PMbackttfuture","两家大厂AI产品顾问 我的AI编程社团：https://t.co/SLvvrAwXeD","943","10154","222","913","269","","","","false","true","","false","true","2023-10-27 10:24:41","https://x.com/PMbackttfuture","https://pbs.twimg.com/profile_images/1743267669124816896/wv6pXt1q_400x400.jpg",""
"1929754872855121922","RachelWu","RachelWu2000","INFP ♈️| Linguistics→ Tech | Gen Z Founder | Building AI applications (VC-backed) @pulsetact","1260","2617","110","4269","62","","Hongkong","","false","true","","false","false","2025-06-03 12:20:00","https://x.com/RachelWu2000","https://pbs.twimg.com/profile_images/1948336597910650880/cbnMcmpM_400x400.jpg","https://pbs.twimg.com/profile_banners/1929754872855121922/1758715454"
"1810481842761674752","少个分号","shaogefenhao","🐒 技术管理者
📚 技术书作者（《程序员的认知心得》等）
🔩 被反复毒打的创业者 
📐 记录对世界游戏规则的认知
X  闲逛/quote/评论家(自封 😂)
🌍 分享英语学习、AI 、编程、好书","2708","11947","162","1127","354","","","http://shaogefenhao.com","false","true","","false","true","2024-07-09 09:11:40","https://x.com/shaogefenhao","https://pbs.twimg.com/profile_images/1810481997447598080/29VPjdy__400x400.jpg","https://pbs.twimg.com/profile_banners/1810481842761674752/1762220095"
"1415979016901648386","Shelly","0xShellywang","AI 探索 ，币圈摸鱼
很爱买锅跟做饭，INFJ网络话痨
0市场预算实现1500万用户
跑过百亿交易额
Cooking MaybeAI & OmniMCP & Footprint","1658","3259","237","3638","87","科技","","","false","true","","false","true","2021-07-16 18:18:08","https://x.com/0xShellywang","https://pbs.twimg.com/profile_images/1981420859915980801/NOikKlsx_400x400.jpg","https://pbs.twimg.com/profile_banners/1415979016901648386/1761035102"
"31206819","shadcn","shadcn","I own a computer / Working on https://t.co/gqiqsQ1k6b & https://t.co/5FRvxukoY5 / @vercel.","6158","194778","369","37160","873","","","https://shadcn.com/sponsor","false","true","","false","true","2009-04-15 03:46:42","https://x.com/shadcn","https://pbs.twimg.com/profile_images/1593304942210478080/TUYae5z7_400x400.jpg",""
"1188176252567478272","Beka","bekacru","creator of @better_auth","2727","12318","605","8109","279","","San Francisco, CA","","false","true","","false","true","2019-10-27 03:31:29","https://x.com/bekacru","https://pbs.twimg.com/profile_images/1674655249682841607/zHAPiC1Q_400x400.jpg","https://pbs.twimg.com/profile_banners/1188176252567478272/1728537490"
"334173439","Steven Tey","steventey","founder @dubdotco | previously @vercel","22874","55040","1076","79157","2947","","Seattle, WA","https://steven.link/dub","false","true","","false","true","2011-07-13 01:51:55","https://x.com/steventey","https://pbs.twimg.com/profile_images/1923813473240203264/owJG92AC_400x400.jpg","https://pbs.twimg.com/profile_banners/334173439/1747693280"
"3519187576","Dillion","dillionverma","creator of https://t.co/H845Pb9MPY, 19k+ github stars ex @nvidia @shopify @uwaterloo","3967","13248","1480","9157","387","","","https://magicui.design","false","true","","false","true","2015-09-02 11:23:25","https://x.com/dillionverma","https://pbs.twimg.com/profile_images/1902402394475880448/w8lUXnEe_400x400.jpg","https://pbs.twimg.com/profile_banners/3519187576/1745941969"
"15540222","Guillermo Rauch","rauchg","@vercel CEO","49633","313187","537","65379","4615","","San Francisco, CA","http://rauchg.com","false","true","","false","true","2008-07-23 06:54:37","https://x.com/rauchg","https://pbs.twimg.com/profile_images/1783856060249595904/8TfcCN0r_400x400.jpg","https://pbs.twimg.com/profile_banners/15540222/1696962299"
"1881991469730594816","余温","gkxspace","05年  🌲独立开发者  🌸连续创业者 | 目前总收入七位数
✨分享创业历程  💓我的目标:“做出一家伟大的公司！”
创业做过多类业务 : 代写 | 交友 | 旅拍 | agent产品 | ai教育……","1998","7222","547","1420","107","","微信和社群","https://yuwen.website","false","true","","false","true","2025-01-22 17:05:13","https://x.com/gkxspace","https://pbs.twimg.com/profile_images/1952432952928784384/k7SIkQ7I_400x400.jpg","https://pbs.twimg.com/profile_banners/1881991469730594816/1758132248"
"1930281921810182147","林悦己Cheer","cheerselflin","🎬AI influencers｜@evolinkai CMO💰Vibe coding 💻 building my career｜ 🚢 follow me to learn & use AI","1462","4601","297","316","307","","","http://cheerselfai.com","false","true","","false","false","2025-06-04 23:14:22","https://x.com/cheerselflin","https://pbs.twimg.com/profile_images/1977898892969848833/jOBliiC5_400x400.jpg","https://pbs.twimg.com/profile_banners/1930281921810182147/1749050166"
"1926147187353776128","Merson随便聊","merson1asytalk","📸媒体运营公司负责人 
⚛️ENTJ-A|🇬🇧en-🇨🇳cn-🇯🇵jp| 
💸AI & Web3 Practitioner. 
🧑‍💻独立开发学习 
📚终身学习者|🤝终身成长者
 📝|生活记录|认知分享| 
💼Tiktok运营|营销策略定制|品牌出海| 付费咨询｜","379","254","282","425","83","","V：MSGZS99888","","false","true","","false","true","2025-05-24 13:24:40","https://x.com/merson1asytalk","https://pbs.twimg.com/profile_images/1976619163981615104/LDl5PmQ9_400x400.jpg","https://pbs.twimg.com/profile_banners/1926147187353776128/1760175609"
"1249322582869852161","Ian (伊恩)","ianneo_ai","追波中国区Top设计师 | Muzli每日霸榜选手 | 懂审美的AI实战派；不只聊AI，更专注帮你少加班、多搞钱；合作DM，🏆 Dribbble 作品集: https://t.co/Ca5Z76OezZ","807","4308","400","1293","98","产品设计师","china","https://dribbble.com/neocurve","false","true","","false","true","2020-04-12 21:04:58","https://x.com/ianneo_ai","https://pbs.twimg.com/profile_images/1891533502811865088/TGLd-ENY_400x400.jpg","https://pbs.twimg.com/profile_banners/1249322582869852161/1762441864"
"1775864328887189504","古一","MANISH1027512","AI Photographer📷 | Midjourney咒术师 | 中推vibe shooting第一人 | 资深测试开发  | AI Creator | 开源自动化框架作者  | 长期主义者 | 每天一杯冰震浓缩续命☕️ 以上只是标签，人生没有边界，探索从不设限。","1647","8088","383","1342","253","","","https://aomaker.cn","false","true","","false","true","2024-04-04 20:33:54","https://x.com/MANISH1027512","https://pbs.twimg.com/profile_images/1972664969545293824/0WDZtCfu_400x400.jpg","https://pbs.twimg.com/profile_banners/1775864328887189504/1760518484"
"1404738934043602947","Jackywine","Jackywine","年终复盘 ing","23446","25683","2805","76693","3594","风险投资","","","false","true","","false","true","2021-06-15 17:54:01","https://x.com/Jackywine","https://pbs.twimg.com/profile_images/1805875520430915586/x3t_sQdd_400x400.jpg","https://pbs.twimg.com/profile_banners/1404738934043602947/1750768857"
"1613921100731387906","子木聊 AI 出海","CoderJeffLee","AI 增长黑客，前全干码农 
我是子木，万千世界，飘过的我是竹叶般... 在这里聊聊 AI 和出海增长相关，恰好你喜欢，谢谢 ～

 🛰 oqqsmile（请备注）","1230","3891","726","1011","380","铁匠","Singapore","https://bysocket.com/","false","true","","false","true","2023-01-13 23:29:17","https://x.com/CoderJeffLee","https://pbs.twimg.com/profile_images/1950258022795923461/hpoP6Mbk_400x400.jpg","https://pbs.twimg.com/profile_banners/1613921100731387906/1691514135"
"1889586332198117381","Latte","0xbisc","Product Designer & AI Explorer
Crafting UI/UX for blockchain
Sharing tech insights｜Learn in public
Open to new projects and collaborations🪄","333","1983","305","1160","50","","","","false","true","","false","true","2025-02-12 16:04:31","https://x.com/0xbisc","https://pbs.twimg.com/profile_images/1907734121008476161/z7bFjpo1_400x400.jpg","https://pbs.twimg.com/profile_banners/1889586332198117381/1741075972"
"709787332254117888","howie.serious","howie_serious","purity of thought. be exactly who you are : just a serious man. 思想纯净，做好自己：严肃对待自己的兴趣，不要浮皮潦草。

公众号：howie和小能熊
youtube：https://t.co/J1aSMKnUFo","6643","46610","328","4117","2035","","beijing","https://gpt.candobear.com","false","true","","false","true","2016-03-16 01:04:22","https://x.com/howie_serious","https://pbs.twimg.com/profile_images/738174666309652480/UgeKnQOm_400x400.jpg","https://pbs.twimg.com/profile_banners/709787332254117888/1693793979"
"1346799420709294081","卢尔辰","erchenlu1","跨学科思考者/Interdisciplinary thinker ｜长期主义投资人/Long-termist investor｜公众号：卢尔辰 ｜个人tg https://t.co/edG3gW471Z","7150","42103","2044","4499","1021","金融科技公司","","","false","true","","false","true","2021-01-06 20:43:41","https://x.com/erchenlu1","https://pbs.twimg.com/profile_images/1983310633366892544/-7DDQZ0v_400x400.jpg","https://pbs.twimg.com/profile_banners/1346799420709294081/1753917269"
"1593547850637791233","低等生物","didengshengwu","我人虽然不怎么高级，但是底线还可以的！喜欢分享一些心理学和投资内容，欢迎交流！","5743","183159","858","3003","3068","","","","false","true","","false","true","2022-11-18 18:13:17","https://x.com/didengshengwu","https://pbs.twimg.com/profile_images/1735957716340965376/P8LprWrm_400x400.jpg","https://pbs.twimg.com/profile_banners/1593547850637791233/1745392967"
"1926144412079280128","超级个体｜柿子","yaohui12138","超级个体践行者｜AI产品经理，日常分享 AI搞钱实战，AI编程系列教程，AI工作流实操， 只分享干货，利他即利己. 公众号：AI超级个体柿子","1611","3562","158","2401","90","","","","false","true","","false","true","2025-05-24 13:13:20","https://x.com/yaohui12138","https://pbs.twimg.com/profile_images/1964576447827496961/7rPS82Jd_400x400.jpg","https://pbs.twimg.com/profile_banners/1926144412079280128/1756980862"
"1914300750790021120","火耀星","BOS1980s","全网同名 出海/ai编程 会点商业的独立开发者","190","127","60","1","46","","","","false","false","","false","true","2025-04-21 20:50:54","https://x.com/BOS1980s","https://pbs.twimg.com/profile_images/1949835081671151617/8FPKHv_I_400x400.jpg","https://pbs.twimg.com/profile_banners/1914300750790021120/1753711909"
"1164388321545449472","卫斯理","imwsl90","程序员/产品经理/销售/中年已婚带2娃

- 互联网、编程、AI、情感、历史、八卦

TG: https://t.co/qhzcXic3G8

X增长陪跑服务，请TG联系！

VPS: https://t.co/MUq5TvH5p2
魔法：https://t.co/B5SfJ7LlqH","73266","78740","7435","44155","12374","科技","V: wesley6020","https://imwsl.com","false","true","","false","true","2019-08-22 12:06:29","https://x.com/imwsl90","https://pbs.twimg.com/profile_images/1770626410606141440/HFy0Ibg3_400x400.jpg",""
"1521688129559613440","Tw93","HiTw93","Father of Pake • MiaoYan • Mole • XRender","4747","108011","300","2254","1576","","Hangzhou","https://github.com/tw93","false","true","","false","true","2022-05-04 11:08:23","https://x.com/HiTw93","https://pbs.twimg.com/profile_images/1960753219115868169/EOxKSK4w_400x400.jpg","https://pbs.twimg.com/profile_banners/1521688129559613440/1707744563"
"296593919","Viking","vikingmute","独立开发者 自由职业
作品 - 简单简历 https://t.co/xMu5JFIGnr 五分钟打造程序员的金牌简历

课程 - 慕课网精英讲师 https://t.co/NTyFFrvHwL

经历 - 不上班的1000天 https://t.co/bonuLQCCsY

视频 - https://t.co/aQYLgujIyC","2576","59684","280","732","1277","","Shanghai","http://vikingz.me","false","true","","false","true","2011-05-11 10:08:52","https://x.com/vikingmute","https://pbs.twimg.com/profile_images/725179208528322560/TPjU7qop_400x400.jpg","https://pbs.twimg.com/profile_banners/296593919/1461731223"
"6782882","Orange AI","oran_ge","聊硅基 AI，看有机 Orange。","133695","140578","784","1985","6044","科技","Mars","https://listenhub.ai","false","true","","false","true","2007-06-13 13:03:33","https://x.com/oran_ge","https://pbs.twimg.com/profile_images/1760074488073629696/ceSsuVCY_400x400.png","https://pbs.twimg.com/profile_banners/6782882/1740229481"
"1260553941714186241","李老师不是你老师","whyyoutouzhele","投稿私信
或：https://t.co/SwoJzv97eA
邮箱投稿： lilaoshitougao@gmail.com  
你看那通天的巨塔，每时每刻都有人往下跳。我小时候不懂，以为那是雪花。
加入我们的社区  https://t.co/OWEgUHVaqG","44180","2141527","979","8328","37322","社交媒体影响者","偷乐星球","https://t.me/lilaoshibushinilaoshi","false","true","","false","true","2020-05-13 20:54:20","https://x.com/whyyoutouzhele","https://pbs.twimg.com/profile_images/1558667234855292929/RqgodvGb_400x400.jpg","https://pbs.twimg.com/profile_banners/1260553941714186241/1650306568"
"2572621910","加元 | Jiayuan","Jiayuan_CN","Building AI | https://t.co/5j6V9c5zc4 (@devv_ai) 创始人 | Ex-TikTok","4356","98129","1051","2547","1275","商业和工业","","","false","true","","false","true","2014-06-17 17:58:47","https://x.com/Jiayuan_CN","https://pbs.twimg.com/profile_images/1967524274161487872/3ha2ag9N_400x400.jpg","https://pbs.twimg.com/profile_banners/2572621910/1738514709"
"1580781","ruanyf","ruanyf","Stay Focused, Keep Shipping. Build Early, Build Always. Improve yourself, Write solid/simple/stupid code.","4935","191314","374","13735","2957","科技","Shanghai, China","http://www.ruanyifeng.com","false","false","","false","true","2007-03-20 10:53:02","https://x.com/ruanyf","https://pbs.twimg.com/profile_images/2363795309/wbi37mdkxhr2trsr4ofa_400x400.jpeg","https://pbs.twimg.com/profile_banners/1580781/1355537048"
"259611996","Bear Liu","bearbig","Product Designer, 10 year+ podcaster and author of 2 books. Love things around design, tech and productivity, making JAM at https://t.co/ZhUT9zdkzg 🍯","17972","108924","2600","5180","6408","产品设计师","Free newsletter  👉","https://bear.academy","false","true","","false","true","2011-03-02 14:53:54","https://x.com/bearbig","https://pbs.twimg.com/profile_images/803996540696084480/Z-uk8--s_400x400.jpg","https://pbs.twimg.com/profile_banners/259611996/1746610243"
"467102254","象牙山刘能","disksing","生活有时是喜剧，有时是悲剧，但是不管什么时候都可以发段子。｜因为淋过雨，看别人淋雨的时候，送上录音笔。｜先天离婚圣体，古希腊掌管录音笔的神。｜https://t.co/w5SkYgz0KA 〔备用账号 @shadiaofriend〕","16877","43363","608","24358","1208","","","","false","true","","false","true","2012-01-18 11:44:03","https://x.com/disksing","https://pbs.twimg.com/profile_images/1904882584955609089/xgyeRR4Y_400x400.jpg","https://pbs.twimg.com/profile_banners/467102254/1662180611"
"155252642","黄赟","huangyun_122","正在研究 100个 AI 变现案例， 用数据思维解构商业增长","8006","72129","1080","2354","1600","","Shanghai Pudong","","false","true","","false","true","2010-06-14 00:04:08","https://x.com/huangyun_122","https://pbs.twimg.com/profile_images/1183766724534882305/SIxSKinT_400x400.jpg","https://pbs.twimg.com/profile_banners/155252642/1555159810"
"1894314002291068928","AI产品玩家","AIPMLogi","用AI做产品与技术｜重塑数字化物流","2364","2034","96","124","332","产品经理","china","https://shipmenttrack.us","false","true","","false","true","2025-02-25 17:10:38","https://x.com/AIPMLogi","https://pbs.twimg.com/profile_images/1950043485438107648/ZDHr_b4u_400x400.jpg","https://pbs.twimg.com/profile_banners/1894314002291068928/1753763503"
"3122661542","Yangyi","Yangyixxxx","Believing is seeing","13736","109086","499","5391","2847","科技","","https://lnk.bio/yangyi","false","true","","false","true","2015-04-01 11:00:40","https://x.com/Yangyixxxx","https://pbs.twimg.com/profile_images/1790540021327712256/72wMFr9-_400x400.jpg","https://pbs.twimg.com/profile_banners/3122661542/1702609915"
"1554325830708314112","droidHZ","hezhiyan7","嗨，这里是赫兹，网站出海生意人 ，公开记录网站开发每一步！","959","2891","303","815","97","","","http://droidhz.com","false","true","","false","false","2022-08-02 12:39:09","https://x.com/hezhiyan7","https://pbs.twimg.com/profile_images/1942385394554728448/b9FlYTW2_400x400.jpg","https://pbs.twimg.com/profile_banners/1554325830708314112/1757243110"
"1811362100369031168","Truman","rumanT260775","💻独立开发者
出海网站收入稳定🔪
HappyShip零代码建站工具（https://t.co/apFYYiSg2J）
Cursor中文教程网（ https://t.co/7eqYhJzQTN）
持续分享我做产品路上的所见所闻 | 感谢关注😁","1543","7381","384","1345","275","","Hong Kong","","false","true","","false","true","2024-07-11 19:29:19","https://x.com/rumanT260775","https://pbs.twimg.com/profile_images/1972590655047344128/Mt7nT22M_400x400.jpg","https://pbs.twimg.com/profile_banners/1811362100369031168/1755254575"
"1567179325551812609","Li Xiangyu 香鱼🐬","LiXiang1947","Neuroscience PhD diving deep into AI | Going all-in on global product adventures | English vibes: @lixiangyu9710 | Email to xiangyuli997@gmail.com","16185","16314","1586","23118","433","科技","","https://scholar.google.com/citations?hl=zh-CN&user=FQlzamQAAAAJ","false","true","","false","true","2022-09-06 23:54:12","https://x.com/LiXiang1947","https://pbs.twimg.com/profile_images/1911584400224948224/QbglopMa_400x400.jpg","https://pbs.twimg.com/profile_banners/1567179325551812609/1729084908"
"1721381996960845824","老周横眉","laozhouhengmei","CEO转自媒体人 | YouTube 10个月破30万订阅 | 原本是墙内百万粉丝主播，现已被中共全网封杀。斯坦福大学计算机系，前金融企业CEO。美国8年，上海15年，现居新加坡。","2577","107182","112","10842","856","","","https://www.youtube.com/@laozhou77","false","true","","false","true","2023-11-06 12:20:35","https://x.com/laozhouhengmei","https://pbs.twimg.com/profile_images/1721382562730577920/qJqUJz8m_400x400.jpg","https://pbs.twimg.com/profile_banners/1721381996960845824/1699280552"
"1017648622668795904","yihong0618","yihong0618","喜欢王小波，大概我们能成为朋友。 
我的 2025 https://t.co/pAkSJnpKXA 
我的 2024 https://t.co/HfDF6oduB7 
我的 2023 https://t.co/QyV8PiZmOY
..............","28386","76876","3505","68026","2878","","","https://yihong.run","false","false","","false","false","2018-07-13 13:55:13","https://x.com/yihong0618","https://pbs.twimg.com/profile_images/1209446924006223872/wSIVSKnh_400x400.jpg",""
"1943306828697550848","Claude","claudeai","Claude is an AI assistant built by @anthropicai to be safe, accurate, and secure. Talk to Claude on https://t.co/ZhTwG8dz3D or download the app.","168","173337","2","173","71","","","http://claude.ai","false","true","","false","false","2025-07-10 21:50:48","https://x.com/claudeai","https://pbs.twimg.com/profile_images/1950950107937185792/QOfEjFoJ_400x400.jpg","https://pbs.twimg.com/profile_banners/1943306828697550848/1754428112"
"1806359170830172162","Google Gemini App","GeminiApp","The Gemini app turns research into reality, bringing frontier AI experiences like Veo 3, Deep Think, Nano Banana and more to hundreds of millions of people.","10597","250738","41","2003","300","","Mountain View, CA","http://gemini.google.com","false","true","Business","false","false","2024-06-28 00:10:25","https://x.com/GeminiApp","https://pbs.twimg.com/profile_images/1940093473564073984/jiafRcO0_400x400.png","https://pbs.twimg.com/profile_banners/1806359170830172162/1760655979"
"6690032","向阳乔木","vista8","喜欢摇滚乐、爱钓鱼的PM
网站：https://t.co/vnUpLt752o","5988","68139","1370","6718","1765","科技","Beijing","","false","true","","false","true","2007-06-09 13:48:52","https://x.com/vista8","https://pbs.twimg.com/profile_images/1960882043249942533/h4J39ERy_400x400.jpg","https://pbs.twimg.com/profile_banners/6690032/1681134125"
"1941171614072344576","兔妹_兔子","tuzi_ai","让先进的人工智能技术触手可及。
（https://t.co/mn87iKO2pr | https://t.co/AEzDkSfZ77 | https://t.co/rsJs8IOG27）","2017","3499","179","1219","709","","","","false","true","","false","true","2025-07-05 00:26:20","https://x.com/tuzi_ai","https://pbs.twimg.com/profile_images/1961512328278806529/qW3VpglB_400x400.jpg",""
"63485337","notch","notch","Currently working on Levers and Chests, a dungeon crawler roguelike roguelite.","98888","3536931","238","16146","2523","","","","false","true","","false","false","2009-08-07 01:08:06","https://x.com/notch","https://pbs.twimg.com/profile_images/1523817638706700288/tVCx9ZP1_400x400.jpg","https://pbs.twimg.com/profile_banners/63485337/1747782066"
"1671111271612293120","𝗦𝘁𝗲𝘃𝗲 𝕏","st7evechou","我是 Steve 。SteveWatch / SteveFans / StevePinyin 开发者 / YouTuber / 数码爱好者 / Tesla 车主 / Apple Fans / APP 安利推广者/🈲政治。","9287","14351","512","5806","2714","","","https://ssurge.me","false","false","","false","true","2023-06-20 19:02:37","https://x.com/st7evechou","https://pbs.twimg.com/profile_images/1941409364998524928/OBsW1axO_400x400.jpg","https://pbs.twimg.com/profile_banners/1671111271612293120/1750769594"
"1736717167981182976","-Zho-","ZHO_ZHO_ZHO","Aichitect ➟ Architect | Artist | AI explorer","3852","30176","164","2683","2246","","","https://github.com/ZHO-ZHO-ZHO","false","true","","false","false","2023-12-18 19:57:34","https://x.com/ZHO_ZHO_ZHO","https://pbs.twimg.com/profile_images/1736718001905303553/eLVgZgbv_400x400.jpg","https://pbs.twimg.com/profile_banners/1736717167981182976/1702925198"
"1783159280843284482","dangjin","JinsFavorites","🧠  AI Explorer &Product : Focus on Agents and AI Tools.","1480","13057","204","1455","519","科技","","","false","true","","false","false","2024-04-24 23:41:29","https://x.com/JinsFavorites","https://pbs.twimg.com/profile_images/1783159515007090688/oLjYYiE4_400x400.jpg","https://pbs.twimg.com/profile_banners/1783159280843284482/1750226769"
"1726913223885029376","Magnific.ai","Magnific_AI","The most advanced AI upscaler & enhancer. Magnific can hallucinate and reimagine as many details as you wish (or none) guided by your own prompt and parameters!","1271","53613","4","1916","109","","","https://magnific.ai","false","false","Business","false","true","2023-11-21 18:39:58","https://x.com/Magnific_AI","https://pbs.twimg.com/profile_images/1726914935215529984/pNbqMvUP_400x400.jpg","https://pbs.twimg.com/profile_banners/1726913223885029376/1700568182"
"168139512","Geek","geekbb","🧠在家居士 | 🥦素食者 | 🏃🏻马拉松爱好者 | 💰省钱小能手 | 搭🪜技术资深学者 | 👨‍💻科技宅 | 🆕更新狂 | 🆅 六边型战五渣","23767","99639","393","16467","6146","科技","火星","https://www.igeekbb.com","false","false","","false","true","2010-07-18 22:10:39","https://x.com/geekbb","https://pbs.twimg.com/profile_images/1644898947272671233/7959WGOK_400x400.jpg","https://pbs.twimg.com/profile_banners/168139512/1689476157"
"1633650246168502272","Dify","dify_ai","Build Production-Ready Agentic Workflow

GitHub: https://t.co/MfnJ29Agzj
Discord: https://t.co/DJmS3kYvYZ
Reddit: https://t.co/EneVBsKTzR","931","19957","165","1116","389","","","https://dify.ai","false","true","Business","false","true","2023-03-09 10:05:53","https://x.com/dify_ai","https://pbs.twimg.com/profile_images/1923240799862759424/og79VP9c_400x400.jpg","https://pbs.twimg.com/profile_banners/1633650246168502272/1760169017"
"1329449687062032385","Steven Lynn","Stv_Lynn","host of https://t.co/62gAtIsTk6 | vibe coder | EN/CH/JP | 👉 @FirstLabAI Channel: https://t.co/UwjjgwnevL","8268","8400","1343","46056","1091","Editor","The Great Bay Area","https://stv.pm","false","true","","false","true","2020-11-19 23:41:29","https://x.com/Stv_Lynn","https://pbs.twimg.com/profile_images/1988658279522971648/inGF8Lny_400x400.jpg","https://pbs.twimg.com/profile_banners/1329449687062032385/1690818464"
"1507631541303713793","川沐｜Trumoo🐮","xiaomucrypto","自由 crypto 纯二级韭菜交易员 -所有内容不构成任何投资建议-不会参与接受任何推广和广告-不私聊不碰任何人资金","11399","176358","837","6805","4973","Lasik/激光眼科手术医生","萨尔瓦多","","false","true","","false","true","2022-03-26 16:12:38","https://x.com/xiaomucrypto","https://pbs.twimg.com/profile_images/1595742328450211840/oO6w9IYm_400x400.jpg","https://pbs.twimg.com/profile_banners/1507631541303713793/1736677111"
"2982938111","☁️","tmbIrpics","Travel far, dream big, and make memories that last a lifetime ☁️","4384","553539","10","339","3989","娱乐和休闲","","http://instagram.com/tmblr_pics01/","false","true","","false","true","2015-01-18 03:00:28","https://x.com/tmbIrpics","https://pbs.twimg.com/profile_images/1874523063154335744/44_IZyJG_400x400.jpg","https://pbs.twimg.com/profile_banners/2982938111/1735756100"
"451425069","海拉鲁编程客","hylarucoder","🖥️ Indie Maker
🛠️ 星球「海哥和他的小伙伴们」
📌 油管「海拉鲁编程客」
 🌸 沦为程序员的段子手/猫咪","14528","18957","1023","3798","1720","科技","👉","https://discord.gg/QpUU4ayM2m","false","true","","false","true","2011-12-31 20:37:37","https://x.com/hylarucoder","https://pbs.twimg.com/profile_images/1725593465/1e73398765998062c75cc3f6____400x400.jpg","https://pbs.twimg.com/profile_banners/451425069/1581146904"
"847710142548160514","独立开发者｜欧维Ove","lvloomystery","独立开发者｜内容创作者
作品：
简单设计 https://t.co/scuPe8Xw4e
Launch https://t.co/EtsmOlXd0e
SuperAcos https://t.co/HBuz8re3MP
独立开发前线 https://t.co/erSUpRs4my","1626","9242","256","1117","371","","Xi'an","https://muselink.cc/ove","false","false","","false","false","2017-03-31 15:20:22","https://x.com/lvloomystery","https://pbs.twimg.com/profile_images/1748361183965614081/9WbVKROD_400x400.png","https://pbs.twimg.com/profile_banners/847710142548160514/1689158912"
"885086674828578816","Mr Panda","PandaTalk8","Solo Developer ｜ Growth Coach｜Helping creators build their personal brand on X  
公众号：PandaTalk8","20031","56170","6645","56790","1215","教育","","https://xgrowth.xlearnity.ai/","false","true","","false","true","2017-07-12 18:41:22","https://x.com/PandaTalk8","https://pbs.twimg.com/profile_images/1738715996737933312/QHUuRDK1_400x400.jpg","https://pbs.twimg.com/profile_banners/885086674828578816/1760969154"
"1745528837088161792","出海去孵化器","chuhaiqu","⛴️#出海去 帮助一人企业做好出海增长

我们是一个赋能独立创客、一人公司和小微团队的新型社区孵化器，帮独立创客打造全球化一人公司。

📖会员(课程): https://t.co/YLAkpwse6m
🚀加速营(孵化): https://t.co/4KVsRFIwZG
🗣️微信听友群: https://t.co/APS8qLRgMr
🔍公众号/视频号/小宇宙/即刻: 同名","2305","13331","343","1451","834","专业服务","🔗 更多详情见官网","https://chuhaiqu.club","false","true","","false","true","2024-01-12 03:31:25","https://x.com/chuhaiqu","https://pbs.twimg.com/profile_images/1803421997063438337/wqT7zWXC_400x400.jpg","https://pbs.twimg.com/profile_banners/1745528837088161792/1720877883"
"2262723812","ahhhhfs","abskoop","❤️虚假推友🫶🫰😘💕 收集分享各种互联网垃圾｜投稿侵权请私信｜谢谢不接推｜TG频道订阅更新:https://t.co/OmSvNms9yl ｜小号:@ahhhhfs l🔔重复刷无相关评论会被拉黑｜链接打不开用Chrome浏览器，不要用国产浏览器","59001","731435","1203","26149","22879","科技","有空翻翻👉","https://dizhi.abskoop.com/","false","true","","false","true","2013-12-26 19:26:41","https://x.com/abskoop","https://pbs.twimg.com/profile_images/1429676617329119233/C_U_KwBv_400x400.jpg","https://pbs.twimg.com/profile_banners/2262723812/1629809938"
"11765952","Justin","interjc","🥷🏼 ENTJ-A｜程序员
🧑‍💻 @yokogaisha｜AIGC
🎓 AI 课程：https://t.co/MNSqx9ncpS
📱 Wechat：justinchencn","28832","27174","1597","64122","3363","科技","Osaka, Japan","https://interjc.net","false","true","","false","true","2008-01-03 02:38:17","https://x.com/interjc","https://pbs.twimg.com/profile_images/1791761180610211840/JrLnAGtF_400x400.jpg","https://pbs.twimg.com/profile_banners/11765952/1712804144"
"39716430","plantegg","plantegg","工程师，网络、性能、CPU等领域。个人介绍：https://t.co/sdAwtv1et3","7137","50017","426","2514","1546","社区","","https://plantegg.github.io","false","false","","false","true","2009-05-13 16:54:08","https://x.com/plantegg","https://pbs.twimg.com/profile_images/587268563/twitterProfilePhoto_400x400.jpg","https://pbs.twimg.com/profile_banners/39716430/1679141200"
"3876168012","Jimmy Cheung","remixdesigner","一半产品，一半设计；一边自驱，一边拖延；喜欢有趣的工具，也热衷于创造工具。 正在尝试通过小而美的独立产品模式养活自己。
Open Source Project: https://t.co/zl3Ytl0c3D
iOS APP Somno: https://t.co/IOxHc7Wt4k","1884","9936","514","3869","107","","","https://github.com/xiaochunjimmy","false","true","","false","true","2015-10-13 11:08:29","https://x.com/remixdesigner","https://pbs.twimg.com/profile_images/1818914330299011072/SfoOfROS_400x400.jpg","https://pbs.twimg.com/profile_banners/3876168012/1722497681"
"1618873272661315584","小樱💞｜实用工具分享","xiaoying_eth","🪪  努力做个哇塞的仙女 👸

🐬 分享 AI 前沿干货 ｜打破信息壁垒 ｜AI项目实操

🌻 实用工具推荐官 | 工匠日记","6428","122250","203","14824","5080","","AI 起号、赚钱、提效工具 : Flowith  👉 ","https://bit.ly/4nghyp7","false","true","","false","true","2023-01-27 15:27:49","https://x.com/xiaoying_eth","https://pbs.twimg.com/profile_images/1668476737389494272/5kE7iqyp_400x400.jpg","https://pbs.twimg.com/profile_banners/1618873272661315584/1686630830"
"1478042617958912005","知识分享官","knowledgefxg","热爱知识，没事分享点有趣硬核的东西,包含英语学习，AI编程，科技软件，资源网站等等。来都来了，点点关注😘。 合作请DM私信。","7811","192996","1562","38587","2637","科技","","https://en.knowledgefxg.com/","false","true","","false","true","2022-01-04 00:39:09","https://x.com/knowledgefxg","https://pbs.twimg.com/profile_images/1485604570898526208/Bfi12r9h_400x400.jpg","https://pbs.twimg.com/profile_banners/1478042617958912005/1738162096"
"1573206509625876481","Yufan Sheng","amehochan","#INTP-T @ApacheFlink の貢献者。Java、Go、Scala、Kotlin、ECMAScript、Python、Lua その他 6 つのプログラム言語でコーディング。読書が唯一の娯楽。","8798","28413","888","5137","2092","","テイワット","https://yufan.me","false","false","","false","false","2022-09-23 15:04:02","https://x.com/amehochan","https://pbs.twimg.com/profile_images/1971045049443192832/mVN3ySRq_400x400.jpg","https://pbs.twimg.com/profile_banners/1573206509625876481/1742178044"
"75947931","Jeff Li","jefflijun","▶ YouTuber: 隐枫视野；Financial Times: https://t.co/JeKZGMr6cp","12297","59351","441","2218","6645","社交媒体影响者","Toronto, Ontario","http://youtube.com/@JeffTechView","false","true","","false","true","2009-09-21 11:26:28","https://x.com/jefflijun","https://pbs.twimg.com/profile_images/1937695131550744576/GBXTOHJZ_400x400.jpg","https://pbs.twimg.com/profile_banners/75947931/1653007382"
"5967912","Tinyfool","tinyfool","Youtuber
20年老程序员，业已退休，不以写代码为主业。
不是英语老师，但开发了""英语轻松读""，做了广受好评的学习英语的视频。
心在日本，人目前在天津
Youtube：
英语学习之路 https://t.co/fY05anVN8r
胡说八道 https://t.co/FQLaNWFD5j","103674","187132","885","6013","4747","科技","Tianjin","https://codechina.org/","false","false","","false","true","2007-05-12 01:10:33","https://x.com/tinyfool","https://pbs.twimg.com/profile_images/1634730992278839297/vZg4HnAl_400x400.jpg","https://pbs.twimg.com/profile_banners/5967912/1647360059"
"44196397","Elon Musk","elonmusk","","89334","229173416","1228","183276","4235","","","","false","true","","false","false","2009-06-03 04:12:29","https://x.com/elonmusk","https://pbs.twimg.com/profile_images/1983681414370619392/oTT3nm5Z_400x400.jpg","https://pbs.twimg.com/profile_banners/44196397/1739948056"
"25073877","Donald J. Trump","realDonaldTrump","45th & 47th President of the United States of America🇺🇸","59809","109780999","53","0","5378","","","http://DonaldJTrump.com","false","true","Government","false","false","2009-03-18 21:46:38","https://x.com/realDonaldTrump","https://pbs.twimg.com/profile_images/874276197357596672/kUuht00m_400x400.jpg","https://pbs.twimg.com/profile_banners/25073877/1604214583"
"1472450899817598976","luobogor","luobogooooo","颜狗、前端切图大师、伪独立开发者。
🎹 键盘冒烟构建 MVPAI https://t.co/fYhCSWdvik
🧳 独立开发者出海工具箱 https://t.co/5bJT5uN2Tx
🎨 UI库导航站 https://t.co/Qu9dFY5irt","548","2808","555","1059","137","","🟩🟩🟩🟩🟩🟨⬜⬜⬜⬜ MVPAI","https://bento.me/luobogor","false","false","","false","false","2021-12-19 14:17:54","https://x.com/luobogooooo","https://pbs.twimg.com/profile_images/1762123521503952896/p47u3IYG_400x400.jpg","https://pbs.twimg.com/profile_banners/1472450899817598976/1708439480"
"1356889933311524864","Modest Mitkus","ModestMitkus","Building digital product businesses and sharing the process with others. 
✴︎ Building: https://t.co/g6Vnb2J9ib | https://t.co/QT0uXQcJVs | https://t.co/DqptJt2xR8 ($500k/year)","12134","90620","432","12609","1857","","","https://www.modestmitkus.com","false","true","","false","true","2021-02-03 16:59:14","https://x.com/ModestMitkus","https://pbs.twimg.com/profile_images/1858846256677720064/8f83lHFt_400x400.jpg","https://pbs.twimg.com/profile_banners/1356889933311524864/1719516022"
"1673204013310021633","皮大点事","Amateur8888","主业程序员，副业自媒体，记录自媒体实战经验
1️⃣公众号「皮大点事」作者
2️⃣知识星球「自媒体掘金俱乐部」星主
3️⃣万粉小红书「皮哥聊数码」作者
4️⃣有多个爆款公众号例如「宝贝时光绘」
5️⃣添加本人微信「Navbiz」进 3000 人自媒体交流群","2218","19780","260","604","382","社交媒体影响者","Shanghai","","false","true","","false","true","2023-06-26 13:38:40","https://x.com/Amateur8888","https://pbs.twimg.com/profile_images/1772531265239142400/X0uv8GLI_400x400.jpg","https://pbs.twimg.com/profile_banners/1673204013310021633/1711523279"
"1398934230407606278","老白（每日干货分享✊）","laobaishare","收集和分享好东西：🌍泛互联网 + 💻科技 + 🤖️Al + 📃学习 + 🤑Crypto 

🧰 我常用的AI效率工具Flowith ：https://t.co/c6gH4Yf6EN","9270","190680","425","12565","5957","科技","","","false","true","","false","true","2021-05-30 17:28:41","https://x.com/laobaishare","https://pbs.twimg.com/profile_images/1688863542110507008/RO_U6ecN_400x400.jpg","https://pbs.twimg.com/profile_banners/1398934230407606278/1686798589"
"950460643173216256","idoubi","idoubicc","Building https://t.co/mOqCgk7jjr  /  https://t.co/vK21lE7HkK. ex: WechatPay Global","690","21337","336","350","173","","all in AI","","false","true","","false","true","2018-01-09 04:14:10","https://x.com/idoubicc","https://pbs.twimg.com/profile_images/1657754264729448448/1AOP0K4c_400x400.jpg","https://pbs.twimg.com/profile_banners/950460643173216256/1715493813"
"1159673555828690945","HongyuanCao","HongyuanCao","创业者，出海SaaS+AI产品，SEO见习师，会分享个人经验和工具，请多多关注。","1835","2988","662","1118","745","社交媒体影响者","","https://notegpt.io/","false","false","","false","false","2019-08-09 11:51:36","https://x.com/HongyuanCao","https://pbs.twimg.com/profile_images/1770663193528156160/O1-8fBoA_400x400.jpg","https://pbs.twimg.com/profile_banners/1159673555828690945/1738652330"
"806464682823282688","Tom Huang","tuturetom","Building the open-source agentic workspace for Human-AI collaboration → https://t.co/i68tK8Smms, ex @tiktok_us","8749","30319","6401","8599","2498","","","https://www.refly.ai","false","true","","false","true","2016-12-07 19:45:38","https://x.com/tuturetom","https://pbs.twimg.com/profile_images/1033199673035522048/WI-JLSAc_400x400.jpg","https://pbs.twimg.com/profile_banners/806464682823282688/1754537357"
"22612706","Luca Restagno 🐢 shipped.club","ikoichi","Indie hacker.

https://t.co/vN7E8WqBun ($1700/m)
https://t.co/Sto8ruI7vx ($3k/m sold)
https://t.co/W2IiYFXW4H ($1k/m sold)
https://t.co/3VnyXVfNKl ($1k/m sold)

Launch your SaaS in days https://t.co/ftnheQ5H6z","52375","36254","2126","55337","3015","","#1 Next.js SaaS Kit 👉","https://shipped.club","false","true","","false","true","2009-03-03 19:39:57","https://x.com/ikoichi","https://pbs.twimg.com/profile_images/1909139561784979456/oeDK7feS_400x400.jpg","https://pbs.twimg.com/profile_banners/22612706/1711529335"
"1577241403","@levelsio","levelsio","🇪🇺https://t.co/NdorAWqJC3
📸https://t.co/lAyoqmSBRX $125K/m
🏡https://t.co/1oqUgfD6CZ $40K/m
🛰https://t.co/ZHSvI2wjyW $38K/m
🌍https://t.co/UXK5AFqCaQ $16K/m
👙https://t.co/RyXpqGuFM3 $14K/m
💾https://t.co/M1hEUBAynC $6K/m","163690","748519","2366","153281","17812","","📕 My book $5K/m  👉","http://readMAKE.com","false","true","","false","false","2013-07-08 17:31:59","https://x.com/levelsio","https://pbs.twimg.com/profile_images/1589756412078555136/YlXMBzhp_400x400.jpg","https://pbs.twimg.com/profile_banners/1577241403/1665964220"
"314939187","Damon Chen","damengchen","Founder of https://t.co/yyLfH8mOar and https://t.co/ZzTStsMvdh","18544","88026","1925","18449","2672","","My full portfolio 👉","https://damon.vc","false","true","","false","false","2011-06-11 09:57:52","https://x.com/damengchen","https://pbs.twimg.com/profile_images/1605999711541874690/LdCH6A4I_400x400.jpg","https://pbs.twimg.com/profile_banners/314939187/1708367108"
"7895442","Jon Yongfook","yongfook","🐻 https://t.co/KoqV5WRAhy image generation 
🐱 https://t.co/sWdLzFnryh video rendering 
🐰 https://t.co/BEjZjIEaQS data extraction 
Bootstrapping SaaS @ $77K MRR","31071","140781","1138","64141","2291","","Singapore","http://zoosaas.com","false","true","","false","false","2007-08-02 08:51:37","https://x.com/yongfook","https://pbs.twimg.com/profile_images/691543635779649536/TbHKbCCc_400x400.jpg","https://pbs.twimg.com/profile_banners/7895442/1685508518"
"472926936","David Park","Davidjpark96","founder of jenni ai 

tweets about growth and my startup learnings!","3753","74937","413","10835","408","","seattle ","http://jennigroup.com","false","true","","false","true","2012-01-24 21:09:18","https://x.com/Davidjpark96","https://pbs.twimg.com/profile_images/1626079431952576513/Ex0lfrs__400x400.jpg","https://pbs.twimg.com/profile_banners/472926936/1704786723"
"2311987360","Marc Lou","marc_louvion","🧑‍💻 https://t.co/Y30jsaHwz9 $20K/m
⚡️ https://t.co/vatLDmi9UG $17K/m
📈 https://t.co/3EDxln5mdi $16K/m
⭐️ https://t.co/MZc8tG9xWi $8K/m
🧬 https://t.co/SfrVXVtmdA $.5K/m
🍜 https://t.co/r07EpGSYJ2 $0K/m
🧾 https://t.co/7olaOzV8Xd $0/m

+18 https://t.co/4zCWHGJp1S","29122","227762","1117","53478","4379","","Join 43,000+ readers →","https://marclou.com/newsletter","false","true","","false","true","2014-01-29 21:56:31","https://x.com/marc_louvion","https://pbs.twimg.com/profile_images/1514863683574599681/9k7PqDTA_400x400.jpg","https://pbs.twimg.com/profile_banners/2311987360/1708675367"
"362252075","哥飞","gefei55","哥飞，出海鼓励师，SEO爱好者，Adsense玩家，出海AI工具方向创业者。
同名公众号写了五百多篇出海搞流量免费教程文章。","2370","45425","1044","777","606","科技","Guangdong","https://new.web.cafe/","false","true","","false","false","2011-08-26 10:49:30","https://x.com/gefei55","https://pbs.twimg.com/profile_images/1600285780555202560/TE8ad_yJ_400x400.jpg",""
