﻿"User ID","Name","Username","Bio","Tweets Count","Followers Count","Following Count","Favourites Count","Media Count","Professional","Location","Website","Verified","Is Blue Verified","Verified Type","Protected","Can DM","Created At","Profile URL","Avatar URL","Profile Banner URL"
"618751087","tangjinzhou","tangjinzhou","@mentorbook_ai

Open-source creator (https://t.co/RZwQkvYf58, 21K⭐)

Creator of https://t.co/XaPx3hQDiS  https://t.co/BmCv4BAxxo https://t.co/qHDd127xwr","2065","8271","626","3106","98","","","https://www.mentorbook.ai","false","true","","false","true","2012-06-26 13:03:46","https://x.com/tangjinzhou","https://pbs.twimg.com/profile_images/1952273219903508480/WeOr6NmB_400x400.jpg","https://pbs.twimg.com/profile_banners/618751087/1760516850"
"1830880351801221120","凡人小北","frxiaobei","行道途中。非求速成，惟求通达。
2023 年扎进AI ，打通Know-How，不少赚钱项目，踩过坑，也见过光。
围城里待得够久了，出来聊聊世界，聊聊技术、聊聊赚钱。","3853","19202","351","4618","226","","vx/WeChat: frxiaobei","https://www.frxiaobei.com/","false","true","","false","true","2024-09-03 16:08:10","https://x.com/frxiaobei","https://pbs.twimg.com/profile_images/1916849689783402496/DC10b7O3_400x400.jpg","https://pbs.twimg.com/profile_banners/1830880351801221120/1728362842"
"137946654","zzxwill","zzxwill","AI Infra engineer @alibaba_cloud | cloudnative | Kubernetes｜公众号《Geek2014》","6208","1333","943","6306","1529","","Singapore","","false","true","","false","true","2010-04-28 14:06:33","https://x.com/zzxwill","https://pbs.twimg.com/profile_images/1968671671675678720/Pu87BRd7_400x400.jpg",""
"631569574","Goldberg","goldberg882","dive in and swim","540","42","72","992","107","","","","false","true","","false","true","2012-07-10 09:16:01","https://x.com/goldberg882","https://pbs.twimg.com/profile_images/1983766060169080832/MA4C5JFl_400x400.jpg","https://pbs.twimg.com/profile_banners/631569574/1623480947"
"486341851","gagua ai","as_ang","格谷AI","1953","190","3295","4070","191","移动应用程序","迪拜","","false","true","","false","false","2012-02-08 13:52:02","https://x.com/as_ang","https://pbs.twimg.com/profile_images/1952632841369788416/Q9J6Rqxh_400x400.jpg","https://pbs.twimg.com/profile_banners/486341851/1709219556"
"1727548535816724480","meng shao","shao__meng","邵猛，中年失业程序员 😂

专注 - Context Engineering, AI Agents.
分享 - AI papers, apps and OSS.

ex Microsoft MVP

合作 - 私信/邮箱：shaomeng@outlook.com

📢 公众号/小红书: AI 启蒙小伙伴","11150","20090","1098","56498","5580","科技","","https://x.com/shao__meng/status/1958758580347445703","false","true","","false","true","2023-11-23 12:44:15","https://x.com/shao__meng","https://pbs.twimg.com/profile_images/1764498070841233408/qeTwfeW8_400x400.jpg","https://pbs.twimg.com/profile_banners/1727548535816724480/1726640651"
"1879443737086185472","开发者Hailey","IndieDevHailey","⚡ Indie Maker · AIGC 爱好者
🛠️ AI × Full-stack · 快速原型 & 产品验证
🚀 Building PixTribe — 创意灵感与变现社区
💸 Running GoViralX — 超级涨粉 + 接单平台","1173","2554","155","413","376","","美国","https://goviralx.one/","false","true","","false","true","2025-01-15 16:22:23","https://x.com/IndieDevHailey","https://pbs.twimg.com/profile_images/1958446027377442816/4FeaYQJr_400x400.jpg","https://pbs.twimg.com/profile_banners/1879443737086185472/1762170383"
"821984322","Fab","fabrice_mayrand","Ex affiliate building the first agent capable of continuously improving your website @Keak_ai","808","8076","756","2713","57","","🇨🇦","http://keak.com","false","true","","false","true","2012-09-14 02:36:34","https://x.com/fabrice_mayrand","https://pbs.twimg.com/profile_images/1687496705753649152/DfQnyE_v_400x400.jpg","https://pbs.twimg.com/profile_banners/821984322/1695017950"
"99866217","KK","KK_CNJP","日本永住者，中小企业主，房产投资人，资深股票玩家，古泉玩家，旅行达人。Treasure inner peace. Cherish traditional values. Like people with a kind heart.","8695","43928","10","18143","334","","Japan","","false","true","","false","true","2009-12-28 13:01:31","https://x.com/KK_CNJP","https://pbs.twimg.com/profile_images/1749432289132498944/OdxOqjRq_400x400.jpg","https://pbs.twimg.com/profile_banners/99866217/1705932247"
"1487740096434831362","薛蛮子Charles","xuemanzi8848","中国天使投资第一人｜中国天使会创始主席
｜曾创办UT斯达康（小灵通）、8848中华学习网，投资过阿里巴巴、3721、265导航、汽车之家、美图秀秀、雪球财经等300+知名企业和创业者。🇬🇧 Investing in AI, Web3, and crypto projects. 合作媒体 @BitnewsLtd","7691","161878","1962","1171","948","企业家","新加坡","https://youtube.com/@xuemanzi","false","true","","false","true","2022-01-30 18:51:07","https://x.com/xuemanzi8848","https://pbs.twimg.com/profile_images/1530501729539997696/snxIRoXt_400x400.jpg","https://pbs.twimg.com/profile_banners/1487740096434831362/1763196397"
"23062740","𝙩𝙮≃𝙛{𝕩}^A𝕀²·ℙarad𝕚g𝕞","TaNGSoFT","ai4x交互范式- EEOIP｜vibe pretraining of 𝕀²·ℙarad𝕚g𝕞｜Cognitive AI｜ Paradigm^Vibe 𝕚sᵃˡˡ ᵁ ᴺᵉᵉᵈ^智能平方范式智库^特大号范式｜再AI十年之三：a vibe builder...","23636","14958","3426","11329","5276","专业服务","","","false","true","","false","true","2009-03-06 21:32:26","https://x.com/TaNGSoFT","https://pbs.twimg.com/profile_images/1971408433883836416/Hw7sCAVG_400x400.jpg","https://pbs.twimg.com/profile_banners/23062740/1694169490"
"780851121753497600","Steph France","meetstef","I help D2C brands and consumer apps build internal creative engines that scale. 30k+ founders follow my YouTube.","155","2775","531","102","37","","🇫🇷","https://www.youtube.com/@steph_france","false","false","","false","true","2016-09-28 03:26:29","https://x.com/meetstef","https://pbs.twimg.com/profile_images/1807044607894536192/7M0MIlNh_400x400.jpg","https://pbs.twimg.com/profile_banners/780851121753497600/1761920905"
"1801257181989539841","蓝色大海的传说","dzVAzPFIH236336","","26","47","705","31","1","","","","false","false","","false","false","2024-06-13 22:16:41","https://x.com/dzVAzPFIH236336","https://pbs.twimg.com/profile_images/1818485712083468290/IqEB5hoH_400x400.jpg",""
"1882653904879714305","象骑士Hack","xiangqishi","高校副教授，玩网盘拉新、AI出海
vx: okok6a
知识星球：https://t.co/nEEwvrz9Iz","857","1129","2513","1072","129","","","","false","true","","false","false","2025-01-24 12:57:29","https://x.com/xiangqishi","https://pbs.twimg.com/profile_images/1957744398261010432/q6AX_KIM_400x400.jpg",""
"732380227901366272","robotbird","PMAndDog","📚 Learner · 💡 Prompter· 🛠 Creator 
🎨 Works: https://t.co/8A7wGkIgXR  |   ChaTab(chrome plugin)","637","370","456","315","113","科技","浙江, 中华人民共和国","https://www.jqpress.com/","false","true","","false","false","2016-05-17 09:20:28","https://x.com/PMAndDog","https://pbs.twimg.com/profile_images/1973212982940446720/ioEwhPPf_400x400.jpg",""
"3151608288","AppSail.dev","AppSaildotDEV","Build  https://t.co/6hXCeF4SjA  https://t.co/bJvmBtFnWm
🚀 X BoostClub 350w+ 社区  #XBC Partner
🏂 🏄 🛹 Lover of boards & freedom
#独立开发者 #港卡 #汇丰卓越  #资金回国
付费咨询请私信","4507","10654","1215","5589","270","科技","Singapore","https://x-boostclub.notion.site/","false","true","","false","true","2015-04-12 23:43:33","https://x.com/AppSaildotDEV","https://pbs.twimg.com/profile_images/1898997683634978816/jmJl9q7A_400x400.jpg",""
"1067927682023915521","Nick Huber","sweatystartup","I buy real estate and start companies. Owner of Somewhere, Bolt Storage, RE Cost Seg and more. Amateur longevity expert.","35493","409615","4196","91270","2910","","Save 80% on payroll:","https://somewhere.com/","false","true","","false","true","2018-11-29 07:46:15","https://x.com/sweatystartup","https://pbs.twimg.com/profile_images/1956684093116035073/3n_lwIoX_400x400.jpg","https://pbs.twimg.com/profile_banners/1067927682023915521/1640641570"
"1114865761","水木易","ohmuyi","终生学习者 | 连续创业者 | 前产品经理 | 前前菜鸟程序员 | 前前前哲学硕士学渣 | 个人网站: https://t.co/SmsEu5xP1w | 个人博客: https://t.co/TKArTESlzU","1727","817","360","273","453","产品经理","大湾区","https://shuimuyi.com","false","true","","false","true","2013-01-24 01:23:09","https://x.com/ohmuyi","https://pbs.twimg.com/profile_images/1961305939795165184/bBNP1DD2_400x400.jpg","https://pbs.twimg.com/profile_banners/1114865761/1755657344"
"1249358784767479810","热教","couchRe","中大厂待过，现国企技术leader。目前想通过一些技术课程获得收益，分享知识，分享快乐。欢迎互fo。","36","47","75","170","3","","","","false","false","","false","false","2020-04-12 23:28:54","https://x.com/couchRe","https://pbs.twimg.com/profile_images/1957030414062874624/HTitm3c6_400x400.jpg",""
"1712095004","狼叔","i5ting","前阿里，字节前端技术专家，关注Node.js AI Agent开发和Moonbit语言","4688","11617","2893","1897","262","","Beijing","","false","false","","false","false","2013-08-30 15:47:00","https://x.com/i5ting","https://pbs.twimg.com/profile_images/1817769006746746880/QfKfsYhV_400x400.jpg","https://pbs.twimg.com/profile_banners/1712095004/1710332016"
"1415979016901648386","Shelly","0xShellywang","AI 探索 ，币圈摸鱼
很爱买锅跟做饭，INFJ网络话痨
0市场预算实现1500万用户
跑过百亿交易额
Cooking MaybeAI & OmniMCP & Footprint","1662","3272","237","3652","88","科技","","","false","true","","false","true","2021-07-16 18:18:08","https://x.com/0xShellywang","https://pbs.twimg.com/profile_images/1981420859915980801/NOikKlsx_400x400.jpg","https://pbs.twimg.com/profile_banners/1415979016901648386/1761035102"
"1267857830620434432","Berg Guo","PssBerg","北漂程序员工作两年半裸辞，尝试探索远程、自由职业中","160","264","1190","422","31","","Dalifonia","https://guoyibo.top","false","true","","false","true","2020-06-03 00:37:27","https://x.com/PssBerg","https://pbs.twimg.com/profile_images/1966693601267904512/_5ajez3h_400x400.jpg","https://pbs.twimg.com/profile_banners/1267857830620434432/1685806730"
"81712767","Lee Robinson","leerob","Teaching developers @cursor_ai, previously @vercel","14573","205918","751","51410","1164","","Iowa, USA","https://leerob.com","false","true","","false","true","2009-10-12 07:48:28","https://x.com/leerob","https://pbs.twimg.com/profile_images/1862717563311968256/xfgt1L9l_400x400.jpg","https://pbs.twimg.com/profile_banners/81712767/1759897679"
"1683024904088850433","anni","annitoBtc","Focused on on-chain security||Zero-cash||Investment research||Script creation || @irys_xyz   Chinese area ambassador ||irys-verify-0xb78cf3-annitoBtc","4523","2930","1209","3193","248","金融服务","japan","http://www.irysforum.xyz/","false","true","","false","true","2023-07-23 16:03:51","https://x.com/annitoBtc","https://pbs.twimg.com/profile_images/1924709391435284480/AnXcx322_400x400.jpg","https://pbs.twimg.com/profile_banners/1683024904088850433/1747721478"
"7122032","JJ Ying","JJYing","UI 设计师、半退役 @ https://t.co/qpgHw50Wma 播客制作人，没事儿的时候喜欢草率地码码 CSS，最近 vibe code 了 🐟 摸摸鱼计时器 https://t.co/NZ3sH4Igxy","11004","12468","515","2349","944","","Shanghai, China","http://JJYing.com","false","true","","false","true","2007-06-28 09:25:01","https://x.com/JJYing","https://pbs.twimg.com/profile_images/724439582729621504/OnmkuEaN_400x400.jpg","https://pbs.twimg.com/profile_banners/7122032/1461554984"
"36952268","Tony出海","iamtonyzhu","Tony出海营销, Founder, Ship AI startups。10年前从国内互联网产品转行跨境电商。 社媒高转化 + SEO持续增长","5309","16317","1676","5363","933","","Tony出海营销手册👉","https://chuhaihao.com","false","true","","false","true","2009-05-01 22:23:58","https://x.com/iamtonyzhu","https://pbs.twimg.com/profile_images/1731259755891732480/C4u-Yz1V_400x400.jpg",""
"1775864328887189504","古一","MANISH1027512","AI Photographer📷 | Midjourney咒术师 | 中推vibe shooting第一人 | 资深测试开发  | AI Creator | 开源自动化框架作者  | 长期主义者 | 每天一杯冰震浓缩续命☕️ 以上只是标签，人生没有边界，探索从不设限。","1726","8118","387","1374","264","","","https://aomaker.cn","false","true","","false","true","2024-04-04 20:33:54","https://x.com/MANISH1027512","https://pbs.twimg.com/profile_images/1972664969545293824/0WDZtCfu_400x400.jpg","https://pbs.twimg.com/profile_banners/1775864328887189504/1760518484"
"16681326","Frank Wang 玉伯","lifesinger","I am curious and honest","4248","15115","889","731","89","","FUTURE","http://youmind.com","false","true","","false","false","2008-10-10 17:36:41","https://x.com/lifesinger","https://pbs.twimg.com/profile_images/1965120373781114880/rLnJ1xpC_400x400.jpg","https://pbs.twimg.com/profile_banners/16681326/1755700256"
"2455740283","MrBeast","MrBeast","New MrBeast or MrBeast Gaming video each Saturday!","7554","33468790","2214","23168","995","媒体人物","Follow me for a cookie","http://teamwater.org","false","true","","false","false","2014-04-21 08:28:42","https://x.com/MrBeast","https://pbs.twimg.com/profile_images/994592419705274369/RLplF55e_400x400.jpg","https://pbs.twimg.com/profile_banners/2455740283/1743017990"
"6690032","向阳乔木","vista8","喜欢摇滚乐、爱钓鱼的PM
网站：https://t.co/vnUpLt752o","6014","68277","1370","6745","1778","科技","Beijing","","false","true","","false","true","2007-06-09 13:48:52","https://x.com/vista8","https://pbs.twimg.com/profile_images/1960882043249942533/h4J39ERy_400x400.jpg","https://pbs.twimg.com/profile_banners/6690032/1681134125"
"950460643173216256","idoubi","idoubicc","Building https://t.co/mOqCgk7jjr  /  https://t.co/vK21lE7HkK. ex: WechatPay Global","696","21413","336","352","177","","all in AI","","false","true","","false","true","2018-01-09 04:14:10","https://x.com/idoubicc","https://pbs.twimg.com/profile_images/1657754264729448448/1AOP0K4c_400x400.jpg","https://pbs.twimg.com/profile_banners/950460643173216256/1715493813"
"1925344268291305472","BECOOL","becool_me","Building for fun.
https://t.co/CEWH7kkqit
https://t.co/4MGqYU4Ne4
https://t.co/9eAv3MZBXn
https://t.co/Sr2fagnh5H
https://t.co/VGQbhr1gte
https://t.co/w1QCsTDZYR

英文号：@we_webmaster","451","623","248","331","109","","anywhere","https://a.coffee/becool","false","true","","false","true","2025-05-22 08:13:54","https://x.com/becool_me","https://pbs.twimg.com/profile_images/1925346125931802624/r7ZjldxN_400x400.jpg","https://pbs.twimg.com/profile_banners/1925344268291305472/1747873282"
"79275814","Brianne Kimmel","briannekimmel","first check investor helping technical founders with GTM (@supabase, @workos, @hightouchdata) previously, @Zendesk. Decent cook, fairly clumsy, mostly indoorsy","27372","84017","4264","103103","4086","","San Francisco, CA","https://www.worklife.vc","false","true","","false","true","2009-10-03 04:11:00","https://x.com/briannekimmel","https://pbs.twimg.com/profile_images/1978942760548794368/mIBbR-fO_400x400.jpg","https://pbs.twimg.com/profile_banners/79275814/1747788646"
"3283901","andrew chen","andrewchen","🇺🇸 a16z speedrun","30220","323102","13859","62328","4102","","","http://andrewchen.substack.com","false","true","","false","false","2007-04-03 12:09:30","https://x.com/andrewchen","https://pbs.twimg.com/profile_images/1610236905643249664/OdYs6aWP_400x400.jpg","https://pbs.twimg.com/profile_banners/3283901/1752773156"
"720424990663774208","Mengqi Pei","daqi029","🌍 出海产品增长顾问 | 前 TikTok & Alibaba
💡 用设计为Founders解决增长瓶颈，提升 ROI
📚 增长专栏 https://t.co/B67TUbGM8k
📞 预约产品体验诊断 & 产品顾问 https://t.co/b4sbMBkoOk","1136","3923","505","1220","278","","新加坡","https://quaily.com/overseas","false","true","","false","true","2016-04-14 09:34:37","https://x.com/daqi029","https://pbs.twimg.com/profile_images/1084064617138024448/WKUnpnt__400x400.jpg","https://pbs.twimg.com/profile_banners/720424990663774208/1742435107"
"256523056","DAN KOE","thedankoe","notes to myself. building @edendotso","30125","546972","948","84460","1273","作家","the goods:","https://letters.thedankoe.com","false","true","","false","true","2011-02-23 22:25:39","https://x.com/thedankoe","https://pbs.twimg.com/profile_images/1845856303174037504/Q7ZZqVFa_400x400.jpg","https://pbs.twimg.com/profile_banners/256523056/1711767394"
"232519529","AI进化论-花生","AlchainHust","🤖AI Native Coder：「小猫补光灯」「拍照学单词」
🎥经营20万+粉丝的YouTube/B站频道：AI进化论-花生
💡AI编程知识星球：https://t.co/qkSYGBzeRw
小红书：花叔（只工作不上班版
公众号：花叔
即刻：Alchian花生","821","19932","270","606","208","","","https://huasheng.ai/","false","false","","false","false","2010-12-31 19:18:07","https://x.com/AlchainHust","https://pbs.twimg.com/profile_images/1851546452184752128/koJVfNWf_400x400.jpg","https://pbs.twimg.com/profile_banners/232519529/1740280664"
"720332644521807872","阿西_出海（2.0版）","imaxichuhai","🚀 关注AI、LLM、MCP、AI图像视频 (Interested in AI,LLM,MCP,Stable Diffusion) 💡 推特增长手册：https://t.co/ObLlRqWsJp | 商业合作DM | 公众号：阿西-出海","476","4526","116","274","120","","推特运营经验","https://mp.weixin.qq.com/s/I5ROj6UfXu_3-k_aIYe1eQ","false","true","","false","true","2016-04-14 03:27:40","https://x.com/imaxichuhai","https://pbs.twimg.com/profile_images/1971521661326499840/jJeiSVuo_400x400.jpg","https://pbs.twimg.com/profile_banners/720332644521807872/1763005062"
"1928711169419956224","Jason Zhu","GoSailGlobal","独立开发，AI SaaS出海， AI价值内容分享 — 让AI工具就像积木一样构建产品，拼出无限可能！👉🏻 https://t.co/BDEkVzvki1","2465","7700","1515","4436","348","","china","","false","true","","false","false","2025-05-31 15:13:12","https://x.com/GoSailGlobal","https://pbs.twimg.com/profile_images/1949434880959676416/GEQGVlME_400x400.jpg","https://pbs.twimg.com/profile_banners/1928711169419956224/1755945863"
"1505575492086165505","Plato | Indievator","0xPlato","Helping indie makers build stunning websites in 5 minutes, no code needed | For global solopreneurs | Building @realindievator Past:@TencentGlobal","602","3257","540","748","114","企业家","Global","https://indievator.com/","false","true","","false","true","2022-03-21 00:02:32","https://x.com/0xPlato","https://pbs.twimg.com/profile_images/1749719507428335616/SxQ9q1Fy_400x400.jpg",""
"1889586332198117381","Latte","0xbisc","Product Designer & AI Explorer
Crafting UI/UX for blockchain
Sharing tech insights｜Learn in public
Open to new projects and collaborations🪄","340","2218","305","1202","51","","","","false","true","","false","true","2025-02-12 16:04:31","https://x.com/0xbisc","https://pbs.twimg.com/profile_images/1907734121008476161/z7bFjpo1_400x400.jpg","https://pbs.twimg.com/profile_banners/1889586332198117381/1741075972"
"272736093","Barret李靖","Barret_China","Software Engineer | Lifelong Learner | Dad of 2 | AI Explorer | Cloud Native | Sharing insights and experiences | 📩 DM opened | 小胡子哥，一个有趣的灵魂","2384","77622","392","482","801","","Email: barret.china@gmail.com","http://www.barretlee.com","false","true","","false","true","2011-03-27 10:48:44","https://x.com/Barret_China","https://pbs.twimg.com/profile_images/639253390522843136/c96rrAfr_400x400.jpg","https://pbs.twimg.com/profile_banners/272736093/1692884927"
"1226419222474936320","苍何","canghecode","专注AI出海，AI编程，智能体，MCP，努力分享一些有趣，实用的AI干货，公众号：苍何","1189","3722","436","530","264","科技","wuhan","https://canghecode.com","false","true","","false","false","2020-02-09 16:15:56","https://x.com/canghecode","https://pbs.twimg.com/profile_images/1744283141219680256/5DcrV0du_400x400.jpg","https://pbs.twimg.com/profile_banners/1226419222474936320/1707200700"
"1909274439424106496","莱特卡卡","litekakacom","🚀 前支付宝开发，广告&跨境电商技术负责人，专注AI/Web3/云原生

💰 AI+SaaS创业方向，目标$10K MRR，分享创业0→1

🌐 AI出海去 https://t.co/SxyqP26Lcw

🛠️ 但行前路，莫问归途。","478","263","475","430","28","","了解更多 →","http://www.litekaka.com","false","false","","false","false","2025-04-07 23:58:12","https://x.com/litekakacom","https://pbs.twimg.com/profile_images/1968264015374917632/RLBNRSoi_400x400.jpg","https://pbs.twimg.com/profile_banners/1909274439424106496/1744989222"
"323554812","龙鳞","LonglinX","AI × Product × Growth 🚀

Building, scaling, nomading.

Urban Planner → PropTech → AI Product Builder 🏗️→🚀
Affiliate Dev & Product Maker Nomading with Kelly🐕","463","159","210","189","24","","","https://llcclass.com/zh/foreigners","false","true","","false","false","2011-06-25 09:16:08","https://x.com/LonglinX","https://pbs.twimg.com/profile_images/1983520250290429953/UXeeCxVf_400x400.jpg","https://pbs.twimg.com/profile_banners/323554812/1761892070"
"1775457158563274752","Ashlyn He","AshlynHe1129","Founder @ZenStellar | AI x Healing ｜Calm tech ｜Emotional wellness in the digital age","166","648","59","349","9","","","","false","true","","false","true","2024-04-03 17:36:03","https://x.com/AshlynHe1129","https://pbs.twimg.com/profile_images/1987110492188360704/DpoD40x-_400x400.jpg","https://pbs.twimg.com/profile_banners/1775457158563274752/1756529213"
"1253776193742163968","Guoqi Sun","sun0225SUN","🐣 00 后｜🍭 前端小学生（React）｜📸 摄影爱好者｜🚴 骑行蹭风选手

🎙️ talking https://t.co/bF15HKFe3F

🔨 building https://t.co/rIdNxgrmeO & https://t.co/v2Fcph7DnK

💼 I will have my own business.

✨ 路漫漫其修远兮，吾将上下而求索。","4510","5986","804","3275","1472","科技","Dalifornia, China","http://guoqi.dev","false","true","","false","true","2020-04-25 04:02:10","https://x.com/sun0225SUN","https://pbs.twimg.com/profile_images/1923447229517529090/8lC7A3Vo_400x400.jpg","https://pbs.twimg.com/profile_banners/1253776193742163968/1742730480"
"1713954014537379840","启师傅","Chris_55237","🪑良渚Demo Day发起人 
📱独立开发者：了然清单、LEMO FM  https://t.co/KuvSUoaCvm
🎙播客《启师傅AI客厅》  
🦁有一只布偶猫猫叫小白","89","552","486","1497","15","","","","false","false","","false","true","2023-10-17 00:24:39","https://x.com/Chris_55237","https://pbs.twimg.com/profile_images/1792902431673864193/o41cBYCQ_400x400.jpg","https://pbs.twimg.com/profile_banners/1713954014537379840/1716296619"
"26669394","Haozes","haozes","Indie Developer making apps: ❤️‍🔥YaoYao- Jump Rope 🗺️Tooboo-Hiking🦵 DunDun-Squat 🌿HeadsUp 💪 Lean","3172","10055","289","2588","787","移动应用程序","Chinese","https://www.yaoyaojumprope.com/about","false","false","","false","true","2009-03-26 10:42:35","https://x.com/haozes","https://pbs.twimg.com/profile_images/1408323290871963651/diiRWRPT_400x400.jpg","https://pbs.twimg.com/profile_banners/26669394/1693539423"
"1472063616","Zara Zhang","zarazhangrui","Building AI x learning products. Harvard’17. Side project: https://t.co/QTlH7OGcGy YouTube: https://t.co/8xzbGWtf6w Substack: https://t.co/dDPEWGiuBW","1115","16390","1314","1033","207","","San Jose, CA","http://www.zarazhang.com","false","true","","false","true","2013-05-31 20:52:30","https://x.com/zarazhangrui","https://pbs.twimg.com/profile_images/1742369596534067200/Ts-5zSJ6_400x400.jpg",""
"33521530","swyx 🗽 @aidotengineer AIE CODE","swyx","achieve ambition with intentionality, intensity, & integrity 

- @dxtipshq 
- @sveltesociety
- @aidotengineer 
- @latentspacepod 
- @cognition + @smol_ai","73405","131617","3499","130638","8411","心理咨询师","san francisco / singapore","https://swyx.io","false","true","","false","true","2009-04-20 22:04:41","https://x.com/swyx","https://pbs.twimg.com/profile_images/1867875781676007424/RIF4Kt7U_400x400.jpg","https://pbs.twimg.com/profile_banners/33521530/1600279486"
"1000586849578975232","Wealth Hatch🧠📈","WealthHatch_","Future Dad to a Kid | Talking about Health, Mindset, Money and Masculinity | Here with the mission to help you master your emotions, your time, and your life |","76302","143081","97","154328","10332","教育","Get Your FREE Book Here👇","https://wealthhatch.gumroad.com/l/greatnessmindset","false","true","","false","true","2018-05-27 11:57:49","https://x.com/WealthHatch_","https://pbs.twimg.com/profile_images/1821336608571793408/CUSqf7L7_400x400.jpg","https://pbs.twimg.com/profile_banners/1000586849578975232/1722531289"
"1654177890752241664","ImprovementYou","ImprovementYou","Rebuild your mindset. Elevate your energy. Transform your life. 30-Day Self-Improvement Reset Program - https://t.co/25mtHBB8E5","401","69207","6","26169","10","","","","false","true","","false","false","2023-05-05 01:35:30","https://x.com/ImprovementYou","https://pbs.twimg.com/profile_images/1773375886521241600/-a0HeixH_400x400.png","https://pbs.twimg.com/profile_banners/1654177890752241664/1763256985"
"1660598418409127937","GitHubDaily","GitHub_Daily","💡 挖掘开源的价值
🧑🏻‍💻 坚持分享 GitHub 上高质量、有趣、实用的教程、AI工具、前沿 AI 技术
🧐 A list cool, interesting projects of GitHub.
✏️ 公众号：GitHubDaily","1545","54241","136","33","1526","","","https://github.com/GitHubDaily/GitHubDaily","false","true","","false","true","2023-05-22 18:48:49","https://x.com/GitHub_Daily","https://pbs.twimg.com/profile_images/1660876795347111937/EIo6fIr4_400x400.jpg","https://pbs.twimg.com/profile_banners/1660598418409127937/1684818863"
"1474067654","李继刚","lijigang_com","Reader.  Thinker.  Prompter.","629","30167","32","236","86","","","","false","true","","false","false","2013-06-01 15:32:24","https://x.com/lijigang_com","https://pbs.twimg.com/profile_images/599778700943446016/N-a6Jbep_400x400.jpg","https://pbs.twimg.com/profile_banners/1474067654/1750226514"
"1120712903886344200","Philo","Philo2022","Creator, Artist, Creator of @dopamindai & Art Gallery https://t.co/FbODek76Fh | Blog: https://t.co/b6PsjnsGoA | DM Me
 or @PhiloArt2020 if you want to buy my artwork","14050","25885","524","8856","1463","","","https://shuo.philoli.com/","false","true","","false","true","2019-04-23 23:35:52","https://x.com/Philo2022","https://pbs.twimg.com/profile_images/1432329882692767747/oX4paPF-_400x400.jpg","https://pbs.twimg.com/profile_banners/1120712903886344200/1741743226"
"1257910808433922048","环球猎奇🏅","newsNZcn","天地奇闻，古今趣谈。♨️ 

▫️轻度内容创作者。✍️

▫️X 文大多搜集于网络。欢迎发现并纠正错误。🙏

（Stories, Pictures, Videos for Mystery, Novelty, and Fantasy.）

▫️DM for removal or credit. ©️","16359","159164","6","42368","11143","","NZ","","false","true","","false","false","2020-05-06 13:51:54","https://x.com/newsNZcn","https://pbs.twimg.com/profile_images/1269197501799620609/qG1L0Xrk_400x400.jpg","https://pbs.twimg.com/profile_banners/1257910808433922048/1592478374"
"756319701861601281","鱼总聊AI","AI_Jasonyu","👋 鱼总 / Jason｜8 年出海产品 📈 单款产品 $200k+ 收入，全靠自然流量 💡 代表产品：PaywallPro（付费墙情报&优化）、Portix APP 🍼 2胎爸爸 & AI 内容创作者 这里聊：AI · 出海 · 订阅 · 创业心路 https://t.co/KDI27Daaoi","1330","6300","952","1368","284","","Shaanxi","https://www.paywallpro.app","false","true","","false","true","2016-07-22 10:47:23","https://x.com/AI_Jasonyu","https://pbs.twimg.com/profile_images/1877193368725581824/7_ocNC-C_400x400.jpg","https://pbs.twimg.com/profile_banners/756319701861601281/1760544606"
"1966322844490665984","饼干哥哥AGI（2.0）","bggg_ai","重生之我继续在X 分享AI干货知识：AI编程、n8n 工作流、AI 绘画","240","4614","211","316","91","","","","false","true","","false","false","2025-09-12 10:12:55","https://x.com/bggg_ai","https://pbs.twimg.com/profile_images/1982968532481802240/eZp14eKY_400x400.jpg",""
"130745589","Fei-Fei Li","drfeifei","Prof (CS @Stanford), Co-Director @StanfordHAI, Cofounder/CEO @theworldlabs, #AI #SpatialIntelligence #GenAI #computervision #robotics #AI-healthcare","2863","539232","1154","7097","275","","Stanford, CA, U.S.A.","http://svl.stanford.edu","false","true","","false","false","2010-04-08 13:16:30","https://x.com/drfeifei","https://pbs.twimg.com/profile_images/841385099799085056/R1iX4QGX_400x400.jpg","https://pbs.twimg.com/profile_banners/130745589/1691282908"
"1760529823259312128","Andy Yang","AndyEduAI","我的「陪读日记」：和闺女在香港成长。

主业是爸爸，副业是：
▪️ AI应用探索者，帮你把高科技变成学习利器
▪️ 英语 & 投资学习者，相信终身成长的力量
▪️ 教育心得记录者，分享干货与生活

从维港夜景到书房灯火，一起聊聊教育、学习和未来。","344","210","311","522","28","","香港","","false","true","","false","false","2024-02-22 13:00:13","https://x.com/AndyEduAI","https://pbs.twimg.com/profile_images/1977673283878408192/_EIPL5sg_400x400.jpg","https://pbs.twimg.com/profile_banners/1760529823259312128/1760747965"
"1392781884690636800","Stella Lin","StellaOnChAIn","捣鼓 AI & 用好 AI｜ “有趣”很重要｜ 近期 Flag：健身减脂、提升审美、提高表达、快乐育儿","2603","2378","1561","5114","182","","","","false","true","","false","true","2021-05-13 18:01:12","https://x.com/StellaOnChAIn","https://pbs.twimg.com/profile_images/1689850305830334464/W9g93DA8_400x400.jpg","https://pbs.twimg.com/profile_banners/1392781884690636800/1753773326"
"1723698848185659392","zojian","zojian1996","7 年央企Java开发☕️
AI 出海探索中 🚢 小里程碑 $1k+/mo
白天上班 ｜ 晚上上站
记录踩坑, 欢迎关注","123","131","305","173","27","","Zhuhai,China","","false","true","","false","false","2023-11-12 21:46:53","https://x.com/zojian1996","https://pbs.twimg.com/profile_images/1956871135196495872/GrmzTS6J_400x400.jpg","https://pbs.twimg.com/profile_banners/1723698848185659392/1762267135"
"231725747","Mr_董先生☕️复利抗扰","Eddy_Gudong","人生抗干扰设计师 | 🛡️ 守护普通人脆弱的原始积累，避免努力一朝亏损

消除精力、金钱、时间在职场/人际/心态中的消耗。让努力有价值，实现复利增长。

Eliminate ⏳💰🧠 consumption in Career/Life. Maximize Compound Growth.","326","1168","510","258","38","","","","false","true","","false","true","2010-12-29 16:40:16","https://x.com/Eddy_Gudong","https://pbs.twimg.com/profile_images/1988157105359261696/cNSCcQrJ_400x400.jpg","https://pbs.twimg.com/profile_banners/231725747/1762244881"
"1938803593576067072","Adam也叫吉米","Adam38363368936","职场探路人，连续创业者 ︱ 前AI大厂市场人︱如今 All in：AI搞钱实战 x 内容IP x 个人成长︱不讲正确的废话，只分享我踩过的坑和验证过的路。","1361","699","541","925","94","","","","false","true","","false","true","2025-06-28 11:42:42","https://x.com/Adam38363368936","https://pbs.twimg.com/profile_images/1939170082405396480/QvHt62st_400x400.jpg","https://pbs.twimg.com/profile_banners/1938803593576067072/1751169240"
"1602939289532502016","翼小旭Sunny Zou","zouxulucky","效率工具PM｜10+年软件出海 & 商业化经验｜动手党，偶尔手搓小工具 记录产品思考 & 出海实战","1560","2367","329","1118","64","","","http://zouxu.fun","false","true","","false","false","2022-12-14 16:11:57","https://x.com/zouxulucky","https://pbs.twimg.com/profile_images/1970297019656011777/zAIB1kLc_400x400.jpg","https://pbs.twimg.com/profile_banners/1602939289532502016/1758118655"
"168139512","Geek","geekbb","🧠在家居士 | 🥦素食者 | 🏃🏻马拉松爱好者 | 💰省钱小能手 | 搭🪜技术资深学者 | 👨‍💻科技宅 | 🆕更新狂 | 🆅 六边型战五渣","23782","99743","393","16501","6153","科技","火星","https://www.igeekbb.com","false","false","","false","true","2010-07-18 22:10:39","https://x.com/geekbb","https://pbs.twimg.com/profile_images/1644898947272671233/7959WGOK_400x400.jpg","https://pbs.twimg.com/profile_banners/168139512/1689476157"
"1729075801491116032","Paidax","xin_pai88825","兴趣使然的设计师
做过麻雀记。现在在做 新枝 和 Para翻译
发点碎碎念，记录产品日常","1459","4874","719","1742","311","","","","false","false","","false","true","2023-11-27 17:53:10","https://x.com/xin_pai88825","https://pbs.twimg.com/profile_images/1747877404532776960/uUTVQ-2P_400x400.jpg",""
"1916435448588849152","sun ☀️","sun1358481","Nature ♦ Art ♦ Photography

Thank you for following me ❤️ No DM's please 
The copyrights of the photos do not belong to me .

𝘋𝘔 for credit/removal","14761","8120","8030","15683","243","","","","false","false","","false","false","2025-04-27 18:13:43","https://x.com/sun1358481","https://pbs.twimg.com/profile_images/1916441011678535680/QGj3fj0M_400x400.jpg","https://pbs.twimg.com/profile_banners/1916435448588849152/1746781341"
"1091830788834947072","Pictures","piitures","Gallery of all things aesthetically pleasing 📸","17482","642123","46942","21591","10239","","","","false","false","","false","false","2019-02-03 06:48:40","https://x.com/piitures","https://pbs.twimg.com/profile_images/1696791469154058240/r732WvEd_400x400.jpg","https://pbs.twimg.com/profile_banners/1091830788834947072/1575923700"
"1567179325551812609","Li Xiangyu 香鱼🐬","LiXiang1947","Neuroscience PhD diving deep into AI | Going all-in on global product adventures | English vibes: @lixiangyu9710 | Email to xiangyuli997@gmail.com","16474","16529","1610","23488","452","科技","","https://scholar.google.com/citations?hl=zh-CN&user=FQlzamQAAAAJ","false","true","","false","true","2022-09-06 23:54:12","https://x.com/LiXiang1947","https://pbs.twimg.com/profile_images/1911584400224948224/QbglopMa_400x400.jpg","https://pbs.twimg.com/profile_banners/1567179325551812609/1729084908"
"926984278579216384","Kat ⊷ the Poet Engineer","poetengineer__","artist, engineer, researcher. live audio visual performer. artificial life, computation, neuroscience, machine psyche. science & art, futuristic & ancient.","4663","53631","363","9099","1616","艺术家","Austin, TX","https://patreon.com/thepoetengineer","false","true","","false","true","2017-11-05 09:27:29","https://x.com/poetengineer__","https://pbs.twimg.com/profile_images/1783930619782656000/3hXoqxDX_400x400.jpg","https://pbs.twimg.com/profile_banners/926984278579216384/1726960694"
"1717726640040783872","泊舟","bozhou_ai","🧠AI 程序员 & Vibe 编码者 | 构建 AI 工具、系统提示与高效流程 | 热爱设计、编码，将想法转化为影响力🚀| 云服务器，高端显卡租赁","1801","4593","492","2555","159","科技","杭州","","false","true","","false","true","2023-10-27 10:15:31","https://x.com/bozhou_ai","https://pbs.twimg.com/profile_images/1971027619232796672/RvWGRpkC_400x400.jpg","https://pbs.twimg.com/profile_banners/1717726640040783872/1760612203"
"1131442257675083777","Cell 细胞","cellinlab","⚡️ 「BIP 订阅制真人秀」概念提出者 ｜ 💻 独立开发者 ｜🌍 造物矩阵 @ZaoWuJuZhen & 小火炉播客 @XiaohuoluFM 创始人 ｜🎯 关注 AI & Crypto · 构建创作者生态 · 探索个体与社区的更多可能 ｜🌐 English: @CellNomad","12093","20156","4526","13500","2245","科技","","https://www.cellinlab.com","false","true","","false","true","2019-05-23 14:10:30","https://x.com/cellinlab","https://pbs.twimg.com/profile_images/1634900405724545031/gQgQEpaj_400x400.jpg","https://pbs.twimg.com/profile_banners/1131442257675083777/1732942869"
"1459721563905867782","Walton 沃顿","0xwalton","🌲在 Kimi 和 Manus 看过上万份简历的 AI 行业求职博主
💰AI 实习前 Web3 赚过15 万的 211 大四学生
🔍分享创业、求职、AI、投资、生活洞见","185","230","133","854","33","","","","false","true","","false","false","2021-11-14 11:15:24","https://x.com/0xwalton","https://pbs.twimg.com/profile_images/1968660205614592000/ldLRe1j0_400x400.jpg","https://pbs.twimg.com/profile_banners/1459721563905867782/1720668633"
"1983404875921928193","Echo Zhou","echozhou68","10+ Years in International Business | Always Exploring ENTJ in the AGI wave, logging how AI reshapes efficiency, marketing, wealth & personal growth. 🚀","224","373","275","171","51","","Mainland China","","false","true","","false","false","2025-10-29 13:25:56","https://x.com/echozhou68","https://pbs.twimg.com/profile_images/1985904971376918528/kPUTjf9a_400x400.jpg","https://pbs.twimg.com/profile_banners/1983404875921928193/1762654035"
"921074636095348737","Bob Zhang | Humorist","affLeopard","Content Marketer | Public Speaker | Ex-Standup Comic
📝Tweet tips on Content Marketing, X Marketing.
分享内容创作、内容营销、X营销的干货。帮你创作优质内容、获得更多客户！
English X: @Bobzhangai","3301","3253","715","7012","842","","查看精选帖子👉","https://x.com/affLeopard/status/1988770822769799221","false","true","","false","true","2017-10-20 02:04:40","https://x.com/affLeopard","https://pbs.twimg.com/profile_images/1972532533821927424/JMzRd4Jg_400x400.jpg","https://pbs.twimg.com/profile_banners/921074636095348737/1760725191"
"14417294","Frank","zhangroc","Helping creators turn ideas into beautiful digital products. Founder of GUOPAI — AI-powered design, typesetting, and creator commerce platform.","86","103","124","40","5","","Beijing, China","","false","true","","false","false","2008-04-17 13:58:51","https://x.com/zhangroc","https://pbs.twimg.com/profile_images/838778211504812034/6c-Mh37o_400x400.jpg",""
"1736717167981182976","-Zho-","ZHO_ZHO_ZHO","Aichitect ➟ Architect | Artist | AI explorer","3861","30176","164","2697","2248","","","https://github.com/ZHO-ZHO-ZHO","false","true","","false","false","2023-12-18 19:57:34","https://x.com/ZHO_ZHO_ZHO","https://pbs.twimg.com/profile_images/1736718001905303553/eLVgZgbv_400x400.jpg","https://pbs.twimg.com/profile_banners/1736717167981182976/1763401066"
"855384627975831553","Python Programming","PythonPr","#python #programming","7734","159096","1169","10245","2224","","United States","https://morioh.com","false","true","","false","true","2017-04-21 19:36:02","https://x.com/PythonPr","https://pbs.twimg.com/profile_images/855386134439895041/BKOMdcnN_400x400.jpg","https://pbs.twimg.com/profile_banners/855384627975831553/1492774829"
"1164388321545449472","卫斯理","imwsl90","程序员/产品经理/销售/中年已婚带2娃

- 互联网、编程、AI、情感、历史、八卦

TG: https://t.co/qhzcXic3G8

X增长陪跑服务，请TG联系！

VPS: https://t.co/MUq5TvH5p2
魔法：https://t.co/B5SfJ7LlqH","73312","78752","7440","44184","12391","科技","V: wesley6020","https://imwsl.com","false","true","","false","true","2019-08-22 12:06:29","https://x.com/imwsl90","https://pbs.twimg.com/profile_images/1770626410606141440/HFy0Ibg3_400x400.jpg",""
"1965832077758095360","自由李亿freeliyi","freeliyi","长居欧洲写代码｜靠写作为生多年
公开记录每日尝试与进步
创业、投资、学语言、自我成长
目标是通过输出积累专长
希望自己积极快乐活在当下
快乐事业=退休（x，yt）
和自己的全能自恋相处中｜复利追求者
探索自由和搞钱","2094","14013","274","1941","117","","","http://www.youtube.com/@freeliyi","false","true","","false","false","2025-09-11 01:38:04","https://x.com/freeliyi","https://pbs.twimg.com/profile_images/1968787922926125056/bbPLoTRN_400x400.jpg",""
"1932935705711513600","Yanhua 彦华","yanhua1010","独立开发者 & AI创业者 
营销增长和产品开发实战 
Reddit 用户痛点和Niche挖掘 https://t.co/sK8Mi76nnt
公众号「EvanAI工坊」","2462","4309","420","1705","184","科技","","https://lnk.bio/yanhua","false","true","","false","false","2025-06-12 06:59:32","https://x.com/yanhua1010","https://pbs.twimg.com/profile_images/1974706545431818240/wNphA_FD_400x400.jpg","https://pbs.twimg.com/profile_banners/1932935705711513600/1760163026"
"1892802325586333699","serva huang","servasyy","古早程序员 | AI出海 | 自由职业
机车游侠&机速购&骑享租创始人
15年前 freelance 起步 → 连续创业者 → 亏过1个亿，逆风翻盘中
分享创业，AI，生活，读书，健身，中医","3049","8630","543","5508","121","","","","false","true","","false","true","2025-02-21 13:03:54","https://x.com/servasyy","https://pbs.twimg.com/profile_images/1969304899877027840/Ok6tYp0b_400x400.jpg","https://pbs.twimg.com/profile_banners/1892802325586333699/1760433997"
"1372876871990272000","丰密","KuiGas","10几前是个民工，现在是个屌丝，KuiGas路上，入不敷出，我明白这就是生活 🌱 
一站式链上链下交易:https://t.co/ndLjOShioB 
使用交易:https://t.co/dxoLXgumeM 

@33daoweb3  @kuiclub","7049","104009","946","10300","772","","","","false","true","","false","true","2021-03-19 19:45:50","https://x.com/KuiGas","https://pbs.twimg.com/profile_images/1951510357769592890/oim_Z9Fl_400x400.jpg","https://pbs.twimg.com/profile_banners/1372876871990272000/1747386224"
"1249322582869852161","Ian (伊恩)","ianneo_ai","追波中国区Top设计师 | Muzli每日霸榜选手 | 懂审美的AI实战派；不只聊AI，更专注帮你少加班、多搞钱；合作DM，🏆 Dribbble 作品集: https://t.co/Ca5Z76OezZ","835","4606","400","1406","102","产品设计师","china","https://dribbble.com/neocurve","false","true","","false","true","2020-04-12 21:04:58","https://x.com/ianneo_ai","https://pbs.twimg.com/profile_images/1891533502811865088/TGLd-ENY_400x400.jpg","https://pbs.twimg.com/profile_banners/1249322582869852161/1762441864"
"1356889933311524864","Modest Mitkus","ModestMitkus","Building digital product businesses and sharing the process with others. 
✴︎ Building: https://t.co/g6Vnb2J9ib | https://t.co/QT0uXQcJVs | https://t.co/DqptJt2xR8 ($500k/year)","12134","90660","432","12610","1857","","","https://www.modestmitkus.com","false","true","","false","true","2021-02-03 16:59:14","https://x.com/ModestMitkus","https://pbs.twimg.com/profile_images/1858846256677720064/8f83lHFt_400x400.jpg","https://pbs.twimg.com/profile_banners/1356889933311524864/1719516022"
"761100642282713089","朱无忌无忌","Wujizhuzhu","公众号：快马财媒 | 一人公司 | 终身学习者|创业者|跑步🏃| 纳指标普定投 | 财务自由 |Z-library Points北京站|利物浦球迷","3437","4582","805","1107","205","媒体和新闻公司","North Region, Singapore","","false","true","","false","false","2016-08-04 15:25:08","https://x.com/Wujizhuzhu","https://pbs.twimg.com/profile_images/1972613352091484160/eZq8Ek1G_400x400.jpg","https://pbs.twimg.com/profile_banners/761100642282713089/1758856665"
"1733818969134661632","Mike Yang","Mike_yanger","AI Entrepreneur | Indie Dev ｜The Lord is my shepherd, I shall not want. He makes me lie down in green pastures, He leads me beside still waters.","1686","4319","644","1503","65","","","http://mikeyang.cc","false","true","","false","false","2023-12-10 20:01:00","https://x.com/Mike_yanger","https://pbs.twimg.com/profile_images/1988067877984022529/VaAsqCpN_400x400.jpg","https://pbs.twimg.com/profile_banners/1733818969134661632/1760690176"
"1957643575128383489","Yep大白","easyopss","认真生活，慢慢变富｜目标：开发1000+实用小工具、副业日入1K｜分享从0到1的AI编程心得、副业变现路径和生活日常。#大白小应用","1434","2547","469","578","174","","VX：qinniao1234","https://www.easyops.work","false","true","","false","true","2025-08-19 11:20:27","https://x.com/easyopss","https://pbs.twimg.com/profile_images/1965629767912407040/YqlalUBV_400x400.jpg","https://pbs.twimg.com/profile_banners/1957643575128383489/1761021967"
"1546129035624849409","UI/UX Savior","UiSavior","Welcome to my UI/UX design page! Discuss only design-related topics, one post at a time. Dm for promotion, Let's inspire and create! 💡","9779","77101","26","70705","5816","网站设计机构","Online","","false","false","","false","true","2022-07-10 21:48:21","https://x.com/UiSavior","https://pbs.twimg.com/profile_images/1957472500679348224/XzIvstmK_400x400.jpg","https://pbs.twimg.com/profile_banners/1546129035624849409/1757418462"
"19384815","Paul Mit","pmitu","🌿 3х Founder → building @FoundbaseHQ ⚡️⚡️⚡️ @flowmapp + @aaplyHQ: bootstrap, $600k ARR, no VC, $0 marketing, and 💵 3 exits","28518","16345","2407","105289","4073","","","https://www.foundbase.pro/","false","true","","false","true","2009-01-23 14:56:42","https://x.com/pmitu","https://pbs.twimg.com/profile_images/933422170499371008/drhhIn0z_400x400.jpg","https://pbs.twimg.com/profile_banners/19384815/1760607379"
"2729705040","#buildinpublic","buildinpublic","Use hashtag #buildinpublic to share what you're working on. – Made by @marckohlbrugge. – Sponsored by https://t.co/vASwn0HF5o ⚡","3822","55419","2","418","72","社区","","https://buildinpublic.com","false","true","","false","false","2014-08-13 23:45:57","https://x.com/buildinpublic","https://pbs.twimg.com/profile_images/1416201794200477700/Kasb_zJv_400x400.jpg","https://pbs.twimg.com/profile_banners/2729705040/1763421657"
"1231772373323411456","張小珺 Xiaojùn","zhang_benita","Financial writer covering China business world, also the producer and host of Zhang Xiaojun Podcast.   财经媒体人，写作中国商业深度报道，包括AI/科技巨头/风险投资/人物，也是播客《张小珺商业访谈录》主持人、制作人。","115","19791","98","118","39","","Beijing","https://www.xiaoyuzhoufm.com/podcast/626b46ea9cbbf0451cf5a962","false","true","","false","true","2020-02-24 10:46:42","https://x.com/zhang_benita","https://pbs.twimg.com/profile_images/1894401243893940224/szxdXY20_400x400.jpg","https://pbs.twimg.com/profile_banners/1231772373323411456/1740495439"
"472926936","David Park","Davidjpark96","founder of jenni ai 

tweets about growth and my startup learnings!","3755","74961","413","10876","408","","seattle ","http://jennigroup.com","false","true","","false","true","2012-01-24 21:09:18","https://x.com/Davidjpark96","https://pbs.twimg.com/profile_images/1626079431952576513/Ex0lfrs__400x400.jpg","https://pbs.twimg.com/profile_banners/472926936/1704786723"
"1577241403","@levelsio","levelsio","🇪🇺https://t.co/NdorAWqJC3
📸https://t.co/lAyoqmSBRX $125K/m
🏡https://t.co/1oqUgfD6CZ $40K/m
🛰https://t.co/ZHSvI2wjyW $38K/m
🌍https://t.co/UXK5AFqCaQ $16K/m
👙https://t.co/RyXpqGuFM3 $14K/m
💾https://t.co/M1hEUBAynC $6K/m","163758","750439","2371","153377","17816","","📕 My book $5K/m  👉","http://readMAKE.com","false","true","","false","false","2013-07-08 17:31:59","https://x.com/levelsio","https://pbs.twimg.com/profile_images/1589756412078555136/YlXMBzhp_400x400.jpg","https://pbs.twimg.com/profile_banners/1577241403/1665964220"
"757091254643458048","StevenFu","ccfilm1","Technical expert. Founder of 'Always Ask Alex' — building a learning engine to ignite thinking and judgment, not replace it.","71","67","595","1107","13","科技","Mars","","false","true","","false","true","2016-07-24 13:53:16","https://x.com/ccfilm1","https://pbs.twimg.com/profile_images/1973551504482246658/uD9MDtlV_400x400.jpg","https://pbs.twimg.com/profile_banners/757091254643458048/1758957794"
"865742815283757056","jones","jonesxu007","I love silk","67","4","175","120","48","","","https://taihusnow.com/","false","false","","false","false","2017-05-20 09:35:46","https://x.com/jonesxu007","https://pbs.twimg.com/profile_images/865745213024686080/OC077HF__400x400.jpg","https://pbs.twimg.com/profile_banners/865742815283757056/1713164738"
"824512060121772033","thinkthinking","thinkthinking_","Enjoying Vibe-Working 💫 
Co-Founder & Product Lead @ZenMuxAI | AgentOS /
AI Product Manager @AntGroup | @Baidu_Inc /
Vision Perception Engineer @CATL_Official","82","108","340","206","22","","Singapore","https://zenmux.ai","false","true","","false","false","2017-01-26 14:59:28","https://x.com/thinkthinking_","https://pbs.twimg.com/profile_images/1968665408984240128/CVyNrvgg_400x400.jpg","https://pbs.twimg.com/profile_banners/824512060121772033/1682061490"
"1563052057325883394","Jho Xu","yifangxiaodi","","1","3","20","2","0","","","","false","false","","false","false","2022-08-26 14:34:11","https://x.com/yifangxiaodi","https://pbs.twimg.com/profile_images/1563052167791259648/Mh7E7OHy_400x400.png",""
"3364239761","Cario Lee","QCL15","All in AI
Prompt Engineer","31","108","187","104","2","","Singapore","http://github.com/QC-L","false","true","","false","false","2015-07-07 22:37:08","https://x.com/QCL15","https://pbs.twimg.com/profile_images/643339537846939649/oIYd17pM_400x400.jpg",""
"1924404319002275841","Coder Liang","LiangMout95522","⌨️ 大厂百万年薪裸辞创业
🤖 Ai 出海全栈独立开发者
Claude Code 镜像：https://t.co/KL21SS2VcZ
公众号：Coder梁
wx: liangtangjhz","166","45","147","39","25","","shanghai","","false","true","","false","false","2025-05-19 17:58:45","https://x.com/LiangMout95522","https://pbs.twimg.com/profile_images/1924404476921688064/f3A4ucA8_400x400.jpg","https://pbs.twimg.com/profile_banners/1924404319002275841/1761800838"
"1745332167218196480","SagaSu","sujingshen","AI Entrepreneur | Bootstrapped to $1M+ Revenue | AI Tools & Marketing Guru |
https://t.co/wZlo4aRUoC","3465","3009","141","1391","465","科技","广州","https://sagasu.art/","false","true","","false","false","2024-01-11 14:30:05","https://x.com/sujingshen","https://pbs.twimg.com/profile_images/1980203192643125248/emG7LMcm_400x400.jpg",""
"1613921100731387906","子木聊 AI 出海","CoderJeffLee","AI 增长黑客，前全干码农 
我是子木，万千世界，飘过的我是竹叶般... 在这里聊聊 AI 和出海增长相关，恰好你喜欢，谢谢 ～

 🛰 oqqsmile（请备注）","1235","3901","725","1016","383","铁匠","Singapore","https://bysocket.com/","false","true","","false","true","2023-01-13 23:29:17","https://x.com/CoderJeffLee","https://pbs.twimg.com/profile_images/1950258022795923461/hpoP6Mbk_400x400.jpg","https://pbs.twimg.com/profile_banners/1613921100731387906/1691514135"
"3003486236","banboo","xbanboo","随便活着。","8473","38806","605","11895","1442","","Dali","","false","true","","false","true","2015-01-30 21:26:34","https://x.com/xbanboo","https://pbs.twimg.com/profile_images/1957642877254914048/VWg-Vtj__400x400.jpg","https://pbs.twimg.com/profile_banners/3003486236/1746461793"
"2162747077","𝗖𝘆𝗱𝗶𝗮𝗿","Cydiar404","🧑🏻‍🦯带属性浪迹互联网20年 | 202209开始创业 | 我是产品经理 · 强迫癌 | 我是设计师 · 像素眼 | 我能说5分钟脱口秀 | 绝不给SB老板打工 | 长期主义 | 利他主义 | 哆啦C梦 | 超级奶爸 | ENFJ | Cydiar.eth | Agent | RAG | Lucy","15687","57135","811","15618","2157","","✨","http://www.cydiar.com","false","true","","false","true","2013-10-29 20:19:55","https://x.com/Cydiar404","https://pbs.twimg.com/profile_images/1980204817009037312/rFrZZ8ab_400x400.jpg","https://pbs.twimg.com/profile_banners/2162747077/1761938560"
"86696715","自力6XStudio","hzlzh","6X Studio 创始人 | @fyfyFM 枫言枫语播客主播 | 前腾讯微信设计师 📱 App：@LockLauncherApp、@MenubarX、2Camera、@AppChatX、StickerX、钢琴小组件、桌面计算器等 🎙️ 中文播客榜 https://t.co/w0pn19L5cS  (一人公司，诚邀独立开发者合作）","24265","41092","1433","2712","3311","科技","Shenzhen","https://hzlzh.app","false","true","","false","false","2009-11-01 18:19:00","https://x.com/hzlzh","https://pbs.twimg.com/profile_images/1603751216139628544/frk7BA9G_400x400.png","https://pbs.twimg.com/profile_banners/86696715/1759070354"
"193078279","Li | Design for Startups","lizengco","Helping founders to launch brand & build delightful UX at https://t.co/GVuGuO3pGx in Silicon Valley. Mom of 2 boys. Book a call https://t.co/XtQacQkyvc","7601","9486","865","7399","655","","10+ years experience ","http://news.lizeng.co","false","true","","false","true","2010-09-21 06:37:03","https://x.com/lizengco","https://pbs.twimg.com/profile_images/1975669266444951552/03z2e6o1_400x400.jpg","https://pbs.twimg.com/profile_banners/193078279/1721848824"
"789298854843875328","Xiaohan Xiang","xiaohan_xiang","Founder of XIAOXIAO FUND
Solo VC in China
https://t.co/G1hZUJ4YFa
Explore more, Learn more, Enjoy more!","24","205","92","33","8","","","https://xiaoxiaofund.com","false","true","","false","false","2016-10-21 10:54:46","https://x.com/xiaohan_xiang","https://pbs.twimg.com/profile_images/1963953517846286336/ZhKjxc91_400x400.jpg","https://pbs.twimg.com/profile_banners/789298854843875328/1757078038"
"983361642359439361","Tiger Chen & 前端之虎陈随易","chenbimo","标签：农村程序员，独立开发者，前端之虎
网站：https://t.co/885UEBTrFu
开源：https://t.co/yUH6NeljXg
作品：https://t.co/wpcqk1FlPw - VSCode编程神器fnMap(函数地图)","5648","8959","963","883","737","科技","hunan ","https://chensuiyi.me","false","true","","false","true","2018-04-09 23:11:00","https://x.com/chenbimo","https://pbs.twimg.com/profile_images/1113275680639180800/OxDOCjLk_400x400.png","https://pbs.twimg.com/profile_banners/983361642359439361/1701223973"
"1681250011487649793","奥丁","augusdinc","Rock 🎸 & Code 👨🏻‍💻
用户体验  | 出海赚美金 | AI | 科技 | 利他

克服写代码的冲动，对我们来说是一种重要的技能

https://t.co/3DYAY91THY
https://t.co/cyTDh4VCBy","1474","1487","403","715","233","","United States","https://phewtab.com/","false","false","","false","true","2023-07-18 18:30:52","https://x.com/augusdinc","https://pbs.twimg.com/profile_images/1925752290356424704/9xNj1Wtp_400x400.jpg","https://pbs.twimg.com/profile_banners/1681250011487649793/1747973810"
"1562635991499673600","阿飞","dev_afei","👨‍💻 前端工程师 & 出海探索者

🚀 英推增长 (DM 领 7 折券) - https://t.co/2LyZXXb5H2

📢 分享我的 SaaS 产品出海之旅  |  英文推: @devinzhang_me","1470","3406","556","2905","109","","","","false","false","","false","true","2022-08-25 11:00:34","https://x.com/dev_afei","https://pbs.twimg.com/profile_images/1710287885415690240/Ll8RHu-U_400x400.jpg","https://pbs.twimg.com/profile_banners/1562635991499673600/1718002967"
"1413340227687571456","YC (Yucheng Liu)","lyc_zh","⛴️ 为出海企业构建软基建 via #出海去 @chuhaiqu Founder
🦾 为超级团队打造数字员工 @LuciusAI_HQ Co-founder
🚀 X BoostClub 400 万推特社区 #XBC Founder
🦄 一人独角兽必将出现 
♊️ INTJ/ENTJ 左右横跳 
📍 Boston","5138","12290","1635","5485","849","社区","Boston, MA","https://regrowth.so/watchlists/x-boostclub-a044a9436ec34d399abef5042600a7d2","false","true","","false","true","2021-07-09 11:32:38","https://x.com/lyc_zh","https://pbs.twimg.com/profile_images/1964737537479512064/KXewSKLV_400x400.jpg","https://pbs.twimg.com/profile_banners/1413340227687571456/1735691977"
"1745528837088161792","出海去孵化器","chuhaiqu","⛴️#出海去 帮助一人企业做好出海增长

我们是一个赋能独立创客、一人公司和小微团队的新型社区孵化器，帮独立创客打造全球化一人公司。

📖会员(课程): https://t.co/YLAkpwse6m
🚀加速营(孵化): https://t.co/4KVsRFIwZG
🗣️微信听友群: https://t.co/APS8qLRgMr
🔍公众号/视频号/小宇宙/即刻: 同名","2315","13338","343","1458","836","专业服务","🔗 更多详情见官网","https://chuhaiqu.club","false","true","","false","true","2024-01-12 03:31:25","https://x.com/chuhaiqu","https://pbs.twimg.com/profile_images/1803421997063438337/wqT7zWXC_400x400.jpg","https://pbs.twimg.com/profile_banners/1745528837088161792/1720877883"
"720680424234557440","Linmi","Linmiv","探索未知，迭代新知，沉淀认知｜Notion 中文社区负责人｜探索项目管理 ｜Twitter 是笔记 ｜帮助小产品增长","3840","50190","459","651","1087","科技","t.me/linmi","https://linmi.cc","false","false","","false","true","2016-04-15 02:29:37","https://x.com/Linmiv","https://pbs.twimg.com/profile_images/1618918991694802944/lyvoUHuR_400x400.jpg","https://pbs.twimg.com/profile_banners/720680424234557440/1755792356"
"6782882","Orange AI","oran_ge","聊硅基 AI，看有机 Orange。","133754","140747","785","1990","6046","科技","Mars","https://listenhub.ai","false","true","","false","true","2007-06-13 13:03:33","https://x.com/oran_ge","https://pbs.twimg.com/profile_images/1760074488073629696/ceSsuVCY_400x400.png","https://pbs.twimg.com/profile_banners/6782882/1740229481"
"1827705007376084992","Ben X","Reportify_Xu","小帮规划 & https://t.co/wl5qSOUNvA创始人 7年AI创业经验 腾讯、红杉、DST、蓝驰被投企业，德意志银行、雪湖资本，哈佛大学","186","15836","78","88","153","","","http://reportify.ai","false","true","","false","false","2024-08-25 21:50:17","https://x.com/Reportify_Xu","https://pbs.twimg.com/profile_images/1908436146792906752/NuX_iPmJ_400x400.jpg","https://pbs.twimg.com/profile_banners/1827705007376084992/1727513299"
"452072245","铁锤人","lxfater","我在用 AI 协助我创业，赚钱，走向自由
我的录屏软件  https://t.co/S9MMiRiy7L
github 维护 3w star 项目：https://t.co/ytvQf2mtZO","9851","50344","1109","5542","1008","社交媒体影响者","我的所有信息-》》","https://www.lxfater.com","false","true","","false","true","2012-01-01 19:26:00","https://x.com/lxfater","https://pbs.twimg.com/profile_images/1723719195995807744/9JIAjVJr_400x400.jpg","https://pbs.twimg.com/profile_banners/452072245/1762837704"
"972104594","李东bbsky","lidongyx","致力于互联网技术技能的普及。CS名校课程：https://t.co/Ox83bq0MOC；编程、全栈快速入门：https://t.co/Q6pzjgIyIX","1453","2733","1041","817","117","科技","United States","https://hackway.org","false","true","","false","true","2012-11-26 22:51:27","https://x.com/lidongyx","https://pbs.twimg.com/profile_images/1905209872356118528/_oZZ4Sjb_400x400.jpg","https://pbs.twimg.com/profile_banners/972104594/1679310912"
"1718896922277314560","熠辉 Indie","yihui_indie","我的AI编程课(https://t.co/HVZn3ItASW) |B站up主 | 分享创造 + 无限迭代ing","4379","39134","723","2777","1044","","Hong Kong","https://happyaicoding.com","false","true","","false","true","2023-10-30 15:45:42","https://x.com/yihui_indie","https://pbs.twimg.com/profile_images/1804848821702377472/fSfFlGTf_400x400.jpg","https://pbs.twimg.com/profile_banners/1718896922277314560/1753789761"
"24124203","Baye","waylybaye","一个自由的程序员，以卖 App 为生。边全球旅居边创作产品。作品：熊猫吃短信、DAMA、ServerCat、OpenCat，Miley。","14497","154656","508","21567","754","","中华人民共和国","","false","true","","false","true","2009-03-13 12:05:00","https://x.com/waylybaye","https://pbs.twimg.com/profile_images/1807439424009175040/F2mBMzcN_400x400.jpg",""
"1657474831","Gorden Sun","Gorden_Sun","只发AI相关信息，个人维护的AI资讯日报（已连续日更两年半）👇","6246","38376","1610","123","2275","科技","","https://gorden-sun.notion.site/527689cd2b294e60912f040095e803c5?v=4f6cc12006c94f47aee4dc909511aeb5","false","true","","false","true","2013-08-09 18:31:29","https://x.com/Gorden_Sun","https://pbs.twimg.com/profile_images/1522159828231409664/GPpXyPT1_400x400.jpg","https://pbs.twimg.com/profile_banners/1657474831/1705626134"
"1352373563295207426","Whop","WhopIO","Where you buy, build, and sell things on the internet","8643","100882","713","8662","1776","互联网公司","","http://whop.com","false","true","Business","false","true","2021-01-22 05:53:08","https://x.com/WhopIO","https://pbs.twimg.com/profile_images/1884725131768926208/q3lwI-ao_400x400.jpg","https://pbs.twimg.com/profile_banners/1352373563295207426/1761672329"
"1810481842761674752","少个分号","shaogefenhao","🐒 技术管理者
📚 技术书作者（《程序员的认知心得》等）
🔩 被反复毒打的创业者 
📐 记录对世界游戏规则的认知
X  闲逛/quote/评论家(自封 😂)
🌍 分享英语学习、AI 、编程、好书","2760","12201","167","1196","362","","","http://shaogefenhao.com","false","true","","false","true","2024-07-09 09:11:40","https://x.com/shaogefenhao","https://pbs.twimg.com/profile_images/1810481997447598080/29VPjdy__400x400.jpg","https://pbs.twimg.com/profile_banners/1810481842761674752/1762220095"
"64844802","a16z","a16z","we invest in software eating the world 
https://t.co/A9eTFq6plZ
https://t.co/MXGUBJoesw

Watch ""The Ben & Marc Show"": https://t.co/eRuDhx7kpe","24526","903412","52","9191","1895","","The Cloud","http://www.a16z.com","false","false","Business","false","true","2009-08-12 06:26:28","https://x.com/a16z","https://pbs.twimg.com/profile_images/1919488160125616128/QAZXTMEj_400x400.png","https://pbs.twimg.com/profile_banners/64844802/1746024233"
"3019877853","Intro","intro","Learn how the world's top entrepreneurs built $100M+ businesses. Book 1:1s with the founders of Zillow, Reddit & more on Intro. An @a16z co.","7068","20597","231","8830","818","","","https://intro.co/marketplace?utm_source=twitter&utm_medium=bio&utm_campaign=link","false","true","Business","false","true","2015-02-05 22:38:39","https://x.com/intro","https://pbs.twimg.com/profile_images/1481998730748379146/SWFBT3b3_400x400.jpg","https://pbs.twimg.com/profile_banners/3019877853/1637059899"
"1933619890180796419","Paul Sims","SimslearnAi","Learn AI Today and Future proof yourself. I help you to 10x Your Business with AI. ✉ DM or Mail for collab: coderpaulsims@gmail.com","20154","8112","278","17916","1026","","New York","","false","true","","false","true","2025-06-14 04:18:35","https://x.com/SimslearnAi","https://pbs.twimg.com/profile_images/1933732790434213888/HWediMzk_400x400.jpg","https://pbs.twimg.com/profile_banners/1933619890180796419/1749872203"
"33838201","Google AI","GoogleAI","Making AI helpful for everyone. Show thinking ↓","3068","2333984","25","240","1302","","Mountain View, CA","https://ai.google","false","true","Business","false","false","2009-04-21 14:59:33","https://x.com/GoogleAI","https://pbs.twimg.com/profile_images/1924554705503715328/0-HDhohz_400x400.jpg","https://pbs.twimg.com/profile_banners/33838201/1747684575"
"3178231","宝玉","dotey","Prompt Engineer, dedicated to learning and disseminating knowledge about AI, software engineering, and engineering management.","27068","144743","1452","38056","4696","","Chicago, IL","https://baoyu.io","false","true","","false","true","2007-04-02 11:42:14","https://x.com/dotey","https://pbs.twimg.com/profile_images/561086911561736192/6_g58vEs_400x400.jpeg",""
"1764818331822182400","小互","imxiaohu","学AI找小互，找小互，上 https://t.co/4PVaHEr5r3 ...

小互AI日报 社群：https://t.co/LIEXfWUHv1","7769","76149","1498","1884","4882","","Mars","http://xiaohu.ai","false","true","","false","true","2024-03-05 09:01:23","https://x.com/imxiaohu","https://pbs.twimg.com/profile_images/1765404718959095808/BX7VN1hS_400x400.jpg","https://pbs.twimg.com/profile_banners/1764818331822182400/1717126346"
"1930281921810182147","林悦己Cheer","cheerselflin","🎬AI influencers｜@evolinkai CMO💰Vibe coding 💻 building my career｜ 🚢 follow me to learn & use AI","1477","4604","299","317","309","","","http://cheerselfai.com","false","true","","false","false","2025-06-04 23:14:22","https://x.com/cheerselflin","https://pbs.twimg.com/profile_images/1977898892969848833/jOBliiC5_400x400.jpg","https://pbs.twimg.com/profile_banners/1930281921810182147/1749050166"
"885086674828578816","Mr Panda","PandaTalk8","Solo Developer ｜ Growth Coach｜Helping creators build their personal brand on X  
公众号：PandaTalk8","20114","56237","6649","56940","1217","教育","","https://xgrowth.xlearnity.ai/","false","true","","false","true","2017-07-12 18:41:22","https://x.com/PandaTalk8","https://pbs.twimg.com/profile_images/1738715996737933312/QHUuRDK1_400x400.jpg","https://pbs.twimg.com/profile_banners/885086674828578816/1760969154"
"914719611756568576","Jiang","arui_kisi","UX Designer | 终身学习 | 摇滚乐 | 
探索利用计算机帮助人们学习","1337","6590","182","1766","374","科技","","http://notes.dabing.one","false","false","","false","true","2017-10-02 13:12:04","https://x.com/arui_kisi","https://pbs.twimg.com/profile_images/1614818155637145600/vwvpSnEU_400x400.jpg","https://pbs.twimg.com/profile_banners/914719611756568576/1688536378"
"1874157623714426880","木子不写代码","ai_muzi","一起构建和分享最前沿的AI商业化应用！
油管up主:木子不写代码 | 图卢兹大学机器学习博士 | 前空客研发工程师
Youtuber | PhD in Machine Learning, University of Toulouse | Former R&D Engineer @ Airbus.","733","4817","290","604","96","","关注油管 -》","https://www.youtube.com/channel/UCY3SgqRpZd0GWWk8dRCybdw","false","true","","false","false","2025-01-01 02:16:19","https://x.com/ai_muzi","https://pbs.twimg.com/profile_images/1874157706174509056/DiVz40Wo_400x400.jpg","https://pbs.twimg.com/profile_banners/1874157623714426880/1758805968"
"1017648622668795904","yihong0618","yihong0618","喜欢王小波，大概我们能成为朋友。 
我的 2025 https://t.co/pAkSJnpKXA 
我的 2024 https://t.co/HfDF6oduB7 
我的 2023 https://t.co/QyV8PiZmOY
..............","28402","76904","3505","68076","2878","","","https://yihong.run","false","false","","false","false","2018-07-13 13:55:13","https://x.com/yihong0618","https://pbs.twimg.com/profile_images/1209446924006223872/wSIVSKnh_400x400.jpg",""
"985402927253635073","即刻精选","jike_collection","精选即刻App有意思的话题，程序抓取发布，非官方，侵删请DM @_istar__     Telegram版：https://t.co/qTLXqw1Z1t","17327","148180","1","5","4358","","Internet","","false","false","","false","false","2018-04-15 14:22:20","https://x.com/jike_collection","https://pbs.twimg.com/profile_images/985403677350346752/tw6tRCVW_400x400.jpg",""
"259611996","Bear Liu","bearbig","Product Designer, 10 year+ podcaster and author of 2 books. Love things around design, tech and productivity, making JAM at https://t.co/ZhUT9zdkzg 🍯","17989","108969","2600","5184","6417","产品设计师","Free newsletter  👉","https://bear.academy","false","true","","false","true","2011-03-02 14:53:54","https://x.com/bearbig","https://pbs.twimg.com/profile_images/803996540696084480/Z-uk8--s_400x400.jpg","https://pbs.twimg.com/profile_banners/259611996/1746610243"
"1404738934043602947","Jackywine","Jackywine","年终复盘 ing","23581","25731","2808","76929","3607","风险投资","","","false","true","","false","true","2021-06-15 17:54:01","https://x.com/Jackywine","https://pbs.twimg.com/profile_images/1805875520430915586/x3t_sQdd_400x400.jpg","https://pbs.twimg.com/profile_banners/1404738934043602947/1750768857"
"20536157","Google","Google","Here to help.","246190","32385145","285","3781","37572","科技","Mountain View, CA","https://blog.google/newsletter-subscribe/","false","true","Business","false","false","2009-02-11 03:14:39","https://x.com/Google","https://pbs.twimg.com/profile_images/1972718204565811200/adTFhODz_400x400.jpg","https://pbs.twimg.com/profile_banners/20536157/1761777507"
"1846671939437252609","NotebookLM","NotebookLM","Think smarter, not harder. Meet your brain's new best friend 📒","911","113546","15","3219","87","","","http://notebooklm.google","false","true","Business","false","false","2024-10-17 05:59:01","https://x.com/NotebookLM","https://pbs.twimg.com/profile_images/1861084152054849547/uKBhfKBo_400x400.jpg","https://pbs.twimg.com/profile_banners/1846671939437252609/1732552014"
"1679983409316364288","Mocha","get_mocha","Build full stack apps at the speed of thought. No coding required.","738","3586","119","1119","143","","San Francisco","https://getmocha.com","false","true","Business","false","true","2023-07-15 06:37:38","https://x.com/get_mocha","https://pbs.twimg.com/profile_images/1904995617031802880/yadU-ivU_400x400.jpg","https://pbs.twimg.com/profile_banners/1679983409316364288/1743021323"
"18737039","Santiago","svpino","Computer scientist. I teach hard-core AI/ML Engineering at https://t.co/THCAAZcBMu. YouTube: https://t.co/pROi08OZYJ","47593","429438","518","59332","4424","","🇺🇸 Collaborations →","https://www.svpino.com/collaborations","false","true","","false","true","2009-01-08 04:35:01","https://x.com/svpino","https://pbs.twimg.com/profile_images/1581385027757264898/j5GjtUiq_400x400.jpg","https://pbs.twimg.com/profile_banners/18737039/1691437734"
"1599587232175849472","Perplexity","perplexity_ai","Curiosity changes everything. Download our free app on iOS, Mac, Windows, and Android: https://t.co/BBZ1kG0TVG","900","362544","66","12224","440","技术公司","San Francisco, CA","http://perplexity.ai/comet","false","true","Business","false","false","2022-12-05 10:12:13","https://x.com/perplexity_ai","https://pbs.twimg.com/profile_images/1886515713537413120/kj5NsIXW_400x400.jpg","https://pbs.twimg.com/profile_banners/1599587232175849472/1752038855"
"1712267009483022336","Higgsfield AI 🧩","higgsfield_ai","The ultimate AI-powered platform for creators","16347","100303","6","4655","4369","","San Francisco, CA","https://higgsfield.ai","false","true","Business","false","true","2023-10-12 08:40:48","https://x.com/higgsfield_ai","https://pbs.twimg.com/profile_images/1906739239183630336/907a7JTU_400x400.jpg","https://pbs.twimg.com/profile_banners/1712267009483022336/1743436854"
"1248362744358658048","Ania Wysocka","aniamargaret","Founder @rootd_app, bootstrapped to 4M+ downloads. Polyglot. Designer. Runner. Lover of all things startup 🤓👩‍💻","269","4775","277","1262","48","","","","false","true","","false","true","2020-04-10 05:30:53","https://x.com/aniamargaret","https://pbs.twimg.com/profile_images/1912678392622903298/P19plFmP_400x400.jpg","https://pbs.twimg.com/profile_banners/1248362744358658048/1661981487"
"1788123537099878400","松果先森","songguoxiansen","资深Prompt收藏爱好者，关注AI前沿技术：LLM、AI编程、AI图像、AI视频等等。 
免费提示词（NanoBanana、GPT5、Veo3）：https://t.co/jvdn30IlxD
微信公众号：松果先森，AI交流TG群:https://t.co/sw1SKkjcUq","1362","12538","470","1060","470","","","https://opennana.com","false","true","","false","false","2024-05-08 16:27:56","https://x.com/songguoxiansen","https://pbs.twimg.com/profile_images/1903485147330330624/XiZjvALM_400x400.jpg",""
"1084212657761148928","Geoffrey Hinton","geoffreyhinton","deep learning","143","518387","28","5","4","","","","false","true","","false","false","2019-01-13 06:16:56","https://x.com/geoffreyhinton","https://pbs.twimg.com/profile_images/1084213316963057664/fQGCUSt0_400x400.jpg",""
"162124540","Greg Brockman","gdb","President & Co-Founder @OpenAI","5597","875586","32","1764","408","","","http://gregbrockman.com","false","true","","false","false","2010-07-03 03:38:09","https://x.com/gdb","https://pbs.twimg.com/profile_images/1347621377503711233/bHg3ipfD_400x400.jpg","https://pbs.twimg.com/profile_banners/162124540/1399179172"
"33836629","Andrej Karpathy","karpathy","Building @EurekaLabsAI. Previously Director of AI @ Tesla, founding team @ OpenAI, CS231n/PhD @ Stanford. I like to train large deep neural nets.","9822","1474170","1028","20742","827","","Stanford","https://karpathy.ai","false","true","","false","true","2009-04-21 14:49:15","https://x.com/karpathy","https://pbs.twimg.com/profile_images/1296667294148382721/9Pr6XrPB_400x400.jpg","https://pbs.twimg.com/profile_banners/33836629/1407117611"
"1605","Sam Altman","sama","AI is cool i guess","7285","4128350","975","1024","375","","SF","http://blog.samaltman.com","false","true","","false","false","2006-07-17 06:01:55","https://x.com/sama","https://pbs.twimg.com/profile_images/1904933748015255552/k43GMz63_400x400.jpg",""
"1806359170830172162","Google Gemini App","GeminiApp","The Gemini app turns research into reality, bringing frontier AI experiences like Veo 3, Deep Think, Nano Banana and more to hundreds of millions of people.","10623","252248","41","2002","301","","Mountain View, CA","http://gemini.google.com","false","true","Business","false","false","2024-06-28 00:10:25","https://x.com/GeminiApp","https://pbs.twimg.com/profile_images/1940093473564073984/jiafRcO0_400x400.png","https://pbs.twimg.com/profile_banners/1806359170830172162/1760655979"
"1943306828697550848","Claude","claudeai","Claude is an AI assistant built by @anthropicai to be safe, accurate, and secure. Talk to Claude on https://t.co/ZhTwG8dz3D or download the app.","168","174047","2","174","71","","","http://claude.ai","false","true","","false","false","2025-07-10 21:50:48","https://x.com/claudeai","https://pbs.twimg.com/profile_images/1950950107937185792/QOfEjFoJ_400x400.jpg","https://pbs.twimg.com/profile_banners/1943306828697550848/1754428112"
"14642331","GREG ISENBERG","gregisenberg","I run a portfolio of internet companies and host @startupideaspod. CEO: @latecheckoutplz we build companies like @ideabrowser, @meetLCA, @boringmarketer etc","61066","541515","896","109683","2787","","more →","http://gregisenberg.com/","false","true","","false","true","2008-05-04 07:08:05","https://x.com/gregisenberg","https://pbs.twimg.com/profile_images/1577116785656139776/5mi0qgTz_400x400.jpg","https://pbs.twimg.com/profile_banners/14642331/1722363147"
"1941900223","Brett Malinowski","thebrettway","Head of marketing @whopio | WGMI Podcast on Youtube ⤵️","5443","182705","1373","7600","362","企业家","","https://www.youtube.com/watch?v=tRLVXvvuiHk&list=PLMIm7-bP_hbNJVC0jTwLIlctejYReL31S","false","true","","false","true","2013-10-07 03:43:17","https://x.com/thebrettway","https://pbs.twimg.com/profile_images/1752889861735088128/pqsi8cpf_400x400.jpg","https://pbs.twimg.com/profile_banners/1941900223/1706755705"
"4783690002","Google DeepMind","GoogleDeepMind","We’re a team of scientists, engineers, ethicists and more, committed to solving intelligence, to advance science and benefit humanity.","4113","1252257","279","2702","1671","科技","London, UK","http://deepmind.google","false","false","Business","false","false","2016-01-19 21:46:08","https://x.com/GoogleDeepMind","https://pbs.twimg.com/profile_images/1695024885070737408/-M-HSH5P_400x400.jpg","https://pbs.twimg.com/profile_banners/4783690002/1749121451"
"1524901467689078789","Rob Lennon 🗯 | AI Whisperer","thatroblennon","17+ years startups. 47x published author. Teaching AI and business frameworks for entrepreneurs + sidehustlers. Get 10 AI tools with my free newsletter 👇","22390","133893","1208","54747","2079","","All my links:","https://u.lennonlabs.com/subscribe","false","true","","false","true","2022-05-13 07:57:01","https://x.com/thatroblennon","https://pbs.twimg.com/profile_images/1524905043786289152/JSpEMKHS_400x400.png","https://pbs.twimg.com/profile_banners/1524901467689078789/1688678811"
"1482581556","Demis Hassabis","demishassabis","Nobel Laureate. Co-Founder & CEO @GoogleDeepMind - working on AGI. Solving disease @IsomorphicLabs. Trying to understand the fundamental nature of reality.","2709","508652","156","15177","130","","","http://www.deepmind.com","false","true","","false","false","2013-06-04 23:50:11","https://x.com/demishassabis","https://pbs.twimg.com/profile_images/1990472620614053888/xrAu0wQL_400x400.jpg","https://pbs.twimg.com/profile_banners/1482581556/1453748225"
"48008938","Yann LeCun","ylecun","Professor at NYU. Chief AI Scientist at Meta.
Researcher in AI, Machine Learning, Robotics, etc.
ACM Turing Award Laureate.","24238","979365","766","24956","455","科技","New York","http://yann.lecun.com","false","true","","false","false","2009-06-18 00:05:51","https://x.com/ylecun","https://pbs.twimg.com/profile_images/1483577865056702469/rWA-3_T7_400x400.jpg","https://pbs.twimg.com/profile_banners/48008938/1642547502"
"51142785","Pascal Bornet","pascal_bornet","Top Voice in Tech | Best-selling Author | Keynote speaker | AI & Automation expert | Forbes Tech Council | 1 Million+ followers","6367","111182","930","61480","3755","","Miami, FL","https://www.pascalbornet.com","false","true","","false","false","2009-06-27 01:24:02","https://x.com/pascal_bornet","https://pbs.twimg.com/profile_images/1582765436101283845/67AuGZr2_400x400.jpg","https://pbs.twimg.com/profile_banners/51142785/1745362713"
"39289455","Allie K. Miller","alliekmiller","#1 Most Followed Voice in AI Business (2M followers). Former Amazon, IBM. Time100 AI. Fortune 500 and startup AI advisor, public speaker. AI-First courses in 🔗","10053","76762","2324","12898","1876","科技","New York, NY","https://linktr.ee/alliekmiller","false","true","","false","true","2009-05-12 00:57:34","https://x.com/alliekmiller","https://pbs.twimg.com/profile_images/1221821474790494208/ALX9y7KT_400x400.jpg","https://pbs.twimg.com/profile_banners/39289455/1659680963"
"216939636","Andrew Ng","AndrewYNg","Co-Founder of Coursera; Stanford CS adjunct faculty. Former head of Baidu AI Group/Google Brain. #ai #machinelearning, #deeplearning #MOOCs","1948","1291770","1047","1658","438","","Palo Alto, CA","http://www.andrewng.org","false","true","","false","false","2010-11-18 11:39:11","https://x.com/AndrewYNg","https://pbs.twimg.com/profile_images/733174243714682880/oyG30NEH_400x400.jpg","https://pbs.twimg.com/profile_banners/216939636/1483126470"
"4398626122","OpenAI","OpenAI","OpenAI’s mission is to ensure that artificial general intelligence benefits all of humanity. We’re hiring: https://t.co/dJGr6Lg202","1509","4504566","4","1221","448","","","https://openai.com","false","true","Business","false","false","2015-12-07 06:51:08","https://x.com/OpenAI","https://pbs.twimg.com/profile_images/1885410181409820672/ztsaR0JW_400x400.jpg","https://pbs.twimg.com/profile_banners/4398626122/1759076948"
"28314255","段叔.AI","duanzi","When AI happens. AI 那些事儿。","2101","435737","384","298","99","科技","127.0.0.1","","false","false","","false","true","2009-04-02 18:27:08","https://x.com/duanzi","https://pbs.twimg.com/profile_images/857832299949244416/OUdqteZ5_400x400.jpg",""
"800076","Andre Pan","POPOEVER","developer, designer, dad, UWO  parent","56495","40803","1098","3261","1750","Software developer/Programmer/Software engineer","Canada","http://about.me/popoever","false","false","","false","true","2007-02-28 11:48:29","https://x.com/POPOEVER","https://pbs.twimg.com/profile_images/535947311/at_haagen_dazs_400x400.jpg","https://pbs.twimg.com/profile_banners/800076/1403190310"
