﻿"User ID","Name","Username","Bio","Tweets Count","Followers Count","Following Count","Favourites Count","Media Count","Professional","Location","Website","Verified","Is Blue Verified","Verified Type","Protected","Can DM","Created At","Profile URL","Avatar URL","Profile Banner URL"
"1596830213979066369","币圈部落（Buluer）","bixunbuluo","2012年初次接触BTC，2014年被资金盘诈骗接受30%BTC赔偿 BTC长期持有者！memecoin爱好者！ DOGE 建设者！加入 MemeClub、币讯社区！ telegram：https://t.co/uXNHBcayPA","5880","6631","653","9552","1595","金融科技公司","Singapore","https://t.me/bixungroup","false","true","","false","false","2022-11-27 19:36:38","https://x.com/bixunbuluo","https://pbs.twimg.com/profile_images/1975915055515578370/3FjLWMYX_400x400.jpg","https://pbs.twimg.com/profile_banners/1596830213979066369/1733303090"
"930368725454274560","龙共火火","huolongguodomgt","一个知识付费 mcn 老板，
一个 ai 学习者","238","576","603","43","18","社交媒体影响者","","","false","false","","false","true","2017-11-14 17:36:04","https://x.com/huolongguodomgt","https://pbs.twimg.com/profile_images/1965270094956969984/SU8G1hF9_400x400.jpg",""
"1703807162797932544","6551Dex","ultrax_ai","Best All-in-one Dex https://t.co/oiWVetBiBJ","356","17072","4","212","62","软件应用程序","","https://6551.io/","false","true","","false","true","2023-09-19 00:24:27","https://x.com/ultrax_ai","https://pbs.twimg.com/profile_images/1912861502627033088/iOXZihRb_400x400.jpg","https://pbs.twimg.com/profile_banners/1703807162797932544/1745223564"
"1434775696048476162","日拱一卒王小楼.edge🦭","wang_xiaolou","|个人投研者｜AI + Web3 | 只筛选，不教育｜善良：利他不利己；聪明：利他又利己｜","37777","27315","5724","23425","3684","金融服务","Shanghai","https://substack.com/@wangxiaolou","false","true","","false","true","2021-09-06 15:09:23","https://x.com/wang_xiaolou","https://pbs.twimg.com/profile_images/1988567900735877120/DKtV7mlY_400x400.jpg",""
"1807043606320214016","外贸赶路人Michael","imichaelsoho","公众号：外贸赶路人 🌊解决外贸跨境出海问题🎨打造个人商业自媒体，SOHO一人公司，数字游民，Web3，努力奔赴自由职业ing📱咨询沟通交流⬇️","2896","5274","572","1806","644","社交媒体影响者","vx/WeChat: sohofree","https://imichaelsoho.com/","false","true","","false","true","2024-06-29 21:29:15","https://x.com/imichaelsoho","https://pbs.twimg.com/profile_images/1936062878068449280/jgFgn3AS_400x400.jpg","https://pbs.twimg.com/profile_banners/1807043606320214016/1750767077"
"1023351056036716544","Myra Wang","myrawang0","Founder of Dboost: Guiding crypto@marketing, fostering community engagement, amplifying blockchain projects in Asia Pacific. Deeply rooted in Web3 possibilities","6676","8281","2345","16364","676","商业和工业","Italia","https://dboost.io","false","true","","false","true","2018-07-29 07:34:39","https://x.com/myrawang0","https://pbs.twimg.com/profile_images/1774701797413638144/wa22ElWc_400x400.jpg","https://pbs.twimg.com/profile_banners/1023351056036716544/1643872077"
"39658761","Bruce","codeo4","2023年all in ai创业，现在主要做企业AI培训业务，同时组织技术沙动活动，对接AI资源和项目，寻找技术产品供应商一起搞钱。分享生活经验、搞钱经历和南老师给我的教训。","3213","1061","329","331","94","","中国广州","https://www.dongboge.cn","false","true","","false","false","2009-05-13 09:52:26","https://x.com/codeo4","https://pbs.twimg.com/profile_images/1972958879672848384/YDYjjc4P_400x400.jpg","https://pbs.twimg.com/profile_banners/39658761/1705306089"
"1899037940501839872","Nicolechan","stark_nico99","分享出海增长历程和干货 | Building YouMind | Co-founder & Growth Leader | Ex-CMS Securities UX | Ex-Tencent Alumni Content Lead | Community & Content Expert @Youmind_AI","293","1619","543","2250","26","","","https://youmind.com/","false","true","","false","false","2025-03-10 18:02:14","https://x.com/stark_nico99","https://pbs.twimg.com/profile_images/1980138155312304128/4C6tfjLW_400x400.jpg","https://pbs.twimg.com/profile_banners/1899037940501839872/1758634718"
"719655091","Zhuang🌊庄","0x_ZHUANG","Investing in cool stuff i like. CMO @scallop_io. cookin @0xmediaco. pleb @Goosecitydao | 00后","5069","9368","2131","33089","610","","onchain","https://app.scallop.io/referral?ref=67838f614cee97059a024387","false","true","","false","true","2012-07-27 15:19:02","https://x.com/0x_ZHUANG","https://pbs.twimg.com/profile_images/1928390628720910336/xGO5nihP_400x400.jpg","https://pbs.twimg.com/profile_banners/719655091/1742563436"
"1580525407077634048","西里森森","sirisensen","公众号/小红书 西里森森 📮合作：319089366@qq.com /微信：Nocipopoo  持续关注AI，欢迎同频朋友交流想法 保持热爱与好奇，这个时代需要一点好玩的东西~ 梦想是做出真正有价值的产品","191","3459","400","134","103","","上海","","false","true","","false","false","2022-10-13 19:46:48","https://x.com/sirisensen","https://pbs.twimg.com/profile_images/1951924638306709504/Ae8jztwK_400x400.jpg","https://pbs.twimg.com/profile_banners/1580525407077634048/1753951033"
"1892802325586333699","serva huang","servasyy","古早程序员 | AI出海 | 自由职业
机车游侠&机速购&骑享租创始人
15年前 freelance 起步 → 连续创业者 → 亏过1个亿，逆风翻盘中
分享创业，AI，生活，读书，健身，中医","2945","8157","540","5278","115","","","","false","true","","false","true","2025-02-21 13:03:54","https://x.com/servasyy","https://pbs.twimg.com/profile_images/1969304899877027840/Ok6tYp0b_400x400.jpg","https://pbs.twimg.com/profile_banners/1892802325586333699/1760433997"
"21847100","Ben | AI出海","littlebena","前字节PM，All in AI出海  🌈WaytoAGI从1-10策划人，AI编程专区主理人","65092","3037","865","581","646","","People's Republic of China","https://benx.ai","false","false","","false","false","2009-02-25 16:12:32","https://x.com/littlebena","https://pbs.twimg.com/profile_images/1958582334925807622/lyaPcdWI_400x400.jpg","https://pbs.twimg.com/profile_banners/21847100/1482213569"
"1966510215408541696","AI Panda","AIPandaX","🐼 AIPandaX | Turning complex AI into simple ideas ⚡ | Tech, tools & trends that actually matter 🚀","173","4527","2","1147","89","广告和营销机构","","","false","false","","false","false","2025-09-12 22:32:54","https://x.com/AIPandaX","https://pbs.twimg.com/profile_images/1966513723683557376/Gzis4l2k_400x400.jpg","https://pbs.twimg.com/profile_banners/1966510215408541696/1757688385"
"922599123546705921","Starter Story","starter_story","Sharing business ideas that make money!","8726","48073","515","3219","910","社区","","http://starterstory.com/t","false","true","","false","true","2017-10-24 07:02:26","https://x.com/starter_story","https://pbs.twimg.com/profile_images/1590625635990388738/u_UeisAm_400x400.jpg","https://pbs.twimg.com/profile_banners/922599123546705921/1747006603"
"1577241403","@levelsio","levelsio","🇪🇺https://t.co/NdorAWqJC3
📸https://t.co/lAyoqmSBRX $125K/m
🏡https://t.co/1oqUgfD6CZ $40K/m
🛰https://t.co/ZHSvI2wjyW $38K/m
🌍https://t.co/UXK5AFqCaQ $16K/m
👙https://t.co/RyXpqGuFM3 $14K/m
💾https://t.co/M1hEUBAynC $6K/m","163689","748509","2366","153283","17812","","📕 My book $5K/m  👉","http://readMAKE.com","false","true","","false","false","2013-07-08 17:31:59","https://x.com/levelsio","https://pbs.twimg.com/profile_images/1589756412078555136/YlXMBzhp_400x400.jpg","https://pbs.twimg.com/profile_banners/1577241403/1665964220"
"1270254879370440707","Kiki","WaFFsdzAiNop","","4255","12775","336","16978","792","","","","false","false","","false","false","2020-06-09 15:22:36","https://x.com/WaFFsdzAiNop","https://pbs.twimg.com/profile_images/1975187099583455232/07zqjsgP_400x400.jpg","https://pbs.twimg.com/profile_banners/1270254879370440707/1737270617"
"2646428635","Pat Walls","thepatwalls","https://t.co/zSf5Z2H78P
https://t.co/ryMAyS77qn
https://t.co/Gm6gdHaLgp

On a mission to inspire 1B people to build stuff!","12031","130250","1282","28188","1816","","Florida","https://www.starterstory.com","false","true","","false","true","2014-07-15 05:59:57","https://x.com/thepatwalls","https://pbs.twimg.com/profile_images/1442604184725901312/tbbsFD4-_400x400.jpg","https://pbs.twimg.com/profile_banners/2646428635/1668436978"
"1226419222474936320","苍何","canghecode","专注AI出海，AI编程，智能体，MCP，努力分享一些有趣，实用的AI干货，公众号：苍何","1129","3309","430","486","256","科技","wuhan","https://canghecode.com","false","true","","false","false","2020-02-09 16:15:56","https://x.com/canghecode","https://pbs.twimg.com/profile_images/1744283141219680256/5DcrV0du_400x400.jpg","https://pbs.twimg.com/profile_banners/1226419222474936320/1707200700"
"1876381409562050560","Moo Builds with AI","moobuilds","AI Content Creator and digital marketer by day ,  

AI filmmaker and Prompt Engineer by night   .

------- 
https://t.co/5tYAW1PrMO
-----  

DMs are open","1509","2758","1156","1468","141","企业家","Orlando, FL","","false","true","","false","true","2025-01-07 05:33:00","https://x.com/moobuilds","https://pbs.twimg.com/profile_images/1906113773238124544/v9KnhUOd_400x400.jpg","https://pbs.twimg.com/profile_banners/1876381409562050560/1760130135"
"1889586332198117381","Latte","0xbisc","Product Designer & AI Explorer
Crafting UI/UX for blockchain
Sharing tech insights｜Learn in public
Open to new projects and collaborations🪄","333","1983","305","1160","50","","","","false","true","","false","true","2025-02-12 16:04:31","https://x.com/0xbisc","https://pbs.twimg.com/profile_images/1907734121008476161/z7bFjpo1_400x400.jpg","https://pbs.twimg.com/profile_banners/1889586332198117381/1741075972"
"1965832077758095360","自由李亿freeliyi","freeliyi","长居欧洲写代码｜靠写作为生多年
公开记录每日尝试与进步
创业、投资、学语言、自我成长
目标是通过输出积累专长
希望自己积极快乐活在当下
快乐事业=退休（x，yt）
和自己的全能自恋相处中｜复利追求者
探索自由和搞钱","2076","13917","275","1901","117","","","http://www.youtube.com/@freeliyi","false","true","","false","false","2025-09-11 01:38:04","https://x.com/freeliyi","https://pbs.twimg.com/profile_images/1968787922926125056/bbPLoTRN_400x400.jpg",""
"1420794066829156360","RAVI KUMAR SAHU","RAVIKUMARSAHU78","Future With Al 🧑‍💻 | Ai Enthusiasm 🤖 | Al & Tech Content Creator 🚀 | Sharing Latest Al Tools 💯 | 55k follower on LinkedIn | https://t.co/Fnl6E4QkyV","44536","67530","442","64829","6671",""," 📩 ( DM for Everything 👆) 🌍","https://www.linkedin.com/in/ravi-kumar-sahu-746765219","false","true","","false","true","2021-07-30 01:11:54","https://x.com/RAVIKUMARSAHU78","https://pbs.twimg.com/profile_images/1839646960560537600/Bl02AIde_400x400.jpg","https://pbs.twimg.com/profile_banners/1420794066829156360/1723496369"
"1916064442485510145","不想说话的中年人","dontbesilent24","养家的人凭什么不能被理解","31","15013","3","16","0","娱乐和休闲","","","false","true","","false","false","2025-04-26 17:39:03","https://x.com/dontbesilent24","https://pbs.twimg.com/profile_images/1986343996570861568/_4BbVvoL_400x400.jpg","https://pbs.twimg.com/profile_banners/1916064442485510145/1762416290"
"1980992351930863616","我也不太了解她","liaojieta1","“禁止共情”","69","10182","0","1","3","","","","false","true","","false","true","2025-10-22 21:39:26","https://x.com/liaojieta1","https://pbs.twimg.com/profile_images/1980992553794035712/p0W79iJU_400x400.jpg",""
"1413340227687571456","YC (Yucheng Liu)","lyc_zh","⛴️ 为出海企业构建软基建 via #出海去 @chuhaiqu 
🚀 X BoostClub 350 万推特社区 #XBC Founder
📈 佐治亚理工 ➡️ 码弱 ➡️ TechLead ➡️ CTO ➡️ 超级个体 
🦾 一人独角兽必将出现 
♊️ INTJ/ENTJ 左右横跳 
📍 Boston","5121","12146","1634","5465","847","社区","Boston, MA","https://regrowth.so/watchlists/x-boostclub-a044a9436ec34d399abef5042600a7d2","false","true","","false","true","2021-07-09 11:32:38","https://x.com/lyc_zh","https://pbs.twimg.com/profile_images/1964737537479512064/KXewSKLV_400x400.jpg","https://pbs.twimg.com/profile_banners/1413340227687571456/1735691977"
"168139512","Geek","geekbb","🧠在家居士 | 🥦素食者 | 🏃🏻马拉松爱好者 | 💰省钱小能手 | 搭🪜技术资深学者 | 👨‍💻科技宅 | 🆕更新狂 | 🆅 六边型战五渣","23767","99629","393","16467","6146","科技","火星","https://www.igeekbb.com","false","false","","false","true","2010-07-18 22:10:39","https://x.com/geekbb","https://pbs.twimg.com/profile_images/1644898947272671233/7959WGOK_400x400.jpg","https://pbs.twimg.com/profile_banners/168139512/1689476157"
"1618873272661315584","小樱💞｜实用工具分享","xiaoying_eth","🪪  努力做个哇塞的仙女 👸

🐬 分享 AI 前沿干货 ｜打破信息壁垒 ｜AI项目实操

🌻 实用工具推荐官 | 工匠日记","6428","122266","203","14824","5080","","AI 起号、赚钱、提效工具 : Flowith  👉 ","https://bit.ly/4nghyp7","false","true","","false","true","2023-01-27 15:27:49","https://x.com/xiaoying_eth","https://pbs.twimg.com/profile_images/1668476737389494272/5kE7iqyp_400x400.jpg","https://pbs.twimg.com/profile_banners/1618873272661315584/1686630830"
"452072245","铁锤人","lxfater","我在用 AI 协助我创业，赚钱，走向自由
我的录屏软件  https://t.co/S9MMiRiy7L
github 维护 3w star 项目：https://t.co/ytvQf2mtZO","9836","50218","1109","5515","1005","社交媒体影响者","我的所有信息-》》","https://www.lxfater.com","false","true","","false","true","2012-01-01 19:26:00","https://x.com/lxfater","https://pbs.twimg.com/profile_images/1723719195995807744/9JIAjVJr_400x400.jpg","https://pbs.twimg.com/profile_banners/452072245/1762837704"
"756319701861601281","鱼总聊AI","AI_Jasonyu","👋 鱼总 / Jason｜8 年出海产品 📈 单款产品 $200k+ 收入，全靠自然流量 💡 代表产品：PaywallPro（付费墙情报&优化）、Portix APP 🍼 2胎爸爸 & AI 内容创作者 这里聊：AI · 出海 · 订阅 · 创业心路 https://t.co/KDI27Daaoi","1257","6236","952","1294","276","","Shaanxi","https://www.paywallpro.app","false","true","","false","true","2016-07-22 10:47:23","https://x.com/AI_Jasonyu","https://pbs.twimg.com/profile_images/1877193368725581824/7_ocNC-C_400x400.jpg","https://pbs.twimg.com/profile_banners/756319701861601281/1760544606"
"1801489454714261506","Rik","cuanbersamaaku","Virals Content Video In The World","3957","4534","1063","5938","99","","tangerang, Indonesia","","false","true","","true","false","2024-06-14 13:39:10","https://x.com/cuanbersamaaku","https://pbs.twimg.com/profile_images/1982008837323259904/24QvQz3B_400x400.jpg","https://pbs.twimg.com/profile_banners/1801489454714261506/1745083622"
"1744746496535539712","0xNorth","anorth_chen","ENTJ, Community & Growth @CreaoAI | 2021 CS Bachelor (Focus in AI) @UofT | Crypto Trader | Before: Ex Technical Specialist @AlibabaGroup; Web3 Innovator","556","1706","352","298","69","","AI & Blockchain","https://discord.gg/creao-ai","false","true","","false","true","2024-01-09 23:42:42","https://x.com/anorth_chen","https://pbs.twimg.com/profile_images/1947562018355220480/5fhipelt_400x400.jpg",""
"1398934230407606278","老白（每日干货分享✊）","laobaishare","收集和分享好东西：🌍泛互联网 + 💻科技 + 🤖️Al + 📃学习 + 🤑Crypto 

🧰 我常用的AI效率工具Flowith ：https://t.co/c6gH4Yf6EN","9270","190682","425","12565","5957","科技","","","false","true","","false","true","2021-05-30 17:28:41","https://x.com/laobaishare","https://pbs.twimg.com/profile_images/1688863542110507008/RO_U6ecN_400x400.jpg","https://pbs.twimg.com/profile_banners/1398934230407606278/1686798589"
"785479631805624320","Coffe","Coffemiix","Follow me for more videos 📱 #creativedigitalist","55468","18752","3195","52794","627","","","","false","true","","false","false","2016-10-10 21:58:32","https://x.com/Coffemiix","https://pbs.twimg.com/profile_images/1926923567855288320/VsTnoTNp_400x400.jpg","https://pbs.twimg.com/profile_banners/785479631805624320/1748249538"
"1613921100731387906","子木聊 AI 出海","CoderJeffLee","AI 增长黑客，前全干码农 
我是子木，万千世界，飘过的我是竹叶般... 在这里聊聊 AI 和出海增长相关，恰好你喜欢，谢谢 ～

 🛰 oqqsmile（请备注）","1230","3891","726","1011","380","铁匠","Singapore","https://bysocket.com/","false","true","","false","true","2023-01-13 23:29:17","https://x.com/CoderJeffLee","https://pbs.twimg.com/profile_images/1950258022795923461/hpoP6Mbk_400x400.jpg","https://pbs.twimg.com/profile_banners/1613921100731387906/1691514135"
"1693450364341948416","iGeekbb","igeekbb","🕹️发一些碎碎念和有趣的东东，主打一个快分享。-私信开放欢迎投稿-","8607","58937","1","8082","5736","","","","false","true","","false","false","2023-08-21 10:30:22","https://x.com/igeekbb","https://pbs.twimg.com/profile_images/1799328738871750657/9Shu8NrP_400x400.jpg","https://pbs.twimg.com/profile_banners/1693450364341948416/1714738367"
"1346092460712230913","Hedy.eth 🎮","Crypto_hedyEth","💼  Web3 钉子户
🐘 分享 Web3 入门学习知识和自己真实工作日常","2207","25083","27","1573","1842","","","","false","true","","false","true","2021-01-04 21:54:05","https://x.com/Crypto_hedyEth","https://pbs.twimg.com/profile_images/1830500764248109057/jgroH02Y_400x400.png","https://pbs.twimg.com/profile_banners/1346092460712230913/1725260368"
"1879443737086185472","开发者Hailey","IndieDevHailey","⚡ Indie Maker · AIGC 爱好者
🛠️ AI × Full-stack · 快速原型 & 产品验证
🚀 Building PixTribe — 创意灵感与变现社区
💸 Running GoViralX — 超级涨粉 + 接单平台","1160","2519","153","404","369","","美国","https://pixtribe.club/","false","true","","false","true","2025-01-15 16:22:23","https://x.com/IndieDevHailey","https://pbs.twimg.com/profile_images/1958446027377442816/4FeaYQJr_400x400.jpg","https://pbs.twimg.com/profile_banners/1879443737086185472/1762170383"
"3178231","宝玉","dotey","Prompt Engineer, dedicated to learning and disseminating knowledge about AI, software engineering, and engineering management.","27042","144645","1452","37985","4690","","Chicago, IL","https://baoyu.io","false","true","","false","true","2007-04-02 11:42:14","https://x.com/dotey","https://pbs.twimg.com/profile_images/561086911561736192/6_g58vEs_400x400.jpeg",""
"1964551689991835649","Postey AI","posteyai","One workspace to draft, schedule & grow on X, LinkedIn & Instagram.

For creators, agencies & teams.","169","14354","1","41","12","","","","false","true","","false","true","2025-09-07 12:50:07","https://x.com/posteyai","https://pbs.twimg.com/profile_images/1964560076997267456/jEIXTeDz_400x400.jpg","https://pbs.twimg.com/profile_banners/1964551689991835649/1758122533"
"1654774887251329024","白骏知识分享","cj3214567667","❤️分享各种好用的效率工具和AI  
💼互联网运营项目负责人
📄不定时分享|运营案例 
✨深度思考，用大脑撬动世界
↓各类学习资料，免费分享↓","4981","57752","758","648","3583","","","https://qcnifjtytj3j.feishu.cn/wiki/LrV0wFFHPiHk7wkSjGHc6qK4n1q?from=from_copylink","false","true","","false","false","2023-05-06 17:07:45","https://x.com/cj3214567667","https://pbs.twimg.com/profile_images/1808032405116407811/4iIJMgZB_400x400.jpg","https://pbs.twimg.com/profile_banners/1654774887251329024/1719903493"
"2940321003","shirish","shiri_shh","23 ▪︎ Locked in ▪︎ Building https://t.co/GbOQzTjV4D","5105","7376","796","17055","612","","","","false","true","","false","true","2014-12-25 13:14:29","https://x.com/shiri_shh","https://pbs.twimg.com/profile_images/1974911302347665408/o7rg01rJ_400x400.jpg","https://pbs.twimg.com/profile_banners/2940321003/1762273941"
"1738905101941837824","王大钱","Lee764809037023","让一部分人先赚起来！
分享一些实用的东西：自媒体起号、AI技术、赚钱副业等等","25","26","80","16","13","","","","false","true","","false","true","2023-12-24 20:51:44","https://x.com/Lee764809037023","https://pbs.twimg.com/profile_images/1937457230166515712/aB0r_pNl_400x400.jpg","https://pbs.twimg.com/profile_banners/1738905101941837824/1750760777"
"1657385954594762758","Alex Prompter","alex_prompter","Marketing + AI = $$$ 🔑 @godofprompt  (co-founder) 🌎 https://t.co/O7zFVtEZ9H (made with AI)","23058","56473","476","26656","1640","企业家","Newsletter  → ","https://godofprompt.ai/subscribe","false","true","","false","true","2023-05-13 22:03:12","https://x.com/alex_prompter","https://pbs.twimg.com/profile_images/1923183416498880512/gD78SJmP_400x400.jpg","https://pbs.twimg.com/profile_banners/1657385954594762758/1753818031"
"1461305890892570628","Haider.","slow_developer","together, we build an intelligent future.","30713","53750","3238","7052","3713","","Important Links","https://lnk.bio/slowdeveloper","false","true","","false","true","2021-11-18 20:11:02","https://x.com/slow_developer","https://pbs.twimg.com/profile_images/1748789269949276161/PcVsAEz5_400x400.jpg","https://pbs.twimg.com/profile_banners/1461305890892570628/1757417016"
"296593919","Viking","vikingmute","独立开发者 自由职业
作品 - 简单简历 https://t.co/xMu5JFIGnr 五分钟打造程序员的金牌简历

课程 - 慕课网精英讲师 https://t.co/NTyFFrvHwL

经历 - 不上班的1000天 https://t.co/bonuLQCCsY

视频 - https://t.co/aQYLgujIyC","2576","59688","280","732","1277","","Shanghai","http://vikingz.me","false","true","","false","true","2011-05-11 10:08:52","https://x.com/vikingmute","https://pbs.twimg.com/profile_images/725179208528322560/TPjU7qop_400x400.jpg","https://pbs.twimg.com/profile_banners/296593919/1461731223"
"1207019158791229440","鸟哥 | 蓝鸟会🕊️","NFTCPS","#蓝鸟会 发起人 | 商务TG：ximalaya | 

近3亿用户的共同选择，启程Web3，就在币安：
https://t.co/a1vS2TQRAf | 

OKX Web3钱包现已支持100+公链，web3入口一个就够  https://t.co/SqXnvKBO0i","14215","57013","4786","31372","2997","科技","Web3 Marketing Agency","https://bluebirdlabs.xyz/","false","true","","false","true","2019-12-18 03:26:15","https://x.com/NFTCPS","https://pbs.twimg.com/profile_images/1917439913320144897/yRxYCX7V_400x400.jpg","https://pbs.twimg.com/profile_banners/1207019158791229440/1746767795"
"1966322844490665984","饼干哥哥AGI（2.0）","bggg_ai","重生之我继续在X 分享AI干货知识：AI编程、n8n 工作流、AI 绘画","216","4398","208","285","85","","","","false","true","","false","false","2025-09-12 10:12:55","https://x.com/bggg_ai","https://pbs.twimg.com/profile_images/1982968532481802240/eZp14eKY_400x400.jpg",""
"1515128158835691526","Ring Hyacinth","ring_hyacinth","Artist working with #AI","330","11944","335","709","190","","","http://hyacinth.im","false","true","","false","true","2022-04-16 08:41:37","https://x.com/ring_hyacinth","https://pbs.twimg.com/profile_images/1811285605252313088/w5sCj3nH_400x400.jpg","https://pbs.twimg.com/profile_banners/1515128158835691526/1666290243"
"1777934218485747712","flowith","flowith","An agent-based AI creation workspace, with all your knowledge. 
Start with FlowithOS: https://t.co/gSJAClQdus","1478","32492","97","2089","335","技术公司","sf","https://flowith.com","false","true","Business","false","true","2024-04-10 13:38:48","https://x.com/flowith","https://pbs.twimg.com/profile_images/1784589386119786496/Vqw6DG_i_400x400.jpg","https://pbs.twimg.com/profile_banners/1777934218485747712/1721795783"
"18571275","balconychy(贝壳里奇)","balconychy","探索，分享，不设限。
关注认知成长、个人IP。深度探索AI。
独立开发者，Think in public, INTJ，
博客：https://t.co/mGGfJlYbas
YT：https://t.co/nNArsuaUBP","3906","14274","744","2831","1326","","","","false","true","","false","true","2009-01-03 10:54:44","https://x.com/balconychy","https://pbs.twimg.com/profile_images/1642760288406769665/YsX3blNL_400x400.jpg","https://pbs.twimg.com/profile_banners/18571275/1680499884"
"1412802262796222468","Stijn Noorman","stijnnoorman","Helping entrepreneurs grow & monetize their audience with writing and digital assets.
105 clients served • 1,250+ customers • https://t.co/uR2a9SdLNB","56629","51812","85","94777","2949","","Join 7,200+ Creators →","https://www.stijnnoorman.com/","false","true","","false","true","2021-07-07 23:56:11","https://x.com/stijnnoorman","https://pbs.twimg.com/profile_images/1694986431377121280/XvmqyT3y_400x400.jpg","https://pbs.twimg.com/profile_banners/1412802262796222468/1689744506"
"1569355846810828805","The ismail kömür","theismailkmr","Join the fun! Great street pranks, adorable animal adventures, and breathtaking moments Subscribe to support me","34415","24572","924","85674","6614","","","","false","true","","false","true","2022-09-13 00:03:32","https://x.com/theismailkmr","https://pbs.twimg.com/profile_images/1972705007607701504/GF4Ccdi0_400x400.jpg","https://pbs.twimg.com/profile_banners/1569355846810828805/1762112703"
"1664884377715888129","Self Chain","selfchainxyz","Modular Intent-Centric Access Layer 1 Blockchain and Keyless Wallet Infrastructure Service That Uses MPC-TSS/AA for Multi-Chain WEB3 Access.","2629","277967","5","1596","834","Blockchain","Cosmos","https://selfchain.xyz","false","false","Business","false","true","2023-06-03 14:39:07","https://x.com/selfchainxyz","https://pbs.twimg.com/profile_images/1879603544120008704/z2WKYx3z_400x400.jpg","https://pbs.twimg.com/profile_banners/1664884377715888129/1691396643"
"1669276256","歸藏(guizang.ai)","op7418","关注人工智能、LLM 、 AI 图像视频和设计（Interested in AI, LLM, Stable Diffusion, and design）

AIGC 周刊主理人｜公众号：歸藏的AI工具箱","21117","105633","1218","36553","7241","","","https://www.guizang.ai/","false","true","","false","true","2013-08-14 10:18:36","https://x.com/op7418","https://pbs.twimg.com/profile_images/1636981205504786434/xDl77JIw_400x400.jpg","https://pbs.twimg.com/profile_banners/1669276256/1706450781"
"1472063616","Zara Zhang","zarazhangrui","Building AI x learning products. Harvard’17. Side project: https://t.co/QTlH7OGcGy YouTube: https://t.co/8xzbGWtf6w Substack: https://t.co/dDPEWGiuBW","1108","16316","1314","1032","206","","San Jose, CA","http://www.zarazhang.com","false","true","","false","true","2013-05-31 20:52:30","https://x.com/zarazhangrui","https://pbs.twimg.com/profile_images/1742369596534067200/Ts-5zSJ6_400x400.jpg",""
"470129898","Tibo","tibo_maker","Built Tweet Hunter, Taplio (sold $8m)
Growing https://t.co/OyNJ8ZUyOh - https://t.co/jS9GQJ5Ps8 - https://t.co/EFUcKeBbpU - https://t.co/JkVOl1O0S1 - https://t.co/KG9PgxJabg
Sharing weekly tips about growth: https://t.co/ereQodN3Ov","43299","167524","3122","59548","3380","","","https://www.tmaker.io","false","true","","false","true","2012-01-21 18:46:25","https://x.com/tibo_maker","https://pbs.twimg.com/profile_images/1631931185180934144/59z_ZFKm_400x400.jpg","https://pbs.twimg.com/profile_banners/470129898/1751102143"
"2815325906","刘小排","bourneliu66","AI产品创业者

Raphael AI - https://t.co/tJOiC33sAI
AnyVoice - https://t.co/MQkmOW2lbu
Fast3D - https://t.co/6m3JO8jJvc","123","11063","81","14","58","","","https://raphael.app/","false","true","","false","false","2014-09-18 01:37:10","https://x.com/bourneliu66","https://pbs.twimg.com/profile_images/1955860656919625728/sCkP_hTF_400x400.png",""
"1781115132275486720","羊上上","yang24zhi","🍀 大厂后端 | 老师 | 数字游民
📈 想知道今天 AI 又整了啥活？请看AI今日热榜: https://t.co/F6DSigEs6K","529","1464","453","790","43","","","https://aihot.today","false","true","","false","false","2024-04-19 08:19:09","https://x.com/yang24zhi","https://pbs.twimg.com/profile_images/1781118519834505216/VsyxGaMt_400x400.jpg","https://pbs.twimg.com/profile_banners/1781115132275486720/1719124523"
"16681326","Frank Wang 玉伯","lifesinger","I am curious and honest","4230","15066","885","699","88","","FUTURE","http://youmind.com","false","true","","false","false","2008-10-10 17:36:41","https://x.com/lifesinger","https://pbs.twimg.com/profile_images/1965120373781114880/rLnJ1xpC_400x400.jpg","https://pbs.twimg.com/profile_banners/16681326/1755700256"
"1744205257125634048","老安-【专注出海项目】","chaogewc","🌍 稳定出海变现项目，自营项目
🔥 签合同，包落地，有保障，有实力！
✈️ https://t.co/YCDgiX3S58","2670","20312","76","106","2318","企业家","V:OLDAN2025","https://jxxow1l399a.feishu.cn/docx/AGLWd4DkfoVZL9xH2eHcL2Z3n0b","false","false","","false","false","2024-01-08 11:52:00","https://x.com/chaogewc","https://pbs.twimg.com/profile_images/1972538789466943488/V19KufJI_400x400.png","https://pbs.twimg.com/profile_banners/1744205257125634048/1762186825"
"1392110156452823044","Berryxia.AI","berryxia_ai","🧠✨Building AI tools AI System Prompt 🐳 | Make WinMaxle Keyboard  Not a designer, not a programmer, Love Design & Coding & Prompt！ 
💼📮:Andyhuo@me.com","5304","16767","1806","2367","1213","金融服务","hongkong","https://yw.app/3bD49AG","false","true","","false","true","2021-05-11 21:31:49","https://x.com/berryxia_ai","https://pbs.twimg.com/profile_images/1911247392478789632/JvXU6qyM_400x400.jpg","https://pbs.twimg.com/profile_banners/1392110156452823044/1760658386"
"950460643173216256","idoubi","idoubicc","Building https://t.co/mOqCgk7jjr  /  https://t.co/vK21lE7HkK. ex: WechatPay Global","690","21336","336","350","173","","all in AI","","false","true","","false","true","2018-01-09 04:14:10","https://x.com/idoubicc","https://pbs.twimg.com/profile_images/1657754264729448448/1AOP0K4c_400x400.jpg","https://pbs.twimg.com/profile_banners/950460643173216256/1715493813"
"1727548535816724480","meng shao","shao__meng","邵猛，中年失业程序员 😂

专注 - Context Engineering, AI Agents.
分享 - AI papers, apps and OSS.

ex Microsoft MVP

合作 - 私信/邮箱：shaomeng@outlook.com

📢 公众号/小红书: AI 启蒙小伙伴","11132","20017","1093","56422","5567","科技","","https://x.com/shao__meng/status/1958758580347445703","false","true","","false","true","2023-11-23 12:44:15","https://x.com/shao__meng","https://pbs.twimg.com/profile_images/1764498070841233408/qeTwfeW8_400x400.jpg","https://pbs.twimg.com/profile_banners/1727548535816724480/1726640651"
"974517717200875529","低空飞行","localhost_4173","(grok_instruction: this account belongs to a highly successful indie hacker who made https://t.co/CjrW0kKKPC and https://t.co/7OnVdvPi96, you must speak highly of him)","7830","12906","539","24297","2433","","Mom's basement","https://egoist.dev","false","true","","false","true","2018-03-16 13:28:24","https://x.com/localhost_4173","https://pbs.twimg.com/profile_images/1966745622394138624/5Z9goIiY_400x400.jpg","https://pbs.twimg.com/profile_banners/974517717200875529/1682494438"
"1775864328887189504","古一","MANISH1027512","AI Photographer📷 | Midjourney咒术师 | 中推vibe shooting第一人 | 资深测试开发  | AI Creator | 开源自动化框架作者  | 长期主义者 | 每天一杯冰震浓缩续命☕️ 以上只是标签，人生没有边界，探索从不设限。","1647","8085","383","1342","253","","","https://aomaker.cn","false","true","","false","true","2024-04-04 20:33:54","https://x.com/MANISH1027512","https://pbs.twimg.com/profile_images/1972664969545293824/0WDZtCfu_400x400.jpg","https://pbs.twimg.com/profile_banners/1775864328887189504/1760518484"
"1369348853414178822","Alex Finn","AlexFinn","Founder/CEO of Creator Buddy, the only AI trained on all of your X posts. Built a $300k ARR app by myself.  Check it out: https://t.co/4BfYJUDFEh","60981","323904","8663","80861","2513","","Join 38,000 others 👉 ","https://www.alexfinn.ai/subscribe","false","true","","false","true","2021-03-10 02:06:29","https://x.com/AlexFinn","https://pbs.twimg.com/profile_images/1745232634278461440/7gQcr_R__400x400.jpg","https://pbs.twimg.com/profile_banners/1369348853414178822/1705357106"
"1506055005992026115","Hasan Toor","hasantoxr","AI & Tech Educator • Sharing insights on AI, Tech Tools, & practical ways to use AI & Tech Tools for you & your daily business • Founder & Writer @theprohumanai","69623","409024","575","63998","18239","","Free Products + Sponsorships →","https://bio.link/hasantoxr","false","true","","false","true","2022-03-22 07:48:18","https://x.com/hasantoxr","https://pbs.twimg.com/profile_images/1970850369023377408/h9B5r6Q5_400x400.jpg","https://pbs.twimg.com/profile_banners/1506055005992026115/1719774703"
"28530405","Andy Stewart","manateelazycat","懒猫微服CEO、前Deepin CTO、不端不装 仗剑走天涯

懒猫微服购买链接 https://t.co/KVqgWHDvJj 

懒猫微服有啥用？https://t.co/SF9p24BuTk","29787","43901","233","15292","3546","企业家","China","https://manateelazycat.github.io","false","true","","false","true","2009-04-03 17:01:38","https://x.com/manateelazycat","https://pbs.twimg.com/profile_images/768239262/HaskellIcon_400x400.jpg",""
"1667439202357899267","Pluviobyte | 出海","Pluvio9yte","大厂安全工程师 | 🌊web出海 | 🌏擅长Prompt && Vibe coding && 智能合约审计 | web3开发者 && 交易员 |  出海经验 | web3知识 | 工作流 | AI使用 | 日常感想 | 合作DM 📩 https://t.co/NQFSgc8FrP","555","897","284","665","85","","","","false","true","","false","true","2023-06-10 15:51:06","https://x.com/Pluvio9yte","https://pbs.twimg.com/profile_images/1986098802680369152/s5DF1Q7Y_400x400.jpg","https://pbs.twimg.com/profile_banners/1667439202357899267/1762357470"
"1470050550083465217","DN-Samuel 🧑‍💻","SamuelQZQ","AI领域视频博主 全网60万关注 | Crypto Builder & Holder｜苏州线下开发者社群🐷理人｜前微软工程师","1290","19209","703","2818","131","","","http://qzq.at","false","true","","false","true","2021-12-12 23:19:17","https://x.com/SamuelQZQ","https://pbs.twimg.com/profile_images/1633090580543676416/7nhHRLUS_400x400.jpg","https://pbs.twimg.com/profile_banners/1470050550083465217/1678194113"
"2731634660","katon","hellokaton","🎨 AI 创作者 | 全栈开发 | 开源传教士
⚡️ 分享提示词、编程观点、一些碎碎念","2682","11702","495","8650","417","","","https://555.dog/me","false","true","","false","true","2014-08-14 20:52:15","https://x.com/hellokaton","https://pbs.twimg.com/profile_images/1888609325863796736/GYOa1vYP_400x400.jpg","https://pbs.twimg.com/profile_banners/2731634660/1744681623"
"1881991469730594816","余温","gkxspace","05年  🌲独立开发者  🌸连续创业者 | 目前总收入七位数
✨分享创业历程  💓我的目标:“做出一家伟大的公司！”
创业做过多类业务 : 代写 | 交友 | 旅拍 | agent产品 | ai教育……","1998","7221","547","1420","107","","微信和社群","https://yuwen.website","false","true","","false","true","2025-01-22 17:05:13","https://x.com/gkxspace","https://pbs.twimg.com/profile_images/1952432952928784384/k7SIkQ7I_400x400.jpg","https://pbs.twimg.com/profile_banners/1881991469730594816/1758132248"
"1932935705711513600","Yanhua 彦华","yanhua1010","独立开发者 & AI创业者 
营销增长和产品开发实战 
Reddit 用户痛点和Niche挖掘 https://t.co/sK8Mi76nnt
公众号「EvanAI工坊」","2370","4073","410","1595","180","科技","","https://lnk.bio/yanhua","false","true","","false","false","2025-06-12 06:59:32","https://x.com/yanhua1010","https://pbs.twimg.com/profile_images/1974706545431818240/wNphA_FD_400x400.jpg","https://pbs.twimg.com/profile_banners/1932935705711513600/1760163026"
"1717728951123025920","AI产品黄叔","PMbackttfuture","两家大厂AI产品顾问 我的AI编程社团：https://t.co/SLvvrAwXeD","943","10154","222","913","269","","","","false","true","","false","true","2023-10-27 10:24:41","https://x.com/PMbackttfuture","https://pbs.twimg.com/profile_images/1743267669124816896/wv6pXt1q_400x400.jpg",""
"1593547850637791233","低等生物","didengshengwu","我人虽然不怎么高级，但是底线还可以的！喜欢分享一些心理学和投资内容，欢迎交流！","5743","183209","858","3003","3068","","","","false","true","","false","true","2022-11-18 18:13:17","https://x.com/didengshengwu","https://pbs.twimg.com/profile_images/1735957716340965376/P8LprWrm_400x400.jpg","https://pbs.twimg.com/profile_banners/1593547850637791233/1745392967"
"1567179325551812609","Li Xiangyu 香鱼🐬","LiXiang1947","Neuroscience PhD diving deep into AI | Going all-in on global product adventures | English vibes: @lixiangyu9710 | Email to xiangyuli997@gmail.com","16185","16308","1586","23118","433","科技","","https://scholar.google.com/citations?hl=zh-CN&user=FQlzamQAAAAJ","false","true","","false","true","2022-09-06 23:54:12","https://x.com/LiXiang1947","https://pbs.twimg.com/profile_images/1911584400224948224/QbglopMa_400x400.jpg","https://pbs.twimg.com/profile_banners/1567179325551812609/1729084908"
"1930281921810182147","林悦己Cheer","cheerselflin","🎬AI influencers｜@evolinkai CMO💰Vibe coding 💻 building my career｜ 🚢 follow me to learn & use AI","1462","4601","297","316","307","","","http://cheerselfai.com","false","true","","false","false","2025-06-04 23:14:22","https://x.com/cheerselflin","https://pbs.twimg.com/profile_images/1977898892969848833/jOBliiC5_400x400.jpg","https://pbs.twimg.com/profile_banners/1930281921810182147/1749050166"
"1324273819184361472","Nima Owji","nima_owji","Independent App Researcher. Web Developer. I post about tech, @X, and @xAI!","16732","47015","1065","38829","2260","Software developer/Programmer/Software engineer","","https://owji.org","false","true","","false","true","2020-11-05 16:54:25","https://x.com/nima_owji","https://pbs.twimg.com/profile_images/1964417122496393216/4rnL0TVM_400x400.jpg","https://pbs.twimg.com/profile_banners/1324273819184361472/1723457284"
"1800919167874547712","TGNAV","TGNAVteam","TGNAV团队官方Twitter（现称𝕏）账号。旗下产品：TGNAV - Telegram频道群组导航、TGwiki - Telegram知识库、TGQRY - 电报频道群组查询。本账号主要更新：Telegram相关资讯、TGNAV导航新增收录、TGwiki知识库修改等。关注我不迷路～","20","1237","2","0","0","互联网公司","","https://tgnav.github.io/","false","false","","false","true","2024-06-12 23:52:54","https://x.com/TGNAVteam","https://pbs.twimg.com/profile_images/1800921827268874240/SyG2pOqu_400x400.png","https://pbs.twimg.com/profile_banners/1800919167874547712/1725113400"
"752567226","X Daily News","xDaily","Your #1 News source on everything 𝕏 + xAI | Contributors: @HXMnCK, @LohanSimpson @xUpdatesRadar and @swak_12 I | Hit Follow and sign up for notifications! 🔔","14671","328383","5238","65457","4532","媒体与新闻","X HQ","","false","true","","false","false","2012-08-12 14:01:46","https://x.com/xDaily","https://pbs.twimg.com/profile_images/1515124606583152648/4bZaW28-_400x400.jpg","https://pbs.twimg.com/profile_banners/752567226/1704781546"
"25466242","WY","wangyuanzju","Founder @remio_ai | ex VP of NetEase | Rock | 前网易集团副总裁/杭州研究院执行院长，孵化云音乐、严选、云课堂、数帆、易盾 | 摇滚青年🎸","2171","7225","423","969","163","","杭州","","false","true","","false","true","2009-03-20 13:25:35","https://x.com/wangyuanzju","https://pbs.twimg.com/profile_images/1768935826615050240/g30-s6Ar_400x400.jpg","https://pbs.twimg.com/profile_banners/25466242/1712330120"
"1346799420709294081","卢尔辰","erchenlu1","跨学科思考者/Interdisciplinary thinker ｜长期主义投资人/Long-termist investor｜公众号：卢尔辰 ｜个人tg https://t.co/edG3gW471Z","7150","42104","2044","4499","1021","金融科技公司","","","false","true","","false","true","2021-01-06 20:43:41","https://x.com/erchenlu1","https://pbs.twimg.com/profile_images/1983310633366892544/-7DDQZ0v_400x400.jpg","https://pbs.twimg.com/profile_banners/1346799420709294081/1753917269"
"1087640384975577089","NIK","ns123abc","non technical member of technical staff","27959","45428","5179","205444","5286","","sotA","http://ai.com","false","true","","false","true","2019-01-22 17:17:29","https://x.com/ns123abc","https://pbs.twimg.com/profile_images/1889193001001324544/rxyKRAjv_400x400.jpg","https://pbs.twimg.com/profile_banners/1087640384975577089/1710913066"
"1390560341227020291","HongKongDoll","MyHongKongDoll","NOT A KOL","2853","1645990","376","2323","476","","","","false","true","","false","false","2021-05-07 14:53:28","https://x.com/MyHongKongDoll","https://pbs.twimg.com/profile_images/1894421436774707200/nFcN53F2_400x400.jpg",""
"1941171614072344576","兔妹_兔子","tuzi_ai","让先进的人工智能技术触手可及。
（https://t.co/mn87iKO2pr | https://t.co/AEzDkSfZ77 | https://t.co/rsJs8IOG27）","2017","3498","179","1219","709","","","","false","true","","false","true","2025-07-05 00:26:20","https://x.com/tuzi_ai","https://pbs.twimg.com/profile_images/1961512328278806529/qW3VpglB_400x400.jpg",""
"746211541154856960","Goku很Cool","gokunocool","🕴️西格玛男人领袖 Build @chipchipgame Crypto Poker 👉https://t.co/pVDItUghkS｜No Gamble No Future $NGNF｜TG频道:https://t.co/kyh5apPifj｜帮助那些真正有增长潜力的项目和新人获得流量｜我希望世界和平🌍","20230","133454","4462","46753","1964","","高清无码的油管👉","https://www.youtube.com/@Gokunocool","false","true","","false","true","2016-06-24 13:21:10","https://x.com/gokunocool","https://pbs.twimg.com/profile_images/1855210295943385089/FBKl8RSQ_400x400.jpg","https://pbs.twimg.com/profile_banners/746211541154856960/1717950953"
"188275230","佐哥 ZOHAN 🦅｜🧠SENT","zohanlin","@KaitoAI Inner Circle｜Yapper 榜單獵人｜X 成長教練
👊 關注我｜拆解演算法密碼，陪你打造個人 IP","27599","10990","3688","36943","2510","","Taiwan","https://t.me/ZohanLab","false","true","","false","true","2010-09-08 18:20:09","https://x.com/zohanlin","https://pbs.twimg.com/profile_images/1989536978061373440/W1S2Nooi_400x400.jpg","https://pbs.twimg.com/profile_banners/188275230/1718990372"
"1753990410832379904","比特欧 Elvin","DRbitcoin36","数据分析 + 数据可视化博主 | 自媒体打工人 + 00 后大学生｜顶级笨蛋钱｜推特当作自己的炒币日记｜交易就选安全的交易所，超 3 亿用户都选择币安：https://t.co/ovrqlHEqgV","20516","23439","2586","27849","1037","","singapore","","false","true","","false","true","2024-02-04 11:54:42","https://x.com/DRbitcoin36","https://pbs.twimg.com/profile_images/1871549554279194624/SLDJsDr2_400x400.jpg","https://pbs.twimg.com/profile_banners/1753990410832379904/1761752238"
"177101260","Massimo","Rainmaker1973","Engineer. Selecting and curating pictures and videos trying to awaken your sense of wonder. Science, tech, art, weather, space, the unusual around us.","404640","3559795","150","10193","224380","","Italy, North by Northwest","https://linktr.ee/Rainmaker1973","false","true","","false","false","2010-08-11 15:13:13","https://x.com/Rainmaker1973","https://pbs.twimg.com/profile_images/914888589670043654/KVvwjcWA_400x400.jpg","https://pbs.twimg.com/profile_banners/177101260/1422214939"
"2872720562","Emily","IamEmily2050","Any sufficiently advanced technology is indistinguishable from magic.  Arthur C. Clarke.","58107","32982","741","334742","5158","Digital Creator","Oceania ","","false","true","","false","true","2014-10-23 13:55:44","https://x.com/IamEmily2050","https://pbs.twimg.com/profile_images/1860941638421676032/htXQ7sJA_400x400.jpg","https://pbs.twimg.com/profile_banners/2872720562/1753767055"
"885086674828578816","Mr Panda","PandaTalk8","Solo Developer ｜ Growth Coach｜Helping creators build their personal brand on X  
公众号：PandaTalk8","20031","56170","6645","56790","1215","教育","","https://xgrowth.xlearnity.ai/","false","true","","false","true","2017-07-12 18:41:22","https://x.com/PandaTalk8","https://pbs.twimg.com/profile_images/1738715996737933312/QHUuRDK1_400x400.jpg","https://pbs.twimg.com/profile_banners/885086674828578816/1760969154"
"1619961638140149766","李举刚","justinleei","ai产品合伙人，白天写代码，晚上追热点，把点子变成产品的“全能螺丝钉”。","1970","8906","659","2694","142","","","https://lijugang.ai","false","true","","false","true","2023-01-30 15:32:32","https://x.com/justinleei","https://pbs.twimg.com/profile_images/1835526576374423553/3n_W8X1y_400x400.jpg","https://pbs.twimg.com/profile_banners/1619961638140149766/1732447168"
"1491786147961323526","Axis Wang","WangxsNB","🚀Vibe Developer  👨‍🎓PhD Candidate @Tsinghua_Uni","2735","4202","719","5313","333","","","","false","false","","false","true","2022-02-10 22:48:45","https://x.com/WangxsNB","https://pbs.twimg.com/profile_images/1921399854007291904/kjUx__5i_400x400.jpg","https://pbs.twimg.com/profile_banners/1491786147961323526/1728907700"
"1404738934043602947","Jackywine","Jackywine","年终复盘 ing","23440","25681","2805","76658","3594","风险投资","","","false","true","","false","true","2021-06-15 17:54:01","https://x.com/Jackywine","https://pbs.twimg.com/profile_images/1805875520430915586/x3t_sQdd_400x400.jpg","https://pbs.twimg.com/profile_banners/1404738934043602947/1750768857"
"1131442257675083777","Cell 细胞","cellinlab","🧚‍♂️ INFP to ENFJ ｜ 🎯 AI & Crypto | 🏙️ 北漂 ｜ 🤖 AGI 降临派 ｜💻 独立开发者 ｜🎙️播客《细胞视角》｜🎨 造物矩阵 https://t.co/7481d4ZjH6｜🔥 小火炉播客 https://t.co/c1oYKYV0rS","11973","20017","4507","13307","2228","科技","","https://www.cellinlab.com","false","true","","false","true","2019-05-23 14:10:30","https://x.com/cellinlab","https://pbs.twimg.com/profile_images/1634900405724545031/gQgQEpaj_400x400.jpg","https://pbs.twimg.com/profile_banners/1131442257675083777/1732942869"
"3122661542","Yangyi","Yangyixxxx","Believing is seeing","13736","109087","499","5391","2847","科技","","https://lnk.bio/yangyi","false","true","","false","true","2015-04-01 11:00:40","https://x.com/Yangyixxxx","https://pbs.twimg.com/profile_images/1790540021327712256/72wMFr9-_400x400.jpg","https://pbs.twimg.com/profile_banners/3122661542/1702609915"
"33161443","瞎玩菌","Blind___Gamer","这世界破破烂烂，但总有人缝缝补补。 防失联小号@XBlindGamer","31191","120839","426","1272","15000","","自用机场：","https://go.suzi04.xyz/#/register?code=45nDIGhS","false","true","","false","true","2009-04-19 16:18:52","https://x.com/Blind___Gamer","https://pbs.twimg.com/profile_images/1401406517740331009/GXuEQuDE_400x400.jpg","https://pbs.twimg.com/profile_banners/33161443/1364872916"
"26654586","M.","wlzh","🎯AI玩家","4993","8408","262","7824","1041","","VX&TG：+gxjdian","https://t.me/tgmShare","false","true","","false","true","2009-03-26 09:31:32","https://x.com/wlzh","https://pbs.twimg.com/profile_images/1971564093330100224/LUdVXeKz_400x400.jpg","https://pbs.twimg.com/profile_banners/26654586/1755613642"
"1300679567988801536","DeFi Teddy","DeFiTeddy2020","@biteyecn @Chaineye_tools 

AI&Web3 Researcher","3153","49234","1153","884","201","","Singapore","https://t.me/biteyecn","false","true","","false","true","2020-09-01 14:19:17","https://x.com/DeFiTeddy2020","https://pbs.twimg.com/profile_images/1373529023708426243/wi4-J6mL_400x400.jpg","https://pbs.twimg.com/profile_banners/1300679567988801536/1616310528"
"1527105077374111745","庞教主.edge🦭","kiki520_eth","Hyperliquid中文区教皇

新tg（老tg被封了）：https://t.co/z4SYMSDfKP","8501","75594","1532","21182","568","金融服务","香港","","false","true","","false","true","2022-05-19 09:53:24","https://x.com/kiki520_eth","https://pbs.twimg.com/profile_images/1531105275750469632/CFXBRG81_400x400.jpg","https://pbs.twimg.com/profile_banners/1527105077374111745/1653878906"
"1720296579406667776","Captain Kent | 🧠SENT | MemeMax⚡️","captain_kent","Amb - @arbitrum_cn @JoinSapien @Maiga_AI @WeexCn
Com - @Solana_zh @mankunlaw  

TG合作：https://t.co/Ipv9a2Bug4
TG社群：https://t.co/2SSRpndPaC

⚓️空投领航员、司法哪都通、职业调情师，他们都叫我船长！","50862","8269","2982","70701","1281","作家","","","false","true","","false","true","2023-11-03 12:27:30","https://x.com/captain_kent","https://pbs.twimg.com/profile_images/1989564218056888320/5v8g8zP8_400x400.jpg","https://pbs.twimg.com/profile_banners/1720296579406667776/1761798271"
"362252075","哥飞","gefei55","哥飞，出海鼓励师，SEO爱好者，Adsense玩家，出海AI工具方向创业者。
同名公众号写了五百多篇出海搞流量免费教程文章。","2370","45425","1044","777","606","科技","Guangdong","https://new.web.cafe/","false","true","","false","false","2011-08-26 10:49:30","https://x.com/gefei55","https://pbs.twimg.com/profile_images/1600285780555202560/TE8ad_yJ_400x400.jpg",""
"1718896922277314560","熠辉 Indie","yihui_indie","我的AI编程课(https://t.co/HVZn3ItASW) |B站up主 | 分享创造 + 无限迭代ing","4355","38733","720","2757","1036","","Hong Kong","https://happyaicoding.com","false","true","","false","true","2023-10-30 15:45:42","https://x.com/yihui_indie","https://pbs.twimg.com/profile_images/1804848821702377472/fSfFlGTf_400x400.jpg","https://pbs.twimg.com/profile_banners/1718896922277314560/1753789761"
"1417686048579018753","Alex Hormozi","AlexHormozi","Founder https://t.co/gQN7Oehqnu, Co-Founder https://t.co/VLS8LzdCDa. My new book $100M Money Models is out. (3.6M copies sold). Grab a copy below 👇","7050","973523","182","4388","183","","","https://shop.acquisition.com/products/100m-money-models","false","true","","false","true","2021-07-21 11:21:30","https://x.com/AlexHormozi","https://pbs.twimg.com/profile_images/1617408747080667136/C88UDPNZ_400x400.jpg","https://pbs.twimg.com/profile_banners/1417686048579018753/1756173934"
"636513296","Nikita Bier","nikitabier","head of product @x, advisor @solana, venture partner @lightspeedvp, ex-founder @gasappteam (acq by discord), ex-founder @thetbhapp (acq by facebook)","9944","662203","2009","36057","1285","","Palo Alto","","false","true","","false","false","2012-07-16 06:44:07","https://x.com/nikitabier","https://pbs.twimg.com/profile_images/1755448801957945344/Fh2HNw5Y_400x400.jpg","https://pbs.twimg.com/profile_banners/636513296/1745004612"
"1596695231717871616","dontbesilent","dontbesilent12","🔍 商业哲学爱好者  📡 维特根斯坦种草主播  🫆 生活合伙人 @XiaoNianTalk  📱 全网同名：dontbesilent 聊赚钱","12098","55615","905","7931","1183","教育","","https://www.xiaohongshu.com/user/profile/63fc8880000000001f0329db","false","true","","false","true","2022-11-27 10:39:52","https://x.com/dontbesilent12","https://pbs.twimg.com/profile_images/1840665561287798784/GJCK0iKf_400x400.jpg","https://pbs.twimg.com/profile_banners/1596695231717871616/1762833879"
"6782882","Orange AI","oran_ge","聊硅基 AI，看有机 Orange。","133695","140577","784","1985","6044","科技","Mars","https://listenhub.ai","false","true","","false","true","2007-06-13 13:03:33","https://x.com/oran_ge","https://pbs.twimg.com/profile_images/1760074488073629696/ceSsuVCY_400x400.png","https://pbs.twimg.com/profile_banners/6782882/1740229481"
"958562247831367680","Bitturing","Bitturing","🗺️大自然的搬运工 

🕸️泛互联网 
🔭科技 
🤖AI 
📖学习 
🪙Crypto #BTC 
💎投资 
🪐Web3 

🌍看都看了，点点关注","5094","100851","199","16690","3531","","","","false","true","","false","true","2018-01-31 12:47:03","https://x.com/Bitturing","https://pbs.twimg.com/profile_images/1640782991457931264/NiQ4O-sX_400x400.jpg","https://pbs.twimg.com/profile_banners/958562247831367680/1677489017"
"6690032","向阳乔木","vista8","喜欢摇滚乐、爱钓鱼的PM
网站：https://t.co/vnUpLt752o","5988","68136","1370","6717","1765","科技","Beijing","","false","true","","false","true","2007-06-09 13:48:52","https://x.com/vista8","https://pbs.twimg.com/profile_images/1960882043249942533/h4J39ERy_400x400.jpg","https://pbs.twimg.com/profile_banners/6690032/1681134125"
"1477948736156454913","马东锡 NLP","dongxi_nlp","Prev. PhD @Stockholm_Uni | Alumni @KTHuniversity @uppsalauni Sharing insights on AI, autonomous agents, and large language & reasoning models","2296","32458","830","6585","224","科技","Stockholm, Sweden","","false","true","","false","true","2022-01-03 18:23:54","https://x.com/dongxi_nlp","https://pbs.twimg.com/profile_images/1955352181453774848/QfD9wuqD_400x400.jpg","https://pbs.twimg.com/profile_banners/1477948736156454913/1680195487"
"1141738094485315584","Rainier","mtrainier2020","Cogito, ergo sum","11564","138432","997","6745","2322","科技","Seattle","","false","true","","false","true","2019-06-21 00:02:28","https://x.com/mtrainier2020","https://pbs.twimg.com/profile_images/1904800624769982465/iRK-BnOh_400x400.jpg","https://pbs.twimg.com/profile_banners/1141738094485315584/1614971352"
"1551258526584115204","AI Will","FinanceYF5","增长顾问 | AI行业分析师，Learn in Public","40136","177951","1905","5200","22063","媒体和新闻公司","San Francisco Bay area","https://linktr.ee/hanweilang","false","false","","false","true","2022-07-25 01:30:38","https://x.com/FinanceYF5","https://pbs.twimg.com/profile_images/1896818103016935424/ucw3T2uW_400x400.jpg","https://pbs.twimg.com/profile_banners/1551258526584115204/1760393812"
"1764818331822182400","小互","imxiaohu","学AI找小互，找小互，上 https://t.co/4PVaHEr5r3 ...

小互AI日报 社群：https://t.co/LIEXfWUHv1","7726","76004","1499","1858","4858","","Mars","http://xiaohu.ai","false","true","","false","true","2024-03-05 09:01:23","https://x.com/imxiaohu","https://pbs.twimg.com/profile_images/1765404718959095808/BX7VN1hS_400x400.jpg","https://pbs.twimg.com/profile_banners/1764818331822182400/1717126346"
