﻿"User ID","Name","Username","Bio","Tweets Count","Followers Count","Following Count","Favourites Count","Media Count","Professional","Location","Website","Verified","Is Blue Verified","Verified Type","Protected","Can DM","Created At","Profile URL","Avatar URL","Profile Banner URL"
"1605099931391234049","那不能撕","aigedade","所见即所得。","2254","2696","991","841","355","","","","false","false","","false","false","2022-12-20 15:18:32","https://x.com/aigedade","https://pbs.twimg.com/profile_images/1988821733269467139/5s3QXsU8_400x400.jpg","https://pbs.twimg.com/profile_banners/1605099931391234049/1737608023"
"1830880351801221120","凡人小北","frxiaobei","行道途中。非求速成，惟求通达。
2023 年扎进AI ，打通Know-How，不少赚钱项目，踩过坑，也见过光。
围城里待得够久了，出来聊聊世界，聊聊技术、聊聊赚钱。","3831","19047","351","4587","224","","vx/WeChat: frxiaobei","https://www.frxiaobei.com/","false","true","","false","true","2024-09-03 16:08:10","https://x.com/frxiaobei","https://pbs.twimg.com/profile_images/1916849689783402496/DC10b7O3_400x400.jpg","https://pbs.twimg.com/profile_banners/1830880351801221120/1728362842"
"1682823290606473216","Indie Maker Kevin","PennyJoly","🔥 AI API Gateway - https://t.co/as5tO4onvf
🧰AI Navigation - https://t.co/e3YY3mSNvj
🌈Nuxt3 saas boilerplate- https://t.co/xkVLFx06yU
🎟️$40 Discount coupon:0EZTUESGU9","2151","3166","233","3223","215","软件应用程序","","https://remover.plus","false","true","","false","true","2023-07-23 02:42:03","https://x.com/PennyJoly","https://pbs.twimg.com/profile_images/1682823738331635713/ui-RfwQe_400x400.jpg","https://pbs.twimg.com/profile_banners/1682823290606473216/1711387508"
"1720259528267386880","JaredL","jaredliu_bravo","💡 Building YouMind. Founder of Tidyread.
💼 Ex Engineer @ Alibaba, TL @ A+ startup. 
🥰 Productivity & mental health.
⚡ Raycast power-user & automation nerd","1060","1139","656","1610","213","","","https://bento.me/jaredliu","false","true","","false","true","2023-11-03 10:00:24","https://x.com/jaredliu_bravo","https://pbs.twimg.com/profile_images/1984603218064596992/AUhbETq2_400x400.jpg","https://pbs.twimg.com/profile_banners/1720259528267386880/1762001260"
"1895337845176381440","小曾","yline0077","10年开发程序猿，现深耕AI领域，AI编程，AI智能体，AI副业赚钱项目探索！
微信公众号：小曾AI笔记","3","6","126","2","1","","","","false","false","","false","false","2025-02-28 12:59:07","https://x.com/yline0077","https://pbs.twimg.com/profile_images/1957708892768735232/U4Kx0I0E_400x400.jpg",""
"4303922387","何语晨 ｜yuchen","chenmutime","副业兜底人。等着被裁的全栈选手。","1788","2073","731","3594","50","","","","false","false","","false","true","2015-11-28 13:36:59","https://x.com/chenmutime","https://pbs.twimg.com/profile_images/1929940626617053186/B7eaJ6IU_400x400.jpg","https://pbs.twimg.com/profile_banners/4303922387/1570751799"
"1207900452659978240","hashsky(AI Research & Alpha Hunter)","0xhashsky","AI Research & Alpha drops for followers.
聚焦Ai与web3,提供前沿信息.
目标研究100个Ai项目!
Ai时代,远比我们想象的要精彩!
给关注我的人提供更多的价值!","2237","3139","4700","2046","60","","","","false","true","","false","true","2019-12-20 13:48:16","https://x.com/0xhashsky","https://pbs.twimg.com/profile_images/1940202246744002561/gBuM1ORf_400x400.jpg","https://pbs.twimg.com/profile_banners/1207900452659978240/1751374426"
"1965964656557830145","ltsLeoliu","ltsLeoliu","🚀An unlucky iOS indie dev #iOSDev #IndieDev #buildinpublic
📱 ppScreen
https://t.co/sjcyvgmeG9
📝 Vomi
https://t.co/i8YFs5vcAa","285","112","122","20","27","移动应用程序","","","false","true","","false","false","2025-09-11 10:24:53","https://x.com/ltsLeoliu","https://pbs.twimg.com/profile_images/1988169260229947395/TBDtRg6U_400x400.jpg","https://pbs.twimg.com/profile_banners/1965964656557830145/1760622680"
"1587376519860539392","牛油果先生","huolong010","产品人 | 研究Ai是工作也是爱好｜探索被动收入 ｜专注于Ai实践，搁这聊聊Ai","3743","760","369","1815","449","","杭州","","false","true","","false","true","2022-11-01 17:30:46","https://x.com/huolong010","https://pbs.twimg.com/profile_images/1911808425031282689/kxDjOSeg_400x400.jpg","https://pbs.twimg.com/profile_banners/1587376519860539392/1761818871"
"1712095004","狼叔","i5ting","前阿里，字节前端技术专家，关注Node.js AI Agent开发和Moonbit语言","4688","11602","2893","1897","262","","Beijing","","false","false","","false","false","2013-08-30 15:47:00","https://x.com/i5ting","https://pbs.twimg.com/profile_images/1817769006746746880/QfKfsYhV_400x400.jpg","https://pbs.twimg.com/profile_banners/1712095004/1710332016"
"3178231","宝玉","dotey","Prompt Engineer, dedicated to learning and disseminating knowledge about AI, software engineering, and engineering management.","27042","144645","1452","37985","4690","","Chicago, IL","https://baoyu.io","false","true","","false","true","2007-04-02 11:42:14","https://x.com/dotey","https://pbs.twimg.com/profile_images/561086911561736192/6_g58vEs_400x400.jpeg",""
"763901306264322049","Susan STEM","feltanimalworld","Founder of the Entropy Control Theory : Language as system design  用结构抵抗熵增","33802","40587","6063","43143","1676","","Virginia, USA","https://www.entropycontroltheory.com","false","true","","false","false","2016-08-12 08:53:58","https://x.com/feltanimalworld","https://pbs.twimg.com/profile_images/1941884420048265216/Dbcchu0q_400x400.jpg","https://pbs.twimg.com/profile_banners/763901306264322049/1511626510"
"2674021682","zeromike","coolzeromike","- podcast 大话前端、大话英语、大话雅思单词 host
- study English
Focus on AI, Indie Hacker,Remote work
All views are my own","2269","748","369","637","321","","","https://bento.me/talktoweb","false","true","","false","true","2014-07-23 22:34:00","https://x.com/coolzeromike","https://pbs.twimg.com/profile_images/1728246581894557696/YSqXHNQY_400x400.jpg",""
"1714580962569588736","DeepSeek","deepseek_ai","Unravel the mystery of AGI with curiosity. Answer the essential question with long-termism.","151","969584","0","32","92","","","https://www.deepseek.com/","false","true","","false","false","2023-10-18 17:55:45","https://x.com/deepseek_ai","https://pbs.twimg.com/profile_images/1717417613775757312/Uk1zNOj4_400x400.jpg","https://pbs.twimg.com/profile_banners/1714580962569588736/1698208997"
"532199988","irisloveli","irisloveli","💡 独立开发者 🌟 https://t.co/E8jEX4uPdu - 记录 AI 开发的项目 🤖 https://t.co/16TPBVzqwf - 一个分享开源产品、想法的网站 🔥https://t.co/G2SwY9k7pU - 专为 AI 时代设计的 Prompt 管理解决方案 💬 纯白精选","117","48","139","4","94","","","https://aigc.inshub.cn","false","false","","false","false","2012-03-21 18:31:26","https://x.com/irisloveli","https://pbs.twimg.com/profile_images/1894361800306802688/QBi2BpZe_400x400.jpg","https://pbs.twimg.com/profile_banners/532199988/1740486035"
"1602939289532502016","翼小旭Sunny Zou","zouxulucky","效率工具PM｜10+年软件出海 & 商业化经验｜动手党，偶尔手搓小工具 记录产品思考 & 出海实战","1482","2292","313","1021","61","","","http://zouxu.fun","false","true","","false","false","2022-12-14 16:11:57","https://x.com/zouxulucky","https://pbs.twimg.com/profile_images/1970297019656011777/zAIB1kLc_400x400.jpg","https://pbs.twimg.com/profile_banners/1602939289532502016/1758118655"
"1848921579771858944","江枫","maple_cq","10年+芯片研发经验。喜欢用AI，玩AI
对一切有趣的事都感兴趣","495","95","137","16","100","","","","false","true","","false","false","2024-10-23 10:57:20","https://x.com/maple_cq","https://pbs.twimg.com/profile_images/1940299063452123136/yJ68G2bi_400x400.jpg",""
"1889214164322951168","AGI 磊叔","AgiRay1015","- 微信：data_growth
- 20 年经验在数据和AI领域
- 正在翻译《上下文工程》
- 已发布vibe coding的浏览器插件","362","161","196","76","148","","Guangzhou","https://github.com/akira82-ai/","false","false","","false","false","2025-02-11 15:25:46","https://x.com/AgiRay1015","https://pbs.twimg.com/profile_images/1951090942389395457/ezXktm2y_400x400.jpg",""
"1782229084342538240","SafePal 中文","SafePalCN","💎一站式加密钱包（硬件钱包 | APP 钱包 | 插件钱包）与数字资产服务，覆盖 100+ 公链，提供 Web3 钱包、银行服务等功能  
👑 币安唯一投资的硬件钱包项目，获 @Binance @animocabrands @Superscrypt 支持
Telegram: https://t.co/mYt3KsR3nc","2487","11739","220","1748","1103","","Not Financial Advice","http://safepal.com/zh-cn/","false","true","","false","true","2024-04-22 10:05:29","https://x.com/SafePalCN","https://pbs.twimg.com/profile_images/1983507832483008512/AWuNdW09_400x400.png","https://pbs.twimg.com/profile_banners/1782229084342538240/1752566226"
"1086906465988763650","一定会自由","JTao1994","独立开发者 & Vibe Coder | 美股投资 & 数据分析 | AI工具 & IP自媒体 | 
挖掘信息差，构建一人生意
欢迎关注我，一起从小生意走向大自由","555","438","1074","257","11","","","","false","true","","false","false","2019-01-20 16:41:10","https://x.com/JTao1994","https://pbs.twimg.com/profile_images/1567111675349987333/ogWkJy9e_400x400.jpg",""
"6782882","Orange AI","oran_ge","聊硅基 AI，看有机 Orange。","133695","140577","784","1985","6044","科技","Mars","https://listenhub.ai","false","true","","false","true","2007-06-13 13:03:33","https://x.com/oran_ge","https://pbs.twimg.com/profile_images/1760074488073629696/ceSsuVCY_400x400.png","https://pbs.twimg.com/profile_banners/6782882/1740229481"
"1871455931017678848","TRAE","Trae_ai","The Real AI Engineer. 
Download now: https://t.co/kapduuwttm  
Join SOLO waitlist: https://t.co/UXvS3gZnw7","998","30232","29","979","269","科技","San Francisco","http://trae.ai/?utm_source=content&utm_medium=twitter","false","true","Business","false","false","2024-12-24 15:20:52","https://x.com/Trae_ai","https://pbs.twimg.com/profile_images/1946201092687114241/4X_B0XgN_400x400.png","https://pbs.twimg.com/profile_banners/1871455931017678848/1752845476"
"1674506538336022528","Nick","nickbaumann_","perception czar @cline | product of @UWMadison 🦡","2064","5478","214","3478","203","","San Francisco, CA","","false","true","","false","true","2023-06-30 03:54:24","https://x.com/nickbaumann_","https://pbs.twimg.com/profile_images/1752126155593818113/wTCcZQEe_400x400.jpg","https://pbs.twimg.com/profile_banners/1674506538336022528/1758597620"
"1726486879456096256","Z.ai","Zai_org","The AI lab behind GLM models, dedicated to inspiring the development of AGI to benefit humanity.

https://t.co/b6zGxJvzzS","710","23820","169","824","143","","","http://z.ai","false","false","Business","false","true","2023-11-20 14:25:51","https://x.com/Zai_org","https://pbs.twimg.com/profile_images/1970775077181411328/W8XKaUIh_400x400.jpg","https://pbs.twimg.com/profile_banners/1726486879456096256/1744695341"
"1247835163670822914","罗杰斯 🇺🇦","dhbrojas","Research Engineer 智谱 https://t.co/vrJX6VP8I0 | Advanced Computing 清华大学","364","187","906","5620","41","","Paris, France","http://github.com/dhbrojas","false","false","","false","true","2020-04-08 18:34:38","https://x.com/dhbrojas","https://pbs.twimg.com/profile_images/1967559622723883008/ACfOglNJ_400x400.jpg","https://pbs.twimg.com/profile_banners/1247835163670822914/1683107010"
"1131679907346505728","Binyuan Hui","huybery","🥝 Building Qwen @Alibaba_Qwen. Focus on CodeLLM (Pre-training and Post-training) / Agent / Robotics. Ideas are my own.","1241","35996","681","2051","141","科技","","http://huybery.github.io","false","true","","false","true","2019-05-24 05:54:50","https://x.com/huybery","https://pbs.twimg.com/profile_images/1662530156639178752/O2vXm0cE_400x400.jpg","https://pbs.twimg.com/profile_banners/1131679907346505728/1685264558"
"1753339277386342400","Qwen","Alibaba_Qwen","Open foundation models for AGI.","588","123331","4","289","310","","","https://qwen.ai/","false","true","Business","false","false","2024-02-02 16:47:32","https://x.com/Alibaba_Qwen","https://pbs.twimg.com/profile_images/1894073235379273728/0ROUmdkE_400x400.jpg","https://pbs.twimg.com/profile_banners/1753339277386342400/1731637054"
"1729844163963670528","袋鼠帝","aikangarooking","前高级开发者、项目经理。AI Top公众号：袋鼠帝AI客栈，专注AI编程、Agent，工作流，持续分享AI实践干货 走超级个体之路","53","46","77","5","32","","","","false","true","","false","false","2023-11-29 20:46:13","https://x.com/aikangarooking","https://pbs.twimg.com/profile_images/1910512992141316096/gmbwInMy_400x400.jpg","https://pbs.twimg.com/profile_banners/1729844163963670528/1747226322"
"618751087","tangjinzhou","tangjinzhou","@mentorbook_ai

Open-source creator (https://t.co/RZwQkvYf58, 21K⭐)

Creator of https://t.co/XaPx3hQDiS  https://t.co/BmCv4BAxxo https://t.co/qHDd127xwr","2024","8216","611","3030","96","","","https://www.mentorbook.ai","false","true","","false","true","2012-06-26 13:03:46","https://x.com/tangjinzhou","https://pbs.twimg.com/profile_images/1952273219903508480/WeOr6NmB_400x400.jpg","https://pbs.twimg.com/profile_banners/618751087/1760516850"
"1783506872290664448","Kevin Ma","kevinma_dev_zh","👨‍💻 全栈开发 | 兩个娃 🧒 | 四只貓😸 | 喜欢听许巍/李健 🎶, 喜欢读王小波 📚 | 做过运维, 做过开发, 创过业, 在工厂打过杂 | 努力养家糊口 | 坚持学英语 | 分享英语, AI, 自媒体","2535","6187","593","6244","106","","","https://kevinma2010.net/service/","false","true","","false","true","2024-04-25 22:43:41","https://x.com/kevinma_dev_zh","https://pbs.twimg.com/profile_images/1783509931813154816/O2ZjRUSc_400x400.jpg","https://pbs.twimg.com/profile_banners/1783506872290664448/1714057364"
"928519951568158720","Peter Yang","affnom_y","Peter Yang｜10年Affiliate出海经验
专注付费流量与AI广告自动化
记录一人公司的成长
公众号:  Peter的Affiliate之路  https://t.co/bUCnPlEJjx","174","387","238","64","45","","Hong Kong","","false","true","","false","false","2017-11-09 15:09:42","https://x.com/affnom_y","https://pbs.twimg.com/profile_images/1963247945345884160/GJd5hlxl_400x400.jpg","https://pbs.twimg.com/profile_banners/928519951568158720/1758854969"
"2827471609","吕立青_JimmyLv (🐣, 🐣) 2𐃏25 | building bibigpt.co","Jimmy_JingLv","🚧 building https://t.co/AJfZ3LMlgq
https://t.co/SSdYgVYZsz
https://t.co/s0m0tpQMDH
https://t.co/Z3WryKZr0l

🐣learning/earning while helping others
❤️making software, storytelling videos
🔙alibaba @thoughtworks","7199","14742","4710","17368","1543","科技","crossbell.io/@jimmylv","https://jimmylv.cn","false","true","","false","true","2014-09-23 12:56:37","https://x.com/Jimmy_JingLv","https://pbs.twimg.com/profile_images/1904951563657129984/FUJlM4dy_400x400.jpg","https://pbs.twimg.com/profile_banners/2827471609/1668128967"
"1220290277056897025","Pangyu 胖鱼 🐠","pangyusio","🎓 CS/AI PhD，🤖 Machine Learning/NLP/LLM Researcher，📍Singapore｜
🔍 关注 AI、科技、财经、历史、社会，📚 爱知求真 ｜
🌟 ENTJ，热爱思考，热爱生活，💪 坚持运动和阅读 ｜","8669","25756","1385","44276","405","科技","Singapore","https://linktr.ee/pangyus","false","true","","false","false","2020-01-23 18:20:59","https://x.com/pangyusio","https://pbs.twimg.com/profile_images/1220290486516228096/TwYdOfQ7_400x400.jpg","https://pbs.twimg.com/profile_banners/1220290277056897025/1580727980"
"814884992698368000","加密钟师傅🕊️","drmrzhong","资深设计师 | 社群运营 | Ai出海赚美刀
Web3 Builder | Alpha Research | vx: drmrzhong","30355","12553","12213","38236","2194","科技","Los Angeles, CA","https://www.mintpot.co/","false","true","","false","true","2016-12-31 01:24:57","https://x.com/drmrzhong","https://pbs.twimg.com/profile_images/1821535071234674688/wWswj6ij_400x400.jpg","https://pbs.twimg.com/profile_banners/814884992698368000/1684169033"
"1121337658876125186","AI花生🥜DIŸpÌg ☀","XMRer","人称花生大士
在野为 @webisopen（包括 @rss3_, @_rsshub, and @openinfo_）建设，声援孵化 @follow_app_，
让开放网络再次伟大。","5345","3115","2046","7933","326","Blockchain","","https://revery.xlog.app/","false","false","","false","true","2019-04-25 16:58:26","https://x.com/XMRer","https://pbs.twimg.com/profile_images/1794731405257187328/sMGTkeqb_400x400.jpg","https://pbs.twimg.com/profile_banners/1121337658876125186/1647827616"
"1877440800","李韭二","lee_toyofbob","【韭二代的自救和重生之路】 【文科生】【正在学习关于互联网和商业的一切】【分享我的愚蠢与偏见】","267","324","762","84","32","","Hong Kong","","false","true","","false","true","2013-09-18 08:52:13","https://x.com/lee_toyofbob","https://pbs.twimg.com/profile_images/1958447835365707776/pezBwxG9_400x400.jpg","https://pbs.twimg.com/profile_banners/1877440800/1762539508"
"1957643575128383489","Yep大白","easyopss","认真生活，慢慢变富｜目标：开发1000+实用小工具、副业日入1K｜分享从0到1的AI编程心得、副业变现路径和生活日常。#大白小应用","1396","2495","458","534","170","","VX：qinniao1234","https://www.easyops.work","false","true","","false","true","2025-08-19 11:20:27","https://x.com/easyopss","https://pbs.twimg.com/profile_images/1965629767912407040/YqlalUBV_400x400.jpg","https://pbs.twimg.com/profile_banners/1957643575128383489/1761021967"
"1976285144991608833","MindfulReturn 身心修复局","MindfulReturn","曾经的IT人，跨界做了几个网红咖啡厅，疫情亏惨了，现在重启人生，也是一个15岁游戏迷的父亲。文章精选及付费栏目请查看下面链接：","1005","4509","358","1652","140","","Macau","http://rebootmindful.github.io/mindfulreturn/","false","true","","false","false","2025-10-09 21:54:47","https://x.com/MindfulReturn","https://pbs.twimg.com/profile_images/1976288711743774720/aQHjghWV_400x400.jpg","https://pbs.twimg.com/profile_banners/1976285144991608833/1760104550"
"895814938995957760","Thread Reader App","threadreaderapp","I'm a 🤖 to help you read threads more easily. Reply to any tweet of a thread and mention me with the ""unroll"" keyword and I'll give you a link back 😀","5543221","783414","1175","2035","5755","","Wherever threads are written..","https://ThreadReaderApp.com","false","true","","false","true","2017-08-11 09:11:39","https://x.com/threadreaderapp","https://pbs.twimg.com/profile_images/1813321453183590400/lc6jtC3Y_400x400.jpg","https://pbs.twimg.com/profile_banners/895814938995957760/1612816501"
"39658761","Bruce","codeo4","2023年all in ai创业，现在主要做企业AI培训业务，同时组织技术沙动活动，对接AI资源和项目，寻找技术产品供应商一起搞钱。分享生活经验、搞钱经历和南老师给我的教训。","3213","1061","329","331","94","","中国广州","https://www.dongboge.cn","false","true","","false","false","2009-05-13 09:52:26","https://x.com/codeo4","https://pbs.twimg.com/profile_images/1972958879672848384/YDYjjc4P_400x400.jpg","https://pbs.twimg.com/profile_banners/39658761/1705306089"
"282522910","𝙋𝙖𝙨𝙨𝙡𝙪𝙤","passluo","在所有文化中，对地狱的描述都是重复。","26854","54430","1543","37683","2192","","","","false","true","","false","true","2011-04-15 19:10:43","https://x.com/passluo","https://pbs.twimg.com/profile_images/1597030973161422848/JrgJ5kiR_400x400.jpg","https://pbs.twimg.com/profile_banners/282522910/1631544376"
"186420551","clem 🤗","ClementDelangue","Co-founder & CEO @HuggingFace 🤗, the open and collaborative platform for AI builders","28413","162985","4793","8407","2702","科技","Miami / New York / Paris","http://huggingface.co/clem","false","true","","false","true","2010-09-03 20:25:12","https://x.com/ClementDelangue","https://pbs.twimg.com/profile_images/1100512198139498497/utHSJ4st_400x400.png","https://pbs.twimg.com/profile_banners/186420551/1731168567"
"1633837362806689795","Tienjui Wong","w0x7ce","Actualmente aprendiendo español 🥰 Embedded & Robotics Engineer, Travel Enthusiast, Walked Hong Kong and all the islands ,  I am Learning Spanish.  9BVQKMJF","498","133","611","8549","87","","","https://me.w0x7ce.eu","false","true","","false","false","2023-03-09 22:29:32","https://x.com/w0x7ce","https://pbs.twimg.com/profile_images/1633837427684179974/YWRh0bLU_400x400.png",""
"1612101590340755456","奇迹☆魔法少女","gasikaramada","💻 程序员，资深借书专家 
🤖 AI 带路党，氛围工程师，降临派大碳奸
🤯 focusing on Agentic Workflow","934","6674","1688","1032","126","科技","","","false","false","","false","true","2023-01-08 22:59:20","https://x.com/gasikaramada","https://pbs.twimg.com/profile_images/1906032996940980224/BsyRQ4Mx_400x400.png","https://pbs.twimg.com/profile_banners/1612101590340755456/1743268658"
"1735423477799342080","艾略特","elliotchen100","代码/设计/运营 @TenFramework 一个开源语音 AI 框架 ｜日常分享 AI ｜English @elliotchen200","5676","17062","834","9127","763","科技","","https://github.com/TEN-framework/ten-framework","false","true","","false","true","2023-12-15 06:16:36","https://x.com/elliotchen100","https://pbs.twimg.com/profile_images/1762647700103929856/cU4FBIrp_400x400.jpg","https://pbs.twimg.com/profile_banners/1735423477799342080/1758976286"
"1894533022026010625","AI-黑龙军团","FPoet41619","AI-金刚","7356","580","223","6136","471","","","","false","false","","false","false","2025-02-26 07:40:56","https://x.com/FPoet41619","https://pbs.twimg.com/profile_images/1968518221612666880/1USt8NPN_400x400.jpg",""
"1904556522900013056","Jerome.Y.","alterxyz4","Technical Philosopher | DevRel & User @dify_ai | 实现与哲学工作 | 翻译与被翻译者 | 这里当草稿本随便写写，仅代表个人","1421","696","239","14842","46","","San Francisco, CA","https://alterxyz.github.io/gitblog/","false","true","","false","true","2025-03-25 23:30:41","https://x.com/alterxyz4","https://pbs.twimg.com/profile_images/1904556815314268160/K75nQnJ8_400x400.jpg",""
"1249322582869852161","Ian (伊恩)","ianneo_ai","追波中国区Top设计师 | Muzli每日霸榜选手 | 懂审美的AI实战派；不只聊AI，更专注帮你少加班、多搞钱；合作DM，🏆 Dribbble 作品集: https://t.co/Ca5Z76OezZ","807","4307","400","1293","98","产品设计师","china","https://dribbble.com/neocurve","false","true","","false","true","2020-04-12 21:04:58","https://x.com/ianneo_ai","https://pbs.twimg.com/profile_images/1891533502811865088/TGLd-ENY_400x400.jpg","https://pbs.twimg.com/profile_banners/1249322582869852161/1762441864"
"847102917345591296","Josh","ZS_JOSH","新手爸爸/AI艺术家/设计师/写作者，正在努力把生活调成自己喜欢的样子。","3572","3248","520","15480","652","","中国","https://Josh.ad","false","true","","false","true","2017-03-29 23:07:28","https://x.com/ZS_JOSH","https://pbs.twimg.com/profile_images/1853265971685007360/695rv9qq_400x400.jpg","https://pbs.twimg.com/profile_banners/847102917345591296/1729575531"
"1224274235561926659","橘子猫天水🍊","AmamizuRei0","顶着橘子假装自己是橘猫的黑猫 | 实际上是一只经常会饿的野猪精 | 男的 | 超级brat","18637","3528","835","137127","1124","","橘子树上","","false","false","","false","true","2020-02-03 18:11:59","https://x.com/AmamizuRei0","https://pbs.twimg.com/profile_images/1720746628070744064/hDWjf5uj_400x400.jpg","https://pbs.twimg.com/profile_banners/1224274235561926659/1658977483"
"1788105353525329920","Toby!","TobyAtLarge","🦄7年北美独角兽算法程序员
🚀连续创业 | 科技投资 | ENTP
🇺🇸美国本硕 🇨🇦旅居温哥华 🇨🇳现居上海
🍚美食爱好者 | steam囤囤鼠

✉️开放交流合作 👋

toby.fangyuan@gmail.com","6000","5244","404","20146","536","","Shanghai","","false","true","","false","true","2024-05-08 15:15:42","https://x.com/TobyAtLarge","https://pbs.twimg.com/profile_images/1788129428813565952/QRv31gq0_400x400.jpg","https://pbs.twimg.com/profile_banners/1788105353525329920/1722445147"
"3151608288","AppSail.dev","AppSaildotDEV","Build  https://t.co/6hXCeF4SjA  https://t.co/bJvmBtFnWm
🚀 X BoostClub 350w+ 社区  #XBC Partner
🏂 🏄 🛹 Lover of boards & freedom
#独立开发者 #港卡 #汇丰卓越  #资金回国
付费咨询请私信","4439","10589","1213","5513","267","科技","Singapore","https://x-boostclub.notion.site/","false","true","","false","true","2015-04-12 23:43:33","https://x.com/AppSaildotDEV","https://pbs.twimg.com/profile_images/1898997683634978816/jmJl9q7A_400x400.jpg",""
"552491458","MapleShaw","msjiaozhu","👨🏻‍💻Aspiring Indie Hacker & Independent Thinker

📖公众号：DEEPMAPLE

Building👇
https://t.co/28eEVCtBMt
https://t.co/P7puTyKVx7
https://t.co/W2YK5ImJ6n","4180","18339","115","1713","690","Industrial engineer","Los Angeles, CA","","false","true","","false","true","2012-04-13 15:02:11","https://x.com/msjiaozhu","https://pbs.twimg.com/profile_images/1949085910345330688/MptgOZsj_400x400.jpg","https://pbs.twimg.com/profile_banners/552491458/1731163230"
"1226419222474936320","苍何","canghecode","专注AI出海，AI编程，智能体，MCP，努力分享一些有趣，实用的AI干货，公众号：苍何","1129","3310","430","486","256","科技","wuhan","https://canghecode.com","false","true","","false","false","2020-02-09 16:15:56","https://x.com/canghecode","https://pbs.twimg.com/profile_images/1744283141219680256/5DcrV0du_400x400.jpg","https://pbs.twimg.com/profile_banners/1226419222474936320/1707200700"
"174717997","Hsiang","sootao","Maker • Dream Builder • Coder • Product enthusiast • Idealist • AI explorer 🚀 | Founder of @dessix_io | EN/CN","1644","924","1534","2198","96","科技","Earth","https://dessix.io/","false","true","","false","false","2010-08-05 01:04:07","https://x.com/sootao","https://pbs.twimg.com/profile_images/1685372762666471424/_26pUktn_400x400.jpg","https://pbs.twimg.com/profile_banners/174717997/1747148773"
"1551258526584115204","AI Will","FinanceYF5","增长顾问 | AI行业分析师，Learn in Public","40136","177951","1905","5200","22063","媒体和新闻公司","San Francisco Bay area","https://linktr.ee/hanweilang","false","false","","false","true","2022-07-25 01:30:38","https://x.com/FinanceYF5","https://pbs.twimg.com/profile_images/1896818103016935424/ucw3T2uW_400x400.jpg","https://pbs.twimg.com/profile_banners/1551258526584115204/1760393812"
"1882653904879714305","象骑士Hack","xiangqishi","高校副教授，玩网盘拉新、AI出海
vx: okok6a
知识星球：https://t.co/nEEwvrz9Iz","811","1088","2490","1002","123","","","","false","true","","false","false","2025-01-24 12:57:29","https://x.com/xiangqishi","https://pbs.twimg.com/profile_images/1957744398261010432/q6AX_KIM_400x400.jpg",""
"284413597","行者AI视频","joshesye","AIP超级个体 | 产品经理，专注AI视频！

拿过北京国际电影节AIGC单元奖、作品上过央视网。

分享A绘画、AI视频、AI工作流。公众号：行者AI视频","55","72","229","756","45","","","","false","true","","false","false","2011-04-19 15:07:28","https://x.com/joshesye","https://pbs.twimg.com/profile_images/1972196926817701888/_RFuNW-b_400x400.jpg","https://pbs.twimg.com/profile_banners/284413597/1759043635"
"1474067654","李继刚","lijigang_com","Reader.  Thinker.  Prompter.","627","30081","32","232","85","","","","false","true","","false","false","2013-06-01 15:32:24","https://x.com/lijigang_com","https://pbs.twimg.com/profile_images/599778700943446016/N-a6Jbep_400x400.jpg","https://pbs.twimg.com/profile_banners/1474067654/1750226514"
"1685355844119220225","卡尔的AI沃茨","aiwarts","分享一些好用、优雅的 AI 、工作流和创作方式，一起边学边做，前字节coder, Al and tech Educator, LearnPrompt founder","5190","10792","1053","8540","1675","","Earth","https://github.com/LearnPrompt","false","true","","false","false","2023-07-30 02:26:17","https://x.com/aiwarts","https://pbs.twimg.com/profile_images/1685356596204040192/DYVeb0ww_400x400.jpg","https://pbs.twimg.com/profile_banners/1685355844119220225/1690655390"
"220536254","Easycompany","Easycompany333","感谢那么聪明的你还关注我！ 🤖 聚焦AI最新动态&技术解读 🚀 初创公司创始人视角|创业干货&思考 📈 用AI，重新想象未来 💡 AI+ 就是未来","441","466","159","203","70","","","","false","true","","false","false","2010-11-28 10:28:26","https://x.com/Easycompany333","https://pbs.twimg.com/profile_images/1979626797730873344/N6fW2Tsr_400x400.jpg","https://pbs.twimg.com/profile_banners/220536254/1761235710"
"1973064408290168832","漠北AI笔记","mobeipiano","我是漠北， AI工具深度使用者 | 2年+实践经验，持续探索中 | 为你筛选真正好用的AI工具和工作流 l n8n自动化案例拆解 | AI视频创作全流程 | 每个推荐都经过验证 | 帮你节省试错时间，少走弯路多出成果","158","34","31","62","20","","","","false","true","","false","false","2025-10-01 00:38:20","https://x.com/mobeipiano","https://pbs.twimg.com/profile_images/1973981330427031552/PbwtxK87_400x400.jpg","https://pbs.twimg.com/profile_banners/1973064408290168832/1759846933"
"153223165","Marcus","MarcusPek","Vibe Coding 小騎士，駕馭各種模型打造稱手的工具","2551","260","1702","5591","63","Blockchain","Taiwan","","false","true","","false","true","2010-06-08 08:35:27","https://x.com/MarcusPek","https://pbs.twimg.com/profile_images/1979615506282786816/auhA0-1Z_400x400.jpg","https://pbs.twimg.com/profile_banners/153223165/1754377067"
"100399047","Tz","Tz_2022","AI is the steam engine of the mind. AI是心灵的蒸汽机。
科幻是现实的有效坍塌。加速正在被加速。
看，那千尺海啸正扑面而来，而我们还在海滩上捡垃圾。
念念不忘，必有回响。","5101","11025","1366","8742","955","科技","Edinburgh, UK","","false","false","","false","false","2009-12-30 12:06:23","https://x.com/Tz_2022","https://pbs.twimg.com/profile_images/1579478276287905794/7-2NGiY3_400x400.jpg","https://pbs.twimg.com/profile_banners/100399047/1724471757"
"1582991093603323904","AIGCreativeHunter","hyunki20935769","AI Enthusiast | AI Artist | AI Creator | Photographer | Designer","3227","1012","5264","1470","640","","","http://www.aigcreative.cc","false","true","","false","false","2022-10-20 15:04:39","https://x.com/hyunki20935769","https://pbs.twimg.com/profile_images/1905630889775898624/6w4mDHld_400x400.jpg","https://pbs.twimg.com/profile_banners/1582991093603323904/1708924774"
"1781115132275486720","羊上上","yang24zhi","🍀 大厂后端 | 老师 | 数字游民
📈 想知道今天 AI 又整了啥活？请看AI今日热榜: https://t.co/F6DSigEs6K","529","1464","453","790","43","","","https://aihot.today","false","true","","false","false","2024-04-19 08:19:09","https://x.com/yang24zhi","https://pbs.twimg.com/profile_images/1781118519834505216/VsyxGaMt_400x400.jpg","https://pbs.twimg.com/profile_banners/1781115132275486720/1719124523"
"1717726640040783872","泊舟","bozhou_ai","🧠AI 程序员 & Vibe 编码者 | 构建 AI 工具、系统提示与高效流程 | 热爱设计、编码，将想法转化为影响力🚀| 云服务器，高端显卡租赁","1695","4465","476","2361","156","科技","杭州","","false","true","","false","true","2023-10-27 10:15:31","https://x.com/bozhou_ai","https://pbs.twimg.com/profile_images/1971027619232796672/RvWGRpkC_400x400.jpg","https://pbs.twimg.com/profile_banners/1717726640040783872/1760612203"
"830429456","sitin","sitinme","增长黑客/ 社群运营/AI 出海赚美刀
对爬虫和RPA机器人有一点研究，https://t.co/di794U7drW
擅长用AI搞点副业 /  vx： 257735","3624","20570","331","45","1071","科技","","http://ipengtao.com/","false","true","","false","false","2012-09-18 13:39:32","https://x.com/sitinme","https://pbs.twimg.com/profile_images/3569591888/2aad771c0c1919fb7577a7b625a93d0a_400x400.jpeg",""
"1884558638225993729","白知白（AI产品开发/市场营销/用户增长/分享生活感悟）","qiqi_caijeff","出海公司创业者 |非严肃技术爱好者｜
AI践行者/降临派 | IT/通信伪专家｜
维特根斯坦研究者｜
非理性主义/唯心主义/不可知论/有神论/保守主义者｜
Humans seek certainty to feel safe｜
AI seeks uncertainty to keep learning","183","229","1106","981","9","科技","California, USA","","false","true","","false","true","2025-01-29 19:06:38","https://x.com/qiqi_caijeff","https://pbs.twimg.com/profile_images/1973846936093380608/H2c4YDbq_400x400.jpg","https://pbs.twimg.com/profile_banners/1884558638225993729/1759506766"
"1807043606320214016","外贸赶路人Michael","imichaelsoho","公众号：外贸赶路人 🌊解决外贸跨境出海问题🎨打造个人商业自媒体，SOHO一人公司，数字游民，Web3，努力奔赴自由职业ing📱咨询沟通交流⬇️","2896","5274","572","1806","644","社交媒体影响者","vx/WeChat: sohofree","https://imichaelsoho.com/","false","true","","false","true","2024-06-29 21:29:15","https://x.com/imichaelsoho","https://pbs.twimg.com/profile_images/1936062878068449280/jgFgn3AS_400x400.jpg","https://pbs.twimg.com/profile_banners/1807043606320214016/1750767077"
"16681326","Frank Wang 玉伯","lifesinger","I am curious and honest","4230","15066","885","699","88","","FUTURE","http://youmind.com","false","true","","false","false","2008-10-10 17:36:41","https://x.com/lifesinger","https://pbs.twimg.com/profile_images/1965120373781114880/rLnJ1xpC_400x400.jpg","https://pbs.twimg.com/profile_banners/16681326/1755700256"
"1068680721999396865","卢森堡","lusenbao368","海外工具产品经理、UI设计师

分享 AI 编程实战、AI 工具与出海变现","56","40","257","64","9","","","","false","true","","false","false","2018-12-01 09:38:34","https://x.com/lusenbao368","https://pbs.twimg.com/profile_images/1897574765344518144/xXdMGS1c_400x400.jpg","https://pbs.twimg.com/profile_banners/1068680721999396865/1741252228"
"1975078987534876672","不只执","xuq101","执剑在校生｜AI Solopreneur 🚀｜拿过青创资金 ｜Building AI tools.","7","12","124","10","3","","","","false","false","","false","false","2025-10-06 14:02:22","https://x.com/xuq101","https://pbs.twimg.com/profile_images/1975082137708818433/utnYYh9K_400x400.jpg",""
"1611034105290063873","TianMing","IndieMakerMing","独立开发者天明｜专注流程自动化领域
🔥 免费 n8n 工作流模版站 - https://t.co/t39q1Rm8Ud","383","183","260","136","92","","","","false","true","","false","true","2023-01-06 00:17:30","https://x.com/IndieMakerMing","https://pbs.twimg.com/profile_images/1943678282756431873/KOlxh9Ab_400x400.jpg","https://pbs.twimg.com/profile_banners/1611034105290063873/1727193772"
"112694900","磊哥","zlexdl","https://t.co/XuM4tBvRw4","14034","86554","7208","10083","2830","社交媒体影响者","","https://linktr.ee/zlexdl","false","true","","false","true","2010-02-09 19:47:20","https://x.com/zlexdl","https://pbs.twimg.com/profile_images/1892509091370827776/lKZrO3K5_400x400.jpg","https://pbs.twimg.com/profile_banners/112694900/1653665900"
"1496809860825968649","Thiên Trang Ninh","Bigworld7777","","90","56","971","12968","0","","","","false","false","","false","false","2022-02-24 19:31:11","https://x.com/Bigworld7777","https://pbs.twimg.com/profile_images/1501871511371608068/y7vT9oXm_400x400.jpg",""
"1953024898143797249","Lottie_liu","lottieliuliu","","15","5","128","136","0","","","","false","false","","false","false","2025-08-06 17:26:57","https://x.com/lottieliuliu","https://pbs.twimg.com/profile_images/1953025111268966400/wLcc5ki3_400x400.jpg",""
"800710502351409154","Corey Chiu","realcoreychiu","💻 Software Engineer / Indie Hacker 🎓CS from @SUSTechSZ 💡做有意思和有用的产品  🚀 梦想是Coding around the world  📧 paid collabs➡️iamcoreychiu@gmail.com","3576","9045","583","5617","584","","Talk is cheap 👉","http://showmethe.codes","false","true","","false","true","2016-11-21 22:40:35","https://x.com/realcoreychiu","https://pbs.twimg.com/profile_images/1808894379253510146/_SFe0D22_400x400.jpg","https://pbs.twimg.com/profile_banners/800710502351409154/1732758682"
"1413340227687571456","YC (Yucheng Liu)","lyc_zh","⛴️ 为出海企业构建软基建 via #出海去 @chuhaiqu 
🚀 X BoostClub 350 万推特社区 #XBC Founder
📈 佐治亚理工 ➡️ 码弱 ➡️ TechLead ➡️ CTO ➡️ 超级个体 
🦾 一人独角兽必将出现 
♊️ INTJ/ENTJ 左右横跳 
📍 Boston","5121","12146","1634","5465","847","社区","Boston, MA","https://regrowth.so/watchlists/x-boostclub-a044a9436ec34d399abef5042600a7d2","false","true","","false","true","2021-07-09 11:32:38","https://x.com/lyc_zh","https://pbs.twimg.com/profile_images/1964737537479512064/KXewSKLV_400x400.jpg","https://pbs.twimg.com/profile_banners/1413340227687571456/1735691977"
"168139512","Geek","geekbb","🧠在家居士 | 🥦素食者 | 🏃🏻马拉松爱好者 | 💰省钱小能手 | 搭🪜技术资深学者 | 👨‍💻科技宅 | 🆕更新狂 | 🆅 六边型战五渣","23767","99629","393","16467","6146","科技","火星","https://www.igeekbb.com","false","false","","false","true","2010-07-18 22:10:39","https://x.com/geekbb","https://pbs.twimg.com/profile_images/1644898947272671233/7959WGOK_400x400.jpg","https://pbs.twimg.com/profile_banners/168139512/1689476157"
"1863959670169501696","Kimi.ai","Kimi_Moonshot","Built by Moonshot AI to empower everyone to be superhuman. ⚡️API: https://t.co/ggYlFf809H","186","68392","109","178","58","","","https://www.kimi.com/","false","true","Business","false","false","2024-12-03 22:54:14","https://x.com/Kimi_Moonshot","https://pbs.twimg.com/profile_images/1910294000927645696/QseOV0uF_400x400.png","https://pbs.twimg.com/profile_banners/1863959670169501696/1733238156"
"23395156","Zheng | Vibe Working","zheng401","vibe living with AGI @Kimi fueled by caffeine, code and dream！","192","1362","4708","95","66","","","","false","true","","false","false","2009-03-09 11:14:30","https://x.com/zheng401","https://pbs.twimg.com/profile_images/1978392963777708032/lmdzvR-z_400x400.jpg",""
"1553288850","NEOcrossSEA-千寻","NEO_Diver","🚀 做跨境生意的第一步是先找到成熟的盈利模式 ⏱️ 24小时内你也可以拥有自己的盈利ing跨境生意 💰 在运营盈利中的跨境电商合伙模式项目 🔍 🍠📱全网同名:NEOcrossSEA-千寻   🤿🤿 🤿 🤿 🤿 Freediving Instructor","3669","3568","664","4773","224","","福州","","false","false","","false","true","2013-06-28 23:08:11","https://x.com/NEO_Diver","https://pbs.twimg.com/profile_images/1889529352976752641/ePrI3e_F_400x400.jpg","https://pbs.twimg.com/profile_banners/1553288850/1372437050"
"1967393674658189312","TogoLiang","TogoLiang990911","独立开发者，构建小而美的AI产品 ，把想法变成能赚钱的AI工具🧰| 保持独立思考，Idea很多，执行起来！","152","30","90","122","8","","Kanagawa-ken, Japan","","false","false","","false","true","2025-09-15 09:03:09","https://x.com/TogoLiang990911","https://pbs.twimg.com/profile_images/1988445846132977664/kiD0_pj8_400x400.jpg",""
"2815325906","刘小排","bourneliu66","AI产品创业者

Raphael AI - https://t.co/tJOiC33sAI
AnyVoice - https://t.co/MQkmOW2lbu
Fast3D - https://t.co/6m3JO8jJvc","123","11063","81","14","58","","","https://raphael.app/","false","true","","false","false","2014-09-18 01:37:10","https://x.com/bourneliu66","https://pbs.twimg.com/profile_images/1955860656919625728/sCkP_hTF_400x400.png",""
"1899037940501839872","Nicolechan","stark_nico99","分享出海增长历程和干货 | Building YouMind | Co-founder & Growth Leader | Ex-CMS Securities UX | Ex-Tencent Alumni Content Lead | Community & Content Expert @Youmind_AI","293","1619","543","2250","26","","","https://youmind.com/","false","true","","false","false","2025-03-10 18:02:14","https://x.com/stark_nico99","https://pbs.twimg.com/profile_images/1980138155312304128/4C6tfjLW_400x400.jpg","https://pbs.twimg.com/profile_banners/1899037940501839872/1758634718"
"1596695231717871616","dontbesilent","dontbesilent12","🔍 商业哲学爱好者  📡 维特根斯坦种草主播  🫆 生活合伙人 @XiaoNianTalk  📱 全网同名：dontbesilent 聊赚钱","12098","55615","905","7931","1183","教育","","https://www.xiaohongshu.com/user/profile/63fc8880000000001f0329db","false","true","","false","true","2022-11-27 10:39:52","https://x.com/dontbesilent12","https://pbs.twimg.com/profile_images/1840665561287798784/GJCK0iKf_400x400.jpg","https://pbs.twimg.com/profile_banners/1596695231717871616/1762833879"
"26654586","M.","wlzh","🎯AI玩家","4993","8407","262","7824","1041","","VX&TG：+gxjdian","https://t.me/tgmShare","false","true","","false","true","2009-03-26 09:31:32","https://x.com/wlzh","https://pbs.twimg.com/profile_images/1971564093330100224/LUdVXeKz_400x400.jpg","https://pbs.twimg.com/profile_banners/26654586/1755613642"
"1745332167218196480","SagaSu","sujingshen","AI Entrepreneur | Bootstrapped to $1M+ Revenue | AI Tools & Marketing Guru |
https://t.co/wZlo4aRUoC","3417","3002","139","1357","461","科技","广州","https://sagasu.art/","false","true","","false","false","2024-01-11 14:30:05","https://x.com/sujingshen","https://pbs.twimg.com/profile_images/1980203192643125248/emG7LMcm_400x400.jpg",""
"1965832077758095360","自由李亿freeliyi","freeliyi","长居欧洲写代码｜靠写作为生多年
公开记录每日尝试与进步
创业、投资、学语言、自我成长
目标是通过输出积累专长
希望自己积极快乐活在当下
快乐事业=退休（x，yt）
和自己的全能自恋相处中｜复利追求者
探索自由和搞钱","2076","13917","275","1901","117","","","http://www.youtube.com/@freeliyi","false","true","","false","false","2025-09-11 01:38:04","https://x.com/freeliyi","https://pbs.twimg.com/profile_images/1968787922926125056/bbPLoTRN_400x400.jpg",""
"1981749555600510976","团子Joy_出海2.0","Tuanzi_Joy7","金融从业者，英/西/韩语精进中，分享AI+出海+副业搞钱+学习（主外语）前沿资讯，坚持长期主义的ENTJ，小红书：元宝团子Joy","127","78","68","166","11","","Shenzhen","","false","false","","false","false","2025-10-24 23:48:32","https://x.com/Tuanzi_Joy7","https://pbs.twimg.com/profile_images/1981750676242747392/ZRGZULKK_400x400.jpg","https://pbs.twimg.com/profile_banners/1981749555600510976/1762275455"
"9179822","kvc.eth @AI+CryptoGame","cryptohaiyu","CryptoNative/GameDeveloper/#PKU CryptoAA副会长/ IGD founder/BangkokDao/  #GameFi #CryptoInvestor#  MAYC #26170/沉迷于低级趣味 #Mimic小图片接盘者，看题图飞的没我多的就不要给我讲全球市场了,搞币不如搞AI","11661","16544","6272","2448","1110","科技","SEA","","false","true","","false","true","2007-10-01 06:45:30","https://x.com/cryptohaiyu","https://pbs.twimg.com/profile_images/1585311127193653248/U0iG8nN0_400x400.jpg","https://pbs.twimg.com/profile_banners/9179822/1669896413"
"1929754872855121922","RachelWu","RachelWu2000","INFP ♈️| Linguistics→ Tech | Gen Z Founder | Building AI applications (VC-backed) @pulsetact","1260","2616","110","4269","62","","Hongkong","","false","true","","false","false","2025-06-03 12:20:00","https://x.com/RachelWu2000","https://pbs.twimg.com/profile_images/1948336597910650880/cbnMcmpM_400x400.jpg","https://pbs.twimg.com/profile_banners/1929754872855121922/1758715454"
"1908724168444751872","EchoWave.AI","EchoWave_AI","分布式AI算力共享平台。为AI开发者、中小团队和高校提供低成本、分钟计费、即开即用、安全隔离的GPU算力网络和AIaaS（AI as a Service)服务。","455","102","157","511","63","","","http://echowave.ai","false","false","","false","false","2025-04-06 11:31:55","https://x.com/EchoWave_AI","https://pbs.twimg.com/profile_images/1909464737005682691/z4ab9ZIG_400x400.jpg",""
"1718896922277314560","熠辉 Indie","yihui_indie","我的AI编程课(https://t.co/HVZn3ItASW) |B站up主 | 分享创造 + 无限迭代ing","4355","38733","720","2757","1036","","Hong Kong","https://happyaicoding.com","false","true","","false","true","2023-10-30 15:45:42","https://x.com/yihui_indie","https://pbs.twimg.com/profile_images/1804848821702377472/fSfFlGTf_400x400.jpg","https://pbs.twimg.com/profile_banners/1718896922277314560/1753789761"
"1633337406710775813","siuser小伟","_HIT_SZ_","擅长用AI搞点副业 
全平台：AI山脚学长
vx： hitpg_","26","23","154","22","6","","","","false","false","","false","false","2023-03-08 13:22:51","https://x.com/_HIT_SZ_","https://pbs.twimg.com/profile_images/1957458244781387776/bLToVQoM_400x400.jpg",""
"13754782","XDash","XDash","《增长黑客》作者，创业者，投资者，宅男奶爸。

- Blog: https://t.co/jmc7BALd8K
- TG: https://t.co/gimLe52LoZ
- YouTube: https://t.co/nOKTkKO8Ui
- Podcast《冰镇电波》","9079","25130","40","4041","242","产品经理"," Shanghai","https://zengzhang.ai","false","true","","false","true","2008-02-21 11:48:11","https://x.com/XDash","https://pbs.twimg.com/profile_images/1835375310344527872/hQ7y7lkV_400x400.jpg","https://pbs.twimg.com/profile_banners/13754782/1399552511"
"1547623016238002179","Heisenberg","rovvmut_","I'm vengeance. I post about Tech, AI and drop memes along the way. DM for collaborations.","137407","23289","1508","154306","15665","","","http://buymeacoffee.com/rovvmut","false","true","","false","true","2022-07-15 00:44:35","https://x.com/rovvmut_","https://pbs.twimg.com/profile_images/1966145942400516096/s0to9Zvx_400x400.jpg","https://pbs.twimg.com/profile_banners/1547623016238002179/1762250868"
"3234865962","我最菜了","MorganLee_2","AI First","6037","444","2595","6434","662","搬运工人","","","false","false","","false","true","2015-06-03 17:26:09","https://x.com/MorganLee_2","https://pbs.twimg.com/profile_images/1273036456194269184/cuqeoTqz_400x400.jpg","https://pbs.twimg.com/profile_banners/3234865962/1433505134"
"1764818331822182400","小互","imxiaohu","学AI找小互，找小互，上 https://t.co/4PVaHEr5r3 ...

小互AI日报 社群：https://t.co/LIEXfWUHv1","7726","75998","1499","1858","4858","","Mars","http://xiaohu.ai","false","true","","false","true","2024-03-05 09:01:23","https://x.com/imxiaohu","https://pbs.twimg.com/profile_images/1765404718959095808/BX7VN1hS_400x400.jpg","https://pbs.twimg.com/profile_banners/1764818331822182400/1717126346"
"1669276256","歸藏(guizang.ai)","op7418","关注人工智能、LLM 、 AI 图像视频和设计（Interested in AI, LLM, Stable Diffusion, and design）

AIGC 周刊主理人｜公众号：歸藏的AI工具箱","21117","105638","1218","36553","7241","","","https://www.guizang.ai/","false","true","","false","true","2013-08-14 10:18:36","https://x.com/op7418","https://pbs.twimg.com/profile_images/1636981205504786434/xDl77JIw_400x400.jpg","https://pbs.twimg.com/profile_banners/1669276256/1706450781"
"452072245","铁锤人","lxfater","我在用 AI 协助我创业，赚钱，走向自由
我的录屏软件  https://t.co/S9MMiRiy7L
github 维护 3w star 项目：https://t.co/ytvQf2mtZO","9836","50218","1109","5515","1005","社交媒体影响者","我的所有信息-》》","https://www.lxfater.com","false","true","","false","true","2012-01-01 19:26:00","https://x.com/lxfater","https://pbs.twimg.com/profile_images/1723719195995807744/9JIAjVJr_400x400.jpg","https://pbs.twimg.com/profile_banners/452072245/1762837704"
"1001044583273418752","强子手记","iBigQiang","👨‍💻 强子，SEO爱好者、出海新人、自媒体闲散玩家，AI方向创业者。
🎖️ 热衷分享精品好用工具和高质量资料。
📌 聚焦 AI、生产力工具、区块链&Web3 领域信息挖掘和评测分享。
🌐 一批导航站上线ing：https://t.co/M5Kn50Cpgy

✉️ 合作请 DM 私信","501","1204","778","72","61","","武汉","","false","false","","false","false","2018-05-28 18:16:41","https://x.com/iBigQiang","https://pbs.twimg.com/profile_images/1876461280028241920/UFStG2aG_400x400.jpg","https://pbs.twimg.com/profile_banners/1001044583273418752/1740359836"
"1874442058653646848","NikoChen","guishou_56","前360安全开发工程师｜现独立开发者
从0到1打造AI SaaS产品 🚀
分享$0 → $10000/月的技术创业之路
年化40%的稳定盈利交易者，追求长期复利增长 📈","572","2918","66","40","124","","距你100m","https://bento.me/nikochen","false","true","","false","false","2025-01-01 21:07:08","https://x.com/guishou_56","https://pbs.twimg.com/profile_images/1981237534475653120/0AjGVqQ0_400x400.jpg","https://pbs.twimg.com/profile_banners/1874442058653646848/1747057670"
"1535201276174077953","AI卷王龙哥","liuzl888","N8N，Coze，RPA，Vibe coding 。 全网同名：AI卷王龙哥","28","15","88","28","3","","Hong Kong","","false","false","","false","false","2022-06-10 18:04:54","https://x.com/liuzl888","https://pbs.twimg.com/profile_images/1984783489364004864/99rUxIUq_400x400.jpg","https://pbs.twimg.com/profile_banners/1535201276174077953/1710855172"
"1567179325551812609","Li Xiangyu 香鱼🐬","LiXiang1947","Neuroscience PhD diving deep into AI | Going all-in on global product adventures | English vibes: @lixiangyu9710 | Email to xiangyuli997@gmail.com","16185","16312","1586","23118","433","科技","","https://scholar.google.com/citations?hl=zh-CN&user=FQlzamQAAAAJ","false","true","","false","true","2022-09-06 23:54:12","https://x.com/LiXiang1947","https://pbs.twimg.com/profile_images/1911584400224948224/QbglopMa_400x400.jpg","https://pbs.twimg.com/profile_banners/1567179325551812609/1729084908"
"1941171614072344576","兔妹_兔子","tuzi_ai","让先进的人工智能技术触手可及。
（https://t.co/mn87iKO2pr | https://t.co/AEzDkSfZ77 | https://t.co/rsJs8IOG27）","2017","3498","179","1219","709","","","","false","true","","false","true","2025-07-05 00:26:20","https://x.com/tuzi_ai","https://pbs.twimg.com/profile_images/1961512328278806529/qW3VpglB_400x400.jpg",""
"1467816160825528323","OpenCils","OpenCils","✎ 写作 | 科技 | 实用主义者| INTP&ADHD | 笔记&效率 | 故事化复杂概念 | 故事性游戏 | 生活黑客 | 探索 | 写实电影 | 软件 | 硬件 | Readwise阅读优化 | ChatGPT 5 | Midjourney V7 Alpha | Claude 4.5","1412","424","762","248","352","","","","false","true","","false","false","2021-12-06 19:20:45","https://x.com/OpenCils","https://pbs.twimg.com/profile_images/1724391964072869888/K0__BnNe_400x400.jpg","https://pbs.twimg.com/profile_banners/1467816160825528323/1718183485"
"2935673144","Hal","hal__lee","Design Engineer@ https://t.co/5tX2ousLAZ ，精通制冷。

Figma 专栏：https://t.co/JqaagmWKX2
Figma 变量插件：https://t.co/z474tzL6U3","10280","13022","1307","15684","1192","","Earth","https://hallee.me","false","false","","false","true","2014-12-19 12:41:28","https://x.com/hal__lee","https://pbs.twimg.com/profile_images/1737299776407015424/oRK-Ara8_400x400.jpg","https://pbs.twimg.com/profile_banners/2935673144/1583386408"
"1517093052032057344","AI 航海家","ai_voyager168","AI
出海
赚$","5155","2177","1483","1939","909","","beijing","","false","true","","false","false","2022-04-21 18:49:16","https://x.com/ai_voyager168","https://pbs.twimg.com/profile_images/1959514476774137856/aUSaRxrG_400x400.jpg","https://pbs.twimg.com/profile_banners/1517093052032057344/1756019634"
"1747573233661157376","左岸森","rgsen8","Web · AI · 出海 · 增长 ｜♟️chess｜🎼 古典｜🌍 游历中","93","632","206","398","13","","","","false","true","","false","true","2024-01-17 18:55:10","https://x.com/rgsen8","https://pbs.twimg.com/profile_images/1989408777586589696/fgSu2tZS_400x400.jpg","https://pbs.twimg.com/profile_banners/1747573233661157376/1761140074"
"980328067548700672","绝地求生","AIRunFast","AI重度使用者，专业AI Agent 投资者，AIXBT、SWARMS头部投资者，曾在Swarms大跌80%多时依然坚定看好并加仓。2025年将是AI的天下！","992","265","3027","525","7","社交媒体影响者","Japan","","false","false","","false","false","2018-04-01 14:16:39","https://x.com/AIRunFast","https://pbs.twimg.com/profile_images/1887527551998042119/7O9hzFCk_400x400.jpg",""
"1448073908599627777","0xJames All in Crypto","Jamesweb3dao","Life-long learner | 9 years of investment #stock #BTC #web3 #AI #EAI","13621","10001","5209","21375","1310","金融服务","London, England","https://t.me/ZAOAWANC/1","false","false","","false","true","2021-10-13 07:52:08","https://x.com/Jamesweb3dao","https://pbs.twimg.com/profile_images/1608478525773983746/kLkXr78C_400x400.jpg","https://pbs.twimg.com/profile_banners/1448073908599627777/1646310682"
"1502119029716127747","流光卡片~是魔王哒！","huangzh65903362","05 萌新全栈开发运营，不简单事情做简单，出海赚美刀。

有一个小产品：
“流光卡片，文字卡片工具，长文拆分卡片神器”

春节前目标 👇
1️⃣日入10🔪7 月达成，之后没有坚持每日上站，踩了不少坑
2️⃣月入1000🔪
3️⃣日入百刀🔪
接下来将正确的事重复执行

使用流光卡片发布帖子都会得到我的转发~🥰","4018","3073","950","5998","1265","","","https://fireflycard.shushiai.com/zh","false","true","","false","false","2022-03-11 11:07:50","https://x.com/huangzh65903362","https://pbs.twimg.com/profile_images/1970403971446796288/vEQO1Hmm_400x400.jpg","https://pbs.twimg.com/profile_banners/1502119029716127747/1734665614"
"1770482847155171328","珞珈Lorjia","lorjia6598","🕵️‍♂️INFJ | AI科技博主 | 探索「AI超级个体」复利商业化
💻分享AI工具、实用教程与副业赚钱方法
✨公众号：珞珈AI实战笔记
👉知识星球：https://t.co/l5hYAcVIw4","256","654","416","296","162","","","","false","false","","false","true","2024-03-21 00:09:57","https://x.com/lorjia6598","https://pbs.twimg.com/profile_images/1909812555444633603/jC-K5zi__400x400.jpg","https://pbs.twimg.com/profile_banners/1770482847155171328/1744169772"
"1071224721046261760","karminski-牙医","karminski3","A coder, road bike rider, server fortune teller, electronic waste collector, co-founder of KCORES, ex-director at IllaSoft, KingsoftOffice, Juejin.","3986","29416","1434","2022","2168","","Asia/Beijing","https://kcores.com","false","true","","false","true","2018-12-08 10:07:30","https://x.com/karminski3","https://pbs.twimg.com/profile_images/1071225168360427520/2tY0hY6b_400x400.jpg","https://pbs.twimg.com/profile_banners/1071224721046261760/1736987799"
"1955884662842421248","星见","xingjian_ai","中厂十年老后端 | 出海赚美刀 | 存在主义 | 爱门 
分享自己成为超级个体道路上的的思考, 和乐子","346","292","338","729","23","","","","false","true","","false","false","2025-08-14 14:50:33","https://x.com/xingjian_ai","https://pbs.twimg.com/profile_images/1972655068840386561/9iPfvSHb_400x400.jpg",""
"1619961638140149766","李举刚","justinleei","ai产品合伙人，白天写代码，晚上追热点，把点子变成产品的“全能螺丝钉”。","1970","8905","659","2694","142","","","https://lijugang.ai","false","true","","false","true","2023-01-30 15:32:32","https://x.com/justinleei","https://pbs.twimg.com/profile_images/1835526576374423553/3n_W8X1y_400x400.jpg","https://pbs.twimg.com/profile_banners/1619961638140149766/1732447168"
"756319701861601281","鱼总聊AI","AI_Jasonyu","👋 鱼总 / Jason｜8 年出海产品 📈 单款产品 $200k+ 收入，全靠自然流量 💡 代表产品：PaywallPro（付费墙情报&优化）、Portix APP 🍼 2胎爸爸 & AI 内容创作者 这里聊：AI · 出海 · 订阅 · 创业心路 https://t.co/KDI27Daaoi","1257","6236","952","1294","276","","Shaanxi","https://www.paywallpro.app","false","true","","false","true","2016-07-22 10:47:23","https://x.com/AI_Jasonyu","https://pbs.twimg.com/profile_images/1877193368725581824/7_ocNC-C_400x400.jpg","https://pbs.twimg.com/profile_banners/756319701861601281/1760544606"
"1963967037631561729","JIuqiu","BSRxNcYOv544600","无厘头的继承者","82","17","150","0","11","广告和营销机构","","","false","false","","false","false","2025-09-05 22:06:56","https://x.com/BSRxNcYOv544600","https://pbs.twimg.com/profile_images/1963967216275390464/Jw1H_cda_400x400.jpg","https://pbs.twimg.com/profile_banners/1963967037631561729/1759269542"
"851009893922250752","luolink","abel_yelin","ENTP
Designer | Concept Artist | Programmer | Operator | UX/UI
https://t.co/OTRbpKgyQD
AI Best Top: https://t.co/XUxuWXz9Y1
More: https://t.co/4IRbjG3BQK","1936","4592","1334","697","249","科技","hangzhou","http://www.luolink.com","false","false","","false","false","2017-04-09 17:52:24","https://x.com/abel_yelin","https://pbs.twimg.com/profile_images/1689513760099299328/PU3brY8w_400x400.jpg","https://pbs.twimg.com/profile_banners/851009893922250752/1732895726"
"1554325830708314112","droidHZ","hezhiyan7","嗨，这里是赫兹，网站出海生意人 ，公开记录网站开发每一步！","959","2891","303","815","97","","","http://droidhz.com","false","true","","false","false","2022-08-02 12:39:09","https://x.com/hezhiyan7","https://pbs.twimg.com/profile_images/1942385394554728448/b9FlYTW2_400x400.jpg","https://pbs.twimg.com/profile_banners/1554325830708314112/1757243110"
"839464991510020097","AI自动化坤哥","noexcuse555","95年互联网创业10年 | 创业做过日入百万IP产品 | 现在是AI创业者 | 专注n8n自动化工作流搭建 ｜接AI自动化定制需求 ｜企业自动化解决方案","232","3951","98","280","73","社交媒体影响者","AI自动化变现社群👉","https://www.skool.com/aiagent-2146/about?ref=6d304c88a49e4ecab501b3888c816aa7","false","true","","false","true","2017-03-08 21:17:05","https://x.com/noexcuse555","https://pbs.twimg.com/profile_images/1986306052078587904/O8-eipb__400x400.jpg","https://pbs.twimg.com/profile_banners/839464991510020097/1762407243"
"857558575450685440","luvya","Ni_luvya","小岛笔记/INFJ/精神动力心理学，关注人际关系、亲密关系和个人成长。是小岛，有事找我请吹海螺🐚","1692","4770","356","3613","306","","","","false","false","","false","false","2017-04-27 19:34:31","https://x.com/Ni_luvya","https://pbs.twimg.com/profile_images/1884036274815946752/fHDOs_i3_400x400.jpg","https://pbs.twimg.com/profile_banners/857558575450685440/1691866212"
"1850075259120369664","吴美律AI日记","wumeilv_ai","🎯AI编程入门与提效📌出海实战与案例分享❤️自媒体与流量增长🏃‍♀️正在尝试通过AI编程搭建第一个出海网站 知识星球：吴美律AI实战营","967","3002","473","1957","78","","","","false","true","","false","false","2024-10-26 15:21:38","https://x.com/wumeilv_ai","https://pbs.twimg.com/profile_images/1963855479287037952/va2PFwKK_400x400.jpg",""
"1504653862099390464","🌊 招财牛猫","LuckyBullCat","「盯紧市场，把握机会」A8 社区成员","80","1055","1663","43","21","金融服务","距离你 1.3 KM","","false","true","","false","false","2022-03-18 11:03:53","https://x.com/LuckyBullCat","https://pbs.twimg.com/profile_images/1933363198562086912/ZBFZQvih_400x400.jpg","https://pbs.twimg.com/profile_banners/1504653862099390464/1749784693"
"1520747380332969985","弗兰克的思维导图｜Bird🕊️","FrankFika","AI & Web3 Builder， Cofounder&COO @dgrid_ai
-GitLab投资人
-深耕AI领域多年，历任AI公司董事会秘书，top20私募投资总监、创业公司全栈工程师等。
#蓝鸟会","1662","3820","6224","401","190","社交媒体影响者","Singapore","http://beyoundcurious.ai","false","true","","false","false","2022-05-01 20:50:17","https://x.com/FrankFika","https://pbs.twimg.com/profile_images/1539269467297153024/NhVx1sGs_400x400.jpg","https://pbs.twimg.com/profile_banners/1520747380332969985/1747040974"
"1831721667804196864","Harvey","harveyshawx","The Search for the Meaning of Life...","3","79","200","2","2","","","","false","true","","false","false","2024-09-05 23:51:54","https://x.com/harveyshawx","https://pbs.twimg.com/profile_images/1989773788993785858/Va53RYWe_400x400.jpg","https://pbs.twimg.com/profile_banners/1831721667804196864/1763234016"
"2887049886","SWH | (168, 168)","swh16888","ex @Blocks | ex @Salesforce | @PurdueECE","8869","727","4463","129111","37","","","","false","true","","false","false","2014-11-02 14:15:06","https://x.com/swh16888","https://pbs.twimg.com/profile_images/1494244053285801986/R2gSZhyA_400x400.jpg",""
"1466934376839925760","xiangdong","yangxiangdong2","","138","25","253","155","5","","","","false","true","","false","false","2021-12-04 08:56:48","https://x.com/yangxiangdong2","https://pbs.twimg.com/profile_images/1980141823394787328/QQahHygj_400x400.jpg",""
"518340894","Jermic 𝕏 ","JermicX","💻 Indie Hacker
💡 PicSeed 灵感收集 - https://t.co/G8av4scZ7f
🗞️ BBNews 哔哔资讯 - https://t.co/QvR4o7UewZ","143","386","3590","87","42","科技","","https://apps.apple.com/cn/app/picseed/id6479976532","false","true","","false","true","2012-03-08 17:27:16","https://x.com/JermicX","https://pbs.twimg.com/profile_images/1642948458788290561/E0x5dBM5_400x400.jpg","https://pbs.twimg.com/profile_banners/518340894/1711034955"
"1983404875921928193","Echo Zhou","echozhou68","10+ Years in International Business | Always Exploring ENTJ in the AGI wave, logging how AI reshapes efficiency, marketing, wealth & personal growth. 🚀","197","200","249","147","45","","Mainland China","","false","true","","false","false","2025-10-29 13:25:56","https://x.com/echozhou68","https://pbs.twimg.com/profile_images/1985904971376918528/kPUTjf9a_400x400.jpg","https://pbs.twimg.com/profile_banners/1983404875921928193/1762654035"
"1281974950304178178","AI译然","AIYIRAN1231","AIGC创作者
PixVerse/即梦/Vidu/可灵超级合作者
参与的《离谱村》获得MIT麻省理工电影协会全球AI视频大赛最佳视频奖","3903","3603","610","2979","973","金融服务","","https://www.youtube.com/@AIYIRAN1231","false","true","","false","true","2020-07-11 23:33:49","https://x.com/AIYIRAN1231","https://pbs.twimg.com/profile_images/1685815356722724864/6p8jW81T_400x400.jpg","https://pbs.twimg.com/profile_banners/1281974950304178178/1690764728"
"1392781884690636800","Stella Lin","StellaOnChAIn","捣鼓 AI & 用好 AI｜ “有趣”很重要｜ 近期 Flag：健身减脂、提升审美、提高表达、快乐育儿","2600","2371","1561","5106","182","","","","false","true","","false","true","2021-05-13 18:01:12","https://x.com/StellaOnChAIn","https://pbs.twimg.com/profile_images/1689850305830334464/W9g93DA8_400x400.jpg","https://pbs.twimg.com/profile_banners/1392781884690636800/1753773326"
"711903677317918720","尚攻Schango","Yangzi812","风云奔走十年兵，惨淡入经营。问对酒当歌，曹侯墓上，何用虚名。","4826","668","513","3972","676","","","https://www.youtube.com/channel/UC_9oqHH6tKQGFl-r4W0TP-g","false","true","","false","true","2016-03-21 21:13:58","https://x.com/Yangzi812","https://pbs.twimg.com/profile_images/1916815297203589120/35c2ZQMc_400x400.jpg","https://pbs.twimg.com/profile_banners/711903677317918720/1761804005"
"1834967487089459200","Ya AI 前端开发","yachuhai","🇨🇳 💻Saas 开发 / 💪AGI 学习者 / 📌出海工具探索分享","69","44","148","39","13","","People's Republic of China","","false","true","","false","false","2024-09-14 22:48:49","https://x.com/yachuhai","https://pbs.twimg.com/profile_images/1834967547915255809/IgGWs4Cy_400x400.png","https://pbs.twimg.com/profile_banners/1834967487089459200/1757154832"
"1544458246844563461","爷叔的财富笔记📒","YeshuNotes","💎 Web3 & AI 前沿投资笔记","703","425","1597","1308","55","","Shanghai","","false","true","","false","true","2022-07-06 07:09:01","https://x.com/YeshuNotes","https://pbs.twimg.com/profile_images/1963466589032095744/SXBRYKN8_400x400.jpg","https://pbs.twimg.com/profile_banners/1544458246844563461/1756961900"
"1930281921810182147","林悦己Cheer","cheerselflin","🎬AI influencers｜@evolinkai CMO💰Vibe coding 💻 building my career｜ 🚢 follow me to learn & use AI","1462","4601","297","316","307","","","http://cheerselfai.com","false","true","","false","false","2025-06-04 23:14:22","https://x.com/cheerselflin","https://pbs.twimg.com/profile_images/1977898892969848833/jOBliiC5_400x400.jpg","https://pbs.twimg.com/profile_banners/1930281921810182147/1749050166"
"1974826100015730688","Hazel紫苏","hazelwong_","AI is future ｜ AI出海 ｜职场AI提效 ｜ 外贸AI应用 ｜币圈web3小白 | 爱阅读思考 | 我的未来我做主","231","212","185","824","18","","","","false","true","","false","false","2025-10-05 21:17:08","https://x.com/hazelwong_","https://pbs.twimg.com/profile_images/1984451198506975234/75GRngwv_400x400.jpg","https://pbs.twimg.com/profile_banners/1974826100015730688/1762009846"
"25234569","podai_浩子","podai001","","6128","397","627","169","18","","","","false","true","","false","false","2009-03-19 12:05:40","https://x.com/podai001","https://pbs.twimg.com/profile_images/591647698/twitterProfilePhoto_400x400.jpg",""
"1647896828753625088","ztoh","ZtohAic","AI watcher and pragmatist, 潜水就是在擦边回来的路上, たまに二次元","2100","212","2787","5755","27","","Hong Kong","","false","true","","false","false","2023-04-17 17:37:26","https://x.com/ZtohAic","https://pbs.twimg.com/profile_images/1897915178970398720/aik-HQGF_400x400.jpg","https://pbs.twimg.com/profile_banners/1647896828753625088/1747756678"
"6690032","向阳乔木","vista8","喜欢摇滚乐、爱钓鱼的PM
网站：https://t.co/vnUpLt752o","5988","68136","1370","6717","1765","科技","Beijing","","false","true","","false","true","2007-06-09 13:48:52","https://x.com/vista8","https://pbs.twimg.com/profile_images/1960882043249942533/h4J39ERy_400x400.jpg","https://pbs.twimg.com/profile_banners/6690032/1681134125"
"769454917","YL羽乐","0xYolo","channel: https://t.co/oPYBZTFtO4
笔记：https://t.co/tcr7ybmkpz","1189","995","5740","5332","61","","Hong Kong ","https://paragraph.xyz/@0xyolo","false","false","","false","true","2012-08-20 20:40:37","https://x.com/0xYolo","https://pbs.twimg.com/profile_images/1802882469827641344/7iY-Ur6n_400x400.jpg","https://pbs.twimg.com/profile_banners/769454917/1710379636"
"340107534","Alexander","duanhjlt","有人冒充我，我还没法举报～ ｜ 让好奇心永远在线","5715","16360","794","527","3146","科技","Beijing👉","https://bento.me/duanhjlt","false","false","","false","true","2011-07-22 12:31:23","https://x.com/duanhjlt","https://pbs.twimg.com/profile_images/1972814827749011456/IuCjwNAm_400x400.jpg","https://pbs.twimg.com/profile_banners/340107534/1744285074"
"1928711169419956224","Jason Zhu","GoSailGlobal","独立开发，AI SaaS出海， AI价值内容分享 — 让AI工具就像积木一样构建产品，拼出无限可能！👉🏻 https://t.co/BDEkVzvki1","2421","7585","1497","4261","335","","china","","false","true","","false","false","2025-05-31 15:13:12","https://x.com/GoSailGlobal","https://pbs.twimg.com/profile_images/1949434880959676416/GEQGVlME_400x400.jpg","https://pbs.twimg.com/profile_banners/1928711169419956224/1755945863"
"1576219005488369665","我真的没有拼多多","nopinduoduo","赛博永生| 远程办公程序员 | 农学研究生退学 | 转码 
ADHDer/infp，独立开发探索者，AI探索，副业探索。

🖋️ 对抗遗忘，用代码和文字记录混乱人生。
         people die, words alive
         人或许会逝去，但文字永远鲜活","3027","4050","1046","5384","422","","https://github.com/QiYongchuan","https://www.youtube.com/@nopinduoduo","false","true","","false","false","2022-10-01 22:34:47","https://x.com/nopinduoduo","https://pbs.twimg.com/profile_images/1850103103540142081/LMxypzXA_400x400.jpg","https://pbs.twimg.com/profile_banners/1576219005488369665/1729935091"
"1717728951123025920","AI产品黄叔","PMbackttfuture","两家大厂AI产品顾问 我的AI编程社团：https://t.co/SLvvrAwXeD","943","10154","222","913","269","","","","false","true","","false","true","2023-10-27 10:24:41","https://x.com/PMbackttfuture","https://pbs.twimg.com/profile_images/1743267669124816896/wv6pXt1q_400x400.jpg",""
"885086674828578816","Mr Panda","PandaTalk8","Solo Developer ｜ Growth Coach｜Helping creators build their personal brand on X  
公众号：PandaTalk8","20031","56173","6645","56790","1215","教育","","https://xgrowth.xlearnity.ai/","false","true","","false","true","2017-07-12 18:41:22","https://x.com/PandaTalk8","https://pbs.twimg.com/profile_images/1738715996737933312/QHUuRDK1_400x400.jpg","https://pbs.twimg.com/profile_banners/885086674828578816/1760969154"
"1888172679381069824","MaybeAI","hey_maybe_ai","Intelligent Workflow Automation Platform | Intelligent Automation Consulting | Data Workflows, Minus the Work","826","817","377","704","97","","","https://maybe.ai/","false","true","","false","true","2025-02-08 18:27:23","https://x.com/hey_maybe_ai","https://pbs.twimg.com/profile_images/1980153233323499521/es2Fz3gh_400x400.jpg","https://pbs.twimg.com/profile_banners/1888172679381069824/1761014335"
"1949110751677046784","Valkyrie 出海挣钱|知识分享|AI案例","Valkyrie1398076","数码爱好者，热衷挖掘AI神器与实用效率工具：从高效的ChatGPT提示词到开发提效插件，总有新奇干货！每周分享免费虚拟资料，助你提升效率少走弯路增长知识，轻松赚外快。主页钱不够，搞副业来凑🚀
🛠️分享各种好用的效率工具和AI 
🎁深挖各种干货资料免费分享
📈不定时分享AI和SAAS案例
🌱出海挣钱摸索ing","98","34","105","91","49","","","","false","false","","false","false","2025-07-26 22:15:44","https://x.com/Valkyrie1398076","https://pbs.twimg.com/profile_images/1970858237361811456/Vxx6-nr7_400x400.jpg","https://pbs.twimg.com/profile_banners/1949110751677046784/1758724197"
"1952027238045831170","六六","xl_lottie","文科生自学AI | 独立AI博主 | 关注AI工作流、AI编程、AI出海。|  分享AI干货，AI学习探索心得
👀小红书/抖音/B站：六六AI研究所","57","109","156","106","13","","","https://www.xiaohongshu.com/user/profile/66729a24000000000d0255ab","false","true","","false","true","2025-08-03 23:22:38","https://x.com/xl_lottie","https://pbs.twimg.com/profile_images/1967528121948921857/OmKyNSO0_400x400.jpg","https://pbs.twimg.com/profile_banners/1952027238045831170/1761196619"
"1023849847105904641","国际范","fantast28488130","INFJ｜能力一般，顾虑无限大 🤯
8年交互设计老司机，却还在社畜赛道狂奔 🐴
擅长研究用户的心思，也擅长被甲方研究
一边内耗，一边追求完美，一边折腾AI新鲜事 ⚡️","129","23","169","40","49","","大湾区","","false","false","","false","false","2018-07-30 16:36:40","https://x.com/fantast28488130","https://pbs.twimg.com/profile_images/1023858906047467521/XQPJrosa_400x400.jpg","https://pbs.twimg.com/profile_banners/1023849847105904641/1757399200"
"1801125196289683457","枫枫AI笔记","fengfengstu","AI创意炼金术士 | 停止堆砌咒语，开始构建创意 | 专注AI的第101种玩法 | 万物皆可炼

📗📕 ：枫枫AI笔记","23","11","149","16","12","","Mars","","false","false","","false","true","2024-06-13 13:31:36","https://x.com/fengfengstu","https://pbs.twimg.com/profile_images/1962136037016420354/GkIn_i6n_400x400.jpg",""
"2229511","Felix Fung 快力","felixfung","Co-Founder at https://t.co/MYil4LO5Aj | Building HR Software with a Small Team | Progressing from Specialist to Entrepreneur | Sharing Learnings and Experiences in between","83","43","166","57","12","","","","false","true","","false","false","2007-03-26 08:55:27","https://x.com/felixfung","https://pbs.twimg.com/profile_images/1712462356956241920/u3M0RHxA_400x400.jpg",""
"1744641692697788416","深度思考","shendusikao","All in ai","470","47","384","221","9","","","","false","true","","false","true","2024-01-09 16:46:32","https://x.com/shendusikao","https://pbs.twimg.com/profile_images/1903595483148283905/LVwXDkA3_400x400.jpg","https://pbs.twimg.com/profile_banners/1744641692697788416/1760489482"
"780262031899242496","志辉","iamzhihui","10 年架构师，现在在学习 AI， 喜欢分享点有用，有趣的事情","726","3409","635","794","59","","","","false","true","","false","false","2016-09-26 12:25:39","https://x.com/iamzhihui","https://pbs.twimg.com/profile_images/1978098197122748417/jxAKxT1n_400x400.jpg","https://pbs.twimg.com/profile_banners/780262031899242496/1761282558"
"94131126","段小波(Bob Duan)","dybwall","关注Web3，AI，FinTech
前百度资深程序员，10年经验
https://t.co/XAttdiCXeP","553","54","383","11","16","","","","false","true","","false","false","2009-12-03 01:17:44","https://x.com/dybwall","https://pbs.twimg.com/profile_images/689852588422930432/ltuE6tC3_400x400.jpg",""
"1754555437607972865","OdysseAI 奥德赛","OdysseAI_","5年跨境出海运营总监，聚焦AI工作流、AI Agent、AI产品出海。目前在做AI自动化创业中。
关注我：获取AI教程、AI赚钱思维。详情见实操手册https://t.co/HC7sA7j6ND","924","1660","196","278","167","科技","Hong Kong","https://xiaobot.net/p/OdysseAI?refer=a5380327-6ff7-428d-b23f-1bbdb2dd6e40","false","true","","false","true","2024-02-06 01:19:59","https://x.com/OdysseAI_","https://pbs.twimg.com/profile_images/1970386360478646272/Bd-VfZMJ_400x400.jpg","https://pbs.twimg.com/profile_banners/1754555437607972865/1755164001"
"1646010116624334848","WeNext(nexty.dev)","weijunext","⛵️全栈工程师，出海开发者，Next.js 手艺人 ｜
Next.js SaaS 模板：https://t.co/YzCDmGttme ｜
Nextjs 中文文档：https://t.co/Ek37EFh3tI ｜
开源：https://t.co/vMeadXy9OD","1520","13533","1113","1120","347","科技","Singapore","https://bento.me/weijunext","false","true","","false","true","2023-04-12 12:39:37","https://x.com/weijunext","https://pbs.twimg.com/profile_images/1752225823644413952/xqXypTHQ_400x400.jpg","https://pbs.twimg.com/profile_banners/1646010116624334848/1690107043"
"1755801171305103360","零零八008@space亏钱","linglingeight","随波逐流｜化工专业｜荒废了","225","86","253","236","42","","","","false","true","","false","true","2024-02-09 11:50:17","https://x.com/linglingeight","https://pbs.twimg.com/profile_images/1831715062983127040/HUGXPqKJ_400x400.jpg",""
"1967874651113345024","洋平707","MYohei707","💼解决方案  |  产品  |  销售  |  市场运营/公关  |  管理
🖥️云计算  |  CDN  |  AI
👀ENTX，X不确定，时P时J
💰创业者，项目采销存全流程都懂点，但是最了解的还是市场
🤔可能是中推少数不会写代码的人
✍🏻我的公众号：洋平的商业思维，上面会分享一些长文及图文内容","432","797","311","180","85","","Chinamainland","","false","true","","false","false","2025-09-16 16:54:30","https://x.com/MYohei707","https://pbs.twimg.com/profile_images/1967897961347813376/InH_sPNK_400x400.jpg","https://pbs.twimg.com/profile_banners/1967874651113345024/1760278361"
"1667439202357899267","Pluviobyte | 出海","Pluvio9yte","大厂安全工程师 | 🌊web出海 | 🌏擅长Prompt && Vibe coding && 智能合约审计 | web3开发者 && 交易员 |  出海经验 | web3知识 | 工作流 | AI使用 | 日常感想 | 合作DM 📩 https://t.co/NQFSgc8FrP","555","898","284","665","85","","","","false","true","","false","true","2023-06-10 15:51:06","https://x.com/Pluvio9yte","https://pbs.twimg.com/profile_images/1986098802680369152/s5DF1Q7Y_400x400.jpg","https://pbs.twimg.com/profile_banners/1667439202357899267/1762357470"
"1459721563905867782","Walton 沃顿","0xwalton","🌲在 Kimi 和 Manus 看过上万份简历的 AI 行业求职博主
💰AI 实习前 Web3 赚过15 万的 211 大四学生
🔍分享创业、求职、AI、投资、生活洞见","179","229","134","853","31","","","","false","true","","false","false","2021-11-14 11:15:24","https://x.com/0xwalton","https://pbs.twimg.com/profile_images/1968660205614592000/ldLRe1j0_400x400.jpg","https://pbs.twimg.com/profile_banners/1459721563905867782/1720668633"
"874896645586132992","CHEN JIAN","yiqizhijian","19年进币圈，同年找到一份体力工作-盒马超市，同时开始定投到现在-没有财富自由 25年10月辞职从0开始做x号 开始利用ai自学英语 用ai写网页、iosApp","244","50","401","118","25","","","","false","false","","false","false","2017-06-14 15:49:50","https://x.com/yiqizhijian","https://pbs.twimg.com/profile_images/1722463804024594432/A_2TPPMf_400x400.jpg",""
"1926144412079280128","超级个体｜柿子","yaohui12138","超级个体践行者｜AI产品经理，日常分享 AI搞钱实战，AI编程系列教程，AI工作流实操， 只分享干货，利他即利己. 公众号：AI超级个体柿子","1611","3562","158","2401","90","","","","false","true","","false","true","2025-05-24 13:13:20","https://x.com/yaohui12138","https://pbs.twimg.com/profile_images/1964576447827496961/7rPS82Jd_400x400.jpg","https://pbs.twimg.com/profile_banners/1926144412079280128/1756980862"
"191869712","野菜","nexusonelw","build SoarChat,个人做产品的过程中的一些思考","480","48","81","4136","48","","Silicon Valley","","false","true","","false","false","2010-09-17 23:33:59","https://x.com/nexusonelw","https://pbs.twimg.com/profile_images/1753381563260362752/LeHIhJx9_400x400.jpg","https://pbs.twimg.com/profile_banners/191869712/1516007044"
"1892802325586333699","serva huang","servasyy","古早程序员 | AI出海 | 自由职业
机车游侠&机速购&骑享租创始人
15年前 freelance 起步 → 连续创业者 → 亏过1个亿，逆风翻盘中
分享创业，AI，生活，读书，健身，中医","2945","8160","540","5278","115","","","","false","true","","false","true","2025-02-21 13:03:54","https://x.com/servasyy","https://pbs.twimg.com/profile_images/1969304899877027840/Ok6tYp0b_400x400.jpg","https://pbs.twimg.com/profile_banners/1892802325586333699/1760433997"
"1131442257675083777","Cell 细胞","cellinlab","🧚‍♂️ INFP to ENFJ ｜ 🎯 AI & Crypto | 🏙️ 北漂 ｜ 🤖 AGI 降临派 ｜💻 独立开发者 ｜🎙️播客《细胞视角》｜🎨 造物矩阵 https://t.co/7481d4ZjH6｜🔥 小火炉播客 https://t.co/c1oYKYV0rS","11973","20017","4507","13309","2228","科技","","https://www.cellinlab.com","false","true","","false","true","2019-05-23 14:10:30","https://x.com/cellinlab","https://pbs.twimg.com/profile_images/1634900405724545031/gQgQEpaj_400x400.jpg","https://pbs.twimg.com/profile_banners/1131442257675083777/1732942869"
"1071299684315017217","安仔","geekshellio","👨‍💻 Entrepreneur & Full-stack-engineer
☁️ AI | Web3 | Cloud Native Researcher
🐚  @myshell_ai Creator","702","2161","294","1152","185","","Hong Kong","","false","true","","false","true","2018-12-08 15:05:23","https://x.com/geekshellio","https://pbs.twimg.com/profile_images/1723248873806942208/EalEraX0_400x400.jpg","https://pbs.twimg.com/profile_banners/1071299684315017217/1742632894"
"1952570561575677952","lixuemei","lixuemei282254","互联网产品小卡拉米一枚，推文会分享找到的各种资...😋😋
“X'里发布的视频、音乐、书籍资源同步分享频道：https://t.co/2DitHUnbSO
QQ分享频道：https://t.co/HZcDKzyMke","3213","333","602","4594","1322","","","http://t.me/pinfan01","false","true","","false","false","2025-08-05 11:21:24","https://x.com/lixuemei282254","https://pbs.twimg.com/profile_images/1976464465219731456/_-nyP92C_400x400.jpg","https://pbs.twimg.com/profile_banners/1952570561575677952/1754364895"
"1642499504875397120","JackJoker","silencerjoker","Poet. Scholar. Democracy's Warrior.
BBA, MBA, PhD Candidate in Economics.","4462","536","7493","24392","69","企业家","","","false","false","","false","true","2023-04-02 20:10:08","https://x.com/silencerjoker","https://pbs.twimg.com/profile_images/1804477778303070208/m0walvqY_400x400.jpg","https://pbs.twimg.com/profile_banners/1642499504875397120/1719056004"
"1103489280188461056","AISmart","makuta22923984","前端开发者，研究在线协同文档与 AI 出海产品，关注教育科技与认知工具。投资理财，量化学习中。 https://t.co/zBU9bZaQ9D 填词游戏 创作者
#前端开发 #协同文档 #AI #教育科技 #出海 #投资理财","475","181","243","532","69","","","","false","true","","false","false","2019-03-07 10:55:21","https://x.com/makuta22923984","https://pbs.twimg.com/profile_images/1982661163591561216/_iUilbKy_400x400.jpg","https://pbs.twimg.com/profile_banners/1103489280188461056/1761393775"
"1932633926423691264","Rosa Parks","LexieLi9486","Your daily AI dumpster","271","69","290","164","23","","San José","","false","true","","false","true","2025-06-11 11:00:25","https://x.com/LexieLi9486","https://pbs.twimg.com/profile_images/1982477466410086400/udqirceZ_400x400.jpg","https://pbs.twimg.com/profile_banners/1932633926423691264/1761494629"
"1803538972012060675","Electromaster⚡","ELECYCELE","Software Engineer | Love & Peace","201","145","407","1330","10","电工","Stonemason","","false","true","","false","false","2024-06-20 05:23:14","https://x.com/ELECYCELE","https://pbs.twimg.com/profile_images/1814371923482255362/2ZHV66Pc_400x400.jpg",""
"1725169104963657728","阿兹特克小羊驼🦙","AztecaAlpaca","躺平在科技与人文的十字路口，不思进取，不求进步，随手解构虚无价值。","4631","1005","569","8019","866","科技","","http://linguage.github.io/","false","false","","false","false","2023-11-16 23:09:23","https://x.com/AztecaAlpaca","https://pbs.twimg.com/profile_images/1974527116290260992/H5tGGzPq_400x400.jpg","https://pbs.twimg.com/profile_banners/1725169104963657728/1762933579"
"1698185353969197056","低橋涼介","theshy12134","梦想是当司机。
ai玩家/生意人。
done is everything。
你好，我是涼介。","894","162","573","956","57","汽车","","","false","false","","false","false","2023-09-03 12:05:23","https://x.com/theshy12134","https://pbs.twimg.com/profile_images/1910247900397129728/KokkKUQo_400x400.jpg","https://pbs.twimg.com/profile_banners/1698185353969197056/1760885116"
"1881991469730594816","余温","gkxspace","05年  🌲独立开发者  🌸连续创业者 | 目前总收入七位数
✨分享创业历程  💓我的目标:“做出一家伟大的公司！”
创业做过多类业务 : 代写 | 交友 | 旅拍 | agent产品 | ai教育……","1998","7222","547","1420","107","","微信和社群","https://yuwen.website","false","true","","false","true","2025-01-22 17:05:13","https://x.com/gkxspace","https://pbs.twimg.com/profile_images/1952432952928784384/k7SIkQ7I_400x400.jpg","https://pbs.twimg.com/profile_banners/1881991469730594816/1758132248"
"1689188712259985408","AXE","AXE4Here","Levi~怎么忍心耽搁生命中的美好时光
千言万语—干就完了","216","118","444","135","31","","CNXA","","false","false","","false","true","2023-08-09 16:16:00","https://x.com/AXE4Here","https://pbs.twimg.com/profile_images/1989005475451691008/P4t0fjT1_400x400.jpg",""
"1682660496","糖串sensei.✨","tangchuan_CN","AI✨ | UX Designer ｜ 3D Artist ｜ 推都是呓语","1683","4698","1962","8050","432","社交媒体影响者","","https://bento.me/tangchuan","false","true","","false","true","2013-08-19 16:13:52","https://x.com/tangchuan_CN","https://pbs.twimg.com/profile_images/1234918220416471040/2vAg3xns_400x400.jpg","https://pbs.twimg.com/profile_banners/1682660496/1583262423"
"1139294713989750784","迷途六耳","Atjjtds","别这样 不是我","8769","568","1169","5976","781","","San Jose, CA","","false","false","","false","true","2019-06-14 06:13:21","https://x.com/Atjjtds","https://pbs.twimg.com/profile_images/1645629822130065409/Gg7JVHP8_400x400.jpg",""
"1830427451803275264","拔刀刘AI学习","daodao300","🖥十年互联网老兵 ♊双子座分裂B 💼创过业打过工 🔋效率控、实践AI ing 更多深度内容公号找我：daodao300","322","1031","153","26","75","","","","false","false","","false","false","2024-09-02 10:08:24","https://x.com/daodao300","https://pbs.twimg.com/profile_images/1839480020689117184/kENdJTBU_400x400.jpg","https://pbs.twimg.com/profile_banners/1830427451803275264/1727508288"
"1866821173755121666","木马人","cnyzgkc","🚀 Frontend @ Big Tech | ESTJ 
✍️ 分享AI 资讯 / AI 副业实战 / AI 自媒体
 📍公众号：木马人 AI","2442","2119","1151","2194","261","","Los Angeles, CA","","false","false","","false","true","2024-12-11 20:23:59","https://x.com/cnyzgkc","https://pbs.twimg.com/profile_images/1963499609017495553/kuzkS82V_400x400.jpg","https://pbs.twimg.com/profile_banners/1866821173755121666/1760602138"
"1218507483473313792","生育救世主","Rollkey4","真正的赛博朋克。
命理师、独立开发者。
床搭子互助平台：https://t.co/6214wunOJX
工具站：https://t.co/ep28vQJevs","6568","272","3164","51002","170","","我在你后面","","false","false","","false","true","2020-01-18 20:16:49","https://x.com/Rollkey4","https://pbs.twimg.com/profile_images/1887419435914567683/LkQ006bS_400x400.jpg","https://pbs.twimg.com/profile_banners/1218507483473313792/1631870025"
"1581259092928040961","尹珉","yinmin1987","🐧 Linux Foundation亚太地区布道师 || 
🌟 Milvus 北辰使者 || 
 🌐Oceanbase Ambassador || 
🦭 Sealos Ambassador ||
《LangGraph实战》编著
Vibe Weave 发起人","3851","2588","2281","5620","643","","Hangzhou","https://milvus.io/zh","false","false","","false","false","2022-10-15 20:22:08","https://x.com/yinmin1987","https://pbs.twimg.com/profile_images/1910487298338443264/3WJdOyfu_400x400.jpg","https://pbs.twimg.com/profile_banners/1581259092928040961/1744330671"
"36952268","Tony出海","iamtonyzhu","Tony出海营销, Founder, Ship AI startups。10年前从国内互联网产品转行跨境电商。 社媒高转化 + SEO持续增长","5269","16198","1671","5337","930","","Tony出海营销手册👉","https://chuhaihao.com","false","true","","false","true","2009-05-01 22:23:58","https://x.com/iamtonyzhu","https://pbs.twimg.com/profile_images/1731259755891732480/C4u-Yz1V_400x400.jpg",""
"1392110156452823044","Berryxia.AI","berryxia_ai","🧠✨Building AI tools AI System Prompt 🐳 | Make WinMaxle Keyboard  Not a designer, not a programmer, Love Design & Coding & Prompt！ 
💼📮:Andyhuo@me.com","5304","16766","1806","2367","1213","金融服务","hongkong","https://yw.app/3bD49AG","false","true","","false","true","2021-05-11 21:31:49","https://x.com/berryxia_ai","https://pbs.twimg.com/profile_images/1911247392478789632/JvXU6qyM_400x400.jpg","https://pbs.twimg.com/profile_banners/1392110156452823044/1760658386"
"720332644521807872","阿西_出海（2.0版）","imaxichuhai","🚀 关注AI、LLM、MCP、AI图像视频 (Interested in AI,LLM,MCP,Stable Diffusion) 💡 推特增长手册：https://t.co/ObLlRqWsJp | 商业合作DM | 公众号：阿西-出海","471","4524","114","272","116","","推特运营经验","https://mp.weixin.qq.com/s/I5ROj6UfXu_3-k_aIYe1eQ","false","true","","false","true","2016-04-14 03:27:40","https://x.com/imaxichuhai","https://pbs.twimg.com/profile_images/1971521661326499840/jJeiSVuo_400x400.jpg","https://pbs.twimg.com/profile_banners/720332644521807872/1763005062"
"1472092654049456129","htonger","hesihan33","5年大厂SRE，从0到1做AI网站出海ing","45","33","537","2","5","","","","false","false","","false","false","2021-12-18 14:33:46","https://x.com/hesihan33","https://pbs.twimg.com/profile_images/1984524604011057152/OID8NFg3_400x400.jpg","https://pbs.twimg.com/profile_banners/1472092654049456129/1760378379"
"985830788674404352","炮爷_已婚版","rotor187","💪妻宝男，让老婆变富婆
👑唯媳妇和搞钱不可辜负
🌹公🀄️号：炮爷Hack｜炮爷聊AI
❤️创业做过婚恋、出境游、红薯高客单等","1319","4035","364","1734","267","科技","","https://okjk.co/XkhvZP","false","true","","false","false","2018-04-16 18:42:30","https://x.com/rotor187","https://pbs.twimg.com/profile_images/1976333241494929409/w6d7IOQe_400x400.jpg","https://pbs.twimg.com/profile_banners/985830788674404352/1757857535"
"1932935705711513600","Yanhua 彦华","yanhua1010","独立开发者 & AI创业者 
营销增长和产品开发实战 
Reddit 用户痛点和Niche挖掘 https://t.co/sK8Mi76nnt
公众号「EvanAI工坊」","2370","4074","410","1595","180","科技","","https://lnk.bio/yanhua","false","true","","false","false","2025-06-12 06:59:32","https://x.com/yanhua1010","https://pbs.twimg.com/profile_images/1974706545431818240/wNphA_FD_400x400.jpg","https://pbs.twimg.com/profile_banners/1932935705711513600/1760163026"
"1846671939437252609","NotebookLM","NotebookLM","Think smarter, not harder. Meet your brain's new best friend 📒","898","111565","15","3167","85","","","http://notebooklm.google","false","true","Business","false","false","2024-10-17 05:59:01","https://x.com/NotebookLM","https://pbs.twimg.com/profile_images/1861084152054849547/uKBhfKBo_400x400.jpg","https://pbs.twimg.com/profile_banners/1846671939437252609/1732552014"
"1404738934043602947","Jackywine","Jackywine","年终复盘 ing","23441","25682","2805","76672","3594","风险投资","","","false","true","","false","true","2021-06-15 17:54:01","https://x.com/Jackywine","https://pbs.twimg.com/profile_images/1805875520430915586/x3t_sQdd_400x400.jpg","https://pbs.twimg.com/profile_banners/1404738934043602947/1750768857"
"1660598418409127937","GitHubDaily","GitHub_Daily","💡 挖掘开源的价值
🧑🏻‍💻 坚持分享 GitHub 上高质量、有趣、实用的教程、AI工具、前沿 AI 技术
🧐 A list cool, interesting projects of GitHub.
✏️ 公众号：GitHubDaily","1533","54014","136","33","1515","","","https://github.com/GitHubDaily/GitHubDaily","false","true","","false","true","2023-05-22 18:48:49","https://x.com/GitHub_Daily","https://pbs.twimg.com/profile_images/1660876795347111937/EIo6fIr4_400x400.jpg","https://pbs.twimg.com/profile_banners/1660598418409127937/1684818863"
"3122661542","Yangyi","Yangyixxxx","Believing is seeing","13736","109087","499","5391","2847","科技","","https://lnk.bio/yangyi","false","true","","false","true","2015-04-01 11:00:40","https://x.com/Yangyixxxx","https://pbs.twimg.com/profile_images/1790540021327712256/72wMFr9-_400x400.jpg","https://pbs.twimg.com/profile_banners/3122661542/1702609915"
"1777934218485747712","flowith","flowith","An agent-based AI creation workspace, with all your knowledge. 
Start with FlowithOS: https://t.co/gSJAClQdus","1478","32492","97","2089","335","技术公司","sf","https://flowith.com","false","true","Business","false","true","2024-04-10 13:38:48","https://x.com/flowith","https://pbs.twimg.com/profile_images/1784589386119786496/Vqw6DG_i_400x400.jpg","https://pbs.twimg.com/profile_banners/1777934218485747712/1721795783"
"1358774084105105408","JesperNissen.com","JespernissenSEO","SEO Expert | Parasite SEO & Link Building Tips  |  10+ years boosting rankings | Rank in LLMs | Follow for daily hacks. https://t.co/NZdaTGceIb","2032","2880","338","1943","455","企业家","Aalborg, Denmark","https://jespernissen.com","false","true","","false","true","2021-02-08 21:52:42","https://x.com/JespernissenSEO","https://pbs.twimg.com/profile_images/1960969752693575680/xAzI_327_400x400.jpg","https://pbs.twimg.com/profile_banners/1358774084105105408/1751955969"
"1754357072727085062","FLORA ©","florafaunaai","Your intelligent canvas.","1021","20259","15","2137","501","花店","Brooklyn, NY","http://florafauna.ai","false","true","Business","false","true","2024-02-05 12:12:31","https://x.com/florafaunaai","https://pbs.twimg.com/profile_images/1892364060458471425/2DyQ8Y0L_400x400.jpg","https://pbs.twimg.com/profile_banners/1754357072727085062/1736963834"
"1759461345542516736","Amr Tahtawi | AI Storyteller","ArtDreamr","🔸 Art Director & AI Educator
🔸 AI for Brands & Creatives
🔸 Prompt Engineer & Visual Storyteller","722","185","184","8387","61","","Dubai","http://www.instagram.com/amrtahtawi.ai","false","false","","false","false","2024-02-19 14:14:33","https://x.com/ArtDreamr","https://pbs.twimg.com/profile_images/1912803922453884928/9WfktGNg_400x400.png","https://pbs.twimg.com/profile_banners/1759461345542516736/1744882950"
"886779698239332352","Jie Huang","jefffhj","Building intelligence @xAI. Grok-2🍍, 3🍫, 4🫐, Video Gen🪄. PhD from UIUC CS.","463","12813","643","1308","59","科技","","https://jeffhj.github.io/","false","true","","false","true","2017-07-17 10:48:50","https://x.com/jefffhj","https://pbs.twimg.com/profile_images/1903561843387547648/CPXSP8uD_400x400.jpg","https://pbs.twimg.com/profile_banners/886779698239332352/1672619060"
"1640130131019833345","Chen Cheng","cherry_cc12","maintainer of modelscope community, contributor of Qwen","407","2207","132","1176","84","","San Jose, CA","https://chat.qwen.ai","false","true","","false","true","2023-03-27 07:14:48","https://x.com/cherry_cc12","https://pbs.twimg.com/profile_images/1807079551996137472/DVta4aIA_400x400.jpg",""
"4473952878","Junyang Lin","JustinLin610","building Qwen universe @Alibaba_Qwen ❤️ 🍵 ☕️ 🍷 🥃","2894","36369","1908","5834","138","","","https://qwen.ai","false","true","","false","true","2015-12-06 18:28:42","https://x.com/JustinLin610","https://pbs.twimg.com/profile_images/1546168426799828992/YjzzbM6Z_400x400.jpg","https://pbs.twimg.com/profile_banners/4473952878/1711035204"
"1943306828697550848","Claude","claudeai","Claude is an AI assistant built by @anthropicai to be safe, accurate, and secure. Talk to Claude on https://t.co/ZhTwG8dz3D or download the app.","168","173327","2","173","71","","","http://claude.ai","false","true","","false","false","2025-07-10 21:50:48","https://x.com/claudeai","https://pbs.twimg.com/profile_images/1950950107937185792/QOfEjFoJ_400x400.jpg","https://pbs.twimg.com/profile_banners/1943306828697550848/1754428112"
"1605","Sam Altman","sama","AI is cool i guess","7283","4125946","974","1024","375","","SF","http://blog.samaltman.com","false","true","","false","false","2006-07-17 06:01:55","https://x.com/sama","https://pbs.twimg.com/profile_images/1904933748015255552/k43GMz63_400x400.jpg",""
"4398626122","OpenAI","OpenAI","OpenAI’s mission is to ensure that artificial general intelligence benefits all of humanity. We’re hiring: https://t.co/dJGr6Lg202","1507","4500911","4","1218","446","","","https://openai.com","false","true","Business","false","false","2015-12-07 06:51:08","https://x.com/OpenAI","https://pbs.twimg.com/profile_images/1885410181409820672/ztsaR0JW_400x400.jpg","https://pbs.twimg.com/profile_banners/4398626122/1759076948"
"1801279481321238528","Crystal","crystalsssup","Staff @Kimi_Moonshot
prev. co-maker of ModelizeAI & gemsouls
""Personality goes a long way""
@UCSanDiego","1232","17547","792","1953","176","","","","false","true","","false","true","2024-06-13 23:48:13","https://x.com/crystalsssup","https://pbs.twimg.com/profile_images/1940401670292197376/SnPd_Mi2_400x400.jpg","https://pbs.twimg.com/profile_banners/1801279481321238528/1736258941"
"1472063616","Zara Zhang","zarazhangrui","Building AI x learning products. Harvard’17. Side project: https://t.co/QTlH7OGcGy YouTube: https://t.co/8xzbGWtf6w Substack: https://t.co/dDPEWGiuBW","1108","16316","1314","1032","206","","San Jose, CA","http://www.zarazhang.com","false","true","","false","true","2013-05-31 20:52:30","https://x.com/zarazhangrui","https://pbs.twimg.com/profile_images/1742369596534067200/Ts-5zSJ6_400x400.jpg",""
"44196397","Elon Musk","elonmusk","","89334","229172635","1228","183276","4235","","","","false","true","","false","false","2009-06-03 04:12:29","https://x.com/elonmusk","https://pbs.twimg.com/profile_images/1983681414370619392/oTT3nm5Z_400x400.jpg","https://pbs.twimg.com/profile_banners/44196397/1739948056"
