﻿"User ID","Name","Username","Bio","Tweets Count","Followers Count","Following Count","Favourites Count","Media Count","Professional","Location","Website","Verified","Is Blue Verified","Verified Type","Protected","Can DM","Created At","Profile URL","Avatar URL","Profile Banner URL"
"2446896679","Punk（2898 🙌💎）","punk2898","Vibe Coding Enthusiast ｜定居新加坡 ｜ Web3 入口一个就够 ⬇️","6162","79086","957","12397","1383","","🇸🇬 新加坡","https://web3.okx.com/ul/joindex?ref=PUNK2898","false","true","","false","true","2014-04-16 17:33:51","https://x.com/punk2898","https://pbs.twimg.com/profile_images/1578724430536388613/mmTYRTbf_400x400.png","https://pbs.twimg.com/profile_banners/2446896679/1760095684"
"555634740","Phyrex","Phyrex_Ni","4XLABS 辅导全球Web3项目落地华语市场
只是个搬砖的，偶尔恰饭
不奢求，不浪费
GlassNode 重度使用者
没有群也不收费，所有分析回答均不构成投资建议
近3亿用户共同选择Binance：https://t.co/JukzSnpfwD
Crypto入口OKX就够了：https://t.co/vPOAfIjmpB
做有温度的Bitget：https://t.co/VZ8RxZe5N7","247940","362962","5373","115919","15682","金融服务","DeAgentAI体验官","","false","true","","false","true","2012-04-17 08:56:17","https://x.com/Phyrex_Ni","https://pbs.twimg.com/profile_images/1596374669824696320/MGne6qLH_400x400.jpg","https://pbs.twimg.com/profile_banners/555634740/1747377528"
"1058197676213231618","Cindy胖迪🔶BNB","CindyCreation","#Bitcoin｜币圈7年从业者 | $ETH Maxi｜Youtuber https://t.co/MoUY8tCtRz｜#Alpha #二级交易｜Cooking @AlphaMoonDao｜商务：https://t.co/DgnY4WuvJM ｜♋️巨蟹INTP","27778","89291","3566","35632","2438","社交媒体影响者","Ur Heart","https://www.youtube.com/channel/UCLjFF108rbeV-Rt901-ZFlA","false","true","","false","true","2018-11-02 11:22:41","https://x.com/CindyCreation","https://pbs.twimg.com/profile_images/1901827743337357312/sa_7JZnM_400x400.jpg","https://pbs.twimg.com/profile_banners/1058197676213231618/1730870594"
"1516941936971554817","杀破狼 WolfyXBT","Wolfy_XBT","数据分析｜信息整理｜全职韭菜｜兼职傻逼｜币安返佣：https://t.co/0iHUM5kFgG｜买 Memecoin 推荐使用 GMGN：https://t.co/So9qyNKHTQ","19820","820370","6839","48422","2505","","交易所返佣链接 👉","http://linktr.ee/killthewolf","false","true","","false","true","2022-04-21 08:48:42","https://x.com/Wolfy_XBT","https://pbs.twimg.com/profile_images/1680938637628944384/2FYk0Ft4_400x400.jpg","https://pbs.twimg.com/profile_banners/1516941936971554817/1734990370"
"1277231643862814721","小隐新十年（Feng Wang）","wangfeng_0128","Crypto Citizen ｜Founder&CEO/蓝港互动集团（8267 HK)；NFT @element_market ；Media @Marsbit2022 ；Asset @Lkventure ；Web3 gameportal @gamefinaga ｜Ex-SVP /Kingsoft Group","5441","91074","6646","12417","552","电子游戏公司","Hong Kong","","false","true","","false","true","2020-06-28 21:25:39","https://x.com/wangfeng_0128","https://pbs.twimg.com/profile_images/1715076448107802624/2b4iIAR__400x400.jpg","https://pbs.twimg.com/profile_banners/1277231643862814721/1677557254"
"1094484125090668544","Ada歪歪","Adawhatvs","投資-金融-幣圈是個輪迴🔅 乾坤未定 你我皆是黑馬","84","2245","50","47","69","","Hong Kong","","false","true","","false","false","2019-02-10 14:32:04","https://x.com/Adawhatvs","https://pbs.twimg.com/profile_images/1983169841185075202/J6ig3ou7_400x400.jpg","https://pbs.twimg.com/profile_banners/1094484125090668544/1761661549"
"1603484516479561728","Divine Manhood | Self Improvement","DivineManhood","Helping MEN get Richer, Stronger, & Smarter | DM me to take your Twitter growth to the next level | Telegram Unfiltered:https://t.co/9kVUKVW26J","11505","272047","130","68662","4444","","New York, USA","https://divinefitness.gumroad.com/l/ugjtr","false","true","","false","true","2022-12-16 04:18:16","https://x.com/DivineManhood","https://pbs.twimg.com/profile_images/1781087853986111489/ssOU99rb_400x400.jpg","https://pbs.twimg.com/profile_banners/1603484516479561728/1713478072"
"1131212761101299713","Yuki","OKX_Yuki","@OKX 高级品牌经理 | Web3 & Crypto Enthusiast | 分享品牌增长、市场动态与行业趋势 📢 DM for collaborations!","6190","11241","828","1937","891","金融服务","香港","http://okx.com","false","true","","false","true","2019-05-22 22:58:33","https://x.com/OKX_Yuki","https://pbs.twimg.com/profile_images/1887054804930981888/h1avTrMw_400x400.jpg","https://pbs.twimg.com/profile_banners/1131212761101299713/1738744101"
"1707328992028815360","情报局刘sir(80+KOL聚合频道)","coinliu6688","🌎80余位国内外优质KOL：信息零延迟|AI翻译
🥇博主胜率统计：直观感受博主实力,拒绝假大空
💰KOL精华消息：人工筛选价值信息，迅速看懂链上热点 
🔥KOL群CA实时提取：AI风险评估，快人一步，抢占先机 
WX：Yuan-ycmbs(备用 cion666666)","64726","2906","787","32670","596","","美国","https://www.coincia.top/","false","true","","false","true","2023-09-28 17:38:59","https://x.com/coinliu6688","https://pbs.twimg.com/profile_images/1915575433493700611/R3N-O0Ak_400x400.jpg","https://pbs.twimg.com/profile_banners/1707328992028815360/1735282776"
"1153979808432267265","GitMind","gitmindmap","GitMind is a free AI mind mapping & brainstorming app. Create and collaborate on mind maps online in real-time. Join our discord : https://t.co/Wc0CLf3ABj","486","1637","27","209","145","","","https://gitmind.com","false","false","","false","true","2019-07-24 18:46:41","https://x.com/gitmindmap","https://pbs.twimg.com/profile_images/1640916842008162304/hPj4ehdN_400x400.jpg","https://pbs.twimg.com/profile_banners/1153979808432267265/1681368942"
"465810797","工具兔🐰","tool_hopper","🔧 全网最好用的工具都被我翻出来了
💥 工具兔上线，每天不水只干货！
💼 摸鱼、学习、工作神器通通有

关注我，一起躺着变强叭 🌸🌸🌸","1415","13503","16","6703","1284","","","","false","true","","false","false","2012-01-17 03:21:34","https://x.com/tool_hopper","https://pbs.twimg.com/profile_images/1905154538975510528/ntNCqt1L_400x400.jpg","https://pbs.twimg.com/profile_banners/465810797/1743059506"
"888137077","猫叔的职场笔记","haowue","🍀 分享职场干货
💰 人生短暂，早开窍，早退休","1135","11760","31","6526","1015","","","","false","true","","false","false","2012-10-18 13:02:46","https://x.com/haowue","https://pbs.twimg.com/profile_images/1911973090730373120/fmYbA0f5_400x400.jpg","https://pbs.twimg.com/profile_banners/888137077/1744684884"
"475832528","猫小姐学AI","MissCat_AI","不是在搞 AI，就是在搞 AI 的路上","1261","8029","130","6486","1131","","","","false","true","","false","false","2012-01-27 21:50:33","https://x.com/MissCat_AI","https://pbs.twimg.com/profile_images/1911701844855857152/9Ml2H7yz_400x400.jpg","https://pbs.twimg.com/profile_banners/475832528/1745811380"
"962502216","科技混子Chris","ChrisSlacker","科技圈资深韭菜🌿 ｜ 科技新品试毒☠️专员

分享科技资讯🗞️、互联网工具🧰

提升📈生产力，降低钱包💰厚度","1824","16490","28","9964","1598","","","","false","true","","false","true","2012-11-21 22:38:13","https://x.com/ChrisSlacker","https://pbs.twimg.com/profile_images/1933402794918359079/joMW_Hnp_400x400.jpg","https://pbs.twimg.com/profile_banners/962502216/1749701515"
"569189962","杂学大师✨","Techbruneth","跨领域知识分享者🎓 

英语学习📝｜金融思维🧠｜科技前沿🤖

历史趣事📚｜冷知识｜深度思考💭

让好奇心永远在线💪🏻～","1673","21225","65","10017","1376","","","","false","true","","false","false","2012-05-02 23:25:03","https://x.com/Techbruneth","https://pbs.twimg.com/profile_images/1933097007503314944/1nqKDcY0_400x400.jpg","https://pbs.twimg.com/profile_banners/569189962/1749700616"
"909916278","边忘边学的Tina💋","TinaLearning","📚 持续性学习 | 间歇性失忆  
✨ 在记住与遗忘的循环中反复横跳  
🐱 知识像金鱼记忆，但快乐永不褪色  
🔥 目标：把学习变成一场大型行为艺术","1119","9961","20","7519","988","","","","false","true","","false","false","2012-10-28 17:35:45","https://x.com/TinaLearning","https://pbs.twimg.com/profile_images/1906154418481106944/uj3HCrBa_400x400.jpg","https://pbs.twimg.com/profile_banners/909916278/1743297628"
"950327911","半吊子程序猿大铭","CoderDaMing","不成器的码农🧱 | 资深数码📷韭菜
🌴用副业的心态做主业，用主业的钱买数码
AI时代的摸鱼🐠专家
座右铭：买买买是第一生产力","1641","13661","23","9575","1464","","","","false","true","","false","false","2012-11-16 03:21:50","https://x.com/CoderDaMing","https://pbs.twimg.com/profile_images/1933019008061878273/V01gCRoq_400x400.jpg","https://pbs.twimg.com/profile_banners/950327911/1749702621"
"1882023072750034944","美酱AI","meijiangAI","❤️ 痴迷挖各种好用的效率工具和AI
🌟 每天看看有惊喜 ⬇️
🌊  自由职业者
💓 我要分享 1000 篇实用干货！","2183","17791","40","8857","1952","","","","false","true","","false","true","2025-01-22 19:11:30","https://x.com/meijiangAI","https://pbs.twimg.com/profile_images/1886614416093011968/BuXehExC_400x400.jpg","https://pbs.twimg.com/profile_banners/1882023072750034944/1738638880"
"809709025","AI探路者Tim","AIExplorerTim","🤖 AI 探险家 | 在算法迷雾中点亮火把  
🧠 训练模型，也被模型训练  
⚡ 日常：调参、炼丹、等收敛  
🌍 相信AGI会来，但不确定是不是明天  
🔍 在科技与伦理的边界反复横跳","1667","13379","16","9526","1455","","","","false","true","","false","true","2012-09-08 06:20:42","https://x.com/AIExplorerTim","https://pbs.twimg.com/profile_images/1906159097889861632/Oc_QuXeK_400x400.png","https://pbs.twimg.com/profile_banners/809709025/1743298739"
"1871459840100646912","MMKing","MMKBTC","","22","1567","116","314","1","","Bitcoin","","false","true","","false","false","2024-12-24 15:36:32","https://x.com/MMKBTC","https://pbs.twimg.com/profile_images/1907385404757835776/jOdf_Uzt_400x400.jpg","https://pbs.twimg.com/profile_banners/1871459840100646912/1741893854"
"1418415379416711172","龙猫爱分享","Longmao_Share","🌊 自由职业者                                                                  👉🏻 AI工具/实用软件/搞钱干货/职场提升","44","113","141","45","38","专业服务","新加坡","","false","false","","false","false","2021-07-23 11:39:24","https://x.com/Longmao_Share","https://pbs.twimg.com/profile_images/1859491149158940676/MVZSfout_400x400.jpg","https://pbs.twimg.com/profile_banners/1418415379416711172/1732172010"
"1818492328891604992","Mercy","Mercy_okx","#OKX ｜努力成为大家身边的 ☀️｜产品问题&用户反馈DM 👉 https://t.co/Xy7q4tHFG9","6794","38783","1394","15855","623","","","http://okx.com","false","true","","false","true","2024-07-31 11:42:59","https://x.com/Mercy_okx","https://pbs.twimg.com/profile_images/1854461470979039232/_3AAZ5ng_400x400.jpg","https://pbs.twimg.com/profile_banners/1818492328891604992/1743416263"
"1542307357283303425","0x进击的水豚","crypto_oldk","你还年轻，三千万不够

我可能成为一个有钱人，也可能成为一个穷光蛋

但我每次都选择做有钱人","1645","20727","22","1577","1336","","","","false","true","","false","true","2022-06-30 08:41:44","https://x.com/crypto_oldk","https://pbs.twimg.com/profile_images/1907374883857989632/AO6VhYsW_400x400.jpg","https://pbs.twimg.com/profile_banners/1542307357283303425/1743588586"
"1744988460103180288","露西的百宝箱","Lucy_love_AI","🌊  自由职业者
👉🏻 AI工具/实用软件/搞钱干货/职场提升
💓 我要分享 1000 篇实用干货！

你想要的这里全都有⬇️","2573","47225","30","4603","2215","","","https://box123.io/","false","true","","false","true","2024-01-10 15:45:15","https://x.com/Lucy_love_AI","https://pbs.twimg.com/profile_images/1829469704173539329/wP9_sYa5_400x400.jpg","https://pbs.twimg.com/profile_banners/1744988460103180288/1725014545"
"1807698422146981888","银河少女","Lily24_08","00后少女  活泼可爱💕
追寻梦想的路上优雅前行✨
爱分享 专注实用工具/黑科技/AI🤖
努力学习 web3 中🧠
新手上路🫣  请多多关照🫡","194","1120","31","51","154","","","","false","false","","false","false","2024-07-01 16:51:30","https://x.com/Lily24_08","https://pbs.twimg.com/profile_images/1817867382821707776/fP67F6UV_400x400.jpg","https://pbs.twimg.com/profile_banners/1807698422146981888/1722248646"
"1346092460712230913","Hedy.eth 🎮","Crypto_hedyEth","💼  Web3 钉子户
🐘 分享 Web3 入门学习知识和自己真实工作日常","2207","25085","27","1573","1842","","","","false","true","","false","true","2021-01-04 21:54:05","https://x.com/Crypto_hedyEth","https://pbs.twimg.com/profile_images/1830500764248109057/jgroH02Y_400x400.png","https://pbs.twimg.com/profile_banners/1346092460712230913/1725260368"
"1650822621989154816","宝总的财富指南","baozong_facai","📈  每日干货分享，帮你轻松搞定财经资讯

👨‍💼 欢迎一起研究📈&资产配置

👉 想要财务自由？关注我，阿宝带你飞！

⬇️ 一站式 AI 工作流神器，24 小时赚钱工具：Flowith","2042","67244","30","5267","1791","","","https://bit.ly/47bcAFu","false","true","","false","true","2023-04-25 19:22:43","https://x.com/baozong_facai","https://pbs.twimg.com/profile_images/1816002885844647936/lc_56x1R_400x400.jpg","https://pbs.twimg.com/profile_banners/1650822621989154816/1721803805"
"1650822571032739841","暖暖爱分享","nuannuan_share","❤️ 痴迷挖各种好用的效率工具和AI
🙈 资深运营项目负责人
⭕️ 可以不光芒万丈，但不要停止发光
🌟 每天看看有惊喜 ⬇️","2285","45017","42","3753","2053","","","https://box123.io/","false","true","","false","true","2023-04-25 19:22:28","https://x.com/nuannuan_share","https://pbs.twimg.com/profile_images/1815679339981365249/LpPdN7UY_400x400.jpg","https://pbs.twimg.com/profile_banners/1650822571032739841/1721726664"
"88719855","CoinCircle","CoinCircle","Decentralized Finance. Your new favorite crypto wallet. Simple. Private. Secure. #Bitcoin #Ethereum #DeFi #Crypto","1903","7395","522","446","124","","Santa Monica, CA","https://coincircle.com/app","false","true","","false","false","2009-11-10 01:58:40","https://x.com/CoinCircle","https://pbs.twimg.com/profile_images/1752812993363214336/PLrjgd2D_400x400.jpg","https://pbs.twimg.com/profile_banners/88719855/1703108776"
"1405524204817051657","0x盖茨比 🎯","0xGCB","Tonight was a clear victory … for memes — Elon Musk","2930","13862","2910","2417","796","","The Great Gatsby","","false","true","","false","true","2021-06-17 21:54:26","https://x.com/0xGCB","https://pbs.twimg.com/profile_images/1715981996768542720/ZfrtAWq7_400x400.jpg","https://pbs.twimg.com/profile_banners/1405524204817051657/1697623906"
"1429221486032678914","SuSu_酥酥👅","NFT_Chen","#BiBiCrew Co-founder｜ RedNote KOL【SuSu】｜@Sydney_Uni Master｜Crypto Holder｜Web3.0 Builder｜三亿人都在用的交易所币安：https://t.co/Vd1c5S8x5U #Binance","3217","7494","1498","18492","482","","Sydney","https://link3.to/superbit","false","true","","false","true","2021-08-22 07:22:24","https://x.com/NFT_Chen","https://pbs.twimg.com/profile_images/1948253379005906944/uGx9Ufe-_400x400.jpg","https://pbs.twimg.com/profile_banners/1429221486032678914/1669871771"
"838620022541008898","Aaron 🍌⛩️","0xAaron999","Lifelong learner 🧠 $BTC｜$TSLA｜$RKLB｜NFTs深夜咖啡","613","2517","5966","2882","38","社区","Toronto, Ontario","","false","true","","false","true","2017-03-06 13:19:28","https://x.com/0xAaron999","https://pbs.twimg.com/profile_images/1710142724073025536/oMaeb2Iq_400x400.jpg","https://pbs.twimg.com/profile_banners/838620022541008898/1710203259"
"909645210400858112","Kuang Ren 狂人说趋势","liujia0224","币圈老媒体人， 商务合作微信号wechat：krxzs168
Binance你的数字货币交易平台，就是币安 https://t.co/HwIyBY4CNb
新人首选okx，安全简单 https://t.co/bUZROCeQxH","4004","47511","824","3077","807","","Los Angeles","","false","true","","false","true","2017-09-18 13:08:13","https://x.com/liujia0224","https://pbs.twimg.com/profile_images/932509064101105664/ocTNEBHH_400x400.jpg","https://pbs.twimg.com/profile_banners/909645210400858112/1747635311"
"1663749852965240834","TraderS | 缺德道人","Trader_S18","Trader（缺德） DAO（道）人 / 野生宏观观察员 / 叉腰怪 / 链上小捕快 / 币圈老油条 / 灵魂画线师 / 肥猪流操盘手 / 基金制造者 / 出海老船长 / 拉盘委员会副会长 /超100%POR资金储备，安全首选。交易所&钱包，OKX就够 。🔗 https://t.co/idtBAtv7B9","11059","51806","722","6675","1340","金融服务","https://weibo.com/traders18","https://t.me/web3blackdragon","false","true","","false","true","2023-05-31 11:31:05","https://x.com/Trader_S18","https://pbs.twimg.com/profile_images/1663755176581431296/KKbxA9BI_400x400.jpg","https://pbs.twimg.com/profile_banners/1663749852965240834/1760553743"
"894100751026237440","老特","laotebiji","","1212","23540","3417","5935","194","","TERMINUS","","false","false","","false","true","2017-08-06 15:40:05","https://x.com/laotebiji","https://pbs.twimg.com/profile_images/1731320520925392896/PF65VvrB_400x400.jpg","https://pbs.twimg.com/profile_banners/894100751026237440/1723707706"
"940799429380067333","破音poyin.com","poyincom","人性研究员｜情绪洞察大师｜九年职业泡沫舞蹈家｜PVE群体心理分析师｜Stepn幸存者 ｜","5506","27760","800","12478","1275","概念艺术家","个人网站","http://www.poyin.com","false","true","","false","true","2017-12-13 12:23:57","https://x.com/poyincom","https://pbs.twimg.com/profile_images/1818324349348429824/qpN5gimT_400x400.jpg","https://pbs.twimg.com/profile_banners/940799429380067333/1706982050"
"855303666722525184","摆烂程序媛","wanerfu","大厂牛马 🐮 🐴｜日常摆烂 🏖️

分享泛互联网 👩‍💻 ｜ 泛科技资讯 💬 |  AI 🤖  |  web 3💰
 
渴望退休、渴望财务自由 🆓 💸

一站式AI工具:

🔗 https://t.co/ASzfTXDak9","4581","97569","167","11333","3984","科技","宇宙中心","","false","true","","false","true","2017-04-21 14:14:19","https://x.com/wanerfu","https://pbs.twimg.com/profile_images/1695073712612016128/xjiHduPl_400x400.jpg","https://pbs.twimg.com/profile_banners/855303666722525184/1692971868"
"1683767572519608320","董币哥","NextBullReady","🚩 练级中，发点干货也碎碎念

🏋️ 不保涨，不割韭

🍺  牛回相见","3284","33008","451","8862","2169","","","","false","true","","false","false","2023-07-25 17:14:41","https://x.com/NextBullReady","https://pbs.twimg.com/profile_images/1921116632933343232/_hnSwHVq_400x400.jpg","https://pbs.twimg.com/profile_banners/1683767572519608320/1690292601"
"1398934230407606278","老白（每日干货分享✊）","laobaishare","收集和分享好东西：🌍泛互联网 + 💻科技 + 🤖️Al + 📃学习 + 🤑Crypto 

🧰 我常用的AI效率工具Flowith ：https://t.co/c6gH4Yf6EN","9270","190640","425","12568","5957","科技","","","false","true","","false","true","2021-05-30 17:28:41","https://x.com/laobaishare","https://pbs.twimg.com/profile_images/1688863542110507008/RO_U6ecN_400x400.jpg","https://pbs.twimg.com/profile_banners/1398934230407606278/1686798589"
"1639584800976535555","熊猫 AI 🐼","OxPanda_","🐼探索AI的奇妙世界 | #Web3 项目运营实战派 

🤖分享#AI 前沿资讯 | 实用工具推荐

🦄 背挺直一点，向前站一点

欢迎找我唠嗑 💬","1370","10847","257","1357","451","","MOON ","","false","true","","false","true","2023-03-25 19:07:48","https://x.com/OxPanda_","https://pbs.twimg.com/profile_images/1907269041556738048/FaxIRYsY_400x400.jpg","https://pbs.twimg.com/profile_banners/1639584800976535555/1743577131"
"1367360490427453441","路飞 🏴‍☠️ AI 研究员🧐","0xluffy_eth","🌍 分享工具和资料
🔭 专注于 AI、效率工具、Web3 的信息挖掘和评测
⛵️ 海贼·王路飞的狂热粉丝，坚信勇气和冒险精神可以开启人生新篇章 

🧧 10,000元红包雨 + 1000款 AI 工具合集，100% 免费领取 
📱打开抖音领取👉 https://t.co/ksOCiri13u","8194","125611","127","10946","6347","","","","false","true","","false","true","2021-03-04 14:25:27","https://x.com/0xluffy_eth","https://pbs.twimg.com/profile_images/1612405554491850752/G2adJo0p_400x400.jpg","https://pbs.twimg.com/profile_banners/1367360490427453441/1673262832"
"1479481727248596992","SlamHig.eth","HiguroFam","HR Partnerships | Now in https://t.co/7teTPxrmnD
Ex: Media & Communications at the University of Sydney (2009–2013) 🎓 Believe in somETHing🙊 我愿意接受新的建议和合作","8061","58465","14076","9627","786","医疗和保健","Central region, Singapore 🇸🇬","","false","true","","false","true","2022-01-07 23:55:46","https://x.com/HiguroFam","https://pbs.twimg.com/profile_images/1965397428376395776/UzENfH6C_400x400.jpg","https://pbs.twimg.com/profile_banners/1479481727248596992/1757422248"
"1525627166595043329","vigorxu","vigorX777","AIGC 布道者 🖖 
AI 产品蝗虫 🦗
web3 抄底师 🤡 
自媒体运营菜鸡 🐔 
魂类游戏玩家 🌞 
焦虑失眠患者 🥺

公众号：「懂点儿AI」","1334","8883","919","422","434","","","","false","false","","false","true","2022-05-15 08:00:50","https://x.com/vigorX777","https://pbs.twimg.com/profile_images/1619609106225979394/nGhNOk6A_400x400.jpg","https://pbs.twimg.com/profile_banners/1525627166595043329/1652573110"
"1509912900038582272","EnHeng嗯哼🔸BNB","EnHeng456","05年大学生入场学习记｜build #BNB｜Binance 近3亿选择https://t.co/Y1GpxuS625｜Giggle BNB慈善贡献榜首位｜@aster_dex 顶级1.5X车队码：3ca549｜合作Dm Tg enheng777 ｜个人微信ttttwill｜仅代表个人观点不构成投资建议 高风险投机 DYOR","32322","85873","3081","65165","2623","","TG频道发布重要信息","https://t.me/EnhengAlpha","false","true","","false","true","2022-04-01 23:17:54","https://x.com/EnHeng456","https://pbs.twimg.com/profile_images/1966152812536147968/nzlqBIZQ_400x400.jpg","https://pbs.twimg.com/profile_banners/1509912900038582272/1762166044"
"1466043963681681410","WaTell 蛙跳","0xWatell","A frog adventuring in the crypto world 🐸 / 我爱小图片 / HODL BNB🔸","16379","36820","1604","33527","2132","","蛙の日记 →","https://bit.ly/3Haz7VJ","false","true","","false","true","2021-12-01 21:58:20","https://x.com/0xWatell","https://pbs.twimg.com/profile_images/1868505050404036608/I6a6bNUa_400x400.jpg","https://pbs.twimg.com/profile_banners/1466043963681681410/1734321295"
"1388840960650465281","kotaro.PLANZ ⚔️Founder 🌱🚜HYPERFARMER🥔 $Z","kotaro03873195","IT事業を中心に経営者歴約17年。7年ほど前にIPOを目指し数億円の資金調達を行ったが挫折。3年ほど前にDeFiに魅了され、BlockChainのSystem開発会社とDiscordコミニティー（YFL）を設立。現在20名程のTeamで事業拡大中。東新宿にてCryptoLoungeGOX をopen❗","42685","47627","1873","84463","3964","企业家","Bangkok🇹🇭","https://discord.gg/39qnrzZg2K","false","true","","false","true","2021-05-02 21:01:19","https://x.com/kotaro03873195","https://pbs.twimg.com/profile_images/1446683230300631042/5feAxUfI_400x400.png","https://pbs.twimg.com/profile_banners/1388840960650465281/1737116538"
"4693593386","温格","MindwingsD","Web3 investor & Trader  公众号：温格区块链 Wechat：btc20272027 （添加可领内部课程）","3592","2070","3310","3241","668","金融服务","Chengdu","http://linktr.ee/mindwings","false","true","","false","true","2016-01-02 11:42:34","https://x.com/MindwingsD","https://pbs.twimg.com/profile_images/1588930053735206918/RcshPA4T_400x400.jpg","https://pbs.twimg.com/profile_banners/4693593386/1684663736"
"1324198319535521795","KK.aWSB","KKaWSB","Co-founder of CarbonSilicon AI ｜ AI-powered on-chain algorithmic trading (Palo Alto) | 硅谷 P 将军｜金狗投研｜深绿 Agent👽｜Learn in public📖｜

✈️投研频道：https://t.co/QsTW1lsaMp","4262","31316","2567","6797","1402","金融服务","Palo Alto","https://t.me/+2wIEN3JaDn5hZjAx","false","true","","false","true","2020-11-05 11:54:29","https://x.com/KKaWSB","https://pbs.twimg.com/profile_images/1597151544004132864/tTRRgVeE_400x400.jpg","https://pbs.twimg.com/profile_banners/1324198319535521795/1654121731"
"1450461710591172610","小番 | XFun","xiaofan22193521","#Crypto #WEB3 | Crypto Hunter | #INTJ | 去中心化信仰 | 尽力捕捉每一次行业机会 | 接受任何观点讨论 | ALL IN CRYPTO | 左手MEME 右手撸毛 | 日常碎碎念","5526","1714","1171","3796","222","专业服务","","","false","true","","false","false","2021-10-19 22:00:06","https://x.com/xiaofan22193521","https://pbs.twimg.com/profile_images/1978124353070891008/QmBZ0-Sf_400x400.jpg","https://pbs.twimg.com/profile_banners/1450461710591172610/1689686618"
"1212387494718652418","sogut","sogutlife","一个肤浅的人 / 理性 / 客观 / 不中立 / 无党派 / 无神论 / 懒得抬杠 / 随手拉黑 / NO🚫MAGA / #StandWithUkraine","4248","1995","1785","5364","738","","Germany","","false","false","","false","false","2020-01-01 22:58:23","https://x.com/sogutlife","https://pbs.twimg.com/profile_images/1650459683105255426/niN3-iEx_400x400.jpg","https://pbs.twimg.com/profile_banners/1212387494718652418/1740784205"
"1542102476903653378","Freakydaisy","FreakyDaisyShow","Flodai,  a children’s illustration book author from Germany who moves between the realms of educational and silly stuff.","386","644","1307","11649","253","","","https://freakydaisy.com/","false","false","","false","false","2022-06-29 19:08:11","https://x.com/FreakyDaisyShow","https://pbs.twimg.com/profile_images/1603831658699948064/gHVwvPGh_400x400.jpg","https://pbs.twimg.com/profile_banners/1542102476903653378/1671218310"
"1413738666321530883","Lollipop","0045btc","发现新东西！！","2388","1768","1836","5006","392","","Hong Kong","","false","false","","false","true","2021-07-10 13:55:48","https://x.com/0045btc","https://pbs.twimg.com/profile_images/1895776195377315842/o043HtSH_400x400.jpg",""
"480123599","Sid","0xSidaaa","timing is better than time / be friend of volatility ～ 经常shit talk","7769","2139","611","771","3885","","","http://discord.gg/X6ukg7JRzQ","false","false","","false","true","2012-02-01 12:29:24","https://x.com/0xSidaaa","https://pbs.twimg.com/profile_images/1717520320364752896/heqUTPMH_400x400.jpg","https://pbs.twimg.com/profile_banners/480123599/1688101883"
"1324765222867890176","海腾破浪","haiteng20","大道至简，知行合一 
撸毛中/网格交易 BTC/BNB/BGB holder
通过邀请注册私聊获得秘籍，助力你在区块链乘风破浪少走弯路
BG：49KA7Z0C
BN：AP8CO7NT","966","370","789","227","138","社交媒体影响者","","https://debank.com/profile/0x35d6392f41093f5d6f88fe1a3326a5d8d73b23d2","false","false","","false","true","2020-11-07 01:27:11","https://x.com/haiteng20","https://pbs.twimg.com/profile_images/1581620965724692481/S2W7MtjD_400x400.png",""
"1294405141546897408","Don","DonaldsTrades","Crypto Trader | Trench Warrior | $LINK","46896","224206","17956","53771","17730","","https://t.me/ApesCartelAlerts","https://t.me/APENOW","false","true","Business","false","true","2020-08-15 06:47:56","https://x.com/DonaldsTrades","https://pbs.twimg.com/profile_images/1971259590906966016/SufIFVg-_400x400.jpg","https://pbs.twimg.com/profile_banners/1294405141546897408/1758820175"
"1296764553502568448","Vera DE 🏅aWsb🥇","JiheVera","aWsb family since 02.2021, Crypto+NFT fans, start with BAYC+ MAYC + Doodle…law of attraction, frequency field...","1296","1716","4926","1112","85","社交媒体影响者","","","false","false","","false","false","2020-08-21 19:02:30","https://x.com/JiheVera","https://pbs.twimg.com/profile_images/1745787634855608320/pjD-yWfC_400x400.jpg","https://pbs.twimg.com/profile_banners/1296764553502568448/1609543452"
"1331494148","Peggybear.move","peggybear223","Our second step is my handle","699","1195","3346","1491","12","","Hidden Cryptosia","","false","false","","false","true","2013-04-06 20:37:49","https://x.com/peggybear223","https://pbs.twimg.com/profile_images/1930869696980746240/GOQppHA7_400x400.jpg",""
"1243425990593789955","YuDan(🦄,🦄)","DeFiYudan","加密独角兽饲养员| Post Investment Manager @unicornverse_io 🦄","3246","11246","3668","2909","442","金融服务","Singapore","","false","false","","false","true","2020-03-27 14:34:07","https://x.com/DeFiYudan","https://pbs.twimg.com/profile_images/1897526191588040707/m5zCd1Vy_400x400.jpg","https://pbs.twimg.com/profile_banners/1243425990593789955/1681830803"
"1506814775681904642","Crypto火鸡分析师","Crypto_huoji","币圈十年，恍若隔世｜链上数据｜宏观周期｜深度投研｜每日消息面｜SEA星海漫游 @Seaxing777｜仅个人见闻分享，发散思维，不构成投资建议。","6671","8266","560","5890","1394","金融服务","Kowloon City District","","false","true","","false","true","2022-03-24 10:07:11","https://x.com/Crypto_huoji","https://pbs.twimg.com/profile_images/1939631025962778625/nFCv2oyr_400x400.jpg","https://pbs.twimg.com/profile_banners/1506814775681904642/1709540419"
"1641266915149774848","森林","senlin8888","元气森林！
crypto爱好者，不断学习提高行业认知水平才是根本，长期做多加密世界 #btc  #eth｜ai:ai agent  ai  agent平台｜btc生态  #ordi #sats #rats","403","79","424","609","18","","","","false","false","","false","false","2023-03-30 10:31:49","https://x.com/senlin8888","https://pbs.twimg.com/profile_images/1641268591986356225/wgUFlXND_400x400.jpg","https://pbs.twimg.com/profile_banners/1641266915149774848/1680143911"
"851352240702898176","yiwei","weidair1",".Eth","2588","2994","4330","2926","55","","","","false","false","","false","false","2017-04-10 16:32:46","https://x.com/weidair1","https://pbs.twimg.com/profile_images/1930243198179483648/IvGt2unL_400x400.jpg","https://pbs.twimg.com/profile_banners/851352240702898176/1750595929"
"1315588440","苏察哈尔灿","BUSHIJING","以前对自己总是盲目自信，自从接触crypto以来，时时刻刻提醒自己是傻逼，步步如履薄冰，希望在这个黑暗森林里最终活下来  $这里所有信息均无投资建议，仅供本人事后复盘，不需要你发表你的看法，看人不爽会直接拉黑$ ————本人无社群，不会主动联系你，主动联系你的都是骗子","1420","2617","5007","11","157","","Newport Beach, CA","","false","false","","false","false","2013-03-30 10:17:50","https://x.com/BUSHIJING","https://pbs.twimg.com/profile_images/1461963954981195779/CUSJEPTZ_400x400.jpg","https://pbs.twimg.com/profile_banners/1315588440/1653074437"
"13038802","HM","hosem","","754","564","3433","713","39","媒体和新闻公司","Tokyo","","false","false","","true","false","2008-02-04 15:43:55","https://x.com/hosem","https://pbs.twimg.com/profile_images/1824134145309806593/7zxAIOpI_400x400.jpg","https://pbs.twimg.com/profile_banners/13038802/1723742457"
"780949277946187776","tonyjai.sol 🎒🇭🇰 (Ø,G)","Laitony369","Web3 Native 世界が終るまでは
💊 @weeklydose852 Co-Host
🐣 @8DAO8DAO
🧙 Utgl Consultant - Large Spending Specialist; High-privacy Asia first Trust Asset-Link credit card","3997","1535","4331","17535","432","","Hong Kong","","false","true","","false","false","2016-09-28 09:56:32","https://x.com/Laitony369","https://pbs.twimg.com/profile_images/1800768790474657792/51MtnIPA_400x400.jpg","https://pbs.twimg.com/profile_banners/780949277946187776/1696232095"
"31348010","aka老童","akaaa","宅，佛系，怪蜀黍，风险投资，老互联网人，中老文艺青年。人生是一场自我洗脑和被洗脑的过程，祝福洗脑快乐😂 科技&人文，分裂&归一，怀疑&信仰， “Man was born free, and he is everywhere in chains.” ，Memento mori，Amor fati","11889","2497","2125","10099","1782","","","https://substack.com/@akaaaa","false","false","","false","true","2009-04-15 13:19:14","https://x.com/akaaa","https://pbs.twimg.com/profile_images/1738081281991495680/YqVO41YO_400x400.jpg","https://pbs.twimg.com/profile_banners/31348010/1673446102"
"1285040356489416705","AD的加密世界","rich_adul","Solar之家大使 专注加密货币潜力标的挖掘;信息分析；YouTube万粉博主；推荐使用UnversalX平台链接https://t.co/aNtusU8vZt ；频道https://t.co/rreTQ74fgX","11194","11858","4412","20597","2101","","如何添加社群：","https://www.notion.so/AD-2482cf7a8ea2801a947fe82ad4e9115b","false","true","","false","true","2020-07-20 10:34:38","https://x.com/rich_adul","https://pbs.twimg.com/profile_images/1952724687550918656/ooDmugbc_400x400.jpg","https://pbs.twimg.com/profile_banners/1285040356489416705/1650164979"
"836130481347256320","AmberBella","0xAmberBella","I post thoughts I think are worth saying | Views are my own | Bilingual 🇨🇳🇺🇸 | Astrology & 八字双修 🔮☯️｜ Alum | Bridge West & East","6106","32326","2047","12204","645","","Decentralized","http://hub.xyz/amberbella","false","true","","false","true","2017-02-27 16:26:56","https://x.com/0xAmberBella","https://pbs.twimg.com/profile_images/1906957820995801088/y2tJ8SDb_400x400.jpg","https://pbs.twimg.com/profile_banners/836130481347256320/1734099839"
"18794521","VT","VT_BNB","一个失败的项目方，一个成功的社区建设者。 A failed project owner and a successful community builder.","21346","62968","1635","166162","4909","社区","Mars","","false","true","","false","false","2009-01-09 14:27:48","https://x.com/VT_BNB","https://pbs.twimg.com/profile_images/1840139184314691584/LjRUPd4K_400x400.jpg",""
"1519947833935220739","刷粉丝｜推特刷赞｜推文刷赞｜推特账号｜推特蓝V代开","haiwaidianhua","＃特推粉 ＃电报粉 ＃脸书粉 ＃油管粉
海外各大社交平台粉丝点赞转发，
一键下单: https://t.co/o4Sw9JSiOZ
电报:https://t.co/euTQoh8eYB
微信：bitcoin66668888","1892","2481","1897","318","110","娱乐和休闲","Malaysia","","false","false","","false","false","2022-04-29 15:53:12","https://x.com/haiwaidianhua","https://pbs.twimg.com/profile_images/1548853377886732288/Dw8j5zv1_400x400.jpg","https://pbs.twimg.com/profile_banners/1519947833935220739/1651242569"
"896972213772967936","VK Agentis","khoo_q","ɢᴏᴅ ɪs ᴛʜᴇ ɢʀᴇᴀᴛᴇsᴛ ᴏғ ᴀʟʟ","2220","3786","2835","6698","28","","Singular Point","","false","true","","false","false","2017-08-14 13:50:15","https://x.com/khoo_q","https://pbs.twimg.com/profile_images/1896968444672888832/E21cF74b_400x400.jpg","https://pbs.twimg.com/profile_banners/896972213772967936/1737540069"
"1492364292","Jack3.14💯","JinJian5","Founder of $NakaLa₿s PoW as meme, Build Ai2.0+Crypto2.0 With Geeks !!!","2739","993","4006","2624","416","","新加坡","https://t.me/Naka_Labs","false","false","","false","true","2013-06-08 16:59:47","https://x.com/JinJian5","https://pbs.twimg.com/profile_images/1743403789867003904/u2IE84yz_400x400.jpg","https://pbs.twimg.com/profile_banners/1492364292/1652540276"
"1562383682421522434","Backwave","backwave2022","Trading Life","220","14165","671","509","59","广告和营销机构","Taiwan/HK/SH/London","","false","false","","false","true","2022-08-24 18:22:50","https://x.com/backwave2022","https://pbs.twimg.com/profile_images/1582658795079356416/wIXbPRxN_400x400.jpg","https://pbs.twimg.com/profile_banners/1562383682421522434/1667285347"
"1562059115978887170","猫老师（苦练）","catlaoshi","Thank you for your attention, I will continue to update $BTC $ETH $S  #Alpha","574","717","137","1272","108","金融服务","Wan Chai District, Hong Kong","","false","true","","false","true","2022-08-23 20:48:19","https://x.com/catlaoshi","https://pbs.twimg.com/profile_images/1726133421901262848/cqPGAzJY_400x400.jpg","https://pbs.twimg.com/profile_banners/1562059115978887170/1700377251"
"35671172","PeterY","yudeewxy","Crypto builder and BTC holder, founder of WXY, crypto marketing labs, invested by Huobi in 2018. Have supported 300+ crypto projects promotion since 2017","1163","916","1449","2387","135","","Los Angeles, CA","","false","true","","false","true","2009-04-27 12:34:31","https://x.com/yudeewxy","https://pbs.twimg.com/profile_images/1922313580726067201/zy0Cy8eO_400x400.jpg","https://pbs.twimg.com/profile_banners/35671172/1622433887"
"1431708032220602368","meme_kin","uktodamoon","Alfa Researcher|✨Airdrop Professional & deep ploughing|🕵️‍♂️ 入坑11年🕵️‍♂️|#BTC|meme发家致富🚀🚀合作DMTG: @meme_kin🐳🐳bn跟单搜索ukgor","3275","10971","2367","2571","191","金融服务","","","false","false","","false","false","2021-08-29 03:59:44","https://x.com/uktodamoon","https://pbs.twimg.com/profile_images/1912073440384753664/38N8oneC_400x400.jpg","https://pbs.twimg.com/profile_banners/1431708032220602368/1735634066"
"28556059","ECO中文网","ECOCN","《经济学人》爱好者的家园 电报群：https://t.co/j7Cx9NeT7B 微信群: 添加微信shiyi818","3519","17323","1575","2553","1783","娱乐和休闲","New York","http://www.ecocn.org","false","true","","false","false","2009-04-03 20:55:44","https://x.com/ECOCN","https://pbs.twimg.com/profile_images/119981577/ecocnpicture_400x400.PNG","https://pbs.twimg.com/profile_banners/28556059/1603557035"
"174441398","🚦Powerbabe📈","powerbabeyt","🇨🇳🧑‍🔧♈🏭📸🔪⛱📊🈯💹🎧🎬 商业的本质是一种价值的交换和流通。盈利的核心是你的逻辑推理，技术分析只是辅助手段。探寻自然法则在金融市场的烙印，努力让自己成为一个有趣的灵魂🔅INTJ 息羽听经，静观众妙","11446","3383","1042","12014","1941","","Utah, USA","","false","false","","false","true","2010-08-04 07:07:11","https://x.com/powerbabeyt","https://pbs.twimg.com/profile_images/1300423550822526977/EefHyLOm_400x400.jpg","https://pbs.twimg.com/profile_banners/174441398/1651629137"
"999190897597140993","Mamba.edge🦭 MemeMax⚡️","bit_mamba","Always be a https://t.co/hKeE3mDI6M","5692","1780","4009","10090","388","","stargate","http://bad.xyz","false","true","","false","true","2018-05-23 15:30:48","https://x.com/bit_mamba","https://pbs.twimg.com/profile_images/1987341568312033280/MHJmyUyW_400x400.jpg","https://pbs.twimg.com/profile_banners/999190897597140993/1686483542"
"1291222903552319488","Annie 所长","web3annie","Web3 研究所 | Meme 研究所 @memewizd | 长期主义 |  内容创作者 | NFA & DYOR | Magic Meme 🪄➜ https://t.co/7ZxI7yqeUA","20255","31535","5761","55191","3400","","财富密码交流 ➜","https://t.me/web3annie6","false","true","","false","true","2020-08-06 12:01:59","https://x.com/web3annie","https://pbs.twimg.com/profile_images/1892044771612557314/TDIeMeSv_400x400.jpg","https://pbs.twimg.com/profile_banners/1291222903552319488/1729776856"
"558635376","FrankH","swag_chen","美股 Crypto双重收割对象｜美股开户注册链接 IBKR：https://t.co/QFYkjqJwjX ｜富途 Moomoo : https://t.co/9SqT6L5vU1 ｜ 欧易开户注册链接OKX：https://t.co/c8O2twQbhy｜","5284","3134","776","9775","1148","","Canada","","false","true","","false","true","2012-04-20 19:31:11","https://x.com/swag_chen","https://pbs.twimg.com/profile_images/1960803251521294336/d695D43A_400x400.jpg","https://pbs.twimg.com/profile_banners/558635376/1756329750"
"1356924709036679168","好家伙","wjf110","合作TG: https://t.co/Jt8KmJNYep

｜AI  defi赛道｜
｜二级 MEME｜","42946","70170","9929","84127","2143","","DM  Collab ✉️","","false","true","","false","true","2021-02-03 19:17:24","https://x.com/wjf110","https://pbs.twimg.com/profile_images/1568617853930307584/D-4SOnGT_400x400.jpg","https://pbs.twimg.com/profile_banners/1356924709036679168/1732765157"
"1389519656411701253","OXO","bingxueNuts","2035年前存够1000枚比特币","2894","857","1033","1598","77","","","","false","false","","false","false","2021-05-04 17:58:17","https://x.com/bingxueNuts","https://pbs.twimg.com/profile_images/1809978892264124416/UE0LncIy_400x400.jpg",""
"1477920909130301440","JustinZ","justinz_crypto","Quantum Physicist/Ponzinomist 

APAC @superstackxyz  https://t.co/Bkw06XGX5M

Cooking @gaib_ai @Supernet_AI @central_fdn @AethirCloud","260","1652","1079","295","73","","","","false","true","","false","false","2022-01-03 16:33:10","https://x.com/justinz_crypto","https://pbs.twimg.com/profile_images/1863156965381193728/gERI3lD-_400x400.jpg","https://pbs.twimg.com/profile_banners/1477920909130301440/1641276684"
"1541963655033520133","Kay","akay_eth","#NFT collector I #gamefi | Cryptocurrency  player","119","6966","2728","3473","4","","互联网","","false","true","","false","true","2022-06-29 09:56:24","https://x.com/akay_eth","https://pbs.twimg.com/profile_images/1741371161852911616/0lhywvG3_400x400.png","https://pbs.twimg.com/profile_banners/1541963655033520133/1677315119"
"1175817318871384064","無心上班互助會 榮譽會長","MarkFlyyyyy","最賭爛的一句話：一切都是最好的安排；討厭的東西：捲筒式衛生紙、鞋舌、菜圃、實體票、帽T上的帽子、日本餐廳提供的衛生紙、要繞一圈的百貨公司電扶梯、照片裁切預設鎖定比例、只傳圖不打字我他媽哪知道你要幹嘛？吵死人了！","22303","748","1825","46913","1962","","一個不存在的地方","https://www.instagram.com/affix_the_seal","false","false","","false","false","2019-09-23 01:01:21","https://x.com/MarkFlyyyyy","https://pbs.twimg.com/profile_images/1961450644445003776/LXULNR81_400x400.jpg","https://pbs.twimg.com/profile_banners/1175817318871384064/1732471612"
"1362215829404672002","Metalore","mrowu_","|日常卖飞|踩坑无数|奶爸|Ancient Moon DAO|BigplayerDao|DOTA2|CSGO|擅长盖帽|没有投资建议|I am from Web3.0💎|","4265","5367","4514","2635","201","社交媒体影响者","","https://nextme.one/metalore","false","true","","false","false","2021-02-18 09:42:27","https://x.com/mrowu_","https://pbs.twimg.com/profile_images/1497248604561743872/0nSPP-L2_400x400.jpg","https://pbs.twimg.com/profile_banners/1362215829404672002/1639579403"
"23279219","Alien","zjuguxi","Coder/Father/Husband. Back-end developer, AI Security engineer. Learning fighting back and compromising.","1336","1374","1538","1356","9","科技","Vancouver, British Columbia","","false","false","","false","false","2009-03-08 13:11:12","https://x.com/zjuguxi","https://pbs.twimg.com/profile_images/378800000623152092/6c0848f9e9f240a05fe231e366cfa118_400x400.jpeg",""
"1387334638859866114","𝓛ℴ𝓊𝒾𝓈 𝒴𝒾𝓅","LouisYip","Winter’s always coming ❄️","1393","3356","5145","8729","171","","Reality Transurfing","","false","true","","false","false","2021-04-28 17:15:47","https://x.com/LouisYip","https://pbs.twimg.com/profile_images/1976948747402985479/zu70EJ0R_400x400.jpg","https://pbs.twimg.com/profile_banners/1387334638859866114/1760259666"
"1214715149694590977","DPLC","BTC_DPLC","","288","13726","738","8099","1","金融服务","blockchain","","false","false","","false","true","2020-01-08 09:07:28","https://x.com/BTC_DPLC","https://pbs.twimg.com/profile_images/1800470861843144704/eWGGfDvr_400x400.jpg","https://pbs.twimg.com/profile_banners/1214715149694590977/1718100477"
"1436695771403808769","cryptojuean.eth⛩️ 🛸🔱🌎❤️ 💛 🔆","jueans61","Holder of #BTC #ETH 🏰    Sahara #0093643
误入区块链的职业交易员 丨 缠论践行者 丨大周期交易者
https://t.co/B1Jurs3SR9

hey, this is my mail3 address:   cryptojuean.eth@mail3.me","2891","1292","2540","7102","85","","","http://link3.to/cryptojuean","false","false","","false","false","2021-09-11 22:19:12","https://x.com/jueans61","https://pbs.twimg.com/profile_images/1928675861408178176/4cTzatyl_400x400.jpg","https://pbs.twimg.com/profile_banners/1436695771403808769/1656061655"
"995693981550788608","Chris Lee","ChrisMerkle3s","Ex @HuobiGlobal CFO (18-20) | Ex @OKX CEO Gp CFO | Bilingual Twit @ViewsofChris | Focus on Infra n Web 3 & AI platform economy","1475","10296","949","2471","346","金融服务","Hong Kong","","false","true","","false","false","2018-05-13 23:55:19","https://x.com/ChrisMerkle3s","https://pbs.twimg.com/profile_images/1931731772691382272/fT_uilOR_400x400.jpg","https://pbs.twimg.com/profile_banners/995693981550788608/1749395720"
"1423273633951059979","0x思远Vision .edge🦭MemeMax⚡️","nftsiy","#Bitcoin| #ETH | #Web3 | #NFT | #DAO｜项目分析  丨 Web3 Advisory & Marketing |  合作私信 📩
tg: https://t.co/KZC2aVwWf2","35448","133437","4060","27256","1206","社交媒体影响者","China","","false","true","","false","true","2021-08-05 21:24:23","https://x.com/nftsiy","https://pbs.twimg.com/profile_images/1948380342093844480/FdtO4KvZ_400x400.jpg","https://pbs.twimg.com/profile_banners/1423273633951059979/1666754422"
"1371004448827318273","msitez","msitezh","Blockchain + AI= Future","101","142","2868","128","10","","","","false","false","","false","false","2021-03-14 15:45:27","https://x.com/msitezh","https://pbs.twimg.com/profile_images/1685263524321501184/BxGvcjdg_400x400.jpg","https://pbs.twimg.com/profile_banners/1371004448827318273/1643364817"
"1414008475605106689","Pat","BAYC180","🎹 ♟️ 🏋️ Ordinals","800","3776","8","2579","42","","Australia","","false","false","","false","true","2021-07-11 07:47:59","https://x.com/BAYC180","https://pbs.twimg.com/profile_images/1942189521023692800/IeCgodVE_400x400.jpg","https://pbs.twimg.com/profile_banners/1414008475605106689/1735079054"
"1414883275386937347","区块马","0xblockma","Solidity & Python Developer; 
Onchain Scientist; 
GenZ, Investor; 
Researcher @KernelVentures; 
Welcome DM.","1965","16260","1093","2779","150","金融服务","HongKong","","false","true","","false","true","2021-07-13 17:44:01","https://x.com/0xblockma","https://pbs.twimg.com/profile_images/1630435026965000192/sw2E5WC2_400x400.jpg","https://pbs.twimg.com/profile_banners/1414883275386937347/1664415086"
"1403881130802225152","大宇","BTCdayu","币圈宝典 https://t.co/EIMVhaC9IM

💰省手续费注册交易所
币安 https://t.co/ko3kej3ziu
钱包 https://t.co/9M9a33fyFj

OK  https://t.co/RxSNyyuxow
钱包 https://t.co/OZPyv05YMc

✈️免费投资频道
https://t.co/f4KWsBAbzT","19010","284224","3842","4509","2551","社区","收费群1688U/年，点链接","https://forms.gle/fqcwMDdxVHizeWQw8","false","true","","false","true","2021-06-13 09:05:28","https://x.com/BTCdayu","https://pbs.twimg.com/profile_images/1862767252400967680/mjEMe7kp_400x400.jpg","https://pbs.twimg.com/profile_banners/1403881130802225152/1739255404"
"878318483150327808","kevin yong","kevinyong128","","186","6","53","6","0","","","","false","false","","false","false","2017-06-24 02:26:59","https://x.com/kevinyong128","https://abs.twimg.com/sticky/default_profile_images/default_profile_400x400.png",""
"956531716792844289","jerry","jerrych63534383","🔮🧙","23563","919","5441","74810","3","","","","false","false","","false","false","2018-01-25 22:18:27","https://x.com/jerrych63534383","https://pbs.twimg.com/profile_images/1471475219604774914/QPEv8Qbh_400x400.jpg",""
"861302758812524544","Roy罗伊","roy_guo64","Take Down the CCP.  https://t.co/k150U5NGjh","2521","26053","1119","2854","1028","电视工作室","","http://Gettrsearch.com","false","true","","false","false","2017-05-08 03:32:34","https://x.com/roy_guo64","https://pbs.twimg.com/profile_images/1893409910114660353/xL7xCj6v_400x400.jpg","https://pbs.twimg.com/profile_banners/861302758812524544/1584640717"
"1428197508547629068","小捕手 Chaos","iamyourchaos","Global BD at @feb_crypto （100+一级项目投资经验；知名 KOL 管理；文学硕士背景）","20549","88617","9778","23131","3556","金融服务","","https://linktr.ee/chaos9248","false","true","","false","true","2021-08-19 11:30:05","https://x.com/iamyourchaos","https://pbs.twimg.com/profile_images/1807324856612016129/zDRuOihY_400x400.jpg","https://pbs.twimg.com/profile_banners/1428197508547629068/1668819328"
"1439448406754148352","RevGod","BTC0487","","13930","1851","3867","27622","1224","教育","Taiwan","","false","false","","false","true","2021-09-19 12:37:08","https://x.com/BTC0487","https://pbs.twimg.com/profile_images/1890727269859262464/ciPpHcWd_400x400.jpg","https://pbs.twimg.com/profile_banners/1439448406754148352/1739607718"
"1505834161411850244","yehhey.eth","yehheycopy","Memes never die, Undead never die.
HODL @GenuinelyUndead since 2022","27208","3251","7488","68124","621","娱乐和休闲","Taiwan","","false","true","","false","true","2022-03-21 17:10:49","https://x.com/yehheycopy","https://pbs.twimg.com/profile_images/1767362092972331008/a7L6-9P__400x400.jpg","https://pbs.twimg.com/profile_banners/1505834161411850244/1714121573"
"1595489335221944321","加密禅师","Crypto_Chanshi","","6668","79980","979","26880","246","金融服务","","","false","true","","false","true","2022-11-24 02:48:02","https://x.com/Crypto_Chanshi","https://pbs.twimg.com/profile_images/1986063636646043648/vV1dKLtD_400x400.jpg","https://pbs.twimg.com/profile_banners/1595489335221944321/1762349457"
"1586332050528915457","Lee1ng","lilaoshizuikeai","与你进退也共鸣","7095","249134","664","5578","1380","动物园","猴管","","false","true","","false","false","2022-10-29 20:20:25","https://x.com/lilaoshizuikeai","https://pbs.twimg.com/profile_images/1600861407104335873/PIQM5Ii9_400x400.jpg","https://pbs.twimg.com/profile_banners/1586332050528915457/1699195104"
"4753843513","Carl Jobs Pro Max Ultra","jobs_carl","","7032","1238","1035","27148","2518","","","","false","false","","false","true","2016-01-13 23:48:59","https://x.com/jobs_carl","https://pbs.twimg.com/profile_images/1871478447366656000/z5NdiFTD_400x400.jpg","https://pbs.twimg.com/profile_banners/4753843513/1453472468"
"1631228444834148352","闪电头条⚡️","shandian_io","🌐 全球首个以 GPT 为信息处理引擎的 Web3 内容聚合平台 

☎️ TG: https://t.co/L8tL33LpQG

🎨 Discord: https://t.co/IAuD85nhzR

 #Crypto #ChatGPT #Web3

✉️ 合作请 DM 私信","25637","17276","141","5292","1030","商业和工业","","http://t.me/shandian_io","false","false","","false","true","2023-03-02 17:43:08","https://x.com/shandian_io","https://pbs.twimg.com/profile_images/1631257927834275848/a2B31y04_400x400.png","https://pbs.twimg.com/profile_banners/1631228444834148352/1677758303"
"2760382558","比特币小亨|Bird🕊️","tangqrr","#BTC 铁多头丨职场背锅侠丨四只🐱丨 17年入圈，沉浮数载。

梭哈返贫 打工致富 🧱

🐕信土狗，得永生！
#我要当画家
#树洞","3278","4506","2187","8620","337","金融服务","Los Angeles, CA","","false","true","","false","true","2014-09-03 21:18:23","https://x.com/tangqrr","https://pbs.twimg.com/profile_images/1742222497238638592/H7YHjgpp_400x400.jpg","https://pbs.twimg.com/profile_banners/2760382558/1704035030"
"1501830478688567298","币赚","CoinToEarn","赛博空投｜链上Alpha｜新人体验 web3 ，首选 #OKX 钱包 ：https://t.co/9MCCtHwpLX ｜新人交易首选 #Binance：https://t.co/o48E2szs2I","11803","62810","2915","14431","2748","","Bybit 注册：","https://partner.bybit.com/b/91217","false","true","","false","true","2022-03-10 16:04:01","https://x.com/CoinToEarn","https://pbs.twimg.com/profile_images/1625840747017834497/LTAmvWUB_400x400.jpg","https://pbs.twimg.com/profile_banners/1501830478688567298/1745490281"
"1552312874621489152","Daniel老多🎙","0xDanielWeb3","Co-founder & Host of Web3 Gems on @RugRadio; Team Leader @RugRadioCN; Alpha Caller: @TBDKitchen; Ambassador: @ConvictionStd; DM for Collab","5619","50550","2239","9405","892","社交媒体影响者","Web3 Gems Community","http://discord.gg/rugradio","false","false","","false","true","2022-07-27 23:20:23","https://x.com/0xDanielWeb3","https://pbs.twimg.com/profile_images/1621040113466888193/kiYQmuGB_400x400.jpg","https://pbs.twimg.com/profile_banners/1552312874621489152/1681608547"
"1598233147216306177","狙神Trader","bqjushen","#Binance 数字货币交易首选币安，立即注册👉 官网链接https://t.co/5dUl1LT2Px
okx：https://t.co/WGt4ueRQCu","54804","66074","2649","55016","1726","金融服务","","","false","false","","false","true","2022-12-01 16:30:58","https://x.com/bqjushen","https://pbs.twimg.com/profile_images/1623983537937608704/mlFEgqZ__400x400.jpg","https://pbs.twimg.com/profile_banners/1598233147216306177/1686123751"
"842033575985782784","Boxmining","boxmining","Founder of Boxmining Capital | Early Bitcoin miner | Pokemon Trainer of @ronboxmining and @BoxminingMartin","21305","176476","5824","15020","5751","风险投资","Web3","https://boxmining.com/","false","true","","false","true","2017-03-15 23:23:43","https://x.com/boxmining","https://pbs.twimg.com/profile_images/1481108484347334659/zVvmaSBl_400x400.jpg","https://pbs.twimg.com/profile_banners/842033575985782784/1600108584"
"1508494714219433989","Shangshang🤡","Shang2046","死拿BTC的顽固派，Web3新东西的叶公好龙者；#Bitcoin #Crypto  #BTC Miner","1112","5815","878","796","75","","","","false","true","","false","true","2022-03-29 01:22:43","https://x.com/Shang2046","https://pbs.twimg.com/profile_images/1873992962000244736/9zf-8Jd2_400x400.jpg","https://pbs.twimg.com/profile_banners/1508494714219433989/1735629725"
"1535263858549411840","币胜客","ming_shenye","放弃 all in meme，2025好好撸毛回本...","3115","27790","2228","14549","359","社区","请叫我去撸毛...","","false","true","","false","true","2022-06-10 22:13:50","https://x.com/ming_shenye","https://pbs.twimg.com/profile_images/1768443096977838080/QB3PjT9A_400x400.jpg","https://pbs.twimg.com/profile_banners/1535263858549411840/1710464850"
"3855131","Salonbus","salonbus1024","","10918","44977","5500","45481","617","","Java","","false","true","","false","true","2007-04-09 12:05:21","https://x.com/salonbus1024","https://pbs.twimg.com/profile_images/1947167434982481920/kKu8C3mh_400x400.jpg",""
"1476739136023597060","加密狗","JiamigouCn","#Binance 入口 https://t.co/W2WpqHCidF ｜
#Bitget 入口 https://t.co/fUBE8RaRf3 ｜
资料存放：https://t.co/6gsVGlFVxM","21263","187144","5966","1683","3824","","BD","https://t.me/jiamigou_BD","false","true","","false","true","2021-12-31 10:17:14","https://x.com/JiamigouCn","https://pbs.twimg.com/profile_images/1945067339914805248/EPwCI1Fo_400x400.png","https://pbs.twimg.com/profile_banners/1476739136023597060/1722405290"
"2401091251","寂寞火山","jimohuoshan","🤓三轮牛熊老韭菜， 交易新人","6720","31853","680","8928","895","","迪拜","","false","false","","false","true","2014-03-21 14:35:52","https://x.com/jimohuoshan","https://pbs.twimg.com/profile_images/1333296449870647299/jaIHojTf_400x400.png","https://pbs.twimg.com/profile_banners/2401091251/1743219668"
"1483353980168282113","AlanSun","AlanSunJet","#蓝鸟会🕊 |Co-Founder of @web3NaKa 字数限制，写不过来，币圈老韭菜，想好了补上，待续……","8492","32171","1472","12162","1363","金融服务","","","false","true","","false","true","2022-01-18 16:22:26","https://x.com/AlanSunJet","https://pbs.twimg.com/profile_images/1787829583661932544/y9EOX2Fw_400x400.jpg","https://pbs.twimg.com/profile_banners/1483353980168282113/1689850442"
"1272137861685317638","LiamX mīmī🐈‍⬛","FIBONAQQI","#Bitcoin #Litecoin #Dogecoin
                                 
                     NOT financial advice!!DYOR!!!","3186","1629","5653","3851","420","金融服务","","","false","true","","false","true","2020-06-14 20:04:47","https://x.com/FIBONAQQI","https://pbs.twimg.com/profile_images/1858140900050026496/VIzB17mt_400x400.jpg",""
"1284555684822970368","國際閑人","TygKen","①不討論政治
②不傳播色情
③閱片無數
④心中無碼","1482","708","2398","853","72","","","","false","false","","false","false","2020-07-19 02:28:47","https://x.com/TygKen","https://pbs.twimg.com/profile_images/1641119991243341824/RASyl1zm_400x400.jpg","https://pbs.twimg.com/profile_banners/1284555684822970368/1736726584"
"1409422330820894731","头等仓First.VIP","firstvipCrypto","An investment institution focusing on blockchain innovations & an advocate of value investment.

Telegram\WeChat：gofirstvip","4695","14956","1564","1424","1436","金融服务","","https://first.vip","false","true","","false","true","2021-06-28 16:04:21","https://x.com/firstvipCrypto","https://pbs.twimg.com/profile_images/1608014983392264193/IknF9KlR_400x400.jpg","https://pbs.twimg.com/profile_banners/1409422330820894731/1685606827"
"1448073908599627777","0xJames All in Crypto","Jamesweb3dao","Life-long learner | 9 years of investment #stock #BTC #web3 #AI #EAI","13623","10000","5211","21377","1310","金融服务","London, England","https://t.me/ZAOAWANC/1","false","false","","false","true","2021-10-13 07:52:08","https://x.com/Jamesweb3dao","https://pbs.twimg.com/profile_images/1608478525773983746/kLkXr78C_400x400.jpg","https://pbs.twimg.com/profile_banners/1448073908599627777/1646310682"
"170309773","Pang•bai•jun #53594","real_pangbaijun","Youtuber https://t.co/e0eOh7zLTj","615","8889","5510","2100","79","音乐艺术家","Taiwan","https://www.youtube.com/@pangbaijun?sub_confirmation=1","false","true","","false","true","2010-07-24 21:44:51","https://x.com/real_pangbaijun","https://pbs.twimg.com/profile_images/1631527741047844864/2TSFEYWm_400x400.jpg","https://pbs.twimg.com/profile_banners/170309773/1642259605"
"1385941031397445632","better","BencyMarrit","better","3090","1697","4690","879","224","移动应用程序","home","","false","false","","false","false","2021-04-24 20:57:52","https://x.com/BencyMarrit","https://pbs.twimg.com/profile_images/1624613684487282689/rXR9wfde_400x400.jpg","https://pbs.twimg.com/profile_banners/1385941031397445632/1681403642"
"1377959962391945224","問天策","wentiance","一剑问苍穹！每天都在寻找四两拨千斤的机会。","427","391","2796","1038","19","","","","false","false","","false","true","2021-04-02 20:24:00","https://x.com/wentiance","https://pbs.twimg.com/profile_images/1977134899955220480/CSL28Fm-_400x400.jpg",""
"1389425348928933888","雷神Value","leishenvalue","常识思考|逆势操作|情绪感知|价值投资|囤币达人|币本位主义
OKX：https://t.co/33AVuN9Zse
进群加V：ghl995765528","7264","6659","1273","1799","522","社交媒体影响者","","","false","true","","false","false","2021-05-04 11:43:19","https://x.com/leishenvalue","https://pbs.twimg.com/profile_images/1389425739443838980/DGBl6jyy_400x400.jpg",""
"1220021970999185410","财经天下","Caijingtianxia","🌐 财经天下 
📊 汇集海内外财经数据/思想/观点
💡 碰撞出前沿洞察，探寻市场背后的力量","2434","40515","229","7594","1424","","","","false","true","","false","true","2020-01-23 00:34:51","https://x.com/Caijingtianxia","https://pbs.twimg.com/profile_images/1716636872913608704/nTdxx5Bu_400x400.jpg","https://pbs.twimg.com/profile_banners/1220021970999185410/1698033815"
"840091103621603328","火币莉莉","Doris_HTX","2017年通过李笑来云币网入圈，历经行业多轮牛熊，一起做时间的朋友。负责火币、Sunperp返佣业务、API量化交易、做市商、SVIP大客户对接。业务咨询欢迎加V：Bitcoin_Doris｜TG：https://t.co/wZdKLVHYWo","5247","8628","4982","4402","845","金融服务","Singapore","https://www.htx.com.pk/invite/zh-cn/1h?invite_code=95sgd223","false","true","","false","true","2017-03-10 14:45:02","https://x.com/Doris_HTX","https://pbs.twimg.com/profile_images/1940972755379269632/bTkd1nXC_400x400.jpg","https://pbs.twimg.com/profile_banners/840091103621603328/1691076592"
"1409388124698935308","0xAirazor","crypto_studio20","与其追逐光 不如变成光","8112","599","3464","6005","50","","","","false","true","","false","true","2021-06-28 13:48:19","https://x.com/crypto_studio20","https://pbs.twimg.com/profile_images/1709808104039440384/jH89vtrK_400x400.jpg","https://pbs.twimg.com/profile_banners/1409388124698935308/1663904742"
"1344299185936351233","RobinKH","0xRobinKH","平凡之路！","2659","382","2395","3449","43","科技","","","false","false","","false","false","2020-12-30 23:08:06","https://x.com/0xRobinKH","https://pbs.twimg.com/profile_images/1528554543369244672/-e7KNO5c_400x400.jpg","https://pbs.twimg.com/profile_banners/1344299185936351233/1743575465"
"940837030078148608","达芬奇加密日记","alajoh_c","Largest Chinese Community
Best BTC二层交易平台https://t.co/ehatAHXXNq 
最强大的庄和做市商分析平台https://t.co/sA5U3PV7hc
@Sat20labs团队做的事情方向很惊艳","2723","1601","6654","1792","146","企业家","Los Angeles","","false","false","","false","false","2017-12-13 14:53:22","https://x.com/alajoh_c","https://pbs.twimg.com/profile_images/1962869919772823552/f2zBLp3Q_400x400.jpg",""
"1629862637696843776","Web3凯子","0xkaizi","web3新人|本科生在读｜10u战士
不定时分享买币，撸毛，合约经历
希望认识更多志同道合的人","133","332","371","11","7","娱乐和休闲","Beijing","","false","false","","false","true","2023-02-26 23:15:19","https://x.com/0xkaizi","https://pbs.twimg.com/profile_images/1629863388544405505/eb0KFYTO_400x400.jpg",""
"1385423598098202624","季扬｜JiYang","0xJiYang","上善若水 水善利万物而不争","951","221","377","3470","79","","🌄","","false","false","","false","false","2021-04-23 10:41:49","https://x.com/0xJiYang","https://pbs.twimg.com/profile_images/1918663588816003072/jjpxo8EA_400x400.jpg","https://pbs.twimg.com/profile_banners/1385423598098202624/1711371028"
"1487097638130388992","Sailing","qhsailing","product ｜ The past whatever path I'm on must be the best path","5375","2667","5594","78861","284","科技","CN","http://t.me/qhsailing","false","true","","false","true","2022-01-29 00:18:09","https://x.com/qhsailing","https://pbs.twimg.com/profile_images/1754103424009015296/4gUQVhKz_400x400.jpg",""
"45861901","sosour","onchainlemon","Turning crypto lemons into airdrop lemonade. Your guide to free tokens and making the best of a sour market. 🍋","1659","1042","1897","29169","453","","","","false","true","","false","true","2009-06-09 23:32:00","https://x.com/onchainlemon","https://pbs.twimg.com/profile_images/1927042421608624132/9E7eH3o8_400x400.jpg","https://pbs.twimg.com/profile_banners/45861901/1748277458"
"804592206","代码家","daimajia","🎸独立投资人 / 👨‍💼 前真格基金投资 VP / 🚀 峰瑞资本投资经理 / 🛠️ 掘金联合创始人 / 🌊 GitHub 4w 星达成者 / 🎓 北京师范大学计算机硕士 / 🎓 西安西北大学学士","2084","13445","3901","3883","267","","Beijing","http://github.com/daimajia","false","true","","false","true","2012-09-05 21:23:53","https://x.com/daimajia","https://pbs.twimg.com/profile_images/1079686710282182663/tBz4bUwK_400x400.jpg","https://pbs.twimg.com/profile_banners/804592206/1520867626"
"1463432313157554177","Aton⚡","Simple6868","Web3自由投资人","258","216","2389","203","60","","","","false","false","","false","false","2021-11-24 17:00:41","https://x.com/Simple6868","https://pbs.twimg.com/profile_images/1907019459027718144/FifUMSR2_400x400.jpg",""
"1521868785237471232","夏语冰","xiaxiaoyubing","认知本身并不赚钱

判断对了，也不赚钱

要配上具体的行动，才能赚到钱

红利出现的时候，要重仓，要all in

#Binance 加入全球最大交易所-币安：👉 https://t.co/vNqx5Rob1D","2017","8839","909","4537","963","","onchain","","false","true","","false","true","2022-05-04 23:06:38","https://x.com/xiaxiaoyubing","https://pbs.twimg.com/profile_images/1633668797264699392/zaJfRKdF_400x400.jpg","https://pbs.twimg.com/profile_banners/1521868785237471232/1755765257"
"1500510402572013569","樱木不花","yingmubuhua","老师～我爱篮球🏀～  真心的那种，你可以教我灌篮么？我可以带你炒币，搞合约，玩meme，舔大佬，体验梭哈那种跟灌篮一样刺激。你问我是谁？不好意思，我是你哥，樱木不花。","26","16083","5368","1338","0","","SG","","false","false","","false","false","2022-03-07 00:35:50","https://x.com/yingmubuhua","https://pbs.twimg.com/profile_images/1976095440253878272/R-7Qw8w5_400x400.jpg","https://pbs.twimg.com/profile_banners/1500510402572013569/1759972843"
"1405923046804840448","炁体源流","justsomeoneyz","Lone Ranger / Coder / Trader / Holder / Miner / Investor","1544","1059","6696","5824","317","科技","Metaverse","","false","false","","false","false","2021-06-19 00:19:22","https://x.com/justsomeoneyz","https://pbs.twimg.com/profile_images/1801605345799979010/tlRlM7YH_400x400.jpg","https://pbs.twimg.com/profile_banners/1405923046804840448/1681654949"
"1420444709718134784","有点小厉害🍒| 胡子观币","0x_xiaolihai","还没亏完的币圈小学生","394","738","447","228","42","","Tokyo-to, Japan","","false","false","","false","false","2021-07-29 02:03:06","https://x.com/0x_xiaolihai","https://pbs.twimg.com/profile_images/1500076932871819264/DtDTVh8e_400x400.jpg","https://pbs.twimg.com/profile_banners/1420444709718134784/1644573908"
"1254766461836357632","LouisLiew","LouisLiew18","Entrepreneur , Crypto Investor .","629","516","3177","6945","3","企业家","","","false","true","","false","true","2020-04-27 21:37:10","https://x.com/LouisLiew18","https://pbs.twimg.com/profile_images/1271104252031590400/XUhNIlnn_400x400.jpg",""
"1387731500322279432","$moodengeth $raca $rats the meme king","Davidal65184182","","1588","898","4624","2849","102","社交媒体影响者","","","false","false","","false","false","2021-04-29 19:32:39","https://x.com/Davidal65184182","https://pbs.twimg.com/profile_images/1490614603256328193/7icq2nHf_400x400.jpg","https://pbs.twimg.com/profile_banners/1387731500322279432/1644225226"
"1416788481490120708","traderhsp","traderhspgoogle","","6144","143","2582","10551","14","","","","false","false","","false","false","2021-07-18 23:54:48","https://x.com/traderhspgoogle","https://pbs.twimg.com/profile_images/1813939696734744577/lRy0NXN8_400x400.jpg",""
"957790356367540225","悬壶济世的书生","hua123123123123","bitcoin","9302","1980","2115","141221","2042","","","","false","false","","false","false","2018-01-29 09:39:50","https://x.com/hua123123123123","https://pbs.twimg.com/profile_images/1845657175953379328/bRxz43du_400x400.jpg","https://pbs.twimg.com/profile_banners/957790356367540225/1658812854"
"1432969509212602370","nice","Hangzuo3","","2321","346","5817","26983","14","","","","false","false","","false","true","2021-09-01 15:32:31","https://x.com/Hangzuo3","https://pbs.twimg.com/profile_images/1932585657450278912/RfGZfugQ_400x400.jpg","https://pbs.twimg.com/profile_banners/1432969509212602370/1699185012"
"1401434616582402053","叶少投资笔记pro版（微博同号）","Chansniper_ye","一位相信价值投资的币圈KOL兼缠论野生交易员 ——强大的交易系统才是稳定盈利最坚强的港湾 #Bitcoin #价值投资 #链上数据分析 #投研
承接优质项目宣发打包业务🏆
Business : +VX：yexiaobin2024","638","5671","709","206","157","","杭州","","false","false","","false","true","2021-06-06 15:03:56","https://x.com/Chansniper_ye","https://pbs.twimg.com/profile_images/1462649283052666887/XAYUnZ1U_400x400.jpg","https://pbs.twimg.com/profile_banners/1401434616582402053/1683894626"
"1391927960521691140","0x4c","JerryZh10941183","DeFi Farmer，撸毛，二级交易","4357","694","2209","1386","271","","","","false","false","","false","false","2021-05-11 09:27:50","https://x.com/JerryZh10941183","https://pbs.twimg.com/profile_images/1892439511424000000/p7d6yA57_400x400.jpg","https://pbs.twimg.com/profile_banners/1391927960521691140/1691299871"
"1412758481464041478","fdc888","laohong0606","撸了不一定有，但是不撸一定没有！","6417","735","4183","1974","185","","","","false","false","","false","false","2021-07-07 21:00:54","https://x.com/laohong0606","https://pbs.twimg.com/profile_images/1931001429571022849/87tuaSpz_400x400.jpg","https://pbs.twimg.com/profile_banners/1412758481464041478/1663246472"
"1618873272661315584","小樱💞｜实用工具分享","xiaoying_eth","🪪  努力做个哇塞的仙女 👸

🐬 分享 AI 前沿干货 ｜打破信息壁垒 ｜AI项目实操

🌻 实用工具推荐官 | 工匠日记","6428","122227","203","14827","5080","","AI 起号、赚钱、提效工具 : Flowith  👉 ","https://bit.ly/4nghyp7","false","true","","false","true","2023-01-27 15:27:49","https://x.com/xiaoying_eth","https://pbs.twimg.com/profile_images/1668476737389494272/5kE7iqyp_400x400.jpg","https://pbs.twimg.com/profile_banners/1618873272661315584/1686630830"
"1411271234155806730","Satan","MeSatanz","命是弱者的借口 运是强者的谦辞
走暗路，耕瘦田，进窄门  
币安钱包打狗：https://t.co/ivgBoNcHBr
邀请码省手续费：AJF4NX5F
Alpha凌烟阁Q群：311105204","4025","1296","1488","4635","601","","币安无私钥钱包打狗vx群，绑定邀请码进群（AJF4NX5F）","https://t.me/satan0536","false","true","","false","false","2021-07-03 18:31:14","https://x.com/MeSatanz","https://pbs.twimg.com/profile_images/1622629323080609794/rWiQNAiR_400x400.jpg","https://pbs.twimg.com/profile_banners/1411271234155806730/1732007304"
"2983455595","BTC火炎焱燚 🔥","btchuoing","long #bitcoin long life","747","698","4440","2872","16","","Hong Kong","","false","false","","false","true","2015-01-15 10:19:30","https://x.com/btchuoing","https://pbs.twimg.com/profile_images/1740613613382217728/vONm7IYp_400x400.jpg","https://pbs.twimg.com/profile_banners/2983455595/1519319603"
"1470211066315505669","blockmemory.eth","blockmemoryeth","Crypto","1468","2594","4995","2623","251","","Hainan island","","false","false","","false","true","2021-12-13 09:57:04","https://x.com/blockmemoryeth","https://pbs.twimg.com/profile_images/1730855499451736064/38SGdfjg_400x400.png",""
"1349555722900553729","Kent","K_raresats","免责声明：所有内容皆为虚构","1177","789","4104","2417","173","","新加坡","","false","false","","false","true","2021-01-14 11:17:00","https://x.com/K_raresats","https://pbs.twimg.com/profile_images/1776987455297871872/wzBUPLI3_400x400.jpg","https://pbs.twimg.com/profile_banners/1349555722900553729/1704694505"
"1452309452284104722","雪崩","penglei45961507","美国上市公司创始人，web3入行一年，Defi 链游、NFT、挖矿、web3投资学习实践中...","73","103","1590","44","5","科技","美国上市公司创始人兼CEO","","false","false","","false","false","2021-10-25 00:22:29","https://x.com/penglei45961507","https://pbs.twimg.com/profile_images/1525402979934695424/3ILVI9Oa_400x400.jpg",""
"1207019158791229440","鸟哥 | 蓝鸟会🕊️","NFTCPS","#蓝鸟会 发起人 | 商务TG：ximalaya | 

近3亿用户的共同选择，启程Web3，就在币安：
https://t.co/a1vS2TQRAf | 

OKX Web3钱包现已支持100+公链，web3入口一个就够  https://t.co/SqXnvKBO0i","14215","57012","4786","31372","2997","科技","Web3 Marketing Agency","https://bluebirdlabs.xyz/","false","true","","false","true","2019-12-18 03:26:15","https://x.com/NFTCPS","https://pbs.twimg.com/profile_images/1917439913320144897/yRxYCX7V_400x400.jpg","https://pbs.twimg.com/profile_banners/1207019158791229440/1746767795"
"1125773451405316097","通骏Jun","tongjun88","交易员体格，喜欢LABUBU。

https://t.co/MLhcPShLuK大使

@talk99 Cofounder ‖

抖音，币安广场：通骏说链","5506","12521","3345","4540","1995","","Singapore","","false","true","","false","true","2019-05-07 22:44:41","https://x.com/tongjun88","https://pbs.twimg.com/profile_images/1736413223770017792/ogSCp38H_400x400.jpg","https://pbs.twimg.com/profile_banners/1125773451405316097/1721879549"
"1387708368056328194","千寻 🌸","Crypto_QianXun","👧 Crypto Girl  / 放下成见，拥抱变化

💻 币圈工具分享 /  项目研究 / 赛道分析

⬇️ Youtube 频道，每周更新，欢迎订阅～

永远保持空杯心态，终身学习

✉️ 合作请 DM 私信","4704","68153","623","18853","2309","","","https://www.youtube.com/@Crypto_QianXun","false","true","","false","true","2021-04-29 18:00:43","https://x.com/Crypto_QianXun","https://pbs.twimg.com/profile_images/1623552966837039112/-lRznnfc_400x400.jpg","https://pbs.twimg.com/profile_banners/1387708368056328194/1675867834"
"92839361","蜡币小鑫","zhuanfgghjnb","币圈资深老韭菜，涉及币圈多个领域，长期持有 #BTC #ETH #BNB

一级投研｜二级韭菜｜三级拍片｜撸毛｜挖矿｜打新｜Gamefi｜DeFi｜NFT｜DYOR｜合作宣发｜与人为善｜与己为善｜

合作DM

TG：@LBXX8

https://t.co/pU4NUD8Y6N","56257","146626","4827","60714","1890","社交媒体影响者","距离你5.2公里","http://debox.pro/dao/T5cIAulX","false","true","","false","true","2009-11-27 05:30:46","https://x.com/zhuanfgghjnb","https://pbs.twimg.com/profile_images/1607593522701701122/zv1J_K2-_400x400.jpg","https://pbs.twimg.com/profile_banners/92839361/1652863493"
"1290349226270965760","Yam DAO","YamFinance","Community: https://t.co/eBPEVSjnJQ","1038","23072","1838","603","331","","","https://yam.finance","false","false","","false","true","2020-08-04 02:11:10","https://x.com/YamFinance","https://pbs.twimg.com/profile_images/1570254916794613760/DucILEiZ_400x400.jpg","https://pbs.twimg.com/profile_banners/1290349226270965760/1663212704"
"1564866203914743808","A9樱木","0xSilver_Time","认知本身并不创造财富，具体的行动才会创造财富。 撸毛 | 二级 | 投研 | 吹牛 都是一家之言，如有意见，你说得都对","4066","67693","974","14778","1386","Blockchain","Satoshi Nakamoto","","false","true","","false","true","2022-08-31 14:42:51","https://x.com/0xSilver_Time","https://pbs.twimg.com/profile_images/1925735712080408576/1lJgoiai_400x400.jpg","https://pbs.twimg.com/profile_banners/1564866203914743808/1747966203"
"1328666264449867777","0xkevin (🖤 , 💙)| MemeMax⚡","0xKevin00","𝐊𝐞𝐯𝐢𝐧 の撸毛日记｜Airdrop thread｜TG: Kevin00btc｜#OKX WEB3钱包减免手续费链接：https://t.co/yFYN0GOW5u 邀请码：0xkvein00","22284","56325","5447","7754","1655","","🟦🟦🟦🟦🟦⬜️⬜️","https://mirror.xyz/0xC6D545FA2a9738933e7Fb40ac7024FbD951bAe0A","false","true","","false","true","2020-11-17 19:48:39","https://x.com/0xKevin00","https://pbs.twimg.com/profile_images/1945775246260285440/JuIfQtym_400x400.png","https://pbs.twimg.com/profile_banners/1328666264449867777/1754754787"
"1349679893521395714","蟹老板的进击之路","xielb668","链上钻石手（叙事玩家），洞察庄家意图，23年曾9.9u抄底 $ORDI ，拿过10倍，妄想100u下车，4u埋伏 $giggle 未下车，梦想发明家！","2813","1885","1377","1163","521","金融服务","","","false","true","","false","true","2021-01-14 19:29:06","https://x.com/xielb668","https://pbs.twimg.com/profile_images/1476119197612527616/UfhnlooS_400x400.jpg","https://pbs.twimg.com/profile_banners/1349679893521395714/1660014465"
"1241046820404355072","Ll Ultiverse⚡️🐑","btcfanyong","","1384","230","2206","3269","0","金融服务","Yau Tsim Mong District","","false","false","","false","true","2020-03-21 01:00:09","https://x.com/btcfanyong","https://pbs.twimg.com/profile_images/1759849672833900544/WnCME6AP_400x400.jpg",""
"1267452539642933249","Harry Potter","Sev_Snepu","Again","1549","100","1087","2521","22","","Hong Kong","","false","false","","false","false","2020-06-01 21:46:59","https://x.com/Sev_Snepu","https://pbs.twimg.com/profile_images/1958187300862799872/hd0854Bb_400x400.jpg","https://pbs.twimg.com/profile_banners/1267452539642933249/1728365571"
"1451761811943002113","idKFC","idjfmm","老韭菜，擅长亏钱/fomo/拍断大腿/bitget 交易所高返佣链接https://t.co/l2a4IcrFJl  币安https://t.co/MsnDKK04oc","3092","470","3302","38197","1404","","","","false","false","","false","true","2021-10-23 12:06:12","https://x.com/idjfmm","https://pbs.twimg.com/profile_images/1579852028247158786/sdPcFarF_400x400.jpg","https://pbs.twimg.com/profile_banners/1451761811943002113/1700988671"
"1469883610400362497","heixia·黑虾","heixia2077","AI、L2、Web3 Value information collation and sharing. 价值信息收集和分享。 投资思考和备忘。
声明：所有推文都不构成投资建议。","1091","1573","5051","629","267","","","","false","true","","false","false","2021-12-12 12:16:09","https://x.com/heixia2077","https://pbs.twimg.com/profile_images/1748016330593521664/3Zc7nTF2_400x400.png","https://pbs.twimg.com/profile_banners/1469883610400362497/1645714460"
"1519922325302366208","Sama表妹🌊@MetaEra ❤️Memecoin","Sama_MetaEra","Business Development Manager @MetaEra_Media 💙Holder | Builder | Contributor ❤️Dedicated in NFT | Crypto | Web3 media fields 🇭🇰Based in Hong Kong","1981","2985","2744","4088","336","媒体人物","香港","https://metaera.media/","false","false","","false","false","2022-04-29 14:11:44","https://x.com/Sama_MetaEra","https://pbs.twimg.com/profile_images/1722871421603565568/Dc5byuXd_400x400.jpg","https://pbs.twimg.com/profile_banners/1519922325302366208/1697869540"
"1385687303142744066","道🥦 (我有精神病）","123123crypto","币圈就是大赌场，哪有什么技术主播，全都是诈骗，幸存者偏差，收费群无限子弹你也可以成功，都是赌怪","11485","8041","2723","3652","1088","","","","false","false","","false","true","2021-04-24 04:09:37","https://x.com/123123crypto","https://pbs.twimg.com/profile_images/1895304766965665793/2k1TsOML_400x400.jpg","https://pbs.twimg.com/profile_banners/1385687303142744066/1667608067"
"2874756816","bitfang","bitfang42","SF & crypto enthusiast, #DevelopDAO | (⏱,💰)| Guild W","1745","922","5514","5991","59","","web3","https://debank.com/profile/0xad9083c6cadc572988efb604a87e86f8de205bdc","false","true","","false","false","2014-10-24 16:05:36","https://x.com/bitfang42","https://pbs.twimg.com/profile_images/1983445926439170048/EOrLanT0_400x400.jpg","https://pbs.twimg.com/profile_banners/2874756816/1737985667"
"1564449247671775232","LODAR","bitloda","BTC holder since 2017. 
VC Investor, Advisor.  CN Influencer studio.
Cooking @1avatardao","966","1152","218","995","93","Academic","Moon, PA","","false","true","","false","true","2022-08-30 11:06:26","https://x.com/bitloda","https://pbs.twimg.com/profile_images/1906534285668204544/X0XMgg9E_400x400.jpg","https://pbs.twimg.com/profile_banners/1564449247671775232/1739169329"
"1454447070048239620","Jonathan路","Jonathan_8908","ADA生态最强王者，其他生态大韭菜。
$BTC  #MEME #AI #RWA","3850","1768","936","31107","796","","Bitcoin","","false","false","","false","false","2021-10-30 21:56:39","https://x.com/Jonathan_8908","https://pbs.twimg.com/profile_images/1576778909571436544/2-Caxw5i_400x400.jpg","https://pbs.twimg.com/profile_banners/1454447070048239620/1655188190"
"1562354632755920897","kcl830","kcl830","the ride is pretty short, so might as well have fun","17078","1118","3603","50197","53","科技","The Wild Wild West","http://kcl830.io","false","true","","false","true","2022-08-24 16:22:53","https://x.com/kcl830","https://pbs.twimg.com/profile_images/1905194930076811264/cHfLwM88_400x400.jpg","https://pbs.twimg.com/profile_banners/1562354632755920897/1679760148"
"1359150440663949319","Ed_x區塊日記🇭🇰","Ed_x0101","Mamba Mentality
币安钱包打狗：https://t.co/azmBxnHSnf
邀请码省手续费：MMW5LP6Y
https://t.co/8cckBMfDK4","13935","81452","3035","19158","1874","","Hong Kong","https://t.me/Ed_blockdaily","false","true","","false","true","2021-02-09 22:41:45","https://x.com/Ed_x0101","https://pbs.twimg.com/profile_images/1972802138318491648/WBM1Lz_a_400x400.jpg","https://pbs.twimg.com/profile_banners/1359150440663949319/1679211564"
"1559172651964256257","coin(互fo)","hqz888888","Relevant notes must be replied","77","1247","975","82","1","金融服务","","","false","false","","false","false","2022-08-15 21:38:36","https://x.com/hqz888888","https://pbs.twimg.com/profile_images/1559173930232868867/xLggmlgq_400x400.jpg","https://pbs.twimg.com/profile_banners/1559172651964256257/1660571022"
"2521803240","肖恩 陶Sheon","okai739","捍卫常识，反被原子化｜求职可咨询｜日本职场人互助团体@shawnlist_cn｜过去分享👇","5594","1792","1567","7081","919","广告和营销机构","Tokyo➡️Shanghai","https://dented-shallot-80b.notion.site/linktree-c90946a5a8334915bb75eb798f4fa928?pvs=4","false","false","","false","true","2014-05-25 10:43:05","https://x.com/okai739","https://pbs.twimg.com/profile_images/1912789729394950144/yjnsZTtX_400x400.jpg","https://pbs.twimg.com/profile_banners/2521803240/1745199849"
"1372876871990272000","丰密","KuiGas","10几前是个民工，现在是个屌丝，KuiGas路上，入不敷出，我明白这就是生活 🌱 
一站式链上链下交易:https://t.co/ndLjOShioB 
使用交易:https://t.co/dxoLXgumeM 

@33daoweb3  @kuiclub","7048","103920","946","10294","772","","","","false","true","","false","true","2021-03-19 19:45:50","https://x.com/KuiGas","https://pbs.twimg.com/profile_images/1951510357769592890/oim_Z9Fl_400x400.jpg","https://pbs.twimg.com/profile_banners/1372876871990272000/1747386224"
"803499004881354752","林无限SamLam🦇🔊","samsir1997","无限可能，无限进步","4943","28903","3551","7622","1111","科技","有事私聊我，学习还是工作交流都可以","","false","false","","false","true","2016-11-29 15:21:05","https://x.com/samsir1997","https://pbs.twimg.com/profile_images/1557084001805840384/uSuILBqr_400x400.jpg","https://pbs.twimg.com/profile_banners/803499004881354752/1652640638"
"1420018056408051724","Ya","nooostyle","NFT//crypto","46","78","1218","438","0","金融服务","","","false","false","","false","false","2021-07-27 21:47:54","https://x.com/nooostyle","https://pbs.twimg.com/profile_images/1517902465626124288/BGSsa18j_400x400.jpg","https://pbs.twimg.com/profile_banners/1420018056408051724/1708008908"
"1410329834765623306","accuraten.us","Accuraten_us","Web development excellence for forward-looking teams!
#web #design #brand #growth #strategy #venture #web3","144","282","549","2712","53","","Lisbon","https://accuraten.us/","false","false","","false","false","2021-07-01 04:13:31","https://x.com/Accuraten_us","https://pbs.twimg.com/profile_images/1410331920593035269/ojfgaoLy_400x400.jpg","https://pbs.twimg.com/profile_banners/1410329834765623306/1625085324"
"814645146801160192","+ath | MAX 建设者","01573bit","BTC生态 |  radfi $RAD TG：https://t.co/GUHsRZePzt

MAX TG：https://t.co/M7vDEox35h","9630","13095","2600","9103","1281","","全网最好用的加速器戳链接","https://wyy.netyi.cloud/#/register?code=mb0tEOeL","false","true","","false","true","2016-12-30 09:31:53","https://x.com/01573bit","https://pbs.twimg.com/profile_images/1909550797542899713/NOBqw5wA_400x400.jpg","https://pbs.twimg.com/profile_banners/814645146801160192/1732248896"
"1559891706392494086","小马哥不会写代码","ponyweb3_eth","#BTC #Web3 / #币圈科学家 / 16年老韭菜 💎
#DeFi、NFT 玩家 🖼 
从不伸手，靠技术赚钱，有头发的程序员😎  
偶尔会激进，但更多的是理想 🗺️
#区块链 和 #AI 正在改变世界🌍","672","5949","214","3669","203","Blockchain","","","false","false","","false","false","2022-08-17 21:15:48","https://x.com/ponyweb3_eth","https://pbs.twimg.com/profile_images/1574653613624131585/HqtztpvQ_400x400.jpg","https://pbs.twimg.com/profile_banners/1559891706392494086/1675839273"
"364478145","响马","xicilion","。。。。。。","31","60554","3445","19","2","科技","","https://fibjs.org/","false","false","","false","false","2011-08-30 04:52:12","https://x.com/xicilion","https://pbs.twimg.com/profile_images/1792551913969631232/tBrYW9Vq_400x400.jpg","https://pbs.twimg.com/profile_banners/364478145/1716313835"
"1501502506538438657","UNICORN⚡️🦄","UnicornBitcoin","#XClub $BTC $ETH $OKB $BNB $SOL $UNI $ASTER ⚡️ #OKX WEB3入口一个就够https://t.co/pZCFItmdrD #Binance 近3亿用户的共同选择https://t.co/KoDvNU04iq","17599","132063","3139","36305","3386","Blockchain","UnicornBitcoin","http://Bitcoin.com","false","true","","false","false","2022-03-09 18:18:02","https://x.com/UnicornBitcoin","https://pbs.twimg.com/profile_images/1963503485170978817/NpvyjRQ1_400x400.jpg","https://pbs.twimg.com/profile_banners/1501502506538438657/1744342761"
"1430571681098211329","乱世行者","cryptoluansha","","41","19","122","42","0","","","","false","false","","false","false","2021-08-26 00:44:16","https://x.com/cryptoluansha","https://pbs.twimg.com/profile_images/1741675848720392192/Jek1F5c0_400x400.jpg",""
"892286366381359105","比特币橙子Trader","chengzi_95330","#Bitcoin Holder | Crypto #Investor & Research
#AI  #Lightning  #Ordinals #Taproot  #RGB
重要投资信息 | 日更

https://t.co/jKgr6V3ut7","14180","49061","6486","10441","3282","金融服务","","","false","true","","false","true","2017-08-01 15:30:22","https://x.com/chengzi_95330","https://pbs.twimg.com/profile_images/1663804756744359938/M8vJfRr2_400x400.jpg","https://pbs.twimg.com/profile_banners/892286366381359105/1729221499"
"1437049754882494466","以太坊老张.eth","ytflzyyds","16年入圈的以太坊信仰者/三轮牛熊/金狗猎手/BSC版本之子

近3亿用户的共同选择就在币安入口（有返佣）👇https://t.co/GkODESKccS 🤖 #BNB 

去有风的地方做一头猪","18587","263335","2317","73741","1873","","玩儿转链上就用币安钱包👇👇","https://web3.binance.com/referral?ref=Y30AV3KM","false","true","","false","true","2021-09-12 21:45:47","https://x.com/ytflzyyds","https://pbs.twimg.com/profile_images/1560206979309510656/x9uF2NZ6_400x400.jpg","https://pbs.twimg.com/profile_banners/1437049754882494466/1685580470"
"737916443786874880","Will","FinanceYF3","Researcher. 273 研究列表：
https://t.co/9rMQCHgY94","1483","24862","1154","3612","672","","","https://link3.to/SBZMIq4o","false","false","","false","true","2016-06-01 15:59:24","https://x.com/FinanceYF3","https://pbs.twimg.com/profile_images/1551240319370420226/cNZhCc2Y_400x400.png",""
"1434700666157473796","Scarlett Zhang","xiaohangzhang7","日拱一卒(ง •̀_•́)ง ｜好好吃饭/睡觉/锻炼/说真话｜building @TrustWallet","962","14691","1161","857","135","科技","","https://youtube.com/@scarlett132","false","true","","false","true","2021-09-06 10:11:26","https://x.com/xiaohangzhang7","https://pbs.twimg.com/profile_images/1551221104210980864/se7BFPai_400x400.jpg","https://pbs.twimg.com/profile_banners/1434700666157473796/1710171569"
"1431450387685548034","Captainking","Captain777_eth","@Conflux_Network中文管理
文达 AI 海外 营销商务总监
炒币、投资、宏观、战忽局、A 股、美股
地缘博弈，军事","13762","10462","6046","3014","2669","企业家","附近520米","","false","false","","false","true","2021-08-28 10:56:11","https://x.com/Captain777_eth","https://pbs.twimg.com/profile_images/1841878230497992704/fxeGKnve_400x400.jpg","https://pbs.twimg.com/profile_banners/1431450387685548034/1649152176"
"1405541967358922759","💚QM💚","QM0x7","Dopamine Creator & Solar-punk Supporter | Crypto Artist, Curator & Collector｜@Sothebys @UAL","1844","6496","3704","15926","350","艺术家","London, England","http://www.qiaomuzi.me","false","true","","false","true","2021-06-17 23:05:09","https://x.com/QM0x7","https://pbs.twimg.com/profile_images/1909961472412909568/dOwWfND5_400x400.jpg","https://pbs.twimg.com/profile_banners/1405541967358922759/1676147144"
"1439272753849323524","美少女壮士 Alita💥🕊️","Alita0x7","5-Years Degen【数据不会说谎，趋势就在细节里】Blue Bird Fam ◾️OKX注册领奖 https://t.co/64qphduHqA 💙Bitget最高手续费优惠https://t.co/YpdbQTuay7","10213","11509","3294","17678","262","社区","London, England","","false","true","","false","true","2021-09-19 00:59:21","https://x.com/Alita0x7","https://pbs.twimg.com/profile_images/1912916749647020032/Cf0jtDxw_400x400.jpg","https://pbs.twimg.com/profile_banners/1439272753849323524/1750950818"
"912876583513231360","DaoXAi","FdaoFERC20","Web3.0-DAOVC 公平发射、公约自由","1182","1229","2355","1956","50","企业家","Singapore","http://unisat.io","false","false","","false","false","2017-09-27 11:08:32","https://x.com/FdaoFERC20","https://pbs.twimg.com/profile_images/1975501020622168065/romOwZdm_400x400.jpg","https://pbs.twimg.com/profile_banners/912876583513231360/1700122661"
"948485618773962752","Khun🐯Pedro","CaoArmand","@DigitalRenaiss7
SHANGHAI Gallery https://t.co/DlQC5t8sLk?amp=1
SHANGHAI Nightclub https://t.co/tHA1X6dz15

Not a KOL","2306","24718","5873","4366","315","现代艺术博物馆","caoyin.ar.page","","false","false","","false","true","2018-01-03 17:26:08","https://x.com/CaoArmand","https://pbs.twimg.com/profile_images/1543969238120968194/TCVhyMuJ_400x400.jpg","https://pbs.twimg.com/profile_banners/948485618773962752/1625424445"
"295218901","vitalik.eth","VitalikButerin","I choose balance. First-level balance.

mi pinxe lo crino tcati

https://t.co/gCQrmCb0ih","21297","5857229","527","10763","928","企业家","Earth","","false","true","","false","false","2011-05-09 00:03:03","https://x.com/VitalikButerin","https://pbs.twimg.com/profile_images/1895872023944937472/Uoyc5-p8_400x400.jpg","https://pbs.twimg.com/profile_banners/295218901/1740846090"
"765081942228295680","CryptoBite.eth","bite_wang","Crypto Fans | NFT Lover

Trade on #Binance, #OKX","1013","1090","793","4781","102","","Never Trust Stranger","","false","false","","false","false","2016-08-15 15:05:24","https://x.com/bite_wang","https://pbs.twimg.com/profile_images/1516365197887574025/5wIuv-fN_400x400.jpg","https://pbs.twimg.com/profile_banners/765081942228295680/1666923380"
"902926941413453824","CZ 🔶 BNB","cz_binance","@BNBchain
@YZiLabs
@GiggleAcademy
@binance","7386","10491247","1237","17545","924","科技","","http://www.binance.com","false","true","","false","false","2017-08-31 00:12:13","https://x.com/cz_binance","https://pbs.twimg.com/profile_images/1961440580279336960/PiiIs8Lh_400x400.jpg","https://pbs.twimg.com/profile_banners/902926941413453824/1597864552"
