﻿"User ID","Name","Username","Bio","Tweets Count","Followers Count","Following Count","Favourites Count","Media Count","Professional","Location","Website","Verified","Is Blue Verified","Verified Type","Protected","Can DM","Created At","Profile URL","Avatar URL","Profile Banner URL"
"16681326","Frank Wang 玉伯","lifesinger","I am curious and honest","4258","15373","893","759","89","","FUTURE","http://youmind.com","false","true","","false","false","2008-10-10 17:36:41","https://x.com/lifesinger","https://pbs.twimg.com/profile_images/1965120373781114880/rLnJ1xpC_400x400.jpg","https://pbs.twimg.com/profile_banners/16681326/1755700256"
"1278213605779886080","Elizabeth伊丽莎白","Elizabethofyou","#bitcoin holder since 2019 | degen trader $wif $trump 50x ｜#defi Youtuber 社区https://t.co/B2w8J7Rtoi 购买数字货币用 https://t.co/dPCsuM8TXW","21696","136217","1662","33513","2061","金融服务","base in Dubai 🇦🇪","https://linktr.ee/2049elizabeth","false","true","","false","true","2020-07-01 14:27:34","https://x.com/Elizabethofyou","https://pbs.twimg.com/profile_images/1675021641888436225/7410Tjfe_400x400.jpg","https://pbs.twimg.com/profile_banners/1278213605779886080/1666408556"
"1576219005488369665","我真的没有拼多多","nopinduoduo","赛博永生| 远程办公程序员 | 农学研究生退学 | 转码 
ADHDer/infp，独立开发探索者，AI探索，副业探索。

🖋️ 对抗遗忘，用代码和文字记录混乱人生。
         people die, words alive
         人或许会逝去，但文字永远鲜活","3105","4117","1048","5483","432","","https://github.com/QiYongchuan","https://www.youtube.com/@nopinduoduo","false","true","","false","false","2022-10-01 22:34:47","https://x.com/nopinduoduo","https://pbs.twimg.com/profile_images/1850103103540142081/LMxypzXA_400x400.jpg","https://pbs.twimg.com/profile_banners/1576219005488369665/1729935091"
"1667439202357899267","雪踏乌云","Pluvio9yte","大厂安全工程师 | 🌊web出海 | 🌏擅长Prompt && Vibe coding | 交易员 | 分享出海经验 | web3知识 | 工作流 | AI使用 | 日常感想 | 合作DM 📩 https://t.co/NQFSgc8FrP","585","923","289","714","92","","","","false","true","","false","true","2023-06-10 15:51:06","https://x.com/Pluvio9yte","https://pbs.twimg.com/profile_images/1986098802680369152/s5DF1Q7Y_400x400.jpg","https://pbs.twimg.com/profile_banners/1667439202357899267/1762357470"
"1971069841202429952","寿司云VPN🍣 🔗👉魔法上网.com","ssyunorg","🧑‍💻海外程序员创立 /💰月付6元或不限时流量9.9元起 /🏠家宽解锁GPT / ❌无屏蔽网址/📝不留存访问记录 /🆓 新用户免费体验/📩 关注后私信发送领券，可获得5折优惠码，首次购买全场可用 / TG群 https://t.co/WtUy4JEs0F","2534","1223","1298","1490","298","","注册免费体验👉","https://ssyun.org/","false","true","","false","true","2025-09-25 12:31:30","https://x.com/ssyunorg","https://pbs.twimg.com/profile_images/1971070103031775236/zspHdLig_400x400.jpg","https://pbs.twimg.com/profile_banners/1971069841202429952/1761569413"
"1877440800","李韭二","lee_toyofbob","【韭二代的自救和重生之路】 
【文科生】【非物质文化遗产古法读书写作传承人】
【【正在学习关于互联网和商业的一切】
【分享我的愚蠢与偏见】","306","378","826","99","34","","Hong Kong","","false","true","","false","true","2013-09-18 08:52:13","https://x.com/lee_toyofbob","https://pbs.twimg.com/profile_images/1958447835365707776/pezBwxG9_400x400.jpg","https://pbs.twimg.com/profile_banners/1877440800/1762539508"
"1889586332198117381","Latte","0xbisc","Product Designer & AI Explorer
Crafting UI/UX for blockchain
Sharing tech insights｜Learn in public
Open to new projects and collaborations🪄","350","2322","308","1246","52","","","","false","true","","false","true","2025-02-12 16:04:31","https://x.com/0xbisc","https://pbs.twimg.com/profile_images/1907734121008476161/z7bFjpo1_400x400.jpg","https://pbs.twimg.com/profile_banners/1889586332198117381/1741075972"
"1226419222474936320","苍何","canghecode","专注AI出海，AI编程，智能体，MCP，努力分享一些有趣，实用的AI干货，公众号：苍何","1246","4254","440","566","284","科技","wuhan","https://canghecode.com","false","true","","false","false","2020-02-09 16:15:56","https://x.com/canghecode","https://pbs.twimg.com/profile_images/1744283141219680256/5DcrV0du_400x400.jpg","https://pbs.twimg.com/profile_banners/1226419222474936320/1707200700"
"1912050383574482944","小红🌸","karkanini9","front-end 独立开发做 https://t.co/QoTKzKmoIp 站点已上线：AI 手办&签名生成｜积分支付已上线 

真诚活跃，长期主义；

吐槽、引用、互关、活跃 在战在报，搞钱 ing;  

还在学英语，据说6个月能掌握一门语言，我要试试。","562","428","368","1001","56","","","","false","true","","false","false","2025-04-15 15:48:44","https://x.com/karkanini9","https://pbs.twimg.com/profile_images/1987489828825444352/EAVPSqMK_400x400.jpg",""
"1981749555600510976","团子Joy_出海2.0","Tuanzi_Joy7","金融从业者，英/西/韩语精进中，分享AI+出海+副业搞钱+学习（主外语）前沿资讯，坚持长期主义的ENTJ，小红书：元宝团子Joy","157","127","72","221","12","","Shenzhen","","false","false","","false","false","2025-10-24 23:48:32","https://x.com/Tuanzi_Joy7","https://pbs.twimg.com/profile_images/1981750676242747392/ZRGZULKK_400x400.jpg","https://pbs.twimg.com/profile_banners/1981749555600510976/1762275455"
"1392110156452823044","Berryxia.AI","berryxia_ai","🧠✨Building AI tools AI System Prompt 🐳 | Make WinMaxle Keyboard  Not a designer, not a programmer, Love Design & Coding & Prompt！ 
💼📮:Andyhuo@me.com","5501","17358","1809","2469","1234","金融服务","hongkong","https://yw.app/3bD49AG","false","true","","false","true","2021-05-11 21:31:49","https://x.com/berryxia_ai","https://pbs.twimg.com/profile_images/1911247392478789632/JvXU6qyM_400x400.jpg","https://pbs.twimg.com/profile_banners/1392110156452823044/1760658386"
"954336280380346368","Dan Go","FitFounder","Health Performance Coach To Entrepreneurs | Tweets on Fat Loss and Optimizing The Body | On a Mission to Transform A Billion Lives Through Health and Fitness","105857","804260","506","230328","3856","","Sign up for a strategy call →","https://www.dango.co/privatecoaching","false","true","","false","true","2018-01-19 20:54:34","https://x.com/FitFounder","https://pbs.twimg.com/profile_images/1279092409587163137/eN82f_KT_400x400.jpg","https://pbs.twimg.com/profile_banners/954336280380346368/1762142326"
"1747573233661157376","左岸森","rgsen8","Web · AI · 出海 · 增长 ｜♟️chess｜🎼 古典｜🌍 游历中","99","639","215","438","14","","","","false","true","","false","true","2024-01-17 18:55:10","https://x.com/rgsen8","https://pbs.twimg.com/profile_images/1990499315660255232/r5ygi18D_400x400.jpg","https://pbs.twimg.com/profile_banners/1747573233661157376/1761140074"
"1412802262796222468","Stijn Noorman","stijnnoorman","Helping entrepreneurs grow & monetize their audience with writing and digital assets.
105 clients served • 1,250+ customers • https://t.co/uR2a9SdLNB","56703","52100","85","94887","2958","","Get 60-85% Off Everything →","https://learn.stijnnoorman.com/resources","false","true","","false","true","2021-07-07 23:56:11","https://x.com/stijnnoorman","https://pbs.twimg.com/profile_images/1694986431377121280/XvmqyT3y_400x400.jpg","https://pbs.twimg.com/profile_banners/1412802262796222468/1689744506"
"1369348853414178822","Alex Finn","AlexFinn","Founder/CEO of Creator Buddy, the only AI trained on all of your X posts. Built a $300k ARR app by myself.  Check it out: https://t.co/4BfYJUDFEh","61020","324066","8661","80866","2516","","Join 38,000 others 👉 ","https://www.alexfinn.ai/subscribe","false","true","","false","true","2021-03-10 02:06:29","https://x.com/AlexFinn","https://pbs.twimg.com/profile_images/1745232634278461440/7gQcr_R__400x400.jpg","https://pbs.twimg.com/profile_banners/1369348853414178822/1705357106"
"1959025762725765120","邵艾伦Alan","AlanShaoCrypto","全网千万粉丝英语博主的投资分享 Wes & Alan Crypto","91","1674","57","104","12","","California, USA","","false","true","","false","true","2025-08-23 06:52:02","https://x.com/AlanShaoCrypto","https://pbs.twimg.com/profile_images/1959025842962710528/IBOSG9Zy_400x400.jpg","https://pbs.twimg.com/profile_banners/1959025762725765120/1755903250"
"1587750166916136960","CodeCaptain","huangsanm","AI SaaS出海一线开发者 | 一人公司 | 分享如何用AI工具赋能产品，搞定技术与增长 | 从第一视角见证如何使用AI工具完成一个游戏站。","304","81","296","23","43","","California, USA","https://www.oneclickplay.fun","false","true","","false","true","2022-11-02 18:15:23","https://x.com/huangsanm","https://pbs.twimg.com/profile_images/1973000615132532738/S-OvSaJ0_400x400.jpg",""
"1966322844490665984","饼干哥哥AGI（2.0）","bggg_ai","重生之我继续在X 分享AI干货知识：AI编程、n8n 工作流、AI 绘画","260","4775","217","328","99","","","","false","true","","false","false","2025-09-12 10:12:55","https://x.com/bggg_ai","https://pbs.twimg.com/profile_images/1982968532481802240/eZp14eKY_400x400.jpg",""
"1597654998971604992","金融汪","yuyy614893671","油管频道：金融汪 ，网址：https://t.co/mE0zmyZHPv

金融市场老兵. Former Investment manager. 观察和理解这个世界每天在发生着什么，是我的兴趣也是工作。X上的内容只是分享，不是投资建议。","16039","62010","454","3359","4180","商业和工业","","https://www.youtube.com/@shijiejinrongwang","false","true","","false","false","2022-11-30 02:13:44","https://x.com/yuyy614893671","https://pbs.twimg.com/profile_images/1832901799470411776/mpHf_iT0_400x400.jpg","https://pbs.twimg.com/profile_banners/1597654998971604992/1725832829"
"2739080844","𝙃𝘼𝙕𝙀𝙉𝙇𝙀𝙀","hazenlee","𝙀／𝘼𝙘𝙘｜十年𝙊𝙂 伪𝙏𝙧𝙖𝙙𝙚𝙧真𝙃𝙤𝙙𝙡𝙚𝙧 ｜ 加密信仰传教士已𝘼𝙇𝙇 𝙄𝙉 ₿𝙏𝘾+𝘼𝙄 ｜ 观点明确 从不马后炮 模棱两可｜致力于科技金融投资交易科普｜抽象派行为艺术大师｜多轮牛熊转换趋势吹号手｜𝙇𝙋𝙋𝙇(老婆跑了)模型代言人","26522","50330","3257","32184","2852","金融科技公司","距离你384400km 🌕 🚪520/999/1314","https://x.com/hazenlee","false","true","","false","true","2014-08-17 13:47:55","https://x.com/hazenlee","https://pbs.twimg.com/profile_images/1896132624940191744/h18Fvuz6_400x400.jpg","https://pbs.twimg.com/profile_banners/2739080844/1724282491"
"312681953","Sahil Bloom","SahilBloom","NYT Bestselling Author of The 5 Types of Wealth. Gave up a grand slam on ESPN in 2012 and still waiting for it to land. Order my book below 👇","71122","1132228","321","155334","5108","作者","Boston, MA","https://www.the5typesofwealth.com","false","true","","false","true","2011-06-07 22:14:17","https://x.com/SahilBloom","https://pbs.twimg.com/profile_images/1586859332104343552/V1HRpbP1_400x400.jpg","https://pbs.twimg.com/profile_banners/312681953/1739539616"
"921074636095348737","Bob Zhang | Humorist","affLeopard","Content Marketer | Public Speaker | Ex-Standup Comic
📝Tweet tips on Content Marketing, X Marketing.
分享内容创作、内容营销、X营销的干货。帮你创作优质内容、获得更多客户！
English X: @Bobzhangai","3360","3260","716","7130","849","","查看精选帖子👉","https://x.com/affLeopard/status/1988770822769799221","false","true","","false","true","2017-10-20 02:04:40","https://x.com/affLeopard","https://pbs.twimg.com/profile_images/1972532533821927424/JMzRd4Jg_400x400.jpg","https://pbs.twimg.com/profile_banners/921074636095348737/1760725191"
"231725747","Mr_董先生☕️复利抗扰","Eddy_Gudong","人生抗干扰设计师 | 🛡️ 守护普通人脆弱的原始积累，避免努力一朝亏损

消除精力、金钱、时间在职场/人际/心态中的消耗。让努力有价值，实现复利增长。

Eliminate ⏳💰🧠 consumption in Career/Life. Maximize Compound Growth.","355","1203","516","325","44","","","","false","true","","false","true","2010-12-29 16:40:16","https://x.com/Eddy_Gudong","https://pbs.twimg.com/profile_images/1988157105359261696/cNSCcQrJ_400x400.jpg","https://pbs.twimg.com/profile_banners/231725747/1762244881"
"1567179325551812609","Li Xiangyu 香鱼🐬","LiXiang1947","Neuroscience PhD diving deep into AI | Going all-in on global product adventures | English vibes: @lixiangyu9710 | Email to xiangyuli997@gmail.com","16662","16568","1632","23743","457","科技","","https://scholar.google.com/citations?hl=zh-CN&user=FQlzamQAAAAJ","false","true","","false","true","2022-09-06 23:54:12","https://x.com/LiXiang1947","https://pbs.twimg.com/profile_images/1911584400224948224/QbglopMa_400x400.jpg","https://pbs.twimg.com/profile_banners/1567179325551812609/1729084908"
"1585984802670395394","Lennox","lennox6r7w","终身学习成长|Anki重度使用患者
商业认知爱好者|分享英语,AI,认知","64","27","65","43","6","","","","false","true","","false","false","2022-10-28 21:20:59","https://x.com/lennox6r7w","https://pbs.twimg.com/profile_images/1984893580880855042/0A71oG5C_400x400.jpg","https://pbs.twimg.com/profile_banners/1585984802670395394/1762070875"
"710343533769568256","宋小紫·系统旅人","GrowthJiling","研究人、企业与世界的系统。 
用结构理解增长，把复杂讲清楚。 
探索时代的节奏，打磨企业的底层结构。 
用系统走路，用结构看世界。","116","74","89","124","32","","","","false","true","","false","false","2016-03-17 13:54:30","https://x.com/GrowthJiling","https://pbs.twimg.com/profile_images/1946186606353788928/4bxfVL4U_400x400.jpg","https://pbs.twimg.com/profile_banners/710343533769568256/1762250071"
"1231772373323411456","張小珺 Xiaojùn","zhang_benita","Financial writer covering China business world, also the producer and host of Zhang Xiaojun Podcast.   财经媒体人，写作中国商业深度报道，包括AI/科技巨头/风险投资/人物，也是播客《张小珺商业访谈录》主持人、制作人。","116","19854","98","118","39","","Beijing","https://www.xiaoyuzhoufm.com/podcast/626b46ea9cbbf0451cf5a962","false","true","","false","true","2020-02-24 10:46:42","https://x.com/zhang_benita","https://pbs.twimg.com/profile_images/1894401243893940224/szxdXY20_400x400.jpg","https://pbs.twimg.com/profile_banners/1231772373323411456/1740495439"
"260085228","Glenn Stearns","glennstearns","Proud father & husband, who transformed from underdog to @Discovery Channel's Undercover Billionaire. Founder + CEO of @KindLending, #GritHappens podcast host.","2466","14451","380","1158","629","","Orange County, California ","http://glennstearns.com/social","false","true","","false","false","2011-03-03 13:01:28","https://x.com/glennstearns","https://pbs.twimg.com/profile_images/1422721625967841281/MdDexHCD_400x400.jpg","https://pbs.twimg.com/profile_banners/260085228/1628038245"
"1965832077758095360","自由李亿freeliyi","freeliyi","长居欧洲写代码｜靠写作为生多年
公开记录每日尝试与进步
创业、投资、学语言、自我成长
目标是通过输出积累专长
希望自己积极快乐活在当下
快乐事业=退休（x，yt）
和自己的全能自恋相处中｜复利追求者
探索自由和搞钱","2094","14023","275","1941","117","","","http://www.youtube.com/@freeliyi","false","true","","false","false","2025-09-11 01:38:04","https://x.com/freeliyi","https://pbs.twimg.com/profile_images/1968787922926125056/bbPLoTRN_400x400.jpg",""
"1717394229734039552","00后破产哲学家沈飞","GideonMich1618","19岁 踏入金融市场 A股 期权 数字货币 港股 牛熊证 期货 这些我全都操作过
23岁 背叛 欺骗 失控 破产
24岁 走在重生的道路上","28","62","195","14","2","","China","","false","true","","false","false","2023-10-26 12:17:40","https://x.com/GideonMich1618","https://pbs.twimg.com/profile_images/1975852968802205696/4d9YyQC8_400x400.jpg","https://pbs.twimg.com/profile_banners/1717394229734039552/1760712635"
"3169447909","Zi Wang","ziwang86","Building... | Uber Eats 0→1; scaled 2 startups to B (1 unicorn & 1 w/ 1000x revenue growth) | Ex-@Uber
 @Google @Microsoft @MagicEden @Blackbird","216","246","394","396","44","","California, USA","","false","true","","false","true","2015-04-24 09:54:36","https://x.com/ziwang86","https://pbs.twimg.com/profile_images/1939175216644513792/sL2385DP_400x400.jpg",""
"745273","Naval","naval","Incompressible","26823","2946789","0","271103","310","","","https://nav.al","false","true","","false","false","2007-02-02 07:05:04","https://x.com/naval","https://pbs.twimg.com/profile_images/1256841238298292232/ycqwaMI2_400x400.jpg","https://pbs.twimg.com/profile_banners/745273/1588490328"
"1934618963725754368","LofiSu🌳","SuSu698822","是活人！是女生！｜AI SDE & PM｜🌳欢迎加入JobForest学习社区｜🧩话很多的ENTJ🏳️‍🌈阿酥的碎碎念🍂｜ 接项目：agent nextjs react ts python 🥺","404","1143","298","1377","49","","San Francisco, CA","","false","false","","false","true","2025-06-16 22:28:14","https://x.com/SuSu698822","https://pbs.twimg.com/profile_images/1974414759111098368/lTkp3izg_400x400.jpg","https://pbs.twimg.com/profile_banners/1934618963725754368/1757578364"
"1639460977510092803","极客杰尼","seekjourney","老实憨厚的技术人｜AI出海实战派：https://t.co/dLMTi0TT4n ｜公众号：极客杰尼  ｜编程之道：https://t.co/TRfntMpEIK｜公众号排版器：https://t.co/Nbya0npukd","2361","4534","777","3385","535","","","https://www.geekjourney.dev","false","true","","false","false","2023-03-25 10:55:48","https://x.com/seekjourney","https://pbs.twimg.com/profile_images/1969069943766536192/opyw1L1U_400x400.jpg","https://pbs.twimg.com/profile_banners/1639460977510092803/1759826188"
"711903677317918720","尚攻Schango","Yangzi812","风云奔走十年兵，惨淡入经营。问对酒当歌，曹侯墓上，何用虚名。","4937","672","523","4111","689","","","https://www.youtube.com/channel/UC_9oqHH6tKQGFl-r4W0TP-g","false","true","","false","true","2016-03-21 21:13:58","https://x.com/Yangzi812","https://pbs.twimg.com/profile_images/1916815297203589120/35c2ZQMc_400x400.jpg","https://pbs.twimg.com/profile_banners/711903677317918720/1761804005"
"1973362673430786048","LoudAlpha","Loudalpha83","退休制造业VC搞独立游戏开发","607","829","759","213","24","","VAL DI FUNES","","false","false","","false","true","2025-10-01 20:21:47","https://x.com/Loudalpha83","https://pbs.twimg.com/profile_images/1973362865869627392/xPGNJ9c-_400x400.jpg","https://pbs.twimg.com/profile_banners/1973362673430786048/1761989949"
"1733818969134661632","Mike Yang","Mike_yanger","AI Entrepreneur | Indie Dev ｜The Lord is my shepherd, I shall not want. He makes me lie down in green pastures, He leads me beside still waters.","1689","4314","644","1503","65","","","http://mikeyang.cc","false","true","","false","false","2023-12-10 20:01:00","https://x.com/Mike_yanger","https://pbs.twimg.com/profile_images/1988067877984022529/VaAsqCpN_400x400.jpg","https://pbs.twimg.com/profile_banners/1733818969134661632/1760690176"
"1806582548216365056","yuyu안","Auloin17477","🦊","12","1","8","11","1","","","","false","false","","false","false","2024-06-28 14:57:08","https://x.com/Auloin17477","https://pbs.twimg.com/profile_images/1806582726197489664/V_rY7ETi_400x400.jpg","https://pbs.twimg.com/profile_banners/1806582548216365056/1763169158"
"213605814","AJ","AAAAAAAJtoy","欢迎访问🌈通往AGI之路 AI知识库","519","526","437","409","26","","","http://WaytoAGI.com","false","false","","false","false","2010-11-09 18:22:54","https://x.com/AAAAAAAJtoy","https://pbs.twimg.com/profile_images/1475506950/h_large_H3r0_53c20000c91b2f76_400x400.jpg","https://pbs.twimg.com/profile_banners/213605814/1687099807"
"732353","WaytoAGI｜通往AGI之路","WaytoAGI","🔗 Empowering more people through AI｜联结上百万人的 AI 开源社区｜https://t.co/UTIpHstWff  实现通用人工智能（AGI）也许有很长的路要走，我们的目标是让每个人的学习过程少走弯路，让更多的人因 AI 而强大。","821","15572","570","408","354","","China","http://WaytoAGI.com","false","false","","false","false","2007-01-30 21:52:36","https://x.com/WaytoAGI","https://pbs.twimg.com/profile_images/1774714687822983168/81Gqj4jj_400x400.jpg","https://pbs.twimg.com/profile_banners/732353/1689955540"
"1976285144991608833","MindfulReturn 身心修复局","MindfulReturn","人生极简修 bug 师，聚焦极简内观呼吸法， 文章精选及付费栏目请查看下面链接：","1116","4910","366","1886","155","","Macau","http://rebootmindful.github.io/mindfulreturn/","false","true","","false","false","2025-10-09 21:54:47","https://x.com/MindfulReturn","https://pbs.twimg.com/profile_images/1976288711743774720/aQHjghWV_400x400.jpg","https://pbs.twimg.com/profile_banners/1976285144991608833/1760104550"
"1131442257675083777","Cell 细胞","cellinlab","⚡️ 「BIP 订阅制真人秀」概念提出者 ｜ 💻 独立开发者 ｜🌍 造物矩阵 @ZaoWuJuZhen & 小火炉播客 @XiaohuoluFM 创始人 ｜🎯 关注 AI & Crypto · 构建创作者生态 · 探索个体与社区的更多可能 ｜🌐 English: @CellNomad","12197","20291","4533","13657","2256","科技","","https://www.cellinlab.com","false","true","","false","true","2019-05-23 14:10:30","https://x.com/cellinlab","https://pbs.twimg.com/profile_images/1634900405724545031/gQgQEpaj_400x400.jpg","https://pbs.twimg.com/profile_banners/1131442257675083777/1732942869"
"950460643173216256","idoubi","idoubicc","Building https://t.co/mOqCgk7jjr  /  https://t.co/vK21lE7HkK. ex: WechatPay Global","713","21473","336","360","181","","all in AI","","false","true","","false","true","2018-01-09 04:14:10","https://x.com/idoubicc","https://pbs.twimg.com/profile_images/1657754264729448448/1AOP0K4c_400x400.jpg","https://pbs.twimg.com/profile_banners/950460643173216256/1715493813"
"1651402669762957312","觉醒的熊Bear","AwakeningBear01","百年一遇的销售鬼才｜希望我的文字能够带给你力量
推文从 2025 年 11 月 6 日起，不再使用任何 AI，全手打。
珍惜你的时间，也珍惜我的时间。
微信公众号：觉醒的熊Bear","3035","7035","397","3328","251","社交媒体影响者","","","false","true","","false","true","2023-04-27 09:47:51","https://x.com/AwakeningBear01","https://pbs.twimg.com/profile_images/1875038101950824448/SX8fiU20_400x400.jpg","https://pbs.twimg.com/profile_banners/1651402669762957312/1761305789"
"345437084","徹言","iamcheyan","程序员・作家・编剧  / 東京都在住 🗼","14735","42647","7566","100787","2627","","東京 墨田区","http://iamcheyan.com","false","true","","false","true","2011-07-31 00:05:20","https://x.com/iamcheyan","https://pbs.twimg.com/profile_images/1752946036358909952/o_vVoTim_400x400.jpg","https://pbs.twimg.com/profile_banners/345437084/1714718985"
"1520044672734834688","文科生Amigo","Amigo__Yu","From newsroom deadlines to digital freedom.
Writing self-made income, creator leverage, and the mindset to stay free.
前财经记者｜AI｜写作｜创造｜人生复利","414","1649","204","489","72","","","","false","true","","false","false","2022-04-29 22:18:13","https://x.com/Amigo__Yu","https://pbs.twimg.com/profile_images/1977966718820737024/x75f9ke9_400x400.jpg","https://pbs.twimg.com/profile_banners/1520044672734834688/1759155729"
"780262031899242496","志辉","iamzhihui","10 年架构师，现在在学习 AI， 喜欢分享点有用，有趣的事情","895","3879","671","1024","74","","","","false","true","","false","false","2016-09-26 12:25:39","https://x.com/iamzhihui","https://pbs.twimg.com/profile_images/1978098197122748417/jxAKxT1n_400x400.jpg","https://pbs.twimg.com/profile_banners/780262031899242496/1761282558"
"76875167","观思者","mitking","独立创业者 | AI 工具公司创始人 | 跨境出海布道者 我正在打造新一代 AI 助理工具，帮助普通人跨越文化与语言障碍， 为跨境出海企业与个人提供高效、智能的支持。 🌐 当前项目 👉 AI 翻译助理https://t.co/UytLvRzm0u 助力团队无障碍沟通，轻松迈向全球市场。","344","958","262","105","55","社交媒体影响者","Hong Kong","https://twitter.com/mitking","false","true","","false","false","2009-09-24 14:39:34","https://x.com/mitking","https://pbs.twimg.com/profile_images/1977933158348926976/ho4Qekax_400x400.jpg","https://pbs.twimg.com/profile_banners/76875167/1760427053"
"885086674828578816","Mr Panda","PandaTalk8","Solo Developer ｜ Growth Coach｜Helping creators build their personal brand on X  
公众号：PandaTalk8","20170","56296","6663","57108","1219","教育","","https://xgrowth.xlearnity.ai/","false","true","","false","true","2017-07-12 18:41:22","https://x.com/PandaTalk8","https://pbs.twimg.com/profile_images/1738715996737933312/QHUuRDK1_400x400.jpg","https://pbs.twimg.com/profile_banners/885086674828578816/1760969154"
"1866821173755121666","木马人","cnyzgkc","🚀 Frontend @ Big Tech | ESTJ 
✍️ 分享AI 资讯 / AI 副业实战 / AI 自媒体
 📍公众号：木马人 AI","2562","2159","1166","2352","271","","Los Angeles, CA","","false","false","","false","true","2024-12-11 20:23:59","https://x.com/cnyzgkc","https://pbs.twimg.com/profile_images/1963499609017495553/kuzkS82V_400x400.jpg","https://pbs.twimg.com/profile_banners/1866821173755121666/1760602138"
"256523056","DAN KOE","thedankoe","notes to myself. building @edendotso","30125","547124","948","84459","1273","作家","the goods:","https://letters.thedankoe.com","false","true","","false","true","2011-02-23 22:25:39","https://x.com/thedankoe","https://pbs.twimg.com/profile_images/1845856303174037504/Q7ZZqVFa_400x400.jpg","https://pbs.twimg.com/profile_banners/256523056/1711767394"
"885997627845771264","张有菜","caiwithai","👨🏻‍💻 中文系 | 大厂码农 | 独立开发
🔍 复利实践：2025年被动收入9万刀 | 计算与信息差
💡 不卖课❗持续分享科技、投资、创业、优秀工具、踩坑经验
🌟 正在用AI探索下一个增长引擎...高效工作和创造","207","3817","895","307","19","","Beijing","https://magua.app","false","true","","false","false","2017-07-15 07:01:10","https://x.com/caiwithai","https://pbs.twimg.com/profile_images/1965610470188130305/2Q4hqfRq_400x400.jpg","https://pbs.twimg.com/profile_banners/885997627845771264/1759895700"
"1932935705711513600","Yanhua 彦华","yanhua1010","独立开发者 & AI创业者 
营销增长和产品开发实战 
Reddit 用户痛点和Niche挖掘 https://t.co/sK8Mi76nnt
公众号「EvanAI工坊」","2569","4397","430","1811","196","科技","","https://lnk.bio/yanhua","false","true","","false","false","2025-06-12 06:59:32","https://x.com/yanhua1010","https://pbs.twimg.com/profile_images/1974706545431818240/wNphA_FD_400x400.jpg","https://pbs.twimg.com/profile_banners/1932935705711513600/1760163026"
"1699791054814445568","神奇小喷菇","xpg0970","一切不为我所有，但一切可为我所用

AI超级个体 在路上","1037","189","1333","1669","82","科技","","","false","true","","false","true","2023-09-07 22:28:52","https://x.com/xpg0970","https://pbs.twimg.com/profile_images/1979093536453591040/VY9N-c3M_400x400.jpg","https://pbs.twimg.com/profile_banners/1699791054814445568/1762710385"
"1466576627584798720","Bysir","hi_bysir","💻 全干工程师，正在学习代码之外的知识，认知、商业、营销。
📚 持续学习并分享经验，让我们每天进步一点点。
🚀 正在积木成塔，搭建 https://t.co/pNQ3Qv1acF","310","765","166","219","8","","","http://bysir.top","false","true","","false","false","2021-12-03 09:15:15","https://x.com/hi_bysir","https://pbs.twimg.com/profile_images/1973297015233929216/TytK614q_400x400.jpg","https://pbs.twimg.com/profile_banners/1466576627584798720/1759800748"
"1892802325586333699","serva huang","servasyy","古早程序员 | AI出海 | 自由职业
机车游侠&机速购&骑享租创始人
15年前 freelance 起步 → 连续创业者 → 亏过1个亿，逆风翻盘中
分享创业，AI，生活，读书，健身，中医","3232","8948","550","5770","147","","","","false","true","","false","true","2025-02-21 13:03:54","https://x.com/servasyy","https://pbs.twimg.com/profile_images/1969304899877027840/Ok6tYp0b_400x400.jpg","https://pbs.twimg.com/profile_banners/1892802325586333699/1760433997"
"28754022","paulwei","coolish","crypto trader since 2013 / ex co-founder of social network apps with 50+ million users","3156","50387","3427","5450","1180","科技","Hong Kong","","false","true","","false","true","2009-04-04 14:32:23","https://x.com/coolish","https://pbs.twimg.com/profile_images/1548729057994452992/Kcs8r3YR_400x400.jpg","https://pbs.twimg.com/profile_banners/28754022/1647407924"
"1874157623714426880","木子不写代码","ai_muzi","一起构建和分享最前沿的AI商业化应用！
油管up主:木子不写代码 | 图卢兹大学机器学习博士 | 前空客研发工程师
Youtuber | PhD in Machine Learning, University of Toulouse | Former R&D Engineer @ Airbus.","758","4834","290","637","105","","关注油管 -》","https://www.youtube.com/channel/UCY3SgqRpZd0GWWk8dRCybdw","false","true","","false","false","2025-01-01 02:16:19","https://x.com/ai_muzi","https://pbs.twimg.com/profile_images/1874157706174509056/DiVz40Wo_400x400.jpg","https://pbs.twimg.com/profile_banners/1874157623714426880/1758805968"
"1763419234934329344","文硕","suosimath","21岁的本科生，线上教育创业者，坚信教育和行动能改变命运，梦想让所有孤儿拥有一次改变命运的机会。","678","1844","206","792","43","教育","福州","","false","true","","false","false","2024-03-01 12:21:33","https://x.com/suosimath","https://pbs.twimg.com/profile_images/1763419279259729920/fAoAS2Sc_400x400.jpg","https://pbs.twimg.com/profile_banners/1763419234934329344/1719119030"
"1806359170830172162","G3mini","GeminiApp","The Gemini app turns research into reality, bringing frontier AI experiences like Veo 3.1, Deep Think, Nano Banana, and more to hundreds of millions of people.","10757","261088","41","2028","304","","Mountain View, CA","http://gemini.google.com","false","true","Business","false","false","2024-06-28 00:10:25","https://x.com/GeminiApp","https://pbs.twimg.com/profile_images/1940093473564073984/jiafRcO0_400x400.png","https://pbs.twimg.com/profile_banners/1806359170830172162/1763481785"
"1939696610637975552","cast的创业记录📝","aaafromyiwu","🌏创业的第一步是走出办公室找客户—《创业者手册》🪐利用AI进行自我成长过程中","62","277","29","602","17","","","","false","true","","false","false","2025-06-30 22:45:13","https://x.com/aaafromyiwu","https://pbs.twimg.com/profile_images/1943356069171822592/qixvYjsy_400x400.jpg","https://pbs.twimg.com/profile_banners/1939696610637975552/1754034505"
"6782882","Orange AI","oran_ge","聊硅基 AI，看有机 Orange。","133783","141015","783","1982","6053","科技","Mars","https://listenhub.ai","false","true","","false","true","2007-06-13 13:03:33","https://x.com/oran_ge","https://pbs.twimg.com/profile_images/1760074488073629696/ceSsuVCY_400x400.png","https://pbs.twimg.com/profile_banners/6782882/1740229481"
"452072245","铁锤人","lxfater","我在用 AI 协助我创业，赚钱，走向自由
我的录屏软件  https://t.co/S9MMiRiy7L
github 维护 3w star 项目：https://t.co/ytvQf2mtZO","9889","50460","1110","5582","1013","社交媒体影响者","我的所有信息-》》","https://www.lxfater.com","false","true","","false","true","2012-01-01 19:26:00","https://x.com/lxfater","https://pbs.twimg.com/profile_images/1723719195995807744/9JIAjVJr_400x400.jpg","https://pbs.twimg.com/profile_banners/452072245/1762837704"
"1477948736156454913","马东锡 NLP","dongxi_nlp","Prev. PhD @Stockholm_Uni | Alumni @KTHuniversity @uppsalauni Sharing insights on AI, autonomous agents, and large language & reasoning models","2299","32532","833","6607","225","科技","Stockholm, Sweden","","false","true","","false","true","2022-01-03 18:23:54","https://x.com/dongxi_nlp","https://pbs.twimg.com/profile_images/1955352181453774848/QfD9wuqD_400x400.jpg","https://pbs.twimg.com/profile_banners/1477948736156454913/1680195487"
"1606846015944159233","Haoshan Hong","HroyhongHong","","2187","11074","428","2645","218","","","http://hhsblog.me","false","true","","false","true","2022-12-25 10:55:36","https://x.com/HroyhongHong","https://pbs.twimg.com/profile_images/1949090810190057472/RtGzFZRs_400x400.jpg","https://pbs.twimg.com/profile_banners/1606846015944159233/1726501127"
"3003486236","banboo","xbanboo","随便活着。","8484","38796","605","11905","1446","","Dali","","false","true","","false","true","2015-01-30 21:26:34","https://x.com/xbanboo","https://pbs.twimg.com/profile_images/1957642877254914048/VWg-Vtj__400x400.jpg","https://pbs.twimg.com/profile_banners/3003486236/1746461793"
"1730594110287806464","奇特飞古","laofeiguUK","英国8年，全栈工程师，主攻C/C++，曾为数据分析员，后为五斗米在厨房工作，创业不成功，独立开发不成功，一直沙发流浪，现渐渐走出深度贫困期。","3090","2080","145","1942","282","","UK","","false","true","","false","false","2023-12-01 22:26:46","https://x.com/laofeiguUK","https://pbs.twimg.com/profile_images/1730594598051876864/hNTOiRGu_400x400.jpg",""
"1881991469730594816","余温","gkxspace","05年  🌲独立开发者  🌸连续创业者 | 目前总收入七位数
✨分享创业历程  💓我的目标:“做出一家伟大的公司！”
创业做过多类业务 : 代写 | 交友 | 旅拍 | agent产品 | ai教育……","2187","8118","551","1486","138","","微信和社群","https://yuwen.website","false","true","","false","true","2025-01-22 17:05:13","https://x.com/gkxspace","https://pbs.twimg.com/profile_images/1952432952928784384/k7SIkQ7I_400x400.jpg","https://pbs.twimg.com/profile_banners/1881991469730594816/1758132248"
"1925558837257674756","2237007338","pKriA6OBQ389529","","0","1","0","0","0","","","","false","false","","false","false","2025-05-22 22:26:23","https://x.com/pKriA6OBQ389529","https://pbs.twimg.com/profile_images/1925559001108172800/xIShPGjD_400x400.jpg",""
"709787332254117888","howie.serious","howie_serious","purity of thought. be exactly who you are : just a serious man. 思想纯净，做好自己：严肃对待自己的兴趣，不要浮皮潦草。

公众号：howie和小能熊
youtube：https://t.co/J1aSMKnUFo","6684","46620","328","4139","2052","","beijing","https://gpt.candobear.com","false","true","","false","true","2016-03-16 01:04:22","https://x.com/howie_serious","https://pbs.twimg.com/profile_images/738174666309652480/UgeKnQOm_400x400.jpg","https://pbs.twimg.com/profile_banners/709787332254117888/1693793979"
"913269761735254017","pippingg","Suyanzhenq","From deep occran","5481","3382","1322","4037","44","商业和工业","Los Angeles, CA","","false","true","","false","true","2017-09-28 13:10:53","https://x.com/Suyanzhenq","https://pbs.twimg.com/profile_images/1181052845618946049/n81jDRod_400x400.jpg","https://pbs.twimg.com/profile_banners/913269761735254017/1738309675"
"2445001998","冰河","binghe_sun","🎉 爱技术，爱赚钱，爱分享！

🐬 分享 赚钱项目 ｜打破信息壁垒 ｜副业避坑

🌻 能拆解的赚钱项目才有意义

🪐 知识星球社群/公众号：“钱来有道” 

🌌 小宇宙 |Podcasts |QQ音乐  播客 “钱来有道”

🎀 搞钱训练营  https://t.co/58qRl0IBTf","3249","24721","164","355","547","","","http://qianlai.flowus.cn","false","true","","false","true","2014-04-15 14:33:45","https://x.com/binghe_sun","https://pbs.twimg.com/profile_images/1967594037571121152/jS1dH7FJ_400x400.jpg","https://pbs.twimg.com/profile_banners/2445001998/1710989203"
"1433678976564662273","hsn","hsn8086","你好, 我是hsn! 老图: @hsn8086xe | 注: 推文内容仅供娱乐,真假自辨!","25978","109407","1000","47231","17426","","Internet","","false","true","","false","true","2021-09-03 14:31:41","https://x.com/hsn8086","https://pbs.twimg.com/profile_images/1967874771443650562/Dp0kz42r_400x400.png","https://pbs.twimg.com/profile_banners/1433678976564662273/1680328005"
"259611996","Bear Liu","bearbig","Product Designer, 10 year+ podcaster and author of 2 books. Love things around design, tech and productivity, making JAM at https://t.co/ZhUT9zdkzg 🍯","18003","108989","2600","5182","6421","产品设计师","Free newsletter  👉","https://bear.academy","false","true","","false","true","2011-03-02 14:53:54","https://x.com/bearbig","https://pbs.twimg.com/profile_images/803996540696084480/Z-uk8--s_400x400.jpg","https://pbs.twimg.com/profile_banners/259611996/1746610243"
"751665353625776129","OōEli.eth","ooeli_eth","美股｜标普500 & 纳斯达克｜投资理财常识｜读书和学习分享｜學思集｜小红书号ooeli_eth｜私信解答¥25/问题｜1v1投资辅导¥199/次","7769","66843","423","6231","1699","","","","false","true","","false","true","2016-07-09 14:32:40","https://x.com/ooeli_eth","https://pbs.twimg.com/profile_images/1490937705995276288/BckjXqU0_400x400.jpg","https://pbs.twimg.com/profile_banners/751665353625776129/1725770907"
"1623903868047474688","Wise投资有术","WiseInvest513","🚀前某互联网大厂程序员，23 年 24 岁裸辞创业，历经两次，小有成就 💇现美股/加密货币持有者&分享者，分享普通人如何从小钱到大钱的完整路径。 😄 youtobe 频道：https://t.co/DzpgoOtlB3 👋 欢迎关注，一起跟着 Wise 10 年内实现财富自由！！","1067","14640","591","1456","222","","Hong Kong","https://linktr.ee/wiseinvest513","false","true","","false","true","2023-02-10 12:37:15","https://x.com/WiseInvest513","https://pbs.twimg.com/profile_images/1951215426605817859/qgNsFgEF_400x400.jpg","https://pbs.twimg.com/profile_banners/1623903868047474688/1756696203"
"79766814","硅谷居士","SVScholar","清华本科，美国计算机博士，硅谷软件工程师兼经理。兴趣包括开发软件、投资理财、健身、写作。
小红书号、脸书号、文学城号：硅谷居士","1090","27730","275","1401","223","","美国加州硅谷","","false","true","","false","false","2009-10-05 00:20:53","https://x.com/SVScholar","https://pbs.twimg.com/profile_images/1823477667246825475/eg6coN0Q_400x400.png","https://pbs.twimg.com/profile_banners/79766814/1759935201"
"3122661542","Yangyi","Yangyixxxx","Believing is seeing","13773","109034","501","5411","2849","科技","","https://lnk.bio/yangyi","false","true","","false","true","2015-04-01 11:00:40","https://x.com/Yangyixxxx","https://pbs.twimg.com/profile_images/1790540021327712256/72wMFr9-_400x400.jpg","https://pbs.twimg.com/profile_banners/3122661542/1702609915"
"1894314002291068928","AI产品玩家","AIPMLogi","用AI做产品与技术｜重塑数字化物流","2380","2043","96","125","335","产品经理","china","https://shipmenttrack.us","false","true","","false","true","2025-02-25 17:10:38","https://x.com/AIPMLogi","https://pbs.twimg.com/profile_images/1950043485438107648/ZDHr_b4u_400x400.jpg","https://pbs.twimg.com/profile_banners/1894314002291068928/1753763503"
"5967912","Tinyfool","tinyfool","Youtuber
20年老程序员，业已退休，不以写代码为主业。
不是英语老师，但开发了""英语轻松读""，做了广受好评的学习英语的视频。
心在日本，人目前在天津
Youtube：
英语学习之路 https://t.co/fY05anVN8r
胡说八道 https://t.co/FQLaNWFD5j","103748","186751","885","6048","4754","科技","Tianjin","https://codechina.org/","false","false","","false","true","2007-05-12 01:10:33","https://x.com/tinyfool","https://pbs.twimg.com/profile_images/1634730992278839297/vZg4HnAl_400x400.jpg","https://pbs.twimg.com/profile_banners/5967912/1647360059"
"1472063616","Zara Zhang","zarazhangrui","Building AI x learning products. Harvard’17. Side project: https://t.co/QTlH7OGcGy YouTube: https://t.co/8xzbGWtf6w Substack: https://t.co/dDPEWGiuBW","1141","17688","1316","1056","212","","San Jose, CA","http://www.zarazhang.com","false","true","","false","true","2013-05-31 20:52:30","https://x.com/zarazhangrui","https://pbs.twimg.com/profile_images/1742369596534067200/Ts-5zSJ6_400x400.jpg",""
"1588829429333037056","章工","435hz","三角眼观天下，覆船口吞乾坤。
天纵英才，献忠回来。
仅在X有账号，其它平台不是本人。","18193","113175","86","5913","2109","","","","false","false","","false","true","2022-11-05 17:44:16","https://x.com/435hz","https://pbs.twimg.com/profile_images/1591818969236717569/q95i8uvS_400x400.jpg",""
"2393635568","少数派sspai","sspai_com","我们发现优质应用、游戏与设备周边，以少数人的力量，改变多数人的数字生活。 — Weibo: @少数派sspai WeChat: sspaime Mail: contact@sspai.com","13575","51417","20","60","2455","","Shenzhen, China","https://sspai.com","false","false","","false","false","2014-03-17 10:53:48","https://x.com/sspai_com","https://pbs.twimg.com/profile_images/1133664556306190336/Ouezg12u_400x400.png","https://pbs.twimg.com/profile_banners/2393635568/1404271066"
"1050289881283358720","翁天信","wengtianxin","幼儿园肄业生，整天到处拍照，有时搞搞设计，偶尔写写代码｜摄影推 @camarts_｜English tweets @dandyweng","3599","12323","89","27588","1307","","新加坡","https://www.dandyweng.com","false","true","","false","false","2018-10-11 15:39:55","https://x.com/wengtianxin","https://pbs.twimg.com/profile_images/1050290141468585984/EAYUKLwa_400x400.jpg","https://pbs.twimg.com/profile_banners/1050289881283358720/1665814161"
"1346717425476071424","Sidney Liu ","cloxnu","iOS Developer | #WWDC23 Participant | App ✨@FocusFlightApp✈️ Creator | ex @TencentGlobal | 💙@ManCity | 🔋 https://t.co/CDOujV9Iah | blog https://t.co/VYuIG75Xnu","1175","4835","575","5068","440","Software developer/Programmer/Software engineer","","https://clox.nu","false","false","","false","true","2021-01-06 15:17:51","https://x.com/cloxnu","https://pbs.twimg.com/profile_images/1557233233921658881/GcUDKXNa_400x400.jpg","https://pbs.twimg.com/profile_banners/1346717425476071424/1718434249"
"763901306264322049","Susan STEM","feltanimalworld","Founder of the Entropy Control Theory : Language as system design  用结构抵抗熵增","33935","40752","6064","43346","1679","","Virginia, USA","https://www.entropycontroltheory.com","false","true","","false","false","2016-08-12 08:53:58","https://x.com/feltanimalworld","https://pbs.twimg.com/profile_images/1941884420048265216/Dbcchu0q_400x400.jpg","https://pbs.twimg.com/profile_banners/763901306264322049/1511626510"
"1626674002969382912","迈克 Mike Chong","mike_chong_zh","AI 加速主义。软件3.0架构师。 努力让一起用 AI 创造属于我们自己的产品与企业。","7291","13384","1081","15193","708","企业家","AI/acc e/acc (True North) 🌎","","false","true","","false","true","2023-02-18 04:04:50","https://x.com/mike_chong_zh","https://pbs.twimg.com/profile_images/1938560144390201344/eN7sH94m_400x400.jpg","https://pbs.twimg.com/profile_banners/1626674002969382912/1699842382"
"1928711169419956224","Jason Zhu","GoSailGlobal","独立开发，AI SaaS出海， AI价值内容分享 — 让AI工具就像积木一样构建产品，拼出无限可能！👉🏻 https://t.co/BDEkVzvki1","2499","7728","1534","4539","360","","china","","false","true","","false","false","2025-05-31 15:13:12","https://x.com/GoSailGlobal","https://pbs.twimg.com/profile_images/1949434880959676416/GEQGVlME_400x400.jpg","https://pbs.twimg.com/profile_banners/1928711169419956224/1755945863"
"1708132468216487936","在悉尼和稀泥","JamesGoong","💰 上班牛马，下班副业，周末学术，闲暇咨询。边赚工资边搞钱 🚀 做过产品，踩过坑，亏过百万，也赚过📖 记录真实的赚钱过程，研究副业、出海方法，分享真实经历","3404","21677","286","6223","405","企业家","微信和社群请看链接 👉","https://linktr.ee/jamesgong","false","true","","false","true","2023-09-30 22:51:41","https://x.com/JamesGoong","https://pbs.twimg.com/profile_images/1708132603872874496/Z-Bau7vu_400x400.jpg","https://pbs.twimg.com/profile_banners/1708132468216487936/1696085717"
"1302118861995536387","Panda","Jiaxi_Cui","Video AI","2241","15648","851","2542","385","","BeiJing","https://scholar.google.com/citations?user=QRV7CjgAAAAJ","false","true","","false","true","2020-09-05 13:38:34","https://x.com/Jiaxi_Cui","https://pbs.twimg.com/profile_images/1677124881144770560/W6zZ-Zux_400x400.jpg","https://pbs.twimg.com/profile_banners/1302118861995536387/1758038923"
"1851933324463476738","逐梦AI赚钱实战","AmbitiousXU","🚀 一名四线城市正在创业的00后小伙
🌐 全网10万粉丝（ins四万）
📈 0基础➡️月入四万（十个月）
🤝 寻找有雄心的小伙伴共同进步
🌍 全平台同名：逐梦AI赚钱实战","1275","7071","86","657","620","","微信：zmxu604 (备注推特)，更多资料👉","","false","true","","false","true","2024-10-31 18:25:02","https://x.com/AmbitiousXU","https://pbs.twimg.com/profile_images/1851933706220638209/g6oPGRtD_400x400.jpg","https://pbs.twimg.com/profile_banners/1851933324463476738/1749888349"
"1639144776368025600","彻易Heawcyrt","Lay78Ever","INFJ | All in AI x 自媒体 x 自由职业🚀
10x is easier than 2x 📈 | The obstacle is the way.
分享生活碎片🧩 | 深度思考🧠 | 搞钱日记💰 | 每日精进¹ᐟ₃₆₅","4973","3169","613","11392","650","","","","false","true","","false","true","2023-03-24 13:59:24","https://x.com/Lay78Ever","https://pbs.twimg.com/profile_images/1922464504149114885/KKH8ClXS_400x400.jpg","https://pbs.twimg.com/profile_banners/1639144776368025600/1746507311"
"890076269580341248","宏观边际MacroMargin","MacroMargin","Macro Research Analyst ，持续跟踪宏观趋势的边际变化，聚焦中国宏观政策、美联储风向，了解订阅宏观分析跟踪系统和政策简报👇","3378","172281","522","3349","1286","金融服务","","http://ocmacro.com","false","true","","false","true","2017-07-26 13:08:14","https://x.com/MacroMargin","https://pbs.twimg.com/profile_images/1832383003403636736/LzxkUKBL_400x400.jpg","https://pbs.twimg.com/profile_banners/890076269580341248/1653955139"
"1152073433410261005","10xMyLife","hhmy27","AI | Crypto | 起舞吧","5615","10842","1726","9611","539",""," ","","false","false","","false","true","2019-07-19 12:31:25","https://x.com/hhmy27","https://pbs.twimg.com/profile_images/1990256506819010560/KY1yT56T_400x400.jpg","https://pbs.twimg.com/profile_banners/1152073433410261005/1741931760"
"1633204429875732484","slipz","slipperrz","🤲 - opinions are my own","1877","82941","148","957","369","","Miami, FL","http://instagram.com/shotbyslipz","false","true","","false","true","2023-03-08 04:34:25","https://x.com/slipperrz","https://pbs.twimg.com/profile_images/1951111819457667074/eKPYi3Yt_400x400.jpg","https://pbs.twimg.com/profile_banners/1633204429875732484/1695860755"
"1340653010263953412","Speedy HQ","IShowSpeedHQ","Join the #1 source for all things Speed-Related and never miss a beat!","9655","272419","7","9720","8329","媒体与新闻","🔔 Turn Post Notifications On","https://www.youtube.com/@IShowSpeed/live","false","true","Business","false","true","2020-12-20 21:39:27","https://x.com/IShowSpeedHQ","https://pbs.twimg.com/profile_images/1689059415838560256/fZ457J9J_400x400.jpg","https://pbs.twimg.com/profile_banners/1340653010263953412/1691538089"
"2751923820","Simon@Twillot","mytwillot","Cooking Twillot - A Twitter data management tool hits $1,500 MRR in just 2 months https://t.co/vsIS5B5wYa","3721","3461","323","2978","282",""," 🟩🟩🟩🟩⬜️⬜️⬜️⬜️⬜️⬜️ $5000MRR","https://www.twillot.com/","false","true","","false","true","2014-08-21 19:41:20","https://x.com/mytwillot","https://pbs.twimg.com/profile_images/1789982655100194816/eznb-5Di_400x400.png",""
"1287366378937229313","菜饼不菜","onthewayfrank","🐧程序员，万物之中，好奇最美。
 公众号｜菜饼不菜","305","69","48","247","23","","Hong Kong","","false","false","","false","false","2020-07-26 20:38:21","https://x.com/onthewayfrank","https://pbs.twimg.com/profile_images/1895109607464296448/QohabYp7_400x400.jpg","https://pbs.twimg.com/profile_banners/1287366378937229313/1713245006"
"1777467626845028352","AdventureX","adventurex_plan","🔥 The Largest Hackathon in China.
🚀 AdventureX 2025 will take place in Hangzhou from July 23 to 27!","210","2260","35","372","88","科技","Apply Now 👉","https://adventure-x.org","false","true","","false","false","2024-04-09 06:44:49","https://x.com/adventurex_plan","https://pbs.twimg.com/profile_images/1931624352350646272/faOdl7-I_400x400.jpg","https://pbs.twimg.com/profile_banners/1777467626845028352/1742326509"
"841275465348263936","SkyWT","skywt2003","🧑‍💻 Software Designer & Engineer / 💼 FE Dev at @BytedanceTalk (daytime) / 🎓 22 yo / ✨ INFJ / 🏳️‍🌈 he/him / 🌍 zh/en / ☕️ open to coffee chats / not by AI","1754","7016","1323","16737","283","科技","Hangzhou","http://skywt.cn","false","true","","false","true","2017-03-13 21:11:15","https://x.com/skywt2003","https://pbs.twimg.com/profile_images/1414861771823738886/_hvY0heR_400x400.jpg","https://pbs.twimg.com/profile_banners/841275465348263936/1745546814"
"1260079170941378561","愧怍","kuizuo","故事不是写出来的，而是经历出来的。","2746","10842","757","6760","513","","born to differ","https://kuizuo.me","false","true","","false","false","2020-05-12 13:27:45","https://x.com/kuizuo","https://pbs.twimg.com/profile_images/1913049212360777728/5xtsdVK4_400x400.jpg","https://pbs.twimg.com/profile_banners/1260079170941378561/1736961700"
"6690032","向阳乔木","vista8","喜欢摇滚乐、爱钓鱼的PM
网站：https://t.co/vnUpLt752o","6052","68580","1372","6778","1796","科技","Beijing","","false","true","","false","true","2007-06-09 13:48:52","https://x.com/vista8","https://pbs.twimg.com/profile_images/1960882043249942533/h4J39ERy_400x400.jpg","https://pbs.twimg.com/profile_banners/6690032/1681134125"
"103723585","JQ","lazyJQ","Life is meaningless. just chill and have fun.","7467","15816","391","9002","3670","","Vancouver, British Columbia","","false","true","","false","true","2010-01-11 09:51:38","https://x.com/lazyJQ","https://pbs.twimg.com/profile_images/1525594662320214016/KvXo5ozW_400x400.jpg","https://pbs.twimg.com/profile_banners/103723585/1552532918"
"1890036208153354240","凌晨4:09","Amy7ting","读万卷书，行万里路","172","181","33","20","18","","","","false","false","","false","false","2025-02-13 21:52:15","https://x.com/Amy7ting","https://pbs.twimg.com/profile_images/1929207779946057729/pieFqKG3_400x400.jpg","https://pbs.twimg.com/profile_banners/1890036208153354240/1748793964"
"935332628399394816","lihengyi","lihengyi1117","5年AI从业者，擅长用人话讲清楚AI逻辑和玩法

天生共情力Max，能同时get男女视角，深受女性朋友信赖

帮直男解决情感和恋爱问题

讲女生能听得懂的AI心法","561","835","97","272","17","","","","false","false","","false","false","2017-11-28 10:20:51","https://x.com/lihengyi1117","https://pbs.twimg.com/profile_images/1632671184872673280/HiLIMyTt_400x400.jpg","https://pbs.twimg.com/profile_banners/935332628399394816/1582708901"
"1850452841925861376","小年","XiaoNianTalk","自媒体干货+碎碎念","3413","14264","449","2203","342","教育","V：xiaonianpyq","https://www.xiaohongshu.com/user/profile/5dd6bf6600000000010064a3","false","true","","false","true","2024-10-27 16:22:05","https://x.com/XiaoNianTalk","https://pbs.twimg.com/profile_images/1888771094670151680/OxhjIgQX_400x400.jpg",""
"754333","hidecloud","hidecloud","Co-founder of @manusai","26616","22709","410","1129","513","","Singapore","https://manus.im","false","true","","false","true","2007-02-04 15:59:28","https://x.com/hidecloud","https://pbs.twimg.com/profile_images/1749469524414668800/Ilz6fAYl_400x400.jpg","https://pbs.twimg.com/profile_banners/754333/1703958407"
"543386522","LE","lewangx","Creating AI toys 👉 @FoloToy","3980","34275","573","2462","935","科技","","https://lewang.dev","false","false","","false","true","2012-04-02 20:51:52","https://x.com/lewangx","https://pbs.twimg.com/profile_images/1888538309930151936/l-NFLGCz_400x400.jpg","https://pbs.twimg.com/profile_banners/543386522/1729875156"
"1871455931017678848","TRAE","Trae_ai","The Real AI Engineer. 
Download now: https://t.co/kapduuwttm","1017","30481","30","999","274","科技","San Francisco","http://trae.ai/?utm_source=content&utm_medium=twitter","false","true","Business","false","false","2024-12-24 15:20:52","https://x.com/Trae_ai","https://pbs.twimg.com/profile_images/1946201092687114241/4X_B0XgN_400x400.png","https://pbs.twimg.com/profile_banners/1871455931017678848/1752845476"
"28530405","Andy Stewart","manateelazycat","懒猫微服CEO、前Deepin CTO、不端不装 仗剑走天涯

懒猫微服购买链接 https://t.co/KVqgWHDvJj 

懒猫微服有啥用？https://t.co/SF9p24BuTk","30660","43716","252","15745","3649","企业家","China","https://manateelazycat.github.io","false","true","","false","true","2009-04-03 17:01:38","https://x.com/manateelazycat","https://pbs.twimg.com/profile_images/768239262/HaskellIcon_400x400.jpg",""
"1253776193742163968","Guoqi Sun","sun0225SUN","🐣 00 后｜🍭 前端小学生（React）｜📸 摄影爱好者（Nikon）｜🚴 骑行蹭风选手

🎙️ talking https://t.co/bF15HKFe3F

🔨 building https://t.co/rIdNxgrmeO

💼 I will have my own business.

✨ 路漫漫其修远兮，吾将上下而求索","4550","5991","812","3311","1486","科技","Dalifornia, China","http://guoqi.dev","false","true","","false","true","2020-04-25 04:02:10","https://x.com/sun0225SUN","https://pbs.twimg.com/profile_images/1923447229517529090/8lC7A3Vo_400x400.jpg","https://pbs.twimg.com/profile_banners/1253776193742163968/1742730480"
"377228272","Xiaomi","Xiaomi","Masterpieces far closer. 🟠📷🔴

#Xiaomi15TSeries, co-engineered with Leica.

For support, please contact @XiaomiSupport","14468","4363131","362","9931","9672","技术公司","","http://s.mi.com/_jidM8Z0","false","true","Business","false","true","2011-09-21 15:09:28","https://x.com/Xiaomi","https://pbs.twimg.com/profile_images/1384363472259928071/zXb55Bwo_400x400.jpg","https://pbs.twimg.com/profile_banners/377228272/1758784366"
"562680597","Lei Jun","leijun","Founder and CEO of @Xiaomi 
Passion is the reason and the answer","3470","482531","86","2792","1722","","","https://www.mi.com/global/","false","true","","false","false","2012-04-25 12:50:20","https://x.com/leijun","https://pbs.twimg.com/profile_images/1814912966288199680/rc6ajkLT_400x400.jpg","https://pbs.twimg.com/profile_banners/562680597/1631281561"
"3178231","宝玉","dotey","Prompt Engineer, dedicated to learning and disseminating knowledge about AI, software engineering, and engineering management.","27116","144879","1457","38155","4703","","Chicago, IL","https://baoyu.io","false","true","","false","true","2007-04-02 11:42:14","https://x.com/dotey","https://pbs.twimg.com/profile_images/561086911561736192/6_g58vEs_400x400.jpeg",""
"1654774887251329024","白骏知识分享","cj3214567667","❤️分享各种好用的效率工具和AI  
💼互联网运营项目负责人
📄不定时分享|运营案例 
✨深度思考，用大脑撬动世界
↓各类学习资料，免费分享↓","5038","58868","758","648","3630","","","https://qcnifjtytj3j.feishu.cn/wiki/LrV0wFFHPiHk7wkSjGHc6qK4n1q?from=from_copylink","false","true","","false","false","2023-05-06 17:07:45","https://x.com/cj3214567667","https://pbs.twimg.com/profile_images/1808032405116407811/4iIJMgZB_400x400.jpg","https://pbs.twimg.com/profile_banners/1654774887251329024/1719903493"
"1636621319222726659","分享喵","jsd200j","😎蓝V互fo  👋分享有意思的  🤩求赞求转发求关注  ⛔️侵删，无小号","2301","21855","1147","3902","1425","娱乐和休闲","","","false","false","","false","true","2023-03-17 14:52:01","https://x.com/jsd200j","https://pbs.twimg.com/profile_images/1900468960912691200/xG5zcyCw_400x400.jpg","https://pbs.twimg.com/profile_banners/1636621319222726659/1730267467"
"135019364","TRAVIS SCOTT","trvisXX","2","1519","12129859","653","1046","347","","","http://JB2.com","false","true","","false","false","2010-04-20 11:25:10","https://x.com/trvisXX","https://pbs.twimg.com/profile_images/634514155261833216/czgYrPLQ_400x400.jpg","https://pbs.twimg.com/profile_banners/135019364/1690555652"
"1596695231717871616","dontbesilent","dontbesilent12","🔍 商业哲学爱好者  📡 维特根斯坦种草主播  🫆 生活合伙人 @XiaoNianTalk  📱 全网同名：dontbesilent 聊赚钱","12147","55822","909","7990","1194","教育","","https://www.xiaohongshu.com/user/profile/63fc8880000000001f0329db","false","true","","false","true","2022-11-27 10:39:52","https://x.com/dontbesilent12","https://pbs.twimg.com/profile_images/1840665561287798784/GJCK0iKf_400x400.jpg","https://pbs.twimg.com/profile_banners/1596695231717871616/1762833879"
"851054131418505216","柴郡🔔｜Crypto+AI Plus","0xCheshire","比特币至少还有10倍上涨空间，这意味着它会到达100万美元 #DYOR 

交流群：https://t.co/lkMXOPWONd

#Binance 近3亿用户共同选择，出入金安全：https://t.co/WIPio1MiCP

#OKX 专属邀请：https://t.co/IspkjNJMTs","41528","140419","1016","25767","17921","","点击开始购买你人生第一枚比特币（保姆级教程）👉","https://0xcheshire.gitbook.io/web3/","false","true","","false","true","2017-04-09 20:48:11","https://x.com/0xCheshire","https://pbs.twimg.com/profile_images/1843286202528796673/PUyK9V4D_400x400.jpg","https://pbs.twimg.com/profile_banners/851054131418505216/1728312486"
"1478042617958912005","知识分享官","knowledgefxg","热爱知识，没事分享点有趣硬核的东西,包含英语学习，AI编程，科技软件，资源网站等等。来都来了，点点关注😘。 合作请DM私信。","7819","193035","1565","38660","2641","科技","","https://en.knowledgefxg.com/","false","true","","false","true","2022-01-04 00:39:09","https://x.com/knowledgefxg","https://pbs.twimg.com/profile_images/1485604570898526208/Bfi12r9h_400x400.jpg","https://pbs.twimg.com/profile_banners/1478042617958912005/1738162096"
"1040214455525797888","Speed⭐️","ishowspeedsui","","560","3764504","169","739","204","","Tokyo ","https://youtube.com/@IShowSpeed?si=IeG64CdHu85oTEYG","false","true","","false","true","2018-09-13 20:23:47","https://x.com/ishowspeedsui","https://pbs.twimg.com/profile_images/1362579425804644353/8L3BctZn_400x400.jpg","https://pbs.twimg.com/profile_banners/1040214455525797888/1613699228"
"23561980","Kendrick Lamar","kendricklamar","@pglang","4123","12418600","494","22","208","","","https://my-gnx.com/","false","true","","false","false","2009-03-10 13:44:26","https://x.com/kendricklamar","https://pbs.twimg.com/profile_images/1103764272654442496/wcNdeqop_400x400.jpg","https://pbs.twimg.com/profile_banners/23561980/1732296869"
"19028953","J. Cole","JColeNC","","2886","13065034","387","210","159","","","http://www.dreamville.com","false","true","","false","false","2009-01-16 01:08:04","https://x.com/JColeNC","https://pbs.twimg.com/profile_images/1858325356568055808/97LRxaka_400x400.jpg",""
"1404738934043602947","Jackywine","Jackywine","年终复盘 ing","23747","25823","2817","77318","3624","风险投资","","","false","true","","false","true","2021-06-15 17:54:01","https://x.com/Jackywine","https://pbs.twimg.com/profile_images/1805875520430915586/x3t_sQdd_400x400.jpg","https://pbs.twimg.com/profile_banners/1404738934043602947/1750768857"
"1412998764701249542","Honkai: Star Rail","honkaistarrail","Honkai: Star Rail, a HoYoverse space fantasy RPG #HonkaiStarRail YouTube: https://t.co/aQZpKkPMCx Instagram: https://t.co/784j2ATMLN","3336","2037612","12","12","2691","","","https://hoyo.link/e9RkFKAL","false","true","Business","false","true","2021-07-08 12:56:10","https://x.com/honkaistarrail","https://pbs.twimg.com/profile_images/1970672377597165568/y9HvvsbC_400x400.png","https://pbs.twimg.com/profile_banners/1412998764701249542/1762308041"
"1546153784820129792","折光邮差","zheguangyouchai","Politics🚫 
摄影师 IIluminate Night, Follow Journey.
不要在其他平台提及我和我的照片，谢谢。","3788","8173","189","8051","1307","","","","false","false","","false","false","2022-07-10 23:26:20","https://x.com/zheguangyouchai","https://pbs.twimg.com/profile_images/1988932706038960128/FvDYVhWi_400x400.jpg","https://pbs.twimg.com/profile_banners/1546153784820129792/1745847554"
"4398626122","OpenAI","OpenAI","OpenAI’s mission is to ensure that artificial general intelligence benefits all of humanity. We’re hiring: https://t.co/dJGr6Lg202","1509","4508183","4","1222","448","","","https://openai.com","false","true","Business","false","false","2015-12-07 06:51:08","https://x.com/OpenAI","https://pbs.twimg.com/profile_images/1885410181409820672/ztsaR0JW_400x400.jpg","https://pbs.twimg.com/profile_banners/4398626122/1759076948"
"155659213","Cristiano Ronaldo","Cristiano","Welcome to the official account of Cristiano Ronaldo.","4372","110685334","76","69","2435","","","https://www.cristianoronaldo.com/","false","true","","false","false","2010-06-15 03:09:20","https://x.com/Cristiano","https://pbs.twimg.com/profile_images/1940344470290989057/1OUP8RgK_400x400.jpg","https://pbs.twimg.com/profile_banners/155659213/1751449147"
"1398934230407606278","老白（每日干货分享✊）","laobaishare","收集和分享好东西：🌍泛互联网 + 💻科技 + 🤖️Al + 📃学习 + 🤑Crypto 

🧰 我常用的AI效率工具Flowith ：https://t.co/c6gH4Yf6EN","9330","190847","425","12601","6004","科技","","","false","true","","false","true","2021-05-30 17:28:41","https://x.com/laobaishare","https://pbs.twimg.com/profile_images/1688863542110507008/RO_U6ecN_400x400.jpg","https://pbs.twimg.com/profile_banners/1398934230407606278/1686798589"
"3165563219","Ja Morant","JaMorant","#KaariJ","13048","2931420","123","20717","388","","","http://www.jamorant.com","false","true","","false","false","2015-04-14 10:15:23","https://x.com/JaMorant","https://pbs.twimg.com/profile_images/1962581747134091264/jh6XUl9a_400x400.jpg","https://pbs.twimg.com/profile_banners/3165563219/1697037545"
"2279776304","Giannis Antetokounmpo","Giannis_An34","NBA Athlete","2383","3313559","9","2857","947","专业运动员","Milwaukee WI","https://antetokounbros.com/en/","false","true","","false","false","2014-01-07 08:29:14","https://x.com/Giannis_An34","https://pbs.twimg.com/profile_images/1638032295046119425/0f9B9dZY_400x400.jpg","https://pbs.twimg.com/profile_banners/2279776304/1713672212"
"169686021","ye","kanyewest","","1570","32060416","1","48","502","","","http://YEEZY.COM","false","true","Business","false","true","2010-07-23 07:00:05","https://x.com/kanyewest","https://pbs.twimg.com/profile_images/1885922338983579649/W-5uks-5_400x400.jpg","https://pbs.twimg.com/profile_banners/169686021/1428444619"
"35936474","Kevin Durant","KDTrey5","IM ME, I DO ME, AND I CHILL. @boardroom","27063","20105906","1472","1441","711","","At the crib dog","http://boardroom.tv","false","true","","false","false","2009-04-28 09:14:36","https://x.com/KDTrey5","https://pbs.twimg.com/profile_images/1563699994393280512/u4KNGaIR_400x400.jpg","https://pbs.twimg.com/profile_banners/35936474/1594930231"
"42562446","Stephen Curry","StephenCurry30","Believer. Husband to @ayeshacurry, father, son, brother. Olympic Gold Medalist. NYT Best Selling Author. Warriors guard. Davidson Wildcat. Philippians 4:13.","8266","17162488","849","2009","1056","","Worldwide","https://linktr.ee/stephencurry30","false","true","","false","false","2009-05-26 12:15:37","https://x.com/StephenCurry30","https://pbs.twimg.com/profile_images/1826710994590334977/shbgXcDB_400x400.jpg","https://pbs.twimg.com/profile_banners/42562446/1724261347"
"998963083816022017","Naruto","Naruto_Anime_EN","Naruto Uzumaki wants to be the best ninja in the land. Your home for everything Naruto and Naruto Shippuden in English!! Managed by Crunchyroll.","1311","1254192","6","128","1133","","Village Hidden in the Leaves","http://www.crunchyroll.com/naruto-shippuden","false","true","","false","false","2018-05-23 00:25:33","https://x.com/Naruto_Anime_EN","https://pbs.twimg.com/profile_images/1606405021674770432/4_Rj_Mi2_400x400.jpg","https://pbs.twimg.com/profile_banners/998963083816022017/1671831778"
"1449960610691616769","Crypto军火库","CryptoJHK","👾 终极加密内幕消息平台 | 即时推送 | 零延误 | 全面信息汇总 ｜ 打破Web3消息茧房

💸 付费社群聚合 https://t.co/2egKtvLAgf
💎 交易所高返佣：https://t.co/4UeDxFlSHQ","11411","61087","1407","3942","3951","金融服务","8.9km","","false","true","","false","true","2021-10-18 12:49:34","https://x.com/CryptoJHK","https://pbs.twimg.com/profile_images/1506883765754236929/NtxXAmwf_400x400.jpg","https://pbs.twimg.com/profile_banners/1449960610691616769/1717652431"
"2401980110","TikTok US","tiktok_us","it starts with one TikTok","75857","2226474","16","12308","3419","娱乐和休闲","","http://linktr.ee/tiktok","false","true","Business","false","false","2014-03-22 02:39:40","https://x.com/tiktok_us","https://pbs.twimg.com/profile_images/1879333037005053953/e1dnDyxK_400x400.jpg","https://pbs.twimg.com/profile_banners/2401980110/1759775578"
"1058728679977537536","毛主席的战士！","Morgan35849534","中华龙族。自干五。爱国爱党爱戴习主席。祝福祖国。
对极左，日右，台独港独，遗腹子，法轮功，公知汉奸零容忍。骂得的尖酸刻薄，心理承受能力小的请绕行。","47332","4155","1672","177438","1918","体育、健身和娱乐","东京","","false","false","","false","false","2018-11-03 22:32:42","https://x.com/Morgan35849534","https://pbs.twimg.com/profile_images/1643931961017393154/SCeBnsd7_400x400.jpg","https://pbs.twimg.com/profile_banners/1058728679977537536/1670142317"
"460116210","Luka Doncic","lukadoncic","","4458","2201638","343","7906","607","","Los Angeles, CA","","false","true","","false","false","2012-01-10 20:04:12","https://x.com/lukadoncic","https://pbs.twimg.com/profile_images/1888651428798853120/KpUEmY81_400x400.jpg",""
"1564866203914743808","A9樱木","0xSilver_Time","认知本身并不创造财富，具体的行动才会创造财富。 撸毛 | 二级 | 投研 | 吹牛 都是一家之言，如有意见，你说得都对","4072","67616","971","14837","1388","Blockchain","Satoshi Nakamoto","","false","true","","false","true","2022-08-31 14:42:51","https://x.com/0xSilver_Time","https://pbs.twimg.com/profile_images/1925735712080408576/1lJgoiai_400x400.jpg","https://pbs.twimg.com/profile_banners/1564866203914743808/1747966203"
"18479513","MLB","MLB","The official account of Major League Baseball ⚾","270740","12579238","3731","39709","118362","","","https://linktr.ee/mlb","false","true","Business","false","true","2008-12-30 23:39:32","https://x.com/MLB","https://pbs.twimg.com/profile_images/1979034974964559874/E0AdeiBy_400x400.jpg","https://pbs.twimg.com/profile_banners/18479513/1762058576"
"23083404","LeBron James","KingJames","EST. AKRON - ST.V/M Class of '03 https://t.co/TrZZrgA5Yt #IPROMISE","9626","50330517","180","159","763","","Outer Space    ","http://LeBronJames.com","false","true","","false","false","2009-03-07 00:25:53","https://x.com/KingJames","https://pbs.twimg.com/profile_images/1904731639910965248/6bcSSJnG_400x400.jpg","https://pbs.twimg.com/profile_banners/23083404/1529843462"
"307902310","任天堂株式会社","Nintendo","任天堂からのお知らせや、ホームページの更新情報をお伝えします。
ご質問・お問い合わせにはお答えしておりませんのでご容赦ください。","13812","5596010","35","1","3241","","京都市","https://www.nintendo.com/jp/","false","true","Business","false","false","2011-05-30 22:00:05","https://x.com/Nintendo","https://pbs.twimg.com/profile_images/823439425593954305/j0L7_KyW_400x400.jpg","https://pbs.twimg.com/profile_banners/307902310/1670301725"
"24742040","Xbox","Xbox","THE BIGGEST BLACK OPS EVER","322709","24508106","14854","7924","44954","","2035","http://Xbox.com","false","true","Business","false","false","2009-03-17 02:30:52","https://x.com/Xbox","https://pbs.twimg.com/profile_images/1987959345624014848/NDwl9C2q_400x400.jpg","https://pbs.twimg.com/profile_banners/24742040/1763139676"
"10671602","PlayStation","PlayStation","Official Sony Interactive Entertainment account. Updates on PS5, PlayStation VR2, PlayStation Plus, PS4 and more. Support: @AskPlayStation","48083","42696987","742","1482","27730","","California","https://www.playstation.com","false","true","Business","false","false","2007-11-28 06:37:20","https://x.com/PlayStation","https://pbs.twimg.com/profile_images/1833447364138299392/AXIZsQe4_400x400.jpg","https://pbs.twimg.com/profile_banners/10671602/1763109118"
"29758446","Rockstar Games","RockstarGames","The official home of Rockstar Games on X","18186","21131846","1435","10512","5475","","NYC / Edinburgh / Bogota","http://www.rockstargames.com","false","true","Business","false","false","2009-04-09 00:47:30","https://x.com/RockstarGames","https://pbs.twimg.com/profile_images/1417471791845478403/MzAWCfK7_400x400.jpg","https://pbs.twimg.com/profile_banners/29758446/1762556127"
"147163321","新海誠","shinkaimakoto","An animation director","9946","1081211","518","3628","2269","娱乐和休闲","Tokyo, Japan","http://www.shinkaiworks.com","false","true","","false","false","2010-05-23 19:11:55","https://x.com/shinkaimakoto","https://pbs.twimg.com/profile_images/1058800222/cat_icon_400x400.png","https://pbs.twimg.com/profile_banners/147163321/1672132038"
"1501502506538438657","UNICORN⚡️🦄","UnicornBitcoin","#XClub $BTC $ETH $OKB $BNB $SOL $UNI $ASTER ⚡️ 

#OKX WEB3入口一个就够https://t.co/pZCFItlFC5 

#Binance 近3亿用户的共同选择https://t.co/KoDvNTZwsS","17663","132036","3159","36458","3398","Blockchain","UnicornBitcoin","http://Bitcoin.com","false","true","","false","false","2022-03-09 18:18:02","https://x.com/UnicornBitcoin","https://pbs.twimg.com/profile_images/1963503485170978817/NpvyjRQ1_400x400.jpg","https://pbs.twimg.com/profile_banners/1501502506538438657/1744342761"
"198975780","Jordan","Jumpman23","#JUMPMAN","11199","4247254","158","5694","3805","购物和零售","","https://about.nike.com/en/newsroom/releases/jordan-brand-statement-on-commitment-to-black-community","false","true","Business","false","true","2010-10-06 02:27:05","https://x.com/Jumpman23","https://pbs.twimg.com/profile_images/1968819825310056449/_WtgnuoO_400x400.jpg","https://pbs.twimg.com/profile_banners/198975780/1758238200"
"25073877","Donald J. Trump","realDonaldTrump","45th & 47th President of the United States of America🇺🇸","59809","109413543","53","0","5378","","","http://DonaldJTrump.com","false","true","Government","false","false","2009-03-18 21:46:38","https://x.com/realDonaldTrump","https://pbs.twimg.com/profile_images/874276197357596672/kUuht00m_400x400.jpg","https://pbs.twimg.com/profile_banners/25073877/1604214583"
"50811932","James Harden","JHarden13","@jhardenwines","13808","7427547","286","338","934","专业运动员","","https://www.vivino.com/US/en/jam-shed-j-harden-cabernet-sauvignon/w/10870313?year=2021","false","true","","false","false","2009-06-26 07:23:37","https://x.com/JHarden13","https://pbs.twimg.com/profile_images/1681703359580114945/_CYSPjCT_400x400.jpg","https://pbs.twimg.com/profile_banners/50811932/1739829127"
"26270913","Golden State Warriors","warriors","🏆🏆🏆🏆🏆🏆🏆 • #DubNation","121555","8456856","928","15434","65602","","San Francisco, CA","http://Warriors.com","false","true","Business","false","true","2009-03-25 00:42:22","https://x.com/warriors","https://pbs.twimg.com/profile_images/1947157657590091776/wTC9PbXN_400x400.jpg","https://pbs.twimg.com/profile_banners/26270913/1755199923"
"1072404907230060544","Genshin Impact","GenshinImpact","In the world of Teyvat — where all kinds of elemental powers constantly surge — epic adventures await, fearless Travelers! #GenshinImpact","6550","5618548","18","365","4397","娱乐和休闲","","https://hoyo.link/0jhgFBAL","false","true","Business","false","false","2018-12-11 16:17:08","https://x.com/GenshinImpact","https://pbs.twimg.com/profile_images/1980836599026868224/crCidubz_400x400.jpg","https://pbs.twimg.com/profile_banners/1072404907230060544/1763525002"
"380749300","Apple","Apple","https://t.co/4dZx1rwvgY","0","9968043","0","0","0","","Cupertino, CA","","false","true","Business","false","false","2011-09-27 13:02:03","https://x.com/Apple","https://pbs.twimg.com/profile_images/1892248257516224513/SzZdRSkx_400x400.png","https://pbs.twimg.com/profile_banners/380749300/1757522357"
"19923144","NBA","NBA","The 2025-26 NBA season continues Wednesday on ESPN! 🏀 7:00pm/et: @HoustonRockets/@cavs 🏀 9:30pm/et: @nyknicks/@dallasmavs","392558","47075914","2044","5389","211424","","","https://smart.link/h6st1n3k2q9sp","false","false","Business","false","true","2009-02-03 03:04:42","https://x.com/NBA","https://pbs.twimg.com/profile_images/1991032400910876672/lX_XnRCh_400x400.jpg","https://pbs.twimg.com/profile_banners/19923144/1763184042"
"3310238405","Netflix Italia","NetflixIT","Creatura di Frankenstein stan account","15656","4286231","356","3563","9311","","","https://www.netflix.com","false","true","Business","false","false","2015-06-06 14:27:36","https://x.com/NetflixIT","https://pbs.twimg.com/profile_images/1872961966945210368/fT6G4Aoo_400x400.jpg","https://pbs.twimg.com/profile_banners/3310238405/1762930590"
"2455740283","MrBeast","MrBeast","New MrBeast or MrBeast Gaming video each Saturday!","7555","33467721","2214","23163","995","媒体人物","Follow me for a cookie","http://teamwater.org","false","true","","false","false","2014-04-21 08:28:42","https://x.com/MrBeast","https://pbs.twimg.com/profile_images/994592419705274369/RLplF55e_400x400.jpg","https://pbs.twimg.com/profile_banners/2455740283/1743017990"
"11348282","NASA","NASA","Official NASA account. Exploring the universe, advancing science, and inspiring the next generation of explorers.

Verification: https://t.co/8nok3NP4PW","73120","87830371","158","16408","27620","","Pale Blue Dot","http://www.nasa.gov/","false","true","Government","false","false","2007-12-20 04:20:32","https://x.com/NASA","https://pbs.twimg.com/profile_images/1321163587679784960/0ZxKlEKB_400x400.jpg","https://pbs.twimg.com/profile_banners/11348282/1718393721"
"34743251","SpaceX","SpaceX","SpaceX designs, manufactures and launches the world’s most advanced rockets and spacecraft","10839","40311216","120","519","4209","","Earth","http://spacex.com","false","true","Business","false","false","2009-04-24 05:53:30","https://x.com/SpaceX","https://pbs.twimg.com/profile_images/1697749409851985920/HbrI04tM_400x400.jpg","https://pbs.twimg.com/profile_banners/34743251/1681251194"
"44196397","Elon Musk","elonmusk","","89488","229120862","1227","183832","4238","","","","false","true","","false","false","2009-06-03 04:12:29","https://x.com/elonmusk","https://pbs.twimg.com/profile_images/1983681414370619392/oTT3nm5Z_400x400.jpg","https://pbs.twimg.com/profile_banners/44196397/1739948056"
