﻿"User ID","Name","Username","Bio","Tweets Count","Followers Count","Following Count","Favourites Count","Media Count","Professional","Location","Website","Verified","Is Blue Verified","Verified Type","Protected","Can DM","Created At","Profile URL","Avatar URL","Profile Banner URL"
"20567308","Wang Shuyi","wshuyi","Teach AI for Science on https://t.co/EjMt9Lde9B

Youtube: https://t.co/OofaON17z1

Substack: https://t.co/IIleagZfwW

知识星球：https://t.co/kyzMiDmFWb","3535","16785","1050","4774","1139","","Tianjin, China","https://wshuyi.medium.com/","false","true","","false","false","2009-02-11 11:00:44","https://x.com/wshuyi","https://pbs.twimg.com/profile_images/1278528308603260928/jnD1feVs_400x400.jpg","https://pbs.twimg.com/profile_banners/20567308/1593659878"
"552491458","MapleShaw","msjiaozhu","👨🏻‍💻Aspiring Indie Hacker & Independent Thinker

📖公众号：DEEPMAPLE

Building👇
https://t.co/28eEVCtBMt
https://t.co/P7puTyKVx7
https://t.co/W2YK5ImJ6n","4413","18471","117","1997","700","Industrial engineer","Los Angeles, CA","","false","true","","false","true","2012-04-13 15:02:11","https://x.com/msjiaozhu","https://pbs.twimg.com/profile_images/1949085910345330688/MptgOZsj_400x400.jpg","https://pbs.twimg.com/profile_banners/552491458/1731163230"
"1846671939437252609","NotebookLM","NotebookLM","Think smarter, not harder. Meet your brain's new best friend 📒","918","115535","15","3264","87","","","http://notebooklm.google","false","true","Business","false","false","2024-10-17 05:59:01","https://x.com/NotebookLM","https://pbs.twimg.com/profile_images/1861084152054849547/uKBhfKBo_400x400.jpg","https://pbs.twimg.com/profile_banners/1846671939437252609/1732552014"
"1732443020153221120","二一的笔记","eryidebiji","Notion 课程：https://t.co/ubg7ac2Woc
Notion 模板：https://t.co/tI0X7e4PEX","428","3950","101","94","96","","","https://bento.me/eryi","false","false","","false","false","2023-12-07 00:53:09","https://x.com/eryidebiji","https://pbs.twimg.com/profile_images/1783718898392793088/PBlfFgD7_400x400.jpg",""
"1745332167218196480","SagaSu","sujingshen","AI Entrepreneur | Bootstrapped to $1M+ Revenue | AI Tools & Marketing Guru |
https://t.co/wZlo4aRUoC","3525","3023","143","1422","470","科技","广州","https://sagasu.art/","false","true","","false","false","2024-01-11 14:30:05","https://x.com/sujingshen","https://pbs.twimg.com/profile_images/1980203192643125248/emG7LMcm_400x400.jpg",""
"1720259528267386880","JaredL","jaredliu_bravo","💡 Building YouMind. Founder of Tidyread.
💼 Ex Engineer @ Alibaba, TL @ A+ startup. 
🥰 Productivity & mental health.
⚡ Raycast power-user & automation nerd.","1066","1151","664","1634","214","","","https://bento.me/jaredliu","false","true","","false","true","2023-11-03 10:00:24","https://x.com/jaredliu_bravo","https://pbs.twimg.com/profile_images/1984603218064596992/AUhbETq2_400x400.jpg","https://pbs.twimg.com/profile_banners/1720259528267386880/1762001260"
"233418820","Sen Yang","undefined_blog","former fullstack engineer🧑‍💻️ & engineering manager👨🏻‍💼 at Alipay / big data enthusiast / co-founder and the tech guy at @YouMind_AI","92","137","173","30","12","","Hangzhou","https://undefinedblog.com","false","false","","false","false","2011-01-03 13:07:44","https://x.com/undefined_blog","https://pbs.twimg.com/profile_images/1966158642513862656/V6tiCSIc_400x400.jpg",""
"1712095004","狼叔","i5ting","前阿里，字节前端技术专家，关注Node.js AI Agent开发和Moonbit语言","4692","11627","2893","1901","262","","Beijing","","false","false","","false","false","2013-08-30 15:47:00","https://x.com/i5ting","https://pbs.twimg.com/profile_images/1817769006746746880/QfKfsYhV_400x400.jpg","https://pbs.twimg.com/profile_banners/1712095004/1710332016"
"1764818331822182400","小互","imxiaohu","学AI找小互，找小互，上 https://t.co/4PVaHEr5r3 ...

小互AI日报 社群：https://t.co/LIEXfWUHv1","7840","76951","1498","1900","4924","","Mars","http://xiaohu.ai","false","true","","false","true","2024-03-05 09:01:23","https://x.com/imxiaohu","https://pbs.twimg.com/profile_images/1765404718959095808/BX7VN1hS_400x400.jpg","https://pbs.twimg.com/profile_banners/1764818331822182400/1717126346"
"1810991009230376960","一泽Eze","eze_is_1","👉👉👉 公众号：一泽Eze
🧬 Product Manager | Prompt Engineer | AI
🎐 Innovating for impact","349","3326","76","323","167","科技","","https://link.eze.is","false","true","","false","false","2024-07-10 18:55:01","https://x.com/eze_is_1","https://pbs.twimg.com/profile_images/1818923503728705536/f4ctkFxp_400x400.jpg","https://pbs.twimg.com/profile_banners/1810991009230376960/1722500134"
"11782392","池建强","sagacity","墨问西东创始人，公众号 MacTalk 作者。

产品：https://t.co/EkRHpxNVdF","7698","45546","399","152","973","企业家","","https://mowen.cn/","false","true","","false","false","2008-01-03 10:34:36","https://x.com/sagacity","https://pbs.twimg.com/profile_images/837956718/_____2010-04-20___10.16.37_400x400.png","https://pbs.twimg.com/profile_banners/11782392/1743736390"
"2725010506","微风轻语","endearqb","👷‍♂️ ISFP-A｜10+年水处理工程师｜公众号：微风轻语耳边风（左耳进右耳出的那种） ｜水处理数值模型与机理模型的应用｜编程能力：“没有 AI 就不会” ｜https://t.co/6wRfAC3AUU (Streamlit) ｜https://t.co/7EmrOg76vV(React+FastAPI)","2657","542","321","3286","578","","","","false","true","","false","false","2014-07-26 16:04:11","https://x.com/endearqb","https://pbs.twimg.com/profile_images/1961405310033424384/sT5oH21W_400x400.jpg","https://pbs.twimg.com/profile_banners/2725010506/1692757700"
"1830880351801221120","凡人小北","frxiaobei","行道途中。非求速成，惟求通达。
2023 年扎进AI ，打通Know-How，不少赚钱项目，踩过坑，也见过光。
围城里待得够久了，出来聊聊世界，聊聊技术、聊聊赚钱。","4001","19653","362","4851","246","","vx/WeChat: frxiaobei","https://www.frxiaobei.com/","false","true","","false","true","2024-09-03 16:08:10","https://x.com/frxiaobei","https://pbs.twimg.com/profile_images/1916849689783402496/DC10b7O3_400x400.jpg","https://pbs.twimg.com/profile_banners/1830880351801221120/1728362842"
"1114178203713540096","噪点noisepoint","noisepoint_agi","野生AI驯化员 ｜关注VIBE CODING与AIGC｜AI干货分享｜产品｜创过业｜INTJ ｜读书","1206","1214","178","2510","109","","","","false","true","","false","false","2019-04-05 22:49:18","https://x.com/noisepoint_agi","https://pbs.twimg.com/profile_images/1971231071904595968/QpVvT0Z8_400x400.jpg",""
"1899037940501839872","Nicolechan","stark_nico99","分享出海增长历程和干货 | Building YouMind | Co-founder & Growth Leader | Ex-CMS Securities UX | Ex-Tencent Alumni Content Lead | Community & Content Expert @Youmind_AI","307","1672","548","2408","27","","","https://youmind.com/","false","true","","false","false","2025-03-10 18:02:14","https://x.com/stark_nico99","https://pbs.twimg.com/profile_images/1980138155312304128/4C6tfjLW_400x400.jpg","https://pbs.twimg.com/profile_banners/1899037940501839872/1758634718"
"974757274206978049","cat","_catwu","claude code pm @anthropicai
prev: @indexventures, @dagster, @scale_ai","1197","45415","361","5553","152","","sf","","false","true","","false","true","2018-03-17 05:20:19","https://x.com/_catwu","https://pbs.twimg.com/profile_images/1645578728532246528/Llilll47_400x400.jpg","https://pbs.twimg.com/profile_banners/974757274206978049/1635393880"
"870723729831145472","Tivadar Danka","TivadarDanka","I make math and machine learning accessible to everyone. Mathematician with an INTJ personality. Chaotic good.","8225","86229","514","7726","3528","科技","Hungary","https://thepalindrome.org","false","true","","false","true","2017-06-03 03:28:09","https://x.com/TivadarDanka","https://pbs.twimg.com/profile_images/1360155656557363201/eqb9M0QA_400x400.jpg","https://pbs.twimg.com/profile_banners/870723729831145472/1750325278"
"176382472","Afiz ⚡️","itsafiz","Lead  Software Engineer 👨‍💻  
- Building Data and AI Apps
- Simplifying Python, Data Science, ML and LLMs ✨ 
- Views are my personal","10889","40474","509","14885","1952","科技","","","false","true","","false","true","2010-08-09 19:31:08","https://x.com/itsafiz","https://pbs.twimg.com/profile_images/1910376042163822592/uqSpLylP_400x400.jpg","https://pbs.twimg.com/profile_banners/176382472/1681972518"
"1962469910795436032","向度之桥","LemonAGI001","课程：https://t.co/zdrbzYscAV
AI自动化探索者
Claude Code | n8n Workflow | AI Integration
分享实用的自动化解决方案","244","63","26","19","167","教育","","","false","true","","false","false","2025-09-01 18:58:01","https://x.com/LemonAGI001","https://pbs.twimg.com/profile_images/1967841772639584256/T2XKazdn_400x400.jpg","https://pbs.twimg.com/profile_banners/1962469910795436032/1758005014"
"16906660","Grummz","Grummz","Mark Kern, CEO & Designer. Former Team Lead for OG World of Warcraft. Producer, Diablo 2, Starcraft. We now make Waifu PC's! See link in profile.","27141","282850","4205","90525","4839","Game Designer","California, USA","http://metapcs.com/grummz/","false","true","","false","false","2008-10-22 23:04:04","https://x.com/Grummz","https://pbs.twimg.com/profile_images/1789880344965234688/eEuLmkLT_400x400.jpg","https://pbs.twimg.com/profile_banners/16906660/1749039991"
"815555071517872128","🔥 Matt Dancho (Business Science) 🔥","mdancho84","Future Is Generative AI + Data Science | Helping My Students Become Generative AI Data Scientists & AI Engineers ($200,000+ career) 👇","22355","89065","493","16070","9061","教育","Pittsburgh, PA","https://learn.business-science.io/free-ai-tips","false","true","","false","true","2017-01-01 21:47:36","https://x.com/mdancho84","https://pbs.twimg.com/profile_images/815624333926297600/oc0lCoJ7_400x400.jpg","https://pbs.twimg.com/profile_banners/815555071517872128/1734793182"
"452072245","铁锤人","lxfater","我在用 AI 协助我创业，赚钱，走向自由
我的录屏软件  https://t.co/S9MMiRiy7L
github 维护 3w star 项目：https://t.co/ytvQf2mtZO","9908","50581","1111","5620","1016","社交媒体影响者","我的所有信息-》》","https://www.lxfater.com","false","true","","false","true","2012-01-01 19:26:00","https://x.com/lxfater","https://pbs.twimg.com/profile_images/1723719195995807744/9JIAjVJr_400x400.jpg","https://pbs.twimg.com/profile_banners/452072245/1762837704"
"1477948736156454913","马东锡 NLP","dongxi_nlp","Prev. PhD @Stockholm_Uni | Alumni @KTHuniversity @uppsalauni Sharing insights on AI, autonomous agents, and large language & reasoning models","2299","32555","835","6612","225","科技","Stockholm, Sweden","","false","true","","false","true","2022-01-03 18:23:54","https://x.com/dongxi_nlp","https://pbs.twimg.com/profile_images/1955352181453774848/QfD9wuqD_400x400.jpg","https://pbs.twimg.com/profile_banners/1477948736156454913/1680195487"
"1231772373323411456","張小珺 Xiaojùn","zhang_benita","Financial writer covering China business world, also the producer and host of Zhang Xiaojun Podcast.   财经媒体人，写作中国商业深度报道，包括AI/科技巨头/风险投资/人物，也是播客《张小珺商业访谈录》主持人、制作人。","116","19878","98","118","39","","Beijing","https://www.xiaoyuzhoufm.com/podcast/626b46ea9cbbf0451cf5a962","false","true","","false","true","2020-02-24 10:46:42","https://x.com/zhang_benita","https://pbs.twimg.com/profile_images/1894401243893940224/szxdXY20_400x400.jpg","https://pbs.twimg.com/profile_banners/1231772373323411456/1740495439"
"1733818969134661632","Mike Yang","Mike_yanger","AI Entrepreneur | Indie Dev ｜The Lord is my shepherd, I shall not want. He makes me lie down in green pastures, He leads me beside still waters.","1689","4312","644","1502","65","","","http://mikeyang.cc","false","true","","false","false","2023-12-10 20:01:00","https://x.com/Mike_yanger","https://pbs.twimg.com/profile_images/1988067877984022529/VaAsqCpN_400x400.jpg","https://pbs.twimg.com/profile_banners/1733818969134661632/1760690176"
"732380227901366272","robotbird","PMAndDog","📚 Learner · 💡 Prompter· 🛠 Creator 
🎨 Works: https://t.co/8A7wGkIgXR  |   ChaTab(chrome plugin)","675","382","469","356","122","科技","浙江, 中华人民共和国","https://www.jqpress.com/","false","true","","false","false","2016-05-17 09:20:28","https://x.com/PMAndDog","https://pbs.twimg.com/profile_images/1973212982940446720/ioEwhPPf_400x400.jpg",""
"17468569","Bryan Johnson","bryan_johnson","Conquering death will be humanity’s greatest achievement.","14427","736385","803","5763","2681","","LA","https://bryanjohnson.komi.io/","false","true","","false","false","2008-11-19 03:15:16","https://x.com/bryan_johnson","https://pbs.twimg.com/profile_images/1888004001872101378/jVNJQ-iu_400x400.jpg","https://pbs.twimg.com/profile_banners/17468569/1704825657"
"1312654254","Tom","tomcrawshaw01","$25M+ generated for clients → DM me to become an n8n operator in 90 days → Join my AI Client Machine Newsletter 👇","3946","21555","351","7623","357","","Kuala Lumpur","https://learnn8nautomation.com/newsletter","false","true","","false","true","2013-03-29 13:16:48","https://x.com/tomcrawshaw01","https://pbs.twimg.com/profile_images/1912749702828945408/kgtfnQn4_400x400.jpg","https://pbs.twimg.com/profile_banners/1312654254/1742014186"
"1462843067208278021","Madhu Guru","realmadhuguru","Product Leader at Google - Gemini, Veo, Nano Banan. All opinions mine.","539","13232","184","335","26","科技","Silicon Valley","http://madhuguru.substack.com","false","true","","false","true","2021-11-23 01:59:11","https://x.com/realmadhuguru","https://pbs.twimg.com/profile_images/1487465096242737157/AL-7r3o0_400x400.jpg",""
"33836629","Andrej Karpathy","karpathy","Building @EurekaLabsAI. Previously Director of AI @ Tesla, founding team @ OpenAI, CS231n/PhD @ Stanford. I like to train large deep neural nets.","9825","1478625","1028","20815","829","","Stanford","https://karpathy.ai","false","true","","false","true","2009-04-21 14:49:15","https://x.com/karpathy","https://pbs.twimg.com/profile_images/1296667294148382721/9Pr6XrPB_400x400.jpg","https://pbs.twimg.com/profile_banners/33836629/1407117611"
"470129898","Tibo","tibo_maker","Built Tweet Hunter, Taplio (sold $8m)
Growing https://t.co/OyNJ8ZUyOh - https://t.co/jS9GQJ5Ps8 - https://t.co/EFUcKeBbpU - https://t.co/JkVOl1O0S1 - https://t.co/KG9PgxJabg
Sharing weekly tips about growth: https://t.co/ereQodN3Ov","43391","167845","3125","59702","3388","","","https://www.tmaker.io","false","true","","false","true","2012-01-21 18:46:25","https://x.com/tibo_maker","https://pbs.twimg.com/profile_images/1631931185180934144/59z_ZFKm_400x400.jpg","https://pbs.twimg.com/profile_banners/470129898/1751102143"
"2827471609","吕立青_JimmyLv (闭关ing) 2𐃏25","Jimmy_JingLv","🚧 building https://t.co/AJfZ3LMlgq
https://t.co/606cFUoda3
https://t.co/s0m0tpQMDH

🐣learning/earning while helping others
❤️making software, storytelling videos
🔙alibaba @thoughtworks","7269","14806","4711","17427","1557","科技","crossbell.io/@jimmylv","https://jimmylv.cn","false","true","","false","true","2014-09-23 12:56:37","https://x.com/Jimmy_JingLv","https://pbs.twimg.com/profile_images/1904951563657129984/FUJlM4dy_400x400.jpg","https://pbs.twimg.com/profile_banners/2827471609/1668128967"
"1472063616","Zara Zhang","zarazhangrui","Building AI x learning products. Harvard’17. Side project: https://t.co/QTlH7OGcGy YouTube: https://t.co/8xzbGWtf6w Substack: https://t.co/dDPEWGiuBW","1150","19588","1317","1082","214","","San Jose, CA","http://www.zarazhang.com","false","true","","false","true","2013-05-31 20:52:30","https://x.com/zarazhangrui","https://pbs.twimg.com/profile_images/1742369596534067200/Ts-5zSJ6_400x400.jpg",""
"1061781458107326464","ginobefun","hongming731","👨‍💻 拥有十多年开发与架构经验  
🌐 努力打造 https://t.co/1TEy9PIP1u，为开发者筛选优质内容  
🛠 全力开发 https://t.co/HxuhervLoL，提供专业文本润色服务  
📱 正在构建 https://t.co/vaP78R1eWo，让社交媒体使用更智能、更有目的  
✨ 致力于成为有趣的人，做有趣的事","4965","9764","1468","6112","1748","","People's Republic of China","https://ginonotes.com","false","true","","false","false","2018-11-12 08:43:21","https://x.com/hongming731","https://pbs.twimg.com/profile_images/1905130477033488384/_EJ-bZL7_400x400.jpg","https://pbs.twimg.com/profile_banners/1061781458107326464/1691768115"
"1639460977510092803","极客杰尼","seekjourney","老实憨厚的技术人｜AI出海实战派：https://t.co/dLMTi0TT4n ｜公众号：极客杰尼  ｜编程之道：https://t.co/TRfntMpEIK｜公众号排版器：https://t.co/Nbya0npukd","2394","4560","778","3422","541","","","https://www.geekjourney.dev","false","true","","false","false","2023-03-25 10:55:48","https://x.com/seekjourney","https://pbs.twimg.com/profile_images/1969069943766536192/opyw1L1U_400x400.jpg","https://pbs.twimg.com/profile_banners/1639460977510092803/1759826188"
"1781115132275486720","羊上上","yang24zhi","🍀 大厂后端 | 老师 | 数字游民
📈 想知道今天 AI 又整了啥活？请看AI今日热榜: https://t.co/F6DSigEs6K","532","1466","452","791","43","","","https://aihot.today","false","true","","false","false","2024-04-19 08:19:09","https://x.com/yang24zhi","https://pbs.twimg.com/profile_images/1781118519834505216/VsyxGaMt_400x400.jpg","https://pbs.twimg.com/profile_banners/1781115132275486720/1719124523"
"259611996","Bear Liu","bearbig","Product Designer, 10 year+ podcaster and author of 2 books. Love things around design, tech and productivity, making JAM at https://t.co/ZhUT9zdkzg 🍯","18021","109039","2601","5188","6424","产品设计师","Free newsletter  👉","https://bear.academy","false","true","","false","true","2011-03-02 14:53:54","https://x.com/bearbig","https://pbs.twimg.com/profile_images/803996540696084480/Z-uk8--s_400x400.jpg","https://pbs.twimg.com/profile_banners/259611996/1746610243"
"1209960539390201864","Dwarkesh Patel","dwarkesh_sp","Host of @dwarkeshpodcast

https://t.co/3SXlu7fy6N
https://t.co/4DPAxODFYi
https://t.co/hQfIWdM1Un","5881","155459","958","45680","889","","San Francisco ","https://www.dwarkesh.com/","false","true","","false","true","2019-12-26 06:14:46","https://x.com/dwarkesh_sp","https://pbs.twimg.com/profile_images/1925260306684813315/NjNQZmhZ_400x400.jpg","https://pbs.twimg.com/profile_banners/1209960539390201864/1664398958"
"1178367350552305665","Rob Hallam","robj3d3","Shipping like a machine 🤖 while I travel the world 🌍️

🔥 https://t.co/myyLdxVzcg - Grow faster on X ($13K/m)
🚀 https://t.co/5fSvUeZJ8z ($38K)
🤝 https://t.co/l4mcaViGk7
🕵 https://t.co/Cwvsl9cPsS","20846","34720","1028","28381","1677","","From 🇬🇧 now in Da Nang 🇻🇳","https://robhallam.beehiiv.com","false","true","","false","true","2019-09-30 01:54:21","https://x.com/robj3d3","https://pbs.twimg.com/profile_images/1763174758416588801/DMB7OfRz_400x400.png","https://pbs.twimg.com/profile_banners/1178367350552305665/1752359496"
"1892802325586333699","serva huang","servasyy","古早程序员 | AI出海 | 自由职业
机车游侠&机速购&骑享租创始人
15年前 freelance 起步 → 连续创业者 → 亏过1个亿，逆风翻盘中
分享创业，AI，生活，读书，健身，中医","3288","9061","551","5887","150","","","","false","true","","false","true","2025-02-21 13:03:54","https://x.com/servasyy","https://pbs.twimg.com/profile_images/1969304899877027840/Ok6tYp0b_400x400.jpg","https://pbs.twimg.com/profile_banners/1892802325586333699/1760433997"
"1866821173755121666","木马人","cnyzgkc","🚀 Frontend @ Big Tech | ESTJ 
✍️ 分享AI 资讯 / AI 副业实战 / AI 自媒体
 📍公众号：木马人 AI","2605","2163","1167","2398","277","","Los Angeles, CA","","false","false","","false","true","2024-12-11 20:23:59","https://x.com/cnyzgkc","https://pbs.twimg.com/profile_images/1963499609017495553/kuzkS82V_400x400.jpg","https://pbs.twimg.com/profile_banners/1866821173755121666/1760602138"
"1399766153053061121","Premium","premium","Subscribe for the best X experience: ad-free, post edits, content monetization, Grok AI with higher limits, video downloads, long posts, X Pro, and more.","1287","1204002","3","674","64","","","https://x.com/i/premium_sign_up","false","true","Business","false","true","2021-06-02 00:34:27","https://x.com/premium","https://pbs.twimg.com/profile_images/1683366300054069248/67v23AEj_400x400.jpg","https://pbs.twimg.com/profile_banners/1399766153053061121/1690180776"
"2414205444","CommitStrip","CommitStrip","The blog relating the daily life of developers. Official english account.","897","70542","17","287","826","","","http://www.commitstrip.com/en/","false","false","","false","false","2014-03-27 21:14:08","https://x.com/CommitStrip","https://pbs.twimg.com/profile_images/799176331623800832/ggd6_JbJ_400x400.jpg","https://pbs.twimg.com/profile_banners/2414205444/1479373446"
"19402238","Science News","ScienceNews","Covering the latest news in all fields of science. Publisher @society4science. See also @SN_Explores.","79542","5264003","517","566","11299","","Washington, DC","https://www.sciencenews.org","false","true","","false","false","2009-01-24 00:56:32","https://x.com/ScienceNews","https://pbs.twimg.com/profile_images/1877466471686684672/8PJsUiB__400x400.jpg","https://pbs.twimg.com/profile_banners/19402238/1403559093"
"17471979","National Geographic","NatGeo","Inspiring the explorer in everyone 🌎","72765","28275707","182","7334","8318","","Global","http://www.nationalgeographic.com","false","true","Business","false","true","2008-11-19 05:28:10","https://x.com/NatGeo","https://pbs.twimg.com/profile_images/1592560747707600897/6_8AjTmK_400x400.jpg","https://pbs.twimg.com/profile_banners/17471979/1763468434"
"1131442257675083777","Cell 细胞","cellinlab","⚡️ 「BIP 订阅制真人秀」概念提出者 ｜ 💻 独立开发者 ｜🌍 造物矩阵 @ZaoWuJuZhen & 小火炉播客 @XiaohuoluFM 创始人 ｜🎯 关注 AI & Crypto · 构建创作者生态 · 探索个体与社区的更多可能 ｜🌐 English: @CellNomad","12258","20350","4534","13736","2266","科技","","https://www.cellinlab.com","false","true","","false","true","2019-05-23 14:10:30","https://x.com/cellinlab","https://pbs.twimg.com/profile_images/1634900405724545031/gQgQEpaj_400x400.jpg","https://pbs.twimg.com/profile_banners/1131442257675083777/1732942869"
"1242662590599139328","Jeremy Feng","JeremyFeng98","Learn & Build in Public 喜欢真诚的人👨‍💻干中学 AI","224","164","277","545","35","","Shanghai","https://fengchao.pro/","false","false","","false","true","2020-03-25 12:01:30","https://x.com/JeremyFeng98","https://pbs.twimg.com/profile_images/1953492239247880192/zcUzUqkc_400x400.jpg","https://pbs.twimg.com/profile_banners/1242662590599139328/1754583874"
"618751087","tangjinzhou","tangjinzhou","@mentorbook_ai

Open-source creator (https://t.co/RZwQkvYf58, 21K⭐)

Creator of https://t.co/XaPx3hQDiS  https://t.co/BmCv4BAxxo https://t.co/qHDd127xwr","2095","8317","634","3178","100","","","https://www.mentorbook.ai","false","true","","false","true","2012-06-26 13:03:46","https://x.com/tangjinzhou","https://pbs.twimg.com/profile_images/1952273219903508480/WeOr6NmB_400x400.jpg","https://pbs.twimg.com/profile_banners/618751087/1760516850"
"709787332254117888","howie.serious","howie_serious","purity of thought. be exactly who you are : just a serious man. 思想纯净，做好自己：严肃对待自己的兴趣，不要浮皮潦草。

公众号：howie和小能熊
youtube：https://t.co/J1aSMKnUFo","6692","46651","329","4148","2055","","beijing","https://gpt.candobear.com","false","true","","false","true","2016-03-16 01:04:22","https://x.com/howie_serious","https://pbs.twimg.com/profile_images/738174666309652480/UgeKnQOm_400x400.jpg","https://pbs.twimg.com/profile_banners/709787332254117888/1693793979"
"1957643575128383489","Yep大白","easyopss","认真生活，慢慢变富｜目标：开发1000+实用小工具、副业日入1K｜分享从0到1的AI编程心得、副业变现路径和生活日常。#大白小应用","1540","2933","480","681","183","","VX：qinniao1234","https://www.easyops.work","false","true","","false","true","2025-08-19 11:20:27","https://x.com/easyopss","https://pbs.twimg.com/profile_images/1965629767912407040/YqlalUBV_400x400.jpg","https://pbs.twimg.com/profile_banners/1957643575128383489/1761021967"
"1778396153496924160","毅行出海 Sven","sven_ai","🚀 前上市公司技术总监&架构师，带过十亿级产品&百人技术团队！
✈️ 现离开舒适圈，深耕AI出海，用AI打造全球化产品！
📈 创建https://t.co/ELdIsawOlx - 帮你实现AI出海营销 & SEO营销！
🚀 加入“毅行出海俱乐部”，从0到1实现AI出海：https://t.co/Hit874n2SG","3305","5285","897","1615","582","","","https://SoPilot.net","false","true","","false","true","2024-04-11 20:14:31","https://x.com/sven_ai","https://pbs.twimg.com/profile_images/1894675747584790529/LXdRFooV_400x400.jpg","https://pbs.twimg.com/profile_banners/1778396153496924160/1744277269"
"1580525407077634048","西里森森","sirisensen","公众号/小红书 西里森森 📮合作：319089366@qq.com /微信：Nocipopoo  持续关注AI，欢迎同频朋友交流想法 保持热爱与好奇，这个时代需要一点好玩的东西~ 梦想是做出真正有价值的产品","201","3483","400","135","106","","上海","","false","true","","false","false","2022-10-13 19:46:48","https://x.com/sirisensen","https://pbs.twimg.com/profile_images/1951924638306709504/Ae8jztwK_400x400.jpg","https://pbs.twimg.com/profile_banners/1580525407077634048/1753951033"
"268784324","VEED.IO | AI Video Creation","veedstudio","Video creation made easy 💚
Contact hello@veed.io for support 🙋","2763","15599","1016","3907","312","软件公司","","https://bit.ly/3YWUJ0D","false","true","","false","true","2011-03-19 21:17:26","https://x.com/veedstudio","https://pbs.twimg.com/profile_images/1775081105915330560/KUs3XFin_400x400.png","https://pbs.twimg.com/profile_banners/268784324/1763396660"
"1712267009483022336","Higgsfield AI 🧩","higgsfield_ai","The ultimate AI-powered platform for creators","16952","101612","6","4655","4496","","San Francisco, CA","https://higgsfield.ai","false","true","Business","false","true","2023-10-12 08:40:48","https://x.com/higgsfield_ai","https://pbs.twimg.com/profile_images/1906739239183630336/907a7JTU_400x400.jpg","https://pbs.twimg.com/profile_banners/1712267009483022336/1743436854"
"1404738934043602947","Jackywine","Jackywine","年终复盘 ing","23811","25867","2820","77515","3633","风险投资","","","false","true","","false","true","2021-06-15 17:54:01","https://x.com/Jackywine","https://pbs.twimg.com/profile_images/1805875520430915586/x3t_sQdd_400x400.jpg","https://pbs.twimg.com/profile_banners/1404738934043602947/1750768857"
"18896395","大帅老猿","ezshine","边开房车边写代码走遍了中国 33 个省份，目前在清迈陪读，日常分享编程，游戏，AI，SEO，营销和生活。

🔍全网同名，个人微信@itdashuai","15653","50429","581","3234","2627","","blog ➡️","https://dashu.ai","false","true","","false","true","2009-01-12 17:29:14","https://x.com/ezshine","https://pbs.twimg.com/profile_images/687927732311863297/iJSmNFUt_400x400.jpg","https://pbs.twimg.com/profile_banners/18896395/1700505811"
"1905532312177311745","LovartAI","lovart_ai","The design agent. Ideate, create & deliver - all in one place.
🎨🎙️🎞️ ｜ https://t.co/S8TmoIlI1S","294","19685","172","1568","150","","San Francisco","https://www.lovart.ai","false","true","","false","true","2025-03-28 16:08:12","https://x.com/lovart_ai","https://pbs.twimg.com/profile_images/1921463929634729984/3l477prv_400x400.jpg","https://pbs.twimg.com/profile_banners/1905532312177311745/1745376432"
"1718896922277314560","熠辉 Indie","yihui_indie","我的AI编程课(https://t.co/HVZn3ItASW) |B站up主 | 分享创造 + 无限迭代ing","4395","39454","725","2792","1047","","Hong Kong","https://happyaicoding.com","false","true","","false","true","2023-10-30 15:45:42","https://x.com/yihui_indie","https://pbs.twimg.com/profile_images/1804848821702377472/fSfFlGTf_400x400.jpg","https://pbs.twimg.com/profile_banners/1718896922277314560/1753789761"
"1938803593576067072","Adam也叫吉米","Adam38363368936","职场探路人，连续创业者 ︱ 前AI大厂市场人︱如今 All in：AI搞钱实战 x 内容IP x 个人成长︱不讲正确的废话，只分享我踩过的坑和验证过的路。","1406","730","554","986","103","","","","false","true","","false","true","2025-06-28 11:42:42","https://x.com/Adam38363368936","https://pbs.twimg.com/profile_images/1939170082405396480/QvHt62st_400x400.jpg","https://pbs.twimg.com/profile_banners/1938803593576067072/1751169240"
"1226419222474936320","苍何","canghecode","前大厂高级开发，微软MVP 。
公众号【苍何】作者 。
专注AI出海，AI编程，智能体，MCP 。

出海寻找同频，分享 AI 干货","1275","4771","448","591","288","科技","武汉","https://canghecode.com","false","true","","false","false","2020-02-09 16:15:56","https://x.com/canghecode","https://pbs.twimg.com/profile_images/1744283141219680256/5DcrV0du_400x400.jpg","https://pbs.twimg.com/profile_banners/1226419222474936320/1707200700"
"272736093","Barret李靖","Barret_China","Software Engineer | Lifelong Learner | Dad of 2 | AI Explorer | Cloud Native | Sharing insights and experiences | 📩 DM opened | 小胡子哥，一个有趣的灵魂","2384","77644","392","482","801","","Email: barret.china@gmail.com","http://www.barretlee.com","false","true","","false","true","2011-03-27 10:48:44","https://x.com/Barret_China","https://pbs.twimg.com/profile_images/639253390522843136/c96rrAfr_400x400.jpg","https://pbs.twimg.com/profile_banners/272736093/1692884927"
"720332644521807872","阿西_出海（2.0版）","imaxichuhai","🚀 关注AI、LLM、MCP、AI图像视频 (Interested in AI,LLM,MCP,Stable Diffusion) 💡 推特增长手册：https://t.co/ObLlRqWsJp | 商业合作DM | 公众号：阿西-出海","490","4571","121","280","129","","推特运营经验","https://mp.weixin.qq.com/s/I5ROj6UfXu_3-k_aIYe1eQ","false","true","","false","true","2016-04-14 03:27:40","https://x.com/imaxichuhai","https://pbs.twimg.com/profile_images/1971521661326499840/jJeiSVuo_400x400.jpg","https://pbs.twimg.com/profile_banners/720332644521807872/1763005062"
"1237565881841938434","Beyond巴巴","Beyond236","Developer","192","23","440","731","15","","距离10公里","","false","false","","false","true","2020-03-11 10:29:26","https://x.com/Beyond236","https://pbs.twimg.com/profile_images/1468057853273333762/wfNkZNQf_400x400.jpg","https://pbs.twimg.com/profile_banners/1237565881841938434/1638506789"
"79766814","硅谷居士","SVScholar","清华本科，美国计算机博士，硅谷软件工程师兼经理。兴趣包括开发软件、投资理财、健身、写作。
小红书号、脸书号、文学城号：硅谷居士","1089","27814","275","1402","221","","美国加州硅谷","","false","true","","false","false","2009-10-05 00:20:53","https://x.com/SVScholar","https://pbs.twimg.com/profile_images/1823477667246825475/eg6coN0Q_400x400.png","https://pbs.twimg.com/profile_banners/79766814/1759935201"
"1493875603522535425","Charlie0","simmon_charlie","这里偶尔更新思考学习实践笔记。一言不合就拉黑。","863","1332","148","5","216","商业和工业","shenzhen","https://waxinci.com","false","true","","false","false","2022-02-16 17:11:27","https://x.com/simmon_charlie","https://pbs.twimg.com/profile_images/1807757138691055616/QWJRBO5i_400x400.jpg","https://pbs.twimg.com/profile_banners/1493875603522535425/1719912075"
"885997627845771264","张有菜","caiwithai","👨🏻‍💻 中文系 | 大厂码农 | 独立开发
🔍 复利实践：2025年被动收入9万刀 | 计算与信息差
💡 不卖课❗持续分享科技、投资、创业、优秀工具、踩坑经验
🌟 正在用AI探索下一个增长引擎...高效工作和创造","207","3821","895","307","19","","Beijing","https://magua.app","false","true","","false","false","2017-07-15 07:01:10","https://x.com/caiwithai","https://pbs.twimg.com/profile_images/1965610470188130305/2Q4hqfRq_400x400.jpg","https://pbs.twimg.com/profile_banners/885997627845771264/1759895700"
"1881991469730594816","余温","gkxspace","05年  🌲独立开发者  🌸连续创业者 | 目前总收入七位数
✨分享创业历程  💓我的目标:“做出一家伟大的公司！”
创业做过多类业务 : 代写 | 交友 | 旅拍 | agent产品 | ai教育……","2264","8591","553","1503","154","","微信和社群","https://yuwen.website","false","true","","false","true","2025-01-22 17:05:13","https://x.com/gkxspace","https://pbs.twimg.com/profile_images/1952432952928784384/k7SIkQ7I_400x400.jpg","https://pbs.twimg.com/profile_banners/1881991469730594816/1758132248"
"1392110156452823044","Berryxia.AI","berryxia_ai","🧠✨Building AI tools AI System Prompt 🐳 | Make WinMaxle Keyboard  Not a designer, not a programmer, Love Design & Coding & Prompt！ 
💼📮:Andyhuo@me.com","5572","17474","1813","2499","1250","金融服务","hongkong","https://yw.app/3bD49AG","false","true","","false","true","2021-05-11 21:31:49","https://x.com/berryxia_ai","https://pbs.twimg.com/profile_images/1911247392478789632/JvXU6qyM_400x400.jpg","https://pbs.twimg.com/profile_banners/1392110156452823044/1760658386"
"1783506872290664448","Kevin Ma","kevinma_dev_zh","👨‍💻 全栈开发 | 兩个娃 🧒 | 四只貓😸 | 喜欢听许巍/李健 🎶, 喜欢读王小波 📚 | 做过运维, 做过开发, 创过业, 在工厂打过杂 | 努力养家糊口 | 坚持学英语 | 分享英语, AI, 自媒体","2569","6200","600","6408","107","","","https://kevinma2010.net/service/","false","true","","false","true","2024-04-25 22:43:41","https://x.com/kevinma_dev_zh","https://pbs.twimg.com/profile_images/1783509931813154816/O2ZjRUSc_400x400.jpg","https://pbs.twimg.com/profile_banners/1783506872290664448/1714057364"
"1588322517248188417","Zichen Chen (🐱,💖)","my_cat_can_code","CS PhD @UCSB 🎓 | All in ASI 📖 | Stealth Mode 😈 | Prev. DAOlivia co-founder 🤍 | Building for this universe 🌌 | @stanford @google","224","5911","429","351","54","","Palo Alto, CA","https://chen-zichen.github.io/","false","true","","false","true","2022-11-04 08:10:00","https://x.com/my_cat_can_code","https://pbs.twimg.com/profile_images/1636482826462990336/kpDApsmF_400x400.jpg","https://pbs.twimg.com/profile_banners/1588322517248188417/1691130254"
"921074636095348737","Bob Zhang | Humorist","affLeopard","Content Marketer | Public Speaker | Ex-Standup Comic
📝Tweet tips on Content Marketing, X Marketing.
分享内容创作、内容营销、X营销的干货。帮你创作优质内容、获得更多客户！
English X: @Bobzhangai","3439","3272","722","7230","861","","查看精选帖子👉","https://x.com/affLeopard/status/1988770822769799221","false","true","","false","true","2017-10-20 02:04:40","https://x.com/affLeopard","https://pbs.twimg.com/profile_images/1972532533821927424/JMzRd4Jg_400x400.jpg","https://pbs.twimg.com/profile_banners/921074636095348737/1760725191"
"1914978318795079680","凉光一现","QusetionHub","✨intj to enfj｜💭创业＆认知｜💦沪漂｜💫在职教学主管｜💻独立开发学习ing","1534","4360","289","1887","148","","","","false","true","","false","true","2025-04-23 17:44:08","https://x.com/QusetionHub","https://pbs.twimg.com/profile_images/1944986011882135552/6885Cdi2_400x400.jpg","https://pbs.twimg.com/profile_banners/1914978318795079680/1750229629"
"1685355844119220225","卡尔的AI沃茨","aiwarts","分享一些好用、优雅的 AI 、工作流和创作方式，一起边学边做，前字节coder, Al and tech Educator, LearnPrompt founder","5212","10855","1065","8596","1687","","Earth","https://github.com/LearnPrompt","false","true","","false","false","2023-07-30 02:26:17","https://x.com/aiwarts","https://pbs.twimg.com/profile_images/1685356596204040192/DYVeb0ww_400x400.jpg","https://pbs.twimg.com/profile_banners/1685355844119220225/1690655390"
"36952268","Tony出海","iamtonyzhu","Tony出海营销, Founder, Ship AI startups。10年前从国内互联网产品转行跨境电商。 社媒高转化 + SEO持续增长","5456","16641","1684","5452","961","","Tony出海营销手册👉","https://chuhaihao.com","false","true","","false","true","2009-05-01 22:23:58","https://x.com/iamtonyzhu","https://pbs.twimg.com/profile_images/1731259755891732480/C4u-Yz1V_400x400.jpg",""
"1865299069092139008","Fox@MkSaaS.com","indie_maker_fox","🚀 The best AI SaaS boilerplate - https://t.co/VyNtTrZM3p
🔥 The best directory boilerplate with AI - https://t.co/wEvJ1DcAlj
🎉 https://t.co/zubXJCoqju & https://t.co/tfQf8T6IR7","5979","8334","997","7320","1042","","🟩🟩🟩🟩🟩🟩🟩🟩🟩🟧 $100K","https://mksaas.link/discord","false","true","","false","true","2024-12-07 15:35:39","https://x.com/indie_maker_fox","https://pbs.twimg.com/profile_images/1905643474952880129/HiunneWW_400x400.jpg","https://pbs.twimg.com/profile_banners/1865299069092139008/1748222129"
"1817464429430419456","良辰美","ClarenceSh19272","俩孩，无业","8","135","3","1","4","","","","false","false","","false","false","2024-07-28 15:37:51","https://x.com/ClarenceSh19272","https://pbs.twimg.com/profile_images/1840733947858386944/GeMH7E9l_400x400.jpg","https://pbs.twimg.com/profile_banners/1817464429430419456/1722191076"
"1810481842761674752","少个分号","shaogefenhao","🐒 技术管理者
📚 技术书作者（《程序员的认知心得》等）
🔩 被反复毒打的创业者 
📐 记录对世界游戏规则的认知
X  闲逛/quote/评论家(自封 😂)
🌍 分享英语学习、AI 、编程、好书","2788","12514","171","1260","371","","","http://shaogefenhao.com","false","true","","false","true","2024-07-09 09:11:40","https://x.com/shaogefenhao","https://pbs.twimg.com/profile_images/1810481997447598080/29VPjdy__400x400.jpg","https://pbs.twimg.com/profile_banners/1810481842761674752/1762220095"
"1505575492086165505","Plato | Indievator","0xPlato","Helping indie makers build stunning websites in 5 minutes, no code needed | For global solopreneurs | Building @realindievator Past:@TencentGlobal","619","3259","544","775","117","企业家","Global","https://indievator.com/","false","true","","false","true","2022-03-21 00:02:32","https://x.com/0xPlato","https://pbs.twimg.com/profile_images/1749719507428335616/SxQ9q1Fy_400x400.jpg",""
"1874442058653646848","NikoChen","guishou_56","前360安全开发工程师｜现独立开发者
从0到1打造AI SaaS产品 🚀
分享$0 → $10000/月的技术创业之路
年化40%的稳定盈利交易者，追求长期复利增长 📈","603","2934","65","42","126","","距你100m","https://bento.me/nikochen","false","true","","false","false","2025-01-01 21:07:08","https://x.com/guishou_56","https://pbs.twimg.com/profile_images/1981237534475653120/0AjGVqQ0_400x400.jpg","https://pbs.twimg.com/profile_banners/1874442058653646848/1747057670"
"1717728951123025920","AI产品黄叔","PMbackttfuture","两家大厂AI产品顾问
我的AI编程社团：https://t.co/pA3YMCB869","977","10268","225","937","275","","","","false","true","","false","true","2023-10-27 10:24:41","https://x.com/PMbackttfuture","https://pbs.twimg.com/profile_images/1743267669124816896/wv6pXt1q_400x400.jpg",""
"1788123537099878400","松果先森","songguoxiansen","资深Prompt收藏爱好者，关注AI前沿技术：LLM、AI编程、AI图像、AI视频等等。 
免费提示词（NanoBanana、GPT5、Veo3）：https://t.co/jvdn30IlxD
微信公众号：松果先森，AI交流TG群:https://t.co/sw1SKkjcUq","1586","12998","474","1187","505","","","https://opennana.com","false","true","","false","false","2024-05-08 16:27:56","https://x.com/songguoxiansen","https://pbs.twimg.com/profile_images/1903485147330330624/XiZjvALM_400x400.jpg",""
"1761409802402689024","Musk Liu","FenyiLiu36606","Futurist in Training  🏫SJTU AI PhD0 | 💻Building SciMaster | AI for a better tomorrow！","202","93","1081","915","26","科技","","","false","true","","false","false","2024-02-24 23:17:49","https://x.com/FenyiLiu36606","https://pbs.twimg.com/profile_images/1826130342350065664/EnnqsfPy_400x400.jpg","https://pbs.twimg.com/profile_banners/1761409802402689024/1760969903"
"1478042617958912005","知识分享官","knowledgefxg","热爱知识，没事分享点有趣硬核的东西,包含英语学习，AI编程，科技软件，资源网站等等。来都来了，点点关注😘。 合作请DM私信。","7832","193053","1569","38749","2642","科技","","https://en.knowledgefxg.com/","false","true","","false","true","2022-01-04 00:39:09","https://x.com/knowledgefxg","https://pbs.twimg.com/profile_images/1485604570898526208/Bfi12r9h_400x400.jpg","https://pbs.twimg.com/profile_banners/1478042617958912005/1738162096"
"1930281921810182147","林悦己Cheer","cheerselflin","🎬AI influencers｜@evolinkai CMO💰Vibe coding 💻 building my career｜ 🚢 follow me to learn & use AI","1502","4654","304","317","320","","","http://cheerselfai.com","false","true","","false","false","2025-06-04 23:14:22","https://x.com/cheerselflin","https://pbs.twimg.com/profile_images/1977898892969848833/jOBliiC5_400x400.jpg","https://pbs.twimg.com/profile_banners/1930281921810182147/1749050166"
"1730594110287806464","奇特飞古","laofeiguUK","英国8年，全栈工程师，主攻C/C++，曾为数据分析员，后为五斗米在厨房工作，创业不成功，独立开发不成功，一直沙发流浪，现渐渐走出深度贫困期。","3098","2078","145","1949","283","","UK","","false","true","","false","false","2023-12-01 22:26:46","https://x.com/laofeiguUK","https://pbs.twimg.com/profile_images/1730594598051876864/hNTOiRGu_400x400.jpg",""
"1466576627584798720","Bysir","hi_bysir","💻 全干工程师，正在学习代码之外的知识，认知、商业、营销。
📚 持续学习并分享经验，让我们每天进步一点点。
🚀 正在积木成塔，搭建 https://t.co/pNQ3Qv1acF","314","767","168","224","8","","","http://bysir.top","false","true","","false","false","2021-12-03 09:15:15","https://x.com/hi_bysir","https://pbs.twimg.com/profile_images/1973297015233929216/TytK614q_400x400.jpg","https://pbs.twimg.com/profile_banners/1466576627584798720/1759800748"
"1874157623714426880","木子不写代码","ai_muzi","一起构建和分享最前沿的AI商业化应用！
油管up主:木子不写代码 | 图卢兹大学机器学习博士 | 前空客研发工程师
Youtuber | PhD in Machine Learning, University of Toulouse | Former R&D Engineer @ Airbus.","772","4850","292","658","105","","关注油管 -》","https://www.youtube.com/channel/UCY3SgqRpZd0GWWk8dRCybdw","false","true","","false","false","2025-01-01 02:16:19","https://x.com/ai_muzi","https://pbs.twimg.com/profile_images/1874157706174509056/DiVz40Wo_400x400.jpg","https://pbs.twimg.com/profile_banners/1874157623714426880/1758805968"
"1567179325551812609","Li Xiangyu 香鱼🐬","LiXiang1947","Neuroscience PhD diving deep into AI | Going all-in on global product adventures | English vibes: @lixiangyu9710 | Email to xiangyuli997@gmail.com","16834","16645","1648","23946","471","科技","","https://scholar.google.com/citations?hl=zh-CN&user=FQlzamQAAAAJ","false","true","","false","true","2022-09-06 23:54:12","https://x.com/LiXiang1947","https://pbs.twimg.com/profile_images/1911584400224948224/QbglopMa_400x400.jpg","https://pbs.twimg.com/profile_banners/1567179325551812609/1729084908"
"709940421485395969","程序猿DD","CoderDD","独立开发、腾讯云TVP、阿里云MVP
- https://t.co/fhnpTxKJ3j：个人博客
- https://t.co/sBLzHeVRV8：AI配音
- https://t.co/jTJx2b3VSL: 在线视频翻译
- https://t.co/PAH6JbSU1U: 统一TTS接口
- https://t.co/UjGqEkNujx：文章发布","635","1690","167","110","238","科技","Shanghai","https://didispace.com","false","true","","false","true","2016-03-16 11:12:41","https://x.com/CoderDD","https://pbs.twimg.com/profile_images/1282932610864263168/Th5TJ82H_400x400.jpg",""
"885086674828578816","Mr Panda","PandaTalk8","Solo Developer ｜ Growth Coach｜Helping creators build their personal brand on X  
公众号：PandaTalk8","20204","56362","6666","57200","1220","教育","","https://xgrowth.xlearnity.ai/","false","true","","false","true","2017-07-12 18:41:22","https://x.com/PandaTalk8","https://pbs.twimg.com/profile_images/1738715996737933312/QHUuRDK1_400x400.jpg","https://pbs.twimg.com/profile_banners/885086674828578816/1760969154"
"362252075","哥飞","gefei55","哥飞，出海鼓励师，SEO爱好者，Adsense玩家，出海AI工具方向创业者。
同名公众号写了五百多篇出海搞流量免费教程文章。","2385","45480","1052","777","608","科技","Guangdong","https://new.web.cafe/","false","true","","false","false","2011-08-26 10:49:30","https://x.com/gefei55","https://pbs.twimg.com/profile_images/1600285780555202560/TE8ad_yJ_400x400.jpg",""
"1717726640040783872","泊舟","bozhou_ai","🧠AI 程序员 & Vibe 编码者 | 构建 AI 工具、系统提示与高效流程 | 热爱设计、编码，将想法转化为影响力🚀| 云服务器，高端显卡租赁","1961","4701","499","2768","180","科技","杭州","","false","true","","false","true","2023-10-27 10:15:31","https://x.com/bozhou_ai","https://pbs.twimg.com/profile_images/1971027619232796672/RvWGRpkC_400x400.jpg","https://pbs.twimg.com/profile_banners/1717726640040783872/1760612203"
"1850075259120369664","吴美律AI日记","wumeilv_ai","🎯AI编程入门与提效📌出海实战与案例分享❤️自媒体与流量增长🏃‍♀️正在尝试通过AI编程搭建第一个出海网站 知识星球：吴美律AI实战营","1007","3035","477","2035","81","","","","false","true","","false","false","2024-10-26 15:21:38","https://x.com/wumeilv_ai","https://pbs.twimg.com/profile_images/1963855479287037952/va2PFwKK_400x400.jpg",""
"815375519847882752","xincmm","xincmm","我允许自己说不清楚，但我会和 AI 一起把它说清楚！和 AI 深入协作是未来的交互范式","1483","2285","414","10256","337","","","","false","false","","false","true","2017-01-01 09:54:06","https://x.com/xincmm","https://pbs.twimg.com/profile_images/1972703776697098246/A77wlwPo_400x400.jpg","https://pbs.twimg.com/profile_banners/815375519847882752/1538995071"
"1596695231717871616","dontbesilent","dontbesilent12","🔍 商业哲学爱好者  📡 维特根斯坦种草主播  🫆 生活合伙人 @XiaoNianTalk  📱 全网同名：dontbesilent 聊赚钱","12166","55880","913","8007","1202","教育","","https://www.xiaohongshu.com/user/profile/63fc8880000000001f0329db","false","true","","false","true","2022-11-27 10:39:52","https://x.com/dontbesilent12","https://pbs.twimg.com/profile_images/1840665561287798784/GJCK0iKf_400x400.jpg","https://pbs.twimg.com/profile_banners/1596695231717871616/1762833879"
"7124672","范凯谈AI","robbinfan","范凯，AI+Web3 领域超级个体；JavaEye创始人；前CSDN，丁香园CTO；8年AI研发，14年CTO。","1233","23321","210","11","97","科技","China","","false","true","","false","true","2007-06-28 12:13:08","https://x.com/robbinfan","https://pbs.twimg.com/profile_images/1026079626676690944/6u4yyl92_400x400.jpg",""
"1818198696124989440","IDO老徐","IdoXu401","主要在玩国内的 知识星球/小报童/垂直公众号，有近 10w 付费用户 。在职场玩副业，日更短文写作 + AI编程，探索《一人企业复利商业化》
个人博客 https://t.co/3HipEYpx1R
用AI编程开发的工具 https://t.co/GveLQoVvSQ","169","104","228","12","18","","","https://idoxu.com","false","true","","false","false","2024-07-30 16:15:50","https://x.com/IdoXu401","https://pbs.twimg.com/profile_images/1818198805806034944/ToZEHpnA_400x400.jpg","https://pbs.twimg.com/profile_banners/1818198696124989440/1732782478"
"296593919","Viking","vikingmute","独立开发者 自由职业
作品 - 简单简历 https://t.co/xMu5JFIGnr 五分钟打造程序员的金牌简历

课程 - 慕课网精英讲师 https://t.co/NTyFFrvHwL

经历 - 不上班的1000天 https://t.co/bonuLQCCsY

视频 - https://t.co/aQYLgujIyC","2599","59889","280","749","1289","","Shanghai","http://vikingz.me","false","true","","false","true","2011-05-11 10:08:52","https://x.com/vikingmute","https://pbs.twimg.com/profile_images/725179208528322560/TPjU7qop_400x400.jpg","https://pbs.twimg.com/profile_banners/296593919/1461731223"
"155252642","黄赟","huangyun_122","正在研究 100个 AI 变现案例， 用数据思维解构商业增长","8017","72194","1080","2357","1602","","Shanghai Pudong","","false","true","","false","true","2010-06-14 00:04:08","https://x.com/huangyun_122","https://pbs.twimg.com/profile_images/1183766724534882305/SIxSKinT_400x400.jpg","https://pbs.twimg.com/profile_banners/155252642/1555159810"
"1549652272862285824","Guangzheng Li","iguangzhengli","Blog📰:  https://t.co/wcsjbz3ezH
GitHub🚀:  https://t.co/spQ6r1GWVa
独立开发者社区：https://t.co/rpuRYZxxfa
独立开发者启动模板🛫:  https://t.co/qVmbw0h5MY","606","19763","194","302","146","","","https://guangzhengli.com","false","true","","false","true","2022-07-20 15:09:52","https://x.com/iguangzhengli","https://pbs.twimg.com/profile_images/1558725699665416198/kzh2dLrr_400x400.jpg","https://pbs.twimg.com/profile_banners/1549652272862285824/1660464169"
"6690032","向阳乔木","vista8","喜欢摇滚乐、爱钓鱼的PM
网站：https://t.co/vnUpLt752o","6067","68741","1372","6793","1800","科技","Beijing","","false","true","","false","true","2007-06-09 13:48:52","https://x.com/vista8","https://pbs.twimg.com/profile_images/1960882043249942533/h4J39ERy_400x400.jpg","https://pbs.twimg.com/profile_banners/6690032/1681134125"
"1669276256","歸藏(guizang.ai)","op7418","关注人工智能、LLM 、 AI 图像视频和设计（Interested in AI, LLM, Stable Diffusion, and design）

AIGC 周刊主理人｜公众号：歸藏的AI工具箱","21249","106101","1220","36760","7295","","","https://www.guizang.ai/","false","true","","false","true","2013-08-14 10:18:36","https://x.com/op7418","https://pbs.twimg.com/profile_images/1636981205504786434/xDl77JIw_400x400.jpg","https://pbs.twimg.com/profile_banners/1669276256/1706450781"
"913314383526223872","赵纯想","chunxiangai","产品🎬 https://t.co/Xd1e236W65 
顾问服务💬 https://t.co/UVx8yZHIBo 
课程📖 https://t.co/T13Crt8lg5","2124","31203","343","1723","309","移动应用程序","","https://chunxiang.space","false","true","","false","true","2017-09-28 16:08:12","https://x.com/chunxiangai","https://pbs.twimg.com/profile_images/1851554473174286336/nuzwVwa2_400x400.jpg","https://pbs.twimg.com/profile_banners/913314383526223872/1734401000"
"16681326","Frank Wang 玉伯","lifesinger","I am curious and honest","4277","15688","904","814","93","","FUTURE","http://youmind.com","false","true","","false","false","2008-10-10 17:36:41","https://x.com/lifesinger","https://pbs.twimg.com/profile_images/1965120373781114880/rLnJ1xpC_400x400.jpg","https://pbs.twimg.com/profile_banners/16681326/1755700256"
"1770482847155171328","珞珈Lorjia","lorjia6598","🕵️‍♂️INFJ | AI科技博主 | 探索「AI超级个体」复利商业化
💻分享AI工具、实用教程与副业赚钱方法
✨公众号：珞珈AI实战笔记
👉知识星球：https://t.co/l5hYAcVIw4","261","654","423","305","165","","","","false","false","","false","true","2024-03-21 00:09:57","https://x.com/lorjia6598","https://pbs.twimg.com/profile_images/1909812555444633603/jC-K5zi__400x400.jpg","https://pbs.twimg.com/profile_banners/1770482847155171328/1744169772"
"1125056504816553985","欧巴聊AI","hungryturbo","公众号【欧巴聊AI】主理人

某大厂程序员，极致专注AI人工智能","642","294","1737","90","292","","undefined","https://github.com/Geekhyt","false","true","","false","false","2019-05-05 23:15:48","https://x.com/hungryturbo","https://pbs.twimg.com/profile_images/1891872130834518016/wLbeQPFD_400x400.jpg","https://pbs.twimg.com/profile_banners/1125056504816553985/1754659594"
"3122661542","Yangyi","Yangyixxxx","Believing is seeing","13788","109024","501","5415","2851","科技","","https://lnk.bio/yangyi","false","true","","false","true","2015-04-01 11:00:40","https://x.com/Yangyixxxx","https://pbs.twimg.com/profile_images/1790540021327712256/72wMFr9-_400x400.jpg","https://pbs.twimg.com/profile_banners/3122661542/1702609915"
"3178231","宝玉","dotey","Prompt Engineer, dedicated to learning and disseminating knowledge about AI, software engineering, and engineering management.","27161","145029","1457","38220","4712","","Chicago, IL","https://baoyu.io","false","true","","false","true","2007-04-02 11:42:14","https://x.com/dotey","https://pbs.twimg.com/profile_images/561086911561736192/6_g58vEs_400x400.jpeg",""
"1882653904879714305","象骑士Hack","xiangqishi","高校副教授，玩网盘拉新、AI出海
vx: okok6a
知识星球：https://t.co/nEEwvrz9Iz","883","1142","2518","1101","131","","","","false","true","","false","false","2025-01-24 12:57:29","https://x.com/xiangqishi","https://pbs.twimg.com/profile_images/1957744398261010432/q6AX_KIM_400x400.jpg",""
"830429456","sitin","sitinme","增长黑客/ 社群运营/AI 出海赚美刀
对爬虫和RPA机器人有一点研究，https://t.co/di794U7drW
擅长用AI搞点副业 /  vx： 257735","3694","20827","336","45","1087","科技","","http://ipengtao.com/","false","true","","false","false","2012-09-18 13:39:32","https://x.com/sitinme","https://pbs.twimg.com/profile_images/3569591888/2aad771c0c1919fb7577a7b625a93d0a_400x400.jpeg",""
"6782882","Orange AI","oran_ge","聊硅基 AI，看有机 Orange。","133825","141299","783","1984","6068","科技","Mars","https://listenhub.ai","false","true","","false","true","2007-06-13 13:03:33","https://x.com/oran_ge","https://pbs.twimg.com/profile_images/1760074488073629696/ceSsuVCY_400x400.png","https://pbs.twimg.com/profile_banners/6782882/1740229481"
"783214","X","X","what's happening?!","15655","64371749","1","5981","2473","技术公司","everywhere","https://x.com","false","true","Business","false","false","2007-02-20 22:35:54","https://x.com/X","https://pbs.twimg.com/profile_images/1955359038532653056/OSHY3ewP_400x400.jpg","https://pbs.twimg.com/profile_banners/783214/1690175171"
