﻿"User ID","Name","Username","Bio","Tweets Count","Followers Count","Following Count","Favourites Count","Media Count","Professional","Location","Website","Verified","Is Blue Verified","Verified Type","Protected","Can DM","Created At","Profile URL","Avatar URL","Profile Banner URL"
"809709025","AI探路者Tim","AIExplorerTim","🤖 AI 探险家 | 在算法迷雾中点亮火把  
🧠 训练模型，也被模型训练  
⚡ 日常：调参、炼丹、等收敛  
🌍 相信AGI会来，但不确定是不是明天  
🔍 在科技与伦理的边界反复横跳","1671","13371","16","9513","1459","","","","false","true","","false","true","2012-09-08 06:20:42","https://x.com/AIExplorerTim","https://pbs.twimg.com/profile_images/1906159097889861632/Oc_QuXeK_400x400.png","https://pbs.twimg.com/profile_banners/809709025/1743298739"
"1094484125090668544","Ada歪歪","Adawhatvs","投資-金融-幣圈是個輪迴🔅 乾坤未定 你我皆是黑馬","93","2305","54","51","77","","Hong Kong","","false","true","","false","false","2019-02-10 14:32:04","https://x.com/Adawhatvs","https://pbs.twimg.com/profile_images/1983169841185075202/J6ig3ou7_400x400.jpg","https://pbs.twimg.com/profile_banners/1094484125090668544/1761661549"
"962502216","科技混子Chris","ChrisSlacker","科技圈资深韭菜🌿 ｜ 科技新品试毒☠️专员

分享科技资讯🗞️、互联网工具🧰

提升📈生产力，降低钱包💰厚度","1828","16522","28","9955","1601","","","","false","true","","false","true","2012-11-21 22:38:13","https://x.com/ChrisSlacker","https://pbs.twimg.com/profile_images/1933402794918359079/joMW_Hnp_400x400.jpg","https://pbs.twimg.com/profile_banners/962502216/1749701515"
"106769245","桃桃的运营日记📓","TaoTaoOps","💫 每天分享运营干货知识～
❤️ 可以不光芒万丈，但不要停止发光
运营创作❗️营销思考❗️个人成长❗️𝟎𝟎年𝐢人","778","10474","0","0","722","","","","false","true","","false","false","2010-01-21 00:52:23","https://x.com/TaoTaoOps","https://pbs.twimg.com/profile_images/1904416626361188352/AQ6kqUeF_400x400.jpg","https://pbs.twimg.com/profile_banners/106769245/1742883282"
"1675904345630736385","能能","NN_PowerUP","🖥️ senior developer 
🎁 share efficient learning | AI & productivity tools
🚀 grow and improve joyfully","59","25","15","1220","47","","","","false","false","","false","false","2023-07-04 00:28:28","https://x.com/NN_PowerUP","https://pbs.twimg.com/profile_images/1958904749463355392/CSO0gfQG_400x400.jpg","https://pbs.twimg.com/profile_banners/1675904345630736385/1755873714"
"950327911","半吊子程序猿大铭","CoderDaMing","不成器的码农🧱 | 资深数码📷韭菜
🌴用副业的心态做主业，用主业的钱买数码
AI时代的摸鱼🐠专家
座右铭：买买买是第一生产力","1647","13726","23","9590","1470","","","","false","true","","false","false","2012-11-16 03:21:50","https://x.com/CoderDaMing","https://pbs.twimg.com/profile_images/1933019008061878273/V01gCRoq_400x400.jpg","https://pbs.twimg.com/profile_banners/950327911/1749702621"
"1580781","ruanyf","ruanyf","Stay Focused, Keep Shipping. Build Early, Build Always. Improve yourself, Write solid/simple/stupid code.","4935","191349","374","13734","2957","科技","Shanghai, China","http://www.ruanyifeng.com","false","false","","false","true","2007-03-20 10:53:02","https://x.com/ruanyf","https://pbs.twimg.com/profile_images/2363795309/wbi37mdkxhr2trsr4ofa_400x400.jpeg","https://pbs.twimg.com/profile_banners/1580781/1355537048"
"1801542875764924416","梭哈Crypto","WEB3_furture","｜ALL IN Crypto & AI 
｜相信相信的力量
@CHILABS_ 旗下主播","4463","1340","792","1375","308","","","","false","true","","false","true","2024-06-14 17:11:18","https://x.com/WEB3_furture","https://pbs.twimg.com/profile_images/1825424641772716032/uziHYmid_400x400.jpg","https://pbs.twimg.com/profile_banners/1801542875764924416/1756097317"
"1853056266614214656","链海","onchainsea","超能钻的bitcoin holder钻石手|Alpha| 金狗猎手| 随心写，复盘记录。","1235","1962","596","433","26","社交媒体影响者","","","false","true","","false","true","2024-11-03 20:47:07","https://x.com/onchainsea","https://pbs.twimg.com/profile_images/1861026701985370112/Znqna6lr_400x400.jpg","https://pbs.twimg.com/profile_banners/1853056266614214656/1748447946"
"569189962","杂学大师✨","Techbruneth","跨领域知识分享者🎓 

英语学习📝｜金融思维🧠｜科技前沿🤖

历史趣事📚｜冷知识｜深度思考💭

让好奇心永远在线💪🏻～","1685","21307","65","10090","1385","","","","false","true","","false","false","2012-05-02 23:25:03","https://x.com/Techbruneth","https://pbs.twimg.com/profile_images/1933097007503314944/1nqKDcY0_400x400.jpg","https://pbs.twimg.com/profile_banners/569189962/1749700616"
"888137077","猫叔的职场笔记","haowue","🍀 分享职场干货
💰 人生短暂，早开窍，早退休","1138","11800","31","6515","1016","","","","false","true","","false","false","2012-10-18 13:02:46","https://x.com/haowue","https://pbs.twimg.com/profile_images/1911973090730373120/fmYbA0f5_400x400.jpg","https://pbs.twimg.com/profile_banners/888137077/1744684884"
"909916278","边忘边学的Tina💋","TinaLearning","📚 持续性学习 | 间歇性失忆  
✨ 在记住与遗忘的循环中反复横跳  
🐱 知识像金鱼记忆，但快乐永不褪色  
🔥 目标：把学习变成一场大型行为艺术","1122","9959","21","7511","988","","","","false","true","","false","false","2012-10-28 17:35:45","https://x.com/TinaLearning","https://pbs.twimg.com/profile_images/1906154418481106944/uj3HCrBa_400x400.jpg","https://pbs.twimg.com/profile_banners/909916278/1743297628"
"1882023072750034944","美酱AI","meijiangAI","❤️ 痴迷挖各种好用的效率工具和AI
🌟 每天看看有惊喜 ⬇️
🌊  自由职业者
💓 我要分享 1000 篇实用干货！","2191","17823","39","8864","1960","","","","false","true","","false","true","2025-01-22 19:11:30","https://x.com/meijiangAI","https://pbs.twimg.com/profile_images/1886614416093011968/BuXehExC_400x400.jpg","https://pbs.twimg.com/profile_banners/1882023072750034944/1738638880"
"1003840309166366721","Yi He","heyibinance","Co-Founder & Chief Customer Service Officer @Binance  
Holder of #BNB","4409","531411","1148","2222","312","企业家","Mars","http://binance.com","false","true","","false","true","2018-06-05 11:25:54","https://x.com/heyibinance","https://pbs.twimg.com/profile_images/1974520590410170369/q2Q0S0fa_400x400.jpg","https://pbs.twimg.com/profile_banners/1003840309166366721/1607445425"
"1744988460103180288","露西的百宝箱","Lucy_love_AI","🌊  自由职业者
👉🏻 AI工具/实用软件/搞钱干货/职场提升
💓 我要分享 1000 篇实用干货！

你想要的这里全都有⬇️","2576","47197","30","4604","2218","","","https://box123.io/","false","true","","false","true","2024-01-10 15:45:15","https://x.com/Lucy_love_AI","https://pbs.twimg.com/profile_images/1829469704173539329/wP9_sYa5_400x400.jpg","https://pbs.twimg.com/profile_banners/1744988460103180288/1725014545"
"1701953376597245952","流氓兔🐰","LiumangtuCrypto","互联网老油条 🧈
币圈小白兔 🐰
专注于搞钱 💵 
分享财商 🤔、金融 🏦、加密货币 🪙 等","2285","37865","224","8234","1925","","宇宙中心","","false","true","","false","true","2023-09-13 21:38:20","https://x.com/LiumangtuCrypto","https://pbs.twimg.com/profile_images/1804706859082997761/wzw71BuH_400x400.jpg","https://pbs.twimg.com/profile_banners/1701953376597245952/1719110724"
"1542307357283303425","0x进击的水豚","crypto_oldk","你还年轻，三千万不够

我可能成为一个有钱人，也可能成为一个穷光蛋

但我每次都选择做有钱人","1644","20953","22","1583","1333","","","","false","true","","false","true","2022-06-30 08:41:44","https://x.com/crypto_oldk","https://pbs.twimg.com/profile_images/1907374883857989632/AO6VhYsW_400x400.jpg","https://pbs.twimg.com/profile_banners/1542307357283303425/1743588586"
"1346092460712230913","Hedy.eth 🎮","Crypto_hedyEth","💼  Web3 钉子户
🐘 分享 Web3 入门学习知识和自己真实工作日常","2212","25093","27","1578","1846","","","","false","true","","false","true","2021-01-04 21:54:05","https://x.com/Crypto_hedyEth","https://pbs.twimg.com/profile_images/1830500764248109057/jgroH02Y_400x400.png","https://pbs.twimg.com/profile_banners/1346092460712230913/1725260368"
"1650822621989154816","宝总的财富指南","baozong_facai","📈  每日干货分享，帮你轻松搞定财经资讯

👨‍💼 欢迎一起研究📈&资产配置

👉 想要财务自由？关注我，阿宝带你飞！

⬇️ 一站式 AI 工作流神器，24 小时赚钱工具：Flowith","2045","67267","30","5333","1794","","","https://bit.ly/47bcAFu","false","true","","false","true","2023-04-25 19:22:43","https://x.com/baozong_facai","https://pbs.twimg.com/profile_images/1816002885844647936/lc_56x1R_400x400.jpg","https://pbs.twimg.com/profile_banners/1650822621989154816/1721803805"
"1650822571032739841","暖暖爱分享","nuannuan_share","❤️ 痴迷挖各种好用的效率工具和AI
🙈 资深运营项目负责人
⭕️ 可以不光芒万丈，但不要停止发光
🌟 每天看看有惊喜 ⬇️","2293","45047","42","3763","2057","","","https://box123.io/","false","true","","false","true","2023-04-25 19:22:28","https://x.com/nuannuan_share","https://pbs.twimg.com/profile_images/1815679339981365249/LpPdN7UY_400x400.jpg","https://pbs.twimg.com/profile_banners/1650822571032739841/1721726664"
"1650822457937506304","Nanon Network","NanonNetwork","🌊 Modular Blockchain Designed for Web3 Gaming

📢 Discord：https://t.co/Zjw6zmqQkG","109","21076","11","145","38","","","https://www.nanon.network/","false","false","","false","true","2023-04-25 19:22:01","https://x.com/NanonNetwork","https://pbs.twimg.com/profile_images/1797827751015284736/Y-xaZ7Ut_400x400.jpg","https://pbs.twimg.com/profile_banners/1650822457937506304/1717559914"
"1399766153053061121","Premium","premium","Subscribe for the best X experience: ad-free, post edits, content monetization, Grok AI with higher limits, video downloads, long posts, X Pro, and more.","1287","1203934","3","675","64","","","https://x.com/i/premium_sign_up","false","true","Business","false","true","2021-06-02 00:34:27","https://x.com/premium","https://pbs.twimg.com/profile_images/1683366300054069248/67v23AEj_400x400.jpg","https://pbs.twimg.com/profile_banners/1399766153053061121/1690180776"
"2244994945","Developers","XDevelopers","The voice of the X Dev team and your official source for updates, news, and events, related to the X API.","4185","695682","752","2378","825","社区","127.0.0.1","https://docs.x.com/","false","true","Business","false","true","2013-12-14 12:35:55","https://x.com/XDevelopers","https://pbs.twimg.com/profile_images/1683501992314798080/xl1POYLw_400x400.jpg","https://pbs.twimg.com/profile_banners/2244994945/1690213128"
"1220021970999185410","财经天下","Caijingtianxia","🌐 财经天下 
📊 汇集海内外财经数据/思想/观点
💡 碰撞出前沿洞察，探寻市场背后的力量","2434","40539","229","7595","1424","","","","false","true","","false","true","2020-01-23 00:34:51","https://x.com/Caijingtianxia","https://pbs.twimg.com/profile_images/1716636872913608704/nTdxx5Bu_400x400.jpg","https://pbs.twimg.com/profile_banners/1220021970999185410/1698033815"
"1684851663746834432","HumorTrader","HumorTrader","Trading #BTC #Memes I Humor Trader

Only good traders know they’re bad traders

📉 Crypto , NFT, Ordinals, Meme and  Stocks

💰 Made by traders for traders","1355","893","392","1614","568","","","https://twitter.com/HumorTrader","false","false","","false","false","2023-07-28 17:02:03","https://x.com/HumorTrader","https://pbs.twimg.com/profile_images/1729050487541121024/pOLoQ-_p_400x400.jpg","https://pbs.twimg.com/profile_banners/1684851663746834432/1701072554"
"1610560894504939520","Download Videos","downloadvideos_","📣 Want to grab videos from tweets? 🎥

🔗 Mention @downloadvideos_ in the video tweet

🚀 I’ll send a download link

❤️ Follow for more video downloads!","3351","1158","15","453","67","","","","false","false","","false","false","2023-01-04 16:57:11","https://x.com/downloadvideos_","https://pbs.twimg.com/profile_images/1719964225379205120/R-uJY7if_400x400.jpg","https://pbs.twimg.com/profile_banners/1610560894504939520/1698906421"
"855303666722525184","摆烂程序媛","wanerfu","大厂牛马 🐮 🐴｜日常摆烂 🏖️

分享泛互联网 👩‍💻 ｜ 泛科技资讯 💬 |  AI 🤖  |  web 3💰
 
渴望退休、渴望财务自由 🆓 💸

一站式AI工具:

🔗 https://t.co/ASzfTXDak9","4589","97725","167","11334","3985","科技","宇宙中心","","false","true","","false","true","2017-04-21 14:14:19","https://x.com/wanerfu","https://pbs.twimg.com/profile_images/1695073712612016128/xjiHduPl_400x400.jpg","https://pbs.twimg.com/profile_banners/855303666722525184/1692971868"
"1239927988122075136","nanatang","tyw1984","年费群加微Conogo 神表https://t.co/ncq909HGFf OKX交易20%优惠：https://t.co/bs6MAhmx5s Binance交易10%优惠：https://t.co/lhq57Twym2","13370","32694","2698","11944","1844","","所有推文不构成投资建议👉🏻","http://youtube.com/@tyw1984","false","true","","false","true","2020-03-17 22:54:12","https://x.com/tyw1984","https://pbs.twimg.com/profile_images/1962907333215830016/2gGLbpZ3_400x400.jpg","https://pbs.twimg.com/profile_banners/1239927988122075136/1690012946"
"1683767572519608320","董币哥","NextBullReady","🚩 练级中，发点干货也碎碎念

🏋️ 不保涨，不割韭

🍺  牛回相见","3287","33014","451","8863","2171","","","","false","true","","false","false","2023-07-25 17:14:41","https://x.com/NextBullReady","https://pbs.twimg.com/profile_images/1921116632933343232/_hnSwHVq_400x400.jpg","https://pbs.twimg.com/profile_banners/1683767572519608320/1690292601"
"1676856175240019968","NanonFish","NanonFish","🐟 Upgrade your fish, earn more coins, and get more airdrop rewards!

💎 Backed by Nanon Foundation @NanonNetwork","33","10492","3","47","26","","","","false","false","","false","true","2023-07-06 15:30:55","https://x.com/NanonFish","https://pbs.twimg.com/profile_images/1814127002770890752/ELhQu3nk_400x400.png","https://pbs.twimg.com/profile_banners/1676856175240019968/1721031991"
"2262723812","ahhhhfs","abskoop","❤️虚假推友🫶🫰😘💕 收集分享各种互联网垃圾｜投稿侵权请私信｜谢谢不接推｜TG频道订阅更新:https://t.co/OmSvNms9yl ｜小号:@ahhhhfs l🔔重复刷无相关评论会被拉黑｜链接打不开用Chrome浏览器，不要用国产浏览器","59010","731308","1203","26146","22883","科技","有空翻翻👉","https://dizhi.abskoop.com/","false","true","","false","true","2013-12-26 19:26:41","https://x.com/abskoop","https://pbs.twimg.com/profile_images/1429676617329119233/C_U_KwBv_400x400.jpg","https://pbs.twimg.com/profile_banners/2262723812/1629809938"
"44196397","Elon Musk","elonmusk","","89408","229226640","1227","183509","4236","","","","false","true","","false","false","2009-06-03 04:12:29","https://x.com/elonmusk","https://pbs.twimg.com/profile_images/1983681414370619392/oTT3nm5Z_400x400.jpg","https://pbs.twimg.com/profile_banners/44196397/1739948056"
"958562247831367680","Bitturing","Bitturing","🗺️大自然的搬运工 

🕸️泛互联网 
🔭科技 
🤖AI 
📖学习 
🪙Crypto #BTC 
💎投资 
🪐Web3 

🌍看都看了，点点关注","5105","100879","199","16690","3539","","","","false","true","","false","true","2018-01-31 12:47:03","https://x.com/Bitturing","https://pbs.twimg.com/profile_images/1640782991457931264/NiQ4O-sX_400x400.jpg","https://pbs.twimg.com/profile_banners/958562247831367680/1677489017"
"4398626122","OpenAI","OpenAI","OpenAI’s mission is to ensure that artificial general intelligence benefits all of humanity. We’re hiring: https://t.co/dJGr6Lg202","1507","4502710","4","1218","446","","","https://openai.com","false","true","Business","false","false","2015-12-07 06:51:08","https://x.com/OpenAI","https://pbs.twimg.com/profile_images/1885410181409820672/ztsaR0JW_400x400.jpg","https://pbs.twimg.com/profile_banners/4398626122/1759076948"
"1559891706392494086","小马哥不会写代码","ponyweb3_eth","#BTC #Web3 / #币圈科学家 / 16年老韭菜 💎
#DeFi、NFT 玩家 🖼 
从不伸手，靠技术赚钱，有头发的程序员😎  
偶尔会激进，但更多的是理想 🗺️
#区块链 和 #AI 正在改变世界🌍","672","5943","214","3669","203","Blockchain","","","false","false","","false","false","2022-08-17 21:15:48","https://x.com/ponyweb3_eth","https://pbs.twimg.com/profile_images/1574653613624131585/HqtztpvQ_400x400.jpg","https://pbs.twimg.com/profile_banners/1559891706392494086/1675839273"
"1618873272661315584","小樱💞｜实用工具分享","xiaoying_eth","🪪  努力做个哇塞的仙女 👸

🐬 分享 AI 前沿干货 ｜打破信息壁垒 ｜AI项目实操

🌻 实用工具推荐官 | 工匠日记","6431","122235","203","14811","5082","","AI 起号、赚钱、提效工具 : Flowith  👉 ","https://bit.ly/4nghyp7","false","true","","false","true","2023-01-27 15:27:49","https://x.com/xiaoying_eth","https://pbs.twimg.com/profile_images/1668476737389494272/5kE7iqyp_400x400.jpg","https://pbs.twimg.com/profile_banners/1618873272661315584/1686630830"
"1398934230407606278","老白（每日干货分享✊）","laobaishare","收集和分享好东西：🌍泛互联网 + 💻科技 + 🤖️Al + 📃学习 + 🤑Crypto 

🧰 我常用的AI效率工具Flowith ：https://t.co/c6gH4Yf6EN","9281","190744","425","12570","5966","科技","","","false","true","","false","true","2021-05-30 17:28:41","https://x.com/laobaishare","https://pbs.twimg.com/profile_images/1688863542110507008/RO_U6ecN_400x400.jpg","https://pbs.twimg.com/profile_banners/1398934230407606278/1686798589"
"1429739707353636867","PAPERSHIP","PAPERSHIP2333","Mysterious blue robot.

-Thanks for subscribing!
-Just make cute pixel and voxel for everyone :D","33","388","11","42","30","","","","false","false","","false","true","2021-08-23 17:38:12","https://x.com/PAPERSHIP2333","https://pbs.twimg.com/profile_images/1429739869442506753/scmU3-nR_400x400.jpg","https://pbs.twimg.com/profile_banners/1429739707353636867/1681100819"
"1274693174930190341","Multichain (Previously Anyswap)","MultichainOrg","","2910","178572","351","2982","603","","","","false","true","","false","true","2020-06-21 21:18:42","https://x.com/MultichainOrg","https://pbs.twimg.com/profile_images/1646714793347395585/RDkKFO6c_400x400.jpg",""
"1001797450825388032","Oğuz Yağız Kara","oguzyagizkara","Co-Founder & Designer @LueStudio","6515","42179","1333","19393","1425","","","https://lue.studio","false","true","","false","true","2018-05-30 20:08:19","https://x.com/oguzyagizkara","https://pbs.twimg.com/profile_images/1958503624784400384/W2P6bsFH_400x400.jpg","https://pbs.twimg.com/profile_banners/1001797450825388032/1746178891"
"876720618145595392","Divine Studios","DivineStudi0s","Our goal: captivate gamers with immersive storytelling, tough challenges, and stunning visuals. 🇻🇳 🇸🇬 For Services, reach us at: hello@divinestudios.io","1920","14385","899","8896","292","电子游戏公司","global","https://store.steampowered.com/app/3158860/Fragmented_Echoes_Veil_of_Memories/","false","true","","false","true","2017-06-19 16:37:38","https://x.com/DivineStudi0s","https://pbs.twimg.com/profile_images/1574346977336209408/ZZvpKTYv_400x400.jpg","https://pbs.twimg.com/profile_banners/876720618145595392/1681818575"
"1631228444834148352","闪电头条⚡️","shandian_io","🌐 全球首个以 GPT 为信息处理引擎的 Web3 内容聚合平台 

☎️ TG: https://t.co/L8tL33LpQG

🎨 Discord: https://t.co/IAuD85nhzR

 #Crypto #ChatGPT #Web3

✉️ 合作请 DM 私信","25637","17275","141","5292","1030","商业和工业","","http://t.me/shandian_io","false","false","","false","true","2023-03-02 17:43:08","https://x.com/shandian_io","https://pbs.twimg.com/profile_images/1631257927834275848/a2B31y04_400x400.png","https://pbs.twimg.com/profile_banners/1631228444834148352/1677758303"
"1564866203914743808","A9樱木","0xSilver_Time","认知本身并不创造财富，具体的行动才会创造财富。 撸毛 | 二级 | 投研 | 吹牛 都是一家之言，如有意见，你说得都对","4067","67662","974","14796","1386","Blockchain","Satoshi Nakamoto","","false","true","","false","true","2022-08-31 14:42:51","https://x.com/0xSilver_Time","https://pbs.twimg.com/profile_images/1925735712080408576/1lJgoiai_400x400.jpg","https://pbs.twimg.com/profile_banners/1564866203914743808/1747966203"
"2446896679","Punk（2898 🙌💎）","punk2898","Vibe Coding Enthusiast ｜定居新加坡 ｜ Web3 入口一个就够 ⬇️","6162","79113","957","12398","1383","","🇸🇬 新加坡","https://web3.okx.com/ul/joindex?ref=PUNK2898","false","true","","false","true","2014-04-16 17:33:51","https://x.com/punk2898","https://pbs.twimg.com/profile_images/1578724430536388613/mmTYRTbf_400x400.png","https://pbs.twimg.com/profile_banners/2446896679/1760095684"
"1387708368056328194","千寻 🌸","Crypto_QianXun","👧 Crypto Girl  / 放下成见，拥抱变化

💻 币圈工具分享 /  项目研究 / 赛道分析

⬇️ Youtube 频道，每周更新，欢迎订阅～

永远保持空杯心态，终身学习

✉️ 合作请 DM 私信","4715","68201","623","18861","2310","","","https://www.youtube.com/@Crypto_QianXun","false","true","","false","true","2021-04-29 18:00:43","https://x.com/Crypto_QianXun","https://pbs.twimg.com/profile_images/1623552966837039112/-lRznnfc_400x400.jpg","https://pbs.twimg.com/profile_banners/1387708368056328194/1675867834"
"1518853346810949633","Dori柚子","dorizhu1201","web3 builder
从业多年#保持思考#
尊重不同的观点和认知","551","2671","662","68","57","","","","false","true","","false","true","2022-04-26 15:24:04","https://x.com/dorizhu1201","https://pbs.twimg.com/profile_images/1599641801748795394/y4EF14cO_400x400.jpg","https://pbs.twimg.com/profile_banners/1518853346810949633/1672803887"
"1555465846809432066","小币崽汁💫","x1aob1za1zh1","| 清纯女大| 艾欧dd | web3韭菜  | 哑巴新娘 |","37","5555","83","142","20","金融服务","中国","","false","false","","false","true","2022-08-05 16:09:03","https://x.com/x1aob1za1zh1","https://pbs.twimg.com/profile_images/1678643169758699522/GJAL1-Rw_400x400.jpg",""
"1526488129699717121","Huaahuacool_eth","huaahuacool_eth","Try to be better","310","53","254","1123","11","","Web 3.0","","false","false","","false","false","2022-05-17 17:02:03","https://x.com/huaahuacool_eth","https://pbs.twimg.com/profile_images/1905200024935645184/2LrIn1eQ_400x400.jpg","https://pbs.twimg.com/profile_banners/1526488129699717121/1741145977"
"1457911484747370503","D大师","bishijie0","命由己作，宜广积阴德～","197","114","303","26","59","金融服务","","","false","false","","false","false","2021-11-09 11:22:54","https://x.com/bishijie0","https://pbs.twimg.com/profile_images/1607502646327521281/86q4of_6_400x400.jpg",""
"1139477160882663424","领哥LingGe🙏","shangdu2005","领哥策略：熊市撸空攒币，牛市炒币变现 ，猴市玩链游打发时间！
所发推文无任何投资建议，合作DM💌
🙏菩提本无树，明镜亦非台。本来无一物，何处惹尘埃。","5733","63829","2629","3483","1494","","","","false","true","","false","true","2019-06-14 18:18:20","https://x.com/shangdu2005","https://pbs.twimg.com/profile_images/1853259049024061440/OVJeuERY_400x400.jpg","https://pbs.twimg.com/profile_banners/1139477160882663424/1675494993"
"1501502506538438657","UNICORN⚡️🦄","UnicornBitcoin","#XClub $BTC $ETH $OKB $BNB $SOL $UNI $ASTER ⚡️ #OKX WEB3入口一个就够https://t.co/pZCFItmdrD #Binance 近3亿用户的共同选择https://t.co/KoDvNU04iq","17630","132041","3148","36378","3389","Blockchain","UnicornBitcoin","http://Bitcoin.com","false","true","","false","false","2022-03-09 18:18:02","https://x.com/UnicornBitcoin","https://pbs.twimg.com/profile_images/1963503485170978817/NpvyjRQ1_400x400.jpg","https://pbs.twimg.com/profile_banners/1501502506538438657/1744342761"
"1392362247574286336","sanyi.eth","sanyi_eth_","allin @HyperliquidX 
努力做一个alpha博主，所有的推文都不构成投资建议
带🍚的推文是恰饭，不带的是正常的推文
 #版本弃子 #链上电子乞丐 #话痨

wait for the wind
collab➡️https://t.co/O5qim99qSG","17644","257937","6488","8206","3666","科技","New York, USA","https://bento.me/sanyi01","false","true","","false","true","2021-05-12 14:13:28","https://x.com/sanyi_eth_","https://pbs.twimg.com/profile_images/1554293559012241408/3S7VtrLf_400x400.jpg","https://pbs.twimg.com/profile_banners/1392362247574286336/1657108383"
"1514440227170885635","Voxel Catcher 🌼","HongcenD","Voxel Artist ，UI/UX Designer","57","105","117","117","21","艺术家","Heaven","http://behance.net/1916710692862d","false","false","","false","false","2022-04-14 11:08:01","https://x.com/HongcenD","https://pbs.twimg.com/profile_images/1551567509647593472/bQfXFyHF_400x400.jpg","https://pbs.twimg.com/profile_banners/1514440227170885635/1660667199"
"825183199198212096","BITWU.ETH 🔆","Bitwux","4XLabs | Coinseek @imcoinseek｜https://t.co/5pqnsZeVmK | #Binance 近3亿选择：https://t.co/SRRIENCA22｜ #OKX https://t.co/qQLPDPmfho","30990","350791","2162","9489","11010","社交媒体影响者","Los Angeles, CA","http://mirror.xyz/bitwu.eth","false","true","","false","true","2017-01-28 11:26:20","https://x.com/Bitwux","https://pbs.twimg.com/profile_images/1928373079161581568/-POhPs1V_400x400.jpg","https://pbs.twimg.com/profile_banners/825183199198212096/1747640548"
"763250971141025792","陳威廉","William11Chan","一个伪装成加密博主的段子手。
聊投资，聊加密，聊心态，聊比特币。
这里的所有内容均不作为投资建议。 BTC HODL","5459","185238","352","557","1954","","Hongkong","","false","true","","false","true","2016-08-10 13:49:46","https://x.com/William11Chan","https://pbs.twimg.com/profile_images/1905263911060078592/0QafMmkn_400x400.jpg","https://pbs.twimg.com/profile_banners/763250971141025792/1629348547"
"1002945631407702017","币圈慈善家","cryptocishanjia","Trader，Investor，DYOR。
华语Top1的meme交易平台https://t.co/CUU2jfYanc 新人首选OKX，安全简单 https://t.co/9Whl44E5hC 近3亿用户的共同选择，就在币安｜https://t.co/vs6TcdYute","16514","306710","1634","16383","1258","金融服务","","","false","true","","false","true","2018-06-03 00:10:47","https://x.com/cryptocishanjia","https://pbs.twimg.com/profile_images/1464518155020083204/OW28mCLv_400x400.jpg","https://pbs.twimg.com/profile_banners/1002945631407702017/1747395000"
"1308398957287149568","Dahuzi.eth","Dahuzi_eth","胡子，光头，不借钱，不借钱，不借钱。

V：huziguanbi注明来意","6913","131012","879","3932","1939","金融服务","#105","https://huziguanbi.com/","false","true","","false","true","2020-09-22 21:33:23","https://x.com/Dahuzi_eth","https://pbs.twimg.com/profile_images/1913194881851555841/pgZ4iG8e_400x400.jpg","https://pbs.twimg.com/profile_banners/1308398957287149568/1711646422"
"843686211264823298","DiscusFish","bitfish1","Co-founder of F2Pool & Cobo. Bitcoin enthusiast exploring DeFi & AI.A risk manager, not a prophet.","1415","205260","600","156","218","","","","false","true","","false","true","2017-03-20 12:50:42","https://x.com/bitfish1","https://pbs.twimg.com/profile_images/998657366743629825/YVEECfjo_400x400.jpg","https://pbs.twimg.com/profile_banners/843686211264823298/1727156224"
"1401718840535379970","梭教授说","hellosuoha","All in || @lspdao || || virtual|| ||GMGN|| ||https://t.co/KQTDv6PBuS|| TG：@hellosuoha  ||
做一个有耐心的人，做个有耐心的，做个人。","33478","172820","455","2432","3571","金融服务","Macau","","false","true","","false","true","2021-06-07 09:53:15","https://x.com/hellosuoha","https://pbs.twimg.com/profile_images/1937899711350104064/3oRnBU5t_400x400.jpg","https://pbs.twimg.com/profile_banners/1401718840535379970/1748652366"
"900935123968737281","何币","hebi555","注意：此帐户中提到的任何内容都不是投资建议 本推特提到的任何项目都不要信，不要看，不要点，更不要买||https://t.co/Q8DISODv8H|| ||https://t.co/8Wu8bhqnL8||","6676","398523","1367","283","1280","科技","","","false","true","","false","true","2017-08-25 12:17:26","https://x.com/hebi555","https://pbs.twimg.com/profile_images/1677888294661791748/GzBJhJcb_400x400.jpg","https://pbs.twimg.com/profile_banners/900935123968737281/1741063821"
"1428246848301502464","吴说区块链","wublockchain12","吴说中文推特：接近真相，更可信赖
专业可信的行业新闻，优质深度内容推荐
吴说所有内容渠道、播客、APP 等：https://t.co/rVoqryXVjk
联系我们 TG: colinwu1989","68450","167775","2","11","3456","","","https://www.wublock123.com/","false","true","Business","false","false","2021-08-19 14:46:06","https://x.com/wublockchain12","https://pbs.twimg.com/profile_images/1763571513553543168/swT8lq9S_400x400.jpg","https://pbs.twimg.com/profile_banners/1428246848301502464/1727454928"
"307902310","任天堂株式会社","Nintendo","任天堂からのお知らせや、ホームページの更新情報をお伝えします。
ご質問・お問い合わせにはお答えしておりませんのでご容赦ください。","13807","5598830","35","1","3239","","京都市","https://www.nintendo.com/jp/","false","true","Business","false","false","2011-05-30 22:00:05","https://x.com/Nintendo","https://pbs.twimg.com/profile_images/823439425593954305/j0L7_KyW_400x400.jpg","https://pbs.twimg.com/profile_banners/307902310/1670301725"
"1400391752368992260","Binance Wallet","BinanceWallet","Experience Web3 effortlessly with #Binance Wallet
Simple, Secure, Rewarding.","7516","2880606","228","4700","1688","","","https://web3.binance.com","false","true","Business","false","true","2021-06-03 18:01:07","https://x.com/BinanceWallet","https://pbs.twimg.com/profile_images/1874762324763910144/3pJSfAtd_400x400.jpg","https://pbs.twimg.com/profile_banners/1400391752368992260/1742368693"
"1444011503275810822","Base Build","buildonbase","What will you build?","1578","595254","100","1779","164","","onchain","https://www.base.org/build","false","true","Business","false","false","2021-10-02 02:49:26","https://x.com/buildonbase","https://pbs.twimg.com/profile_images/1945608346200834049/lyK1Nz6__400x400.jpg","https://pbs.twimg.com/profile_banners/1444011503275810822/1752704153"
"946213559213555712","OpenSea","opensea","The best place to discover, own, and trade onchain. Get help at https://t.co/f3KCJaxYr7. https://t.co/MrM5PtOihW","23081","2294971","3553","42134","3427","","","https://opensea.io","false","true","Business","false","true","2017-12-28 10:57:47","https://x.com/opensea","https://pbs.twimg.com/profile_images/1988303062847647744/aN36pB1h_400x400.jpg","https://pbs.twimg.com/profile_banners/946213559213555712/1750370888"
"1277231643862814721","小隐新十年（Feng Wang）","wangfeng_0128","Crypto Citizen ｜Founder&CEO/蓝港互动集团（8267 HK)；NFT @element_market ；Media @Marsbit2022 ；Asset @Lkventure ；Web3 gameportal @gamefinaga ｜Ex-SVP /Kingsoft Group","5441","91081","6646","12417","552","电子游戏公司","Hong Kong","","false","true","","false","true","2020-06-28 21:25:39","https://x.com/wangfeng_0128","https://pbs.twimg.com/profile_images/1715076448107802624/2b4iIAR__400x400.jpg","https://pbs.twimg.com/profile_banners/1277231643862814721/1677557254"
"1454785349838852100","Schultzschultz","schultzschultz_","Design studio specializing in custom fonts and unique design solutions for international brands, pushing beyond traditional design software limitations.","66","2566","165","68","57","图形设计机构","Frankfurt, Germany","http://schultzschultz.com","false","false","","false","false","2021-10-31 20:20:58","https://x.com/schultzschultz_","https://pbs.twimg.com/profile_images/1687408014674792448/bsYsIagW_400x400.jpg","https://pbs.twimg.com/profile_banners/1454785349838852100/1647432240"
"2517701648","Blender Studio 🔶","BlenderStudio_","The Creators Who Share.

Blender Studio is part of the @Blender project.","1380","114591","3","166","560","电脑动画工作室","Blender HQ","https://studio.blender.org","false","false","","false","false","2014-05-23 20:15:36","https://x.com/BlenderStudio_","https://pbs.twimg.com/profile_images/1451482560425566213/b4cFcm6V_400x400.jpg","https://pbs.twimg.com/profile_banners/2517701648/1752408729"
"1422217297591083010","5ireChain (What's cooking?)","5ireChain","$5IRE is now LIVE | Layer-1 #EVM Compatible Smart Contract Platform | In-Consensus #Sustainability | https://t.co/B8pnJ0d4Lf | #RWA #Depin 🍃","4675","447046","711","5799","1946","金融服务","","https://linktr.ee/5ireChain","false","false","","false","false","2021-08-02 23:26:49","https://x.com/5ireChain","https://pbs.twimg.com/profile_images/1745156323338301443/5tCj2PYf_400x400.jpg","https://pbs.twimg.com/profile_banners/1422217297591083010/1723743196"
"1459120771847319554","PlayerOne","PlayerOneWorld","Explore 'Craft Your Sky Legend', a blockchain adventure whereyou build and define your own saga in the skies. 

🎮 Discord:https://t.co/UbAqnVrDIq","934","71618","204","860","559","","","https://playerone.world/","false","true","","false","true","2021-11-12 19:29:16","https://x.com/PlayerOneWorld","https://pbs.twimg.com/profile_images/1610106080809390083/X6YNyHk8_400x400.jpg","https://pbs.twimg.com/profile_banners/1459120771847319554/1729657535"
"20749410","Mark Zuckerberg","finkd","","20","875139","711","0","1","","","","false","true","","false","false","2009-02-13 13:09:01","https://x.com/finkd","https://pbs.twimg.com/profile_images/77846223/profile_400x400.jpg",""
"2425151","Meta","Meta","Connect with what you love to make things happen. It’s Your World.","16160","12374392","689","1505","481","","Metaverse","http://meta.com","false","true","Business","false","true","2007-03-27 15:29:25","https://x.com/Meta","https://pbs.twimg.com/profile_images/1453818753880190978/HqrrEcrI_400x400.png","https://pbs.twimg.com/profile_banners/2425151/1686088686"
"15670515","Windows","Windows","Meet the computer you can talk to.","416956","8549337","1","6526","9751","","Redmond, Washington","http://windows.com","false","true","Business","false","true","2008-07-31 11:43:16","https://x.com/Windows","https://pbs.twimg.com/profile_images/1841907755483054080/G_jONJFv_400x400.png","https://pbs.twimg.com/profile_banners/15670515/1760648679"
"56505125","Chrome","googlechrome","The official X account for the Google Chrome browser.","181346","6806040","83","1680","693","","Mountain View, California","http://chrome.com","false","true","Business","false","true","2009-07-14 05:51:56","https://x.com/googlechrome","https://pbs.twimg.com/profile_images/1605280848089169920/IuDGmUk__400x400.png","https://pbs.twimg.com/profile_banners/56505125/1758301053"
"20356963","Enjin","enjin","Enjin is the world’s most advanced end-to-end product ecosystem that makes it easy to develop, trade, monetize, and market Web3 games.","17255","483664","2015","1","4011","","Singapore","https://enjin.io","false","false","Business","false","true","2009-02-08 17:09:19","https://x.com/enjin","https://pbs.twimg.com/profile_images/1873666436159152128/YWO7Bfyz_400x400.jpg","https://pbs.twimg.com/profile_banners/20356963/1714034885"
"980935731794403328","SuperRare","SuperRare","The art market, onchain | $RARE","27543","334965","3786","23962","4541","","Ethereum","http://superrare.com","false","true","Business","false","false","2018-04-03 06:31:18","https://x.com/SuperRare","https://pbs.twimg.com/profile_images/1902005882776420352/4VPH_smx_400x400.jpg","https://pbs.twimg.com/profile_banners/980935731794403328/1731521602"
"347831597","The Sandbox","TheSandboxGame","The Sandbox is a social gaming platform where you can play games, build worlds, and earn rewards.","19599","1080731","1254","15507","7778","电子游戏公司","","http://sandbox.game","false","true","Business","false","false","2011-08-03 20:46:21","https://x.com/TheSandboxGame","https://pbs.twimg.com/profile_images/1675843993190506496/HeGzewKw_400x400.jpg","https://pbs.twimg.com/profile_banners/347831597/1748619152"
"1458262734139961344","DNF Duel","DNFDuel","対戦格闘ゲーム「DNF DUEL」の公式アカウントです。 「DNF DUEL」に関する情報をお届けしますので、よろしければフォローをおねがいいたします! *🌐 English Twitter: @DNFDuel_EN","533","26635","3","215","281","","","http://dd.nexon.com/ja","false","false","Business","false","false","2021-11-10 10:39:30","https://x.com/DNFDuel","https://pbs.twimg.com/profile_images/1639174652756103168/RrSeisvJ_400x400.jpg","https://pbs.twimg.com/profile_banners/1458262734139961344/1715825004"
"3291830170","Decentraland","decentraland","A community-driven virtual world where you can connect, explore, and create!
Decentraland 2.0 Beta out NOW 🚀","18201","599756","3365","42703","6617","科技","Metaverse","https://decentraland.org/?utm_org=dcl&utm_source=x&utm_medium=organic&utm_campaign=download","false","true","Business","false","false","2015-05-21 03:12:01","https://x.com/decentraland","https://pbs.twimg.com/profile_images/1780747717679136768/PFJDrXQY_400x400.jpg","https://pbs.twimg.com/profile_banners/3291830170/1728500504"
"1160222700104757249","Rarible","rarible","Onchain commerce platform, powered by $RARI. 

Trade at lightspeed on https://t.co/bAvbMdTNqt and get rewards.","22789","741463","4517","59053","3319","","onchain","https://linktr.ee/rarible","false","false","Business","false","true","2019-08-11 00:13:42","https://x.com/rarible","https://pbs.twimg.com/profile_images/1981189339980693504/1iOTxPAt_400x400.jpg","https://pbs.twimg.com/profile_banners/1160222700104757249/1756808083"
"34097500","beeple","beeple","design shit. 18+ years of everydays*","13281","828993","982","1873","6413","","","http://www.beeple-crap.com","false","true","","false","false","2009-04-22 07:53:00","https://x.com/beeple","https://pbs.twimg.com/profile_images/264316321/beeple_headshot_beat_up_400x400.jpg","https://pbs.twimg.com/profile_banners/34097500/1443092829"
"163504733","𝒔𝒎𝒆𝒄𝒄𝒆𝒂 ‧₊˚❀ ˚. ✦˚.✮⋆˙","smeccea","✦ 3D Art+Animation ✦ No AI 🚫","6478","16401","493","32028","890","","Canada","https://www.instagram.com/smeccea/","false","false","","false","false","2010-07-06 23:53:54","https://x.com/smeccea","https://pbs.twimg.com/profile_images/1766678601804759040/kAirN1EV_400x400.jpg","https://pbs.twimg.com/profile_banners/163504733/1620323238"
"1370790126184325124","XLR","cryptoxlr","animator, illustrator @yeet / dm for work","28227","5511","2886","133781","1259","","","","false","true","","false","true","2021-03-14 01:33:37","https://x.com/cryptoxlr","https://pbs.twimg.com/profile_images/1953546208418705409/IT8dfm_H_400x400.jpg","https://pbs.twimg.com/profile_banners/1370790126184325124/1754966245"
"804358799511392260","Evilvoxels","Evilvoxels","an elite dentist who discovered teeth 3 weeks ago","2677","3082","344","16885","478","戒瘾服务","Ethereum blockchain","","false","true","","false","true","2016-12-02 00:17:36","https://x.com/Evilvoxels","https://pbs.twimg.com/profile_images/1499749989035089920/CqqehGya_400x400.jpg","https://pbs.twimg.com/profile_banners/804358799511392260/1670282805"
"1054616670","CrazyJN","crazyjn87","Freelance artist. Statue creation，illustration and concept. If you like my 3Dprinter , you can download some of them on https://t.co/2DaKIaBKXn","774","31273","362","718","227","Comic Book Artist","","https://www.artstation.com/artist/crazyjn","false","true","","false","true","2013-01-02 17:22:00","https://x.com/crazyjn87","https://pbs.twimg.com/profile_images/1387418368207200263/gyIVVVUA_400x400.jpg","https://pbs.twimg.com/profile_banners/1054616670/1635910014"
"938970397252481025","XPENG","XPengMotors","Official Twitter page of XPENG Motors. 
We build intelligently connected all-electric cars for a new generation.🤓 #DriveDifferent","3000","317717","269","867","2261","汽车","Guangzhou, Beijing, Silicon Va","http://xpeng.com","false","true","Business","false","true","2017-12-08 11:16:02","https://x.com/XPengMotors","https://pbs.twimg.com/profile_images/1461225604615868420/DrzJhi83_400x400.jpg","https://pbs.twimg.com/profile_banners/938970397252481025/1704166354"
"807095","The New York Times","nytimes","News tips? Share them here: https://t.co/ghL9OoYKMM","561791","54379466","848","18461","72644","","New York City","http://www.nytimes.com/","false","true","","false","false","2007-03-03 04:41:42","https://x.com/nytimes","https://pbs.twimg.com/profile_images/1098244578472280064/gjkVMelR_400x400.png","https://pbs.twimg.com/profile_banners/807095/1584666392"
"783214","X","X","what's happening?!","15655","66105607","1","5990","2473","技术公司","everywhere","https://x.com","false","true","Business","false","false","2007-02-20 22:35:54","https://x.com/X","https://pbs.twimg.com/profile_images/1955359038532653056/OSHY3ewP_400x400.jpg","https://pbs.twimg.com/profile_banners/783214/1690175171"
"759251","CNN","CNN","It’s our job to #GoThere and tell the most difficult stories. For breaking news, follow @CNNBRK and download the CNN app ➡️ https://t.co/7PQD7o6fLw","425314","62973344","1051","1325","190692","","","http://www.cnn.com","false","true","Business","false","false","2007-02-09 08:35:02","https://x.com/CNN","https://pbs.twimg.com/profile_images/1669780523911110656/K9gaaM1g_400x400.jpg","https://pbs.twimg.com/profile_banners/759251/1689257013"
"127821447","ramotion","ramotion","Product & Brand Design Agency. Recent project👇","13253","34558","485","1380","2651","","San Francisco, CA","https://www.ramotion.com/island","false","false","Business","false","true","2010-03-30 18:07:12","https://x.com/ramotion","https://pbs.twimg.com/profile_images/695681118578708480/wQ9kNRnB_400x400.png","https://pbs.twimg.com/profile_banners/127821447/1454698269"
"77113713","Adobe After Effects","AdobeAE","For the latest tips and inspiration from #AfterEffects, follow @AdobeVideo. For support, @AdobeCare","16727","271973","297","3721","2139","","","https://adobe.ly/Ae","false","false","","false","true","2009-09-25 10:42:55","https://x.com/AdobeAE","https://pbs.twimg.com/profile_images/1272878358150275078/iBJehkOi_400x400.png","https://pbs.twimg.com/profile_banners/77113713/1572897816"
"377228272","Xiaomi","Xiaomi","Masterpieces far closer. 🟠📷🔴

#Xiaomi15TSeries, co-engineered with Leica.

For support, please contact @XiaomiSupport","14458","4366266","362","9931","9664","技术公司","","http://s.mi.com/_jidM8Z0","false","true","Business","false","true","2011-09-21 15:09:28","https://x.com/Xiaomi","https://pbs.twimg.com/profile_images/1384363472259928071/zXb55Bwo_400x400.jpg","https://pbs.twimg.com/profile_banners/377228272/1758784366"
"20536157","Google","Google","Here to help.","246123","32448845","285","3781","37569","科技","Mountain View, CA","https://blog.google/newsletter-subscribe/","false","true","Business","false","false","2009-02-11 03:14:39","https://x.com/Google","https://pbs.twimg.com/profile_images/1972718204565811200/adTFhODz_400x400.jpg","https://pbs.twimg.com/profile_banners/20536157/1761777507"
"65525881","Adobe Photoshop","Photoshop","The industry standard in digital imaging and used by professionals worldwide for design, photography, video editing & more. | For Customer Support: @AdobeCare.","9814","3183334","807","11004","2831","","","http://clicklinkin.bio/photoshop","false","true","Business","false","true","2009-08-14 09:31:53","https://x.com/Photoshop","https://pbs.twimg.com/profile_images/1983141716854009856/AQYKjb6M_400x400.jpg","https://pbs.twimg.com/profile_banners/65525881/1666097089"
"481598648","Adobe Creative Cloud","creativecloud","20+ creative apps. Infinite possibilities. Get your head in the Cloud ☁️ Use #MadeWithCC to be featured!","30446","559483","1833","6058","13574","科技","Anywhere","https://creativecloud.adobe.com/cc/?locale=en&sdid=WKRCJBLV&mv=social&mv2=ownsoc-org","false","true","Business","false","true","2012-02-03 07:41:10","https://x.com/creativecloud","https://pbs.twimg.com/profile_images/1455341411176353792/dA_QKgdh_400x400.jpg","https://pbs.twimg.com/profile_banners/481598648/1666097959"
"2884717841","UpLabs 👑","UpLabs","UpLabs is The #1 Marketplace to download and share UI assets for your next project","53750","53618","4629","47783","48323","","Global","https://www.uplabs.com/","false","false","","false","false","2014-11-20 04:33:39","https://x.com/UpLabs","https://pbs.twimg.com/profile_images/987022334988050432/MtSVQevd_400x400.jpg","https://pbs.twimg.com/profile_banners/2884717841/1566510150"
"111054522","Adobe Care","AdobeCare","Official Support account for Adobe. Need additional help? https://t.co/rNUvKoSugk","431360","101014","13419","2364","8666","教育","","https://helpx.adobe.com/support.html","false","true","Business","false","true","2010-02-04 01:16:58","https://x.com/AdobeCare","https://pbs.twimg.com/profile_images/1942640907167158272/aAuozvCf_400x400.jpg","https://pbs.twimg.com/profile_banners/111054522/1751996934"
"21915540","UX Links","uxlinks","Massively increase your UX skills and knowledge with our daily resources, tutorials and insights. Join our thriving community and stay ahead in UX.","19241","69509","30","28431","13342","UX 设计师","","https://linktr.ee/ux.links","false","true","","false","true","2009-02-26 04:40:35","https://x.com/uxlinks","https://pbs.twimg.com/profile_images/1910340163290419200/m2MyaIuH_400x400.jpg","https://pbs.twimg.com/profile_banners/21915540/1744209992"
"18330725","BetterUX","betterux_","A UX community of people + ideas. Part of @UserZoom.","40995","20938","13980","29087","12931","","","http://userzoom.com","false","false","","false","false","2008-12-23 18:18:29","https://x.com/betterux_","https://pbs.twimg.com/profile_images/1318193137379123202/-XGjoJD7_400x400.jpg","https://pbs.twimg.com/profile_banners/18330725/1608043851"
"63786611","Adobe","Adobe","Creativity doesn’t just open doors. It opens worlds. Join us in celebrating #CreativityForAll. Need help? Reach out to @AdobeCare.","45977","969875","216","14503","12480","","Location: All over the world.","https://www.adobe.com/","false","false","Business","false","true","2009-08-08 01:55:30","https://x.com/Adobe","https://pbs.twimg.com/profile_images/1982812857570836480/PpMZQXvi_400x400.jpg","https://pbs.twimg.com/profile_banners/63786611/1755201285"
"631741925","UX Mastery","uxmastery","UX beginners become professionals become veterans. The UX Mastery community helps UXers get started and get better.","12445","50265","2985","2713","412","","Global","https://uxmastery.com","false","false","","false","true","2012-07-10 14:35:14","https://x.com/uxmastery","https://pbs.twimg.com/profile_images/1118312604600897537/S7XEWeIW_400x400.png","https://pbs.twimg.com/profile_banners/631741925/1473851278"
"796207361115373568","Template Freebies","ui_resources","A simple way for you to find or share free Figma resources to inspire your next masterpiece. Not affiliated with @figmadesign.","168","783","78","1","57","","","https://www.templatefreebies.com","false","false","","false","true","2016-11-09 12:26:42","https://x.com/ui_resources","https://pbs.twimg.com/profile_images/1013251349285228544/HfMBw0E7_400x400.jpg","https://pbs.twimg.com/profile_banners/796207361115373568/1493348259"
"1292398400885993472","Figma Hunt 🏹","FigmaHunt","Finding the best x’s for @figma users. (Not affiliated with official company) by @dean_rie","12253","3939","528","13395","7","","Internet","","false","false","","false","false","2020-08-09 17:53:05","https://x.com/FigmaHunt","https://pbs.twimg.com/profile_images/1408368003876597762/aG5ii5tj_400x400.jpg","https://pbs.twimg.com/profile_banners/1292398400885993472/1679060401"
"33208306","Zach Johnston","zach__johnston","Design at OpenAI","1452","4549","746","5478","229","","San Francisco","http://zachjohnston.com","false","false","","false","true","2009-04-19 22:17:53","https://x.com/zach__johnston","https://pbs.twimg.com/profile_images/1706595809414815744/c6E3GMU8_400x400.jpg","https://pbs.twimg.com/profile_banners/33208306/1551713279"
"2254601131","Origami","FacebookOrigami","A free tool for designing modern interfaces by @designatmeta.

Join the community on Facebook: https://t.co/Un57IsADbv","436","12340","26","511","35","","","http://origami.design","false","false","","false","false","2013-12-20 14:43:56","https://x.com/FacebookOrigami","https://pbs.twimg.com/profile_images/1296533170230374401/fgqQLHQo_400x400.png","https://pbs.twimg.com/profile_banners/2254601131/1597952571"
"708915428454576128","Notion","NotionHQ","Write. Plan. Collaborate. With a little help from AI.","53850","496445","3467","44519","2550","","","http://notion.com","false","true","Business","false","true","2016-03-13 15:19:43","https://x.com/NotionHQ","https://pbs.twimg.com/profile_images/1903224093476077568/OCclsw4c_400x400.jpg","https://pbs.twimg.com/profile_banners/708915428454576128/1762281047"
"78645888","Design at Meta","DesignatMeta","Designing the future of digital connection","1045","77017","206","665","120","互联网公司","Menlo Park, CA","https://design.facebook.com/","false","true","Business","false","false","2009-10-01 00:35:00","https://x.com/DesignatMeta","https://pbs.twimg.com/profile_images/1454198288153026566/mFj06nkC_400x400.png","https://pbs.twimg.com/profile_banners/78645888/1600186608"
"710544869765165057","Abstract","goabstract","Abstract puts everyone in the design process on the same page 📖 Need help? Contact us in the app.","3586","13485","208","2692","465","","","https://www.abstract.com/","false","false","","false","true","2016-03-18 03:14:33","https://x.com/goabstract","https://pbs.twimg.com/profile_images/1412814763625795584/6h1_prLr_400x400.png","https://pbs.twimg.com/profile_banners/710544869765165057/1613666168"
"22510140","Pablo Stanley","pablostanley","designer @v0","15483","99283","2278","29783","2635","产品设计师","San Franciso","https://www.lummi.ai/","false","true","","false","true","2009-03-03 01:44:00","https://x.com/pablostanley","https://pbs.twimg.com/profile_images/1962900096875704320/bqLFzemH_400x400.jpg","https://pbs.twimg.com/profile_banners/22510140/1752975751"
"403930194","Webflow","webflow","Webflow is the world’s first Website Experience Platform (WXP). Build, manage, and optimize your websites — with the power of AI.

https://t.co/WMw6fligrJ","17255","156984","1381","30407","3238","","San Francisco, CA","https://wfl.io/twitter","false","false","Business","false","true","2011-11-03 14:09:53","https://x.com/webflow","https://pbs.twimg.com/profile_images/1709992260694380544/IpabLWL7_400x400.jpg","https://pbs.twimg.com/profile_banners/403930194/1696528904"
"19810702","benjamin","benjaminnathan","Head of Product @framer","2343","35325","623","15150","483","","","https://benjamin.design","false","true","","false","true","2009-01-31 17:59:14","https://x.com/benjaminnathan","https://pbs.twimg.com/profile_images/1566431445597429766/NewtkfpP_400x400.png","https://pbs.twimg.com/profile_banners/19810702/1677095704"
"1584968156","Dropbox Design","DropboxDesign","We believe joy is the engine that powers all the best ideas. We’re designing a more enlightened way of working, so you can love the way you work.","1696","29834","250","4007","147","","","http://dropbox.design","false","false","","false","true","2013-07-11 13:53:51","https://x.com/DropboxDesign","https://pbs.twimg.com/profile_images/1130897821970788352/YhptN_9y_400x400.png","https://pbs.twimg.com/profile_banners/1584968156/1558393972"
"27620026","Jorn van Dijk","jornvandijk","Founder of @framer. Investor at @festina. Designer at heart.","13328","20378","1046","23004","489","","www","http://www.jornvandijk.com","false","true","","false","false","2009-03-30 19:28:13","https://x.com/jornvandijk","https://pbs.twimg.com/profile_images/1985284045358374912/YJX4vaE-_400x400.jpg","https://pbs.twimg.com/profile_banners/27620026/1757590182"
"15118521","Koen Bok","koenbok","Koen sounds like Moon @framer @festina","11388","18583","4645","16214","221","","AMS / BCN","http://koenbok.com","false","true","","false","true","2008-06-15 01:59:19","https://x.com/koenbok","https://pbs.twimg.com/profile_images/877761532326625280/5aLb9Ld2_400x400.jpg","https://pbs.twimg.com/profile_banners/15118521/1744837723"
"5797422","Meng To","MengTo","Founder at @designcodeio and https://t.co/Kpiogf2zVu. I teach designers code and developers design.","27330","121750","417","35050","1380","","Singapore","http://designcode.io","false","true","","false","true","2007-05-06 08:22:13","https://x.com/MengTo","https://pbs.twimg.com/profile_images/1098613826709348353/_9_0Nd2X_400x400.png","https://pbs.twimg.com/profile_banners/5797422/1732792688"
"14351575","Dribbble","dribbble","The world's leading platform to discover top designers, their design work, and the services they offer.","20767","296449","970","11042","10372","社区","","https://shopgr.id/dribbble","false","true","","false","false","2008-04-10 22:34:21","https://x.com/dribbble","https://pbs.twimg.com/profile_images/1696953461412442112/nMjG1ZdU_400x400.jpg","https://pbs.twimg.com/profile_banners/14351575/1693420208"
"256093789","Freehand by InVision","InVisionApp","The all-in-one collaborative workspace where productive teams work. Try it free at https://t.co/S73LjXfZFj","72762","118189","4543","64970","29054","软件公司","New York, NY","https://freehandapp.com","false","false","Business","false","true","2011-02-23 01:02:10","https://x.com/InVisionApp","https://pbs.twimg.com/profile_images/1699685236211073024/D8kQ3F4r_400x400.jpg","https://pbs.twimg.com/profile_banners/256093789/1694071534"
"50280181","Sketch","sketch","Designers, welcome home.

Need support? @SketchHelp have you covered.","50991","162768","148","16533","2037","","Remote","https://sketch.com","false","false","Business","false","true","2009-06-24 19:31:43","https://x.com/sketch","https://pbs.twimg.com/profile_images/1858820941544869888/QHTakxOt_400x400.jpg","https://pbs.twimg.com/profile_banners/50280181/1732012423"
"1056838028","Framer","framer","The site builder loved by designers","10515","184236","405","8749","4559","","","http://framer.link/x","false","false","Business","false","false","2013-01-03 12:12:41","https://x.com/framer","https://pbs.twimg.com/profile_images/1985077106963836928/0u9nrdec_400x400.jpg","https://pbs.twimg.com/profile_banners/1056838028/1758716728"
"13712792","Alipay","Alipay","Leading digital open platform connecting 80 million businesses with more than one billion consumers in China. For app support, call +86 571 2688 6000.","2424","464016","168","740","731","","","https://www.antgroup.com/en","false","false","Business","false","true","2008-02-20 17:20:46","https://x.com/Alipay","https://pbs.twimg.com/profile_images/1783689886664716289/7ELGGYkx_400x400.jpg","https://pbs.twimg.com/profile_banners/13712792/1646297557"
"1081560650646765568","Figma Plugins 🔌","FigmaPlugins","🔥 Highlighting the best and latest Figma plugins. By @cdes & @dean_rie —— ⚠️ Not affiliated with Figma Company","3036","15448","7","956","921","","","","false","false","","false","true","2019-01-05 22:38:48","https://x.com/FigmaPlugins","https://pbs.twimg.com/profile_images/1396913777191309316/bKeVMXlD_400x400.jpg",""
"16814473","UX Collective","uxdesigncc","Curated stories on user experience, usability, and product design. By @fabriciot and @caioab.","40667","272726","3","12529","2800","","San Francisco, CA","http://uxdesign.cc","false","false","","false","false","2008-10-17 05:19:49","https://x.com/uxdesigncc","https://pbs.twimg.com/profile_images/982990409453334529/Mrnz3KJ6_400x400.jpg","https://pbs.twimg.com/profile_banners/16814473/1587658289"
"3689838915","Adobe XD","AdobeXD","Exploring the design and prototyping of user experiences. Talk with us!","18151","124444","189","9847","6857","","","https://www.adobe.com/products/xd.html?sdid=WT7FJ34S&mv=social&mv2=ownsoc-org","false","false","","false","true","2015-09-18 05:54:59","https://x.com/AdobeXD","https://pbs.twimg.com/profile_images/1272878892232007680/TIM90dV6_400x400.png","https://pbs.twimg.com/profile_banners/3689838915/1601321909"
"2977066699","Principle","PrincipleApp","The UI prototyping tool you'll love. 

Head here for customer support: https://t.co/nr9oNBfObC","264","18409","0","524","37","科技","Atlanta, Ga","http://Principle.app","false","true","","false","false","2015-01-12 23:50:01","https://x.com/PrincipleApp","https://pbs.twimg.com/profile_images/580925418422726656/Mg2OVH9o_400x400.png","https://pbs.twimg.com/profile_banners/2977066699/1540314157"
"3181020308","Figma","figma","Early birds get your tix","29878","520415","166","42890","2624","科技","","https://figma.bot/Config26-X","false","true","Business","false","true","2015-05-01 05:48:45","https://x.com/figma","https://pbs.twimg.com/profile_images/1950251644467490817/MiHVMqAM_400x400.jpg","https://pbs.twimg.com/profile_banners/3181020308/1752680970"
