﻿"User ID","Name","Username","Bio","Tweets Count","Followers Count","Following Count","Favourites Count","Media Count","Professional","Location","Website","Verified","Is Blue Verified","Verified Type","Protected","Can DM","Created At","Profile URL","Avatar URL","Profile Banner URL"
"106769245","桃桃的运营日记📓","TaoTaoOps","💫 每天分享运营干货知识～
❤️ 可以不光芒万丈，但不要停止发光
运营创作❗️营销思考❗️个人成长❗️𝟎𝟎年𝐢人","778","10474","0","0","722","","","","false","true","","false","false","2010-01-21 00:52:23","https://x.com/TaoTaoOps","https://pbs.twimg.com/profile_images/1904416626361188352/AQ6kqUeF_400x400.jpg","https://pbs.twimg.com/profile_banners/106769245/1742883282"
"1744988460103180288","露西的百宝箱","Lucy_love_AI","🌊  自由职业者
👉🏻 AI工具/实用软件/搞钱干货/职场提升
💓 我要分享 1000 篇实用干货！

你想要的这里全都有⬇️","2576","47197","30","4604","2218","","","https://box123.io/","false","true","","false","true","2024-01-10 15:45:15","https://x.com/Lucy_love_AI","https://pbs.twimg.com/profile_images/1829469704173539329/wP9_sYa5_400x400.jpg","https://pbs.twimg.com/profile_banners/1744988460103180288/1725014545"
"465810797","工具兔🐰","tool_hopper","🔧 全网最好用的工具都被我翻出来了
💥 工具兔上线，每天不水只干货！
💼 摸鱼、学习、工作神器通通有

关注我，一起躺着变强叭 🌸🌸🌸","1381","13524","16","6688","1253","","","","false","true","","false","false","2012-01-17 03:21:34","https://x.com/tool_hopper","https://pbs.twimg.com/profile_images/1905154538975510528/ntNCqt1L_400x400.jpg","https://pbs.twimg.com/profile_banners/465810797/1743059506"
"888137077","猫叔的职场笔记","haowue","🍀 分享职场干货
💰 人生短暂，早开窍，早退休","1138","11800","31","6515","1016","","","","false","true","","false","false","2012-10-18 13:02:46","https://x.com/haowue","https://pbs.twimg.com/profile_images/1911973090730373120/fmYbA0f5_400x400.jpg","https://pbs.twimg.com/profile_banners/888137077/1744684884"
"475832528","猫小姐学AI","MissCat_AI","不是在搞 AI，就是在搞 AI 的路上","1265","8024","130","6477","1134","","","","false","true","","false","false","2012-01-27 21:50:33","https://x.com/MissCat_AI","https://pbs.twimg.com/profile_images/1911701844855857152/9Ml2H7yz_400x400.jpg","https://pbs.twimg.com/profile_banners/475832528/1745811380"
"569189962","杂学大师✨","Techbruneth","跨领域知识分享者🎓 

英语学习📝｜金融思维🧠｜科技前沿🤖

历史趣事📚｜冷知识｜深度思考💭

让好奇心永远在线💪🏻～","1685","21307","65","10090","1385","","","","false","true","","false","false","2012-05-02 23:25:03","https://x.com/Techbruneth","https://pbs.twimg.com/profile_images/1933097007503314944/1nqKDcY0_400x400.jpg","https://pbs.twimg.com/profile_banners/569189962/1749700616"
"809709025","AI探路者Tim","AIExplorerTim","🤖 AI 探险家 | 在算法迷雾中点亮火把  
🧠 训练模型，也被模型训练  
⚡ 日常：调参、炼丹、等收敛  
🌍 相信AGI会来，但不确定是不是明天  
🔍 在科技与伦理的边界反复横跳","1671","13371","16","9513","1459","","","","false","true","","false","true","2012-09-08 06:20:42","https://x.com/AIExplorerTim","https://pbs.twimg.com/profile_images/1906159097889861632/Oc_QuXeK_400x400.png","https://pbs.twimg.com/profile_banners/809709025/1743298739"
"962502216","科技混子Chris","ChrisSlacker","科技圈资深韭菜🌿 ｜ 科技新品试毒☠️专员

分享科技资讯🗞️、互联网工具🧰

提升📈生产力，降低钱包💰厚度","1828","16522","28","9955","1601","","","","false","true","","false","true","2012-11-21 22:38:13","https://x.com/ChrisSlacker","https://pbs.twimg.com/profile_images/1933402794918359079/joMW_Hnp_400x400.jpg","https://pbs.twimg.com/profile_banners/962502216/1749701515"
"950327911","半吊子程序猿大铭","CoderDaMing","不成器的码农🧱 | 资深数码📷韭菜
🌴用副业的心态做主业，用主业的钱买数码
AI时代的摸鱼🐠专家
座右铭：买买买是第一生产力","1647","13727","23","9590","1470","","","","false","true","","false","false","2012-11-16 03:21:50","https://x.com/CoderDaMing","https://pbs.twimg.com/profile_images/1933019008061878273/V01gCRoq_400x400.jpg","https://pbs.twimg.com/profile_banners/950327911/1749702621"
"909916278","边忘边学的Tina💋","TinaLearning","📚 持续性学习 | 间歇性失忆  
✨ 在记住与遗忘的循环中反复横跳  
🐱 知识像金鱼记忆，但快乐永不褪色  
🔥 目标：把学习变成一场大型行为艺术","1122","9959","21","7511","988","","","","false","true","","false","false","2012-10-28 17:35:45","https://x.com/TinaLearning","https://pbs.twimg.com/profile_images/1906154418481106944/uj3HCrBa_400x400.jpg","https://pbs.twimg.com/profile_banners/909916278/1743297628"
"958562247831367680","Bitturing","Bitturing","🗺️大自然的搬运工 

🕸️泛互联网 
🔭科技 
🤖AI 
📖学习 
🪙Crypto #BTC 
💎投资 
🪐Web3 

🌍看都看了，点点关注","5105","100878","199","16690","3539","","","","false","true","","false","true","2018-01-31 12:47:03","https://x.com/Bitturing","https://pbs.twimg.com/profile_images/1640782991457931264/NiQ4O-sX_400x400.jpg","https://pbs.twimg.com/profile_banners/958562247831367680/1677489017"
"807095","The New York Times","nytimes","News tips? Share them here: https://t.co/ghL9OoYKMM","561791","54379448","848","18461","72644","","New York City","http://www.nytimes.com/","false","true","","false","false","2007-03-03 04:41:42","https://x.com/nytimes","https://pbs.twimg.com/profile_images/1098244578472280064/gjkVMelR_400x400.png","https://pbs.twimg.com/profile_banners/807095/1584666392"
"10228272","YouTube","YouTube","like & subscribe","60419","75467509","1145","6040","16060","","San Bruno, CA","http://linkin.bio/youtube","false","true","Business","false","false","2007-11-14 05:43:46","https://x.com/YouTube","https://pbs.twimg.com/profile_images/1984471345854566400/5pd8GpgC_400x400.jpg","https://pbs.twimg.com/profile_banners/10228272/1761969746"
"4398626122","OpenAI","OpenAI","OpenAI’s mission is to ensure that artificial general intelligence benefits all of humanity. We’re hiring: https://t.co/dJGr6Lg202","1507","4502696","4","1218","446","","","https://openai.com","false","true","Business","false","false","2015-12-07 06:51:08","https://x.com/OpenAI","https://pbs.twimg.com/profile_images/1885410181409820672/ztsaR0JW_400x400.jpg","https://pbs.twimg.com/profile_banners/4398626122/1759076948"
"1882023072750034944","美酱AI","meijiangAI","❤️ 痴迷挖各种好用的效率工具和AI
🌟 每天看看有惊喜 ⬇️
🌊  自由职业者
💓 我要分享 1000 篇实用干货！","2191","17823","39","8864","1960","","","","false","true","","false","true","2025-01-22 19:11:30","https://x.com/meijiangAI","https://pbs.twimg.com/profile_images/1886614416093011968/BuXehExC_400x400.jpg","https://pbs.twimg.com/profile_banners/1882023072750034944/1738638880"
"1236801913179574282","Zain Kahn","heykahn","Scaled products to 10M users + I write the world's biggest AI newsletter @superhuman_ai (1.5M readers). Sharing playbooks on how to build with AI here.","9500","507833","370","11146","815","","Join 1.5 Million readers →","https://www.superhuman.ai/subscribe","false","true","","false","true","2020-03-09 07:52:23","https://x.com/heykahn","https://pbs.twimg.com/profile_images/1889312610702512128/tqpykcHj_400x400.jpg","https://pbs.twimg.com/profile_banners/1236801913179574282/1727347866"
"1828852719425146880","Stitch","St1t3h","DeFi researches. Join me on my journey into the world of web3","28380","10418","1189","43433","1152","","ALPHA","https://t.me/+m-fho6OFfoFkMWE6","false","true","","false","true","2024-08-29 01:50:49","https://x.com/St1t3h","https://pbs.twimg.com/profile_images/1872913885184835584/HcAJWOdM_400x400.jpg","https://pbs.twimg.com/profile_banners/1828852719425146880/1735372444"
"25073877","Donald J. Trump","realDonaldTrump","45th & 47th President of the United States of America🇺🇸","59809","109795670","53","0","5378","","","http://DonaldJTrump.com","false","true","Government","false","false","2009-03-18 21:46:38","https://x.com/realDonaldTrump","https://pbs.twimg.com/profile_images/874276197357596672/kUuht00m_400x400.jpg","https://pbs.twimg.com/profile_banners/25073877/1604214583"
"50393960","Bill Gates","BillGates","Sharing things I'm learning through my foundation work and other interests.","4515","65344338","572","549","1530","","Seattle, WA","https://gatesnot.es/tgn","false","true","","false","false","2009-06-25 02:44:10","https://x.com/BillGates","https://pbs.twimg.com/profile_images/1879013694367252480/Gxa-Pspq_400x400.jpg","https://pbs.twimg.com/profile_banners/50393960/1745250848"
"855303666722525184","摆烂程序媛","wanerfu","大厂牛马 🐮 🐴｜日常摆烂 🏖️

分享泛互联网 👩‍💻 ｜ 泛科技资讯 💬 |  AI 🤖  |  web 3💰
 
渴望退休、渴望财务自由 🆓 💸

一站式AI工具:

🔗 https://t.co/ASzfTXDak9","4589","97724","167","11334","3985","科技","宇宙中心","","false","true","","false","true","2017-04-21 14:14:19","https://x.com/wanerfu","https://pbs.twimg.com/profile_images/1695073712612016128/xjiHduPl_400x400.jpg","https://pbs.twimg.com/profile_banners/855303666722525184/1692971868"
"1701953376597245952","流氓兔🐰","LiumangtuCrypto","互联网老油条 🧈
币圈小白兔 🐰
专注于搞钱 💵 
分享财商 🤔、金融 🏦、加密货币 🪙 等","2285","37865","224","8234","1925","","宇宙中心","","false","true","","false","true","2023-09-13 21:38:20","https://x.com/LiumangtuCrypto","https://pbs.twimg.com/profile_images/1804706859082997761/wzw71BuH_400x400.jpg","https://pbs.twimg.com/profile_banners/1701953376597245952/1719110724"
"11348282","NASA","NASA","Official NASA account. Exploring the universe, advancing science, and inspiring the next generation of explorers.

Verification: https://t.co/8nok3NP4PW","73116","88096076","158","16407","27619","","Pale Blue Dot","http://www.nasa.gov/","false","true","Government","false","false","2007-12-20 04:20:32","https://x.com/NASA","https://pbs.twimg.com/profile_images/1321163587679784960/0ZxKlEKB_400x400.jpg","https://pbs.twimg.com/profile_banners/11348282/1718393721"
"759251","CNN","CNN","It’s our job to #GoThere and tell the most difficult stories. For breaking news, follow @CNNBRK and download the CNN app ➡️ https://t.co/7PQD7o6fLw","425314","62973300","1051","1325","190692","","","http://www.cnn.com","false","true","Business","false","false","2007-02-09 08:35:02","https://x.com/CNN","https://pbs.twimg.com/profile_images/1669780523911110656/K9gaaM1g_400x400.jpg","https://pbs.twimg.com/profile_banners/759251/1689257013"
