﻿"User ID","Name","Username","Bio","Tweets Count","Followers Count","Following Count","Favourites Count","Media Count","Professional","Location","Website","Verified","Is Blue Verified","Verified Type","Protected","Can DM","Created At","Profile URL","Avatar URL","Profile Banner URL"
"1600505303166226433","Eric","sally_suite","Indie maker of Sally – your AI Office Copilot like Office 365 Copilot, and TabAny – Start AI chat from any textbox.
https://t.co/DPEmxSgYN8
https://t.co/kElEnC0Wwv","752","479","248","832","247","","China","https://www.sally.bot/","false","true","","false","false","2022-12-07 22:59:47","https://x.com/sally_suite","https://pbs.twimg.com/profile_images/1945302920771125248/i3rjuE6z_400x400.jpg","https://pbs.twimg.com/profile_banners/1600505303166226433/1698931051"
"350649380","Ming Yin","kalasoo","🌈 Crazy Monster!
Building a vibe lifestyle https://t.co/xbi2doVkeQ","2790","2987","913","1764","259","科技","Beijing","https://yinming.me","false","true","","false","false","2011-08-08 11:13:50","https://x.com/kalasoo","https://pbs.twimg.com/profile_images/1218534066842042368/In5G1777_400x400.jpg","https://pbs.twimg.com/profile_banners/350649380/1494819316"
"930368725454274560","龙共火火","huolongguodomgt","一个知识付费 mcn 老板，
一个 ai 学习者","241","581","603","45","18","社交媒体影响者","","","false","true","","false","true","2017-11-14 17:36:04","https://x.com/huolongguodomgt","https://pbs.twimg.com/profile_images/1965270094956969984/SU8G1hF9_400x400.jpg",""
"936609800598597633","Jason Young","Jason_Young1231","Building CC Switch, a Claude Code and Codex assistant tool
https://t.co/2aciSaKuSC","5002","3572","490","16179","279","","","","false","true","","false","true","2017-12-01 22:55:52","https://x.com/Jason_Young1231","https://pbs.twimg.com/profile_images/1604123462792249344/9cNRBhXV_400x400.jpg","https://pbs.twimg.com/profile_banners/936609800598597633/1741572602"
"1226419222474936320","苍何","canghecode","专注AI出海，AI编程，智能体，MCP，努力分享一些有趣，实用的AI干货，公众号：苍何","1175","3551","434","506","262","科技","wuhan","https://canghecode.com","false","true","","false","false","2020-02-09 16:15:56","https://x.com/canghecode","https://pbs.twimg.com/profile_images/1744283141219680256/5DcrV0du_400x400.jpg","https://pbs.twimg.com/profile_banners/1226419222474936320/1707200700"
"1966322844490665984","饼干哥哥AGI（2.0）","bggg_ai","重生之我继续在X 分享AI干货知识：AI编程、n8n 工作流、AI 绘画","237","4533","211","302","91","","","","false","true","","false","false","2025-09-12 10:12:55","https://x.com/bggg_ai","https://pbs.twimg.com/profile_images/1982968532481802240/eZp14eKY_400x400.jpg",""
"1120502756102402048","修饼","xiubing567","抖音号/视频号/小红书：修饼 ； YouTube/B站：修饼xiubing。 我的新书《迷你物理学》一直在售卖中～","847","967","584","584","174","","","https://youtube.com/channel/UCXT-sIe0Xw6MD5qZfamxHMw","false","true","","false","false","2019-04-23 09:40:49","https://x.com/xiubing567","https://pbs.twimg.com/profile_images/1653216601205018624/uxCuU-Iy_400x400.jpg",""
"780262031899242496","志辉","iamzhihui","10 年架构师，现在在学习 AI， 喜欢分享点有用，有趣的事情","769","3567","642","846","64","","","","false","true","","false","false","2016-09-26 12:25:39","https://x.com/iamzhihui","https://pbs.twimg.com/profile_images/1978098197122748417/jxAKxT1n_400x400.jpg","https://pbs.twimg.com/profile_banners/780262031899242496/1761282558"
"39658761","Bruce","codeo4","2023年all in ai创业，现在主要做企业AI培训业务，同时组织技术沙动活动，对接AI资源和项目，寻找技术产品供应商一起搞钱。分享生活经验、搞钱经历和南老师给我的教训。","3220","1072","331","332","94","","中国广州","https://www.dongboge.cn","false","true","","false","false","2009-05-13 09:52:26","https://x.com/codeo4","https://pbs.twimg.com/profile_images/1972958879672848384/YDYjjc4P_400x400.jpg","https://pbs.twimg.com/profile_banners/39658761/1705306089"
"1962429961052340224","axiaisacat","axiaisacat","目前做的几个产品：只有一个盈利，你们猜是哪一个？
https://t.co/wA8HRZST4g
https://t.co/hmFaSeXHh0
https://t.co/Sz3ANJ1gJ3
https://t.co/42ijajWE6n","128","1253","80","82","11","","🟩🟧🟨🟨🟨🟨🟨🟨🟨🟨 $100K","https://pixtribe.club","false","true","","false","false","2025-09-01 16:19:12","https://x.com/axiaisacat","https://pbs.twimg.com/profile_images/1983738104759402496/uwfZlr2F_400x400.jpg","https://pbs.twimg.com/profile_banners/1962429961052340224/1761795011"
"1955110843173179392","Yuanlin Lin","yuaan1in","Founder & CEO @zeaburapp —— the DevOps AI Agent for Vibe Coders.","38","77","60","30","10","","","","false","true","","false","false","2025-08-12 11:35:30","https://x.com/yuaan1in","https://pbs.twimg.com/profile_images/1955111063088988160/nrbSA90X_400x400.jpg","https://pbs.twimg.com/profile_banners/1955110843173179392/1760484398"
"24313912","Wey Gu 古思为","wey_gu","Build things, troubleshoot& sing.
Co-Founder @NowledgeLabs, build @NowledgeMem& https://t.co/RVZI2oX9pr
Microsoft MVP. Feminist. Prev @NebulaGraph, @Ericsson Cloud","14918","13738","3717","28312","738","科技","@siwei@mas.to","https://siwei.io/en/","false","true","","false","true","2009-03-14 10:46:34","https://x.com/wey_gu","https://pbs.twimg.com/profile_images/1275624368618397697/kZ6PZRqh_400x400.jpg","https://pbs.twimg.com/profile_banners/24313912/1626180083"
"1865299069092139008","Fox@MkSaaS.com","indie_maker_fox","🚀 The best AI SaaS boilerplate - https://t.co/VyNtTrZM3p
🔥 The best directory boilerplate with AI - https://t.co/wEvJ1DcAlj
🎉 https://t.co/zubXJCoqju & https://t.co/tfQf8T6IR7","5935","8282","1003","7263","1035","","🟩🟩🟩🟩🟩🟩🟩🟩🟩🟧 $100K","https://mksaas.link/discord","false","true","","false","true","2024-12-07 15:35:39","https://x.com/indie_maker_fox","https://pbs.twimg.com/profile_images/1905643474952880129/HiunneWW_400x400.jpg","https://pbs.twimg.com/profile_banners/1865299069092139008/1748222129"
"1392110156452823044","Berryxia.AI","berryxia_ai","🧠✨Building AI tools AI System Prompt 🐳 | Make WinMaxle Keyboard  Not a designer, not a programmer, Love Design & Coding & Prompt！ 
💼📮:Andyhuo@me.com","5345","16893","1805","2402","1221","金融服务","hongkong","https://yw.app/3bD49AG","false","true","","false","true","2021-05-11 21:31:49","https://x.com/berryxia_ai","https://pbs.twimg.com/profile_images/1911247392478789632/JvXU6qyM_400x400.jpg","https://pbs.twimg.com/profile_banners/1392110156452823044/1760658386"
"256523056","DAN KOE","thedankoe","notes to myself. building @edendotso","30124","546811","948","84462","1273","作家","the goods:","https://letters.thedankoe.com","false","true","","false","true","2011-02-23 22:25:39","https://x.com/thedankoe","https://pbs.twimg.com/profile_images/1845856303174037504/Q7ZZqVFa_400x400.jpg","https://pbs.twimg.com/profile_banners/256523056/1711767394"
"36952268","Tony出海","iamtonyzhu","Tony出海营销, Founder, Ship AI startups。10年前从国内互联网产品转行跨境电商。 社媒高转化 + SEO持续增长","5267","16198","1671","5336","930","","Tony出海营销手册👉","https://chuhaihao.com","false","true","","false","true","2009-05-01 22:23:58","https://x.com/iamtonyzhu","https://pbs.twimg.com/profile_images/1731259755891732480/C4u-Yz1V_400x400.jpg",""
"1973362673430786048","LoudAlpha","Loudalpha83","退休制造业VC搞独立游戏开发","607","839","760","213","24","","VAL DI FUNES","","false","false","","false","true","2025-10-01 20:21:47","https://x.com/Loudalpha83","https://pbs.twimg.com/profile_images/1973362865869627392/xPGNJ9c-_400x400.jpg","https://pbs.twimg.com/profile_banners/1973362673430786048/1761989949"
"1619961638140149766","李举刚","justinleei","ai产品合伙人，白天写代码，晚上追热点，把点子变成产品的“全能螺丝钉”。","1993","8916","660","2718","144","","","https://lijugang.ai","false","true","","false","true","2023-01-30 15:32:32","https://x.com/justinleei","https://pbs.twimg.com/profile_images/1835526576374423553/3n_W8X1y_400x400.jpg","https://pbs.twimg.com/profile_banners/1619961638140149766/1732447168"
"3178231","宝玉","dotey","Prompt Engineer, dedicated to learning and disseminating knowledge about AI, software engineering, and engineering management.","27056","144694","1452","38033","4694","","Chicago, IL","https://baoyu.io","false","true","","false","true","2007-04-02 11:42:14","https://x.com/dotey","https://pbs.twimg.com/profile_images/561086911561736192/6_g58vEs_400x400.jpeg",""
"1517093052032057344","AI 航海家","ai_voyager168","AI
出海
赚$","5156","2177","1483","1939","909","","beijing","","false","true","","false","false","2022-04-21 18:49:16","https://x.com/ai_voyager168","https://pbs.twimg.com/profile_images/1959514476774137856/aUSaRxrG_400x400.jpg","https://pbs.twimg.com/profile_banners/1517093052032057344/1756019634"
"1567179325551812609","Li Xiangyu 香鱼🐬","LiXiang1947","Neuroscience PhD diving deep into AI | Going all-in on global product adventures | English vibes: @lixiangyu9710 | Email to xiangyuli997@gmail.com","16311","16472","1591","23319","442","科技","","https://scholar.google.com/citations?hl=zh-CN&user=FQlzamQAAAAJ","false","true","","false","true","2022-09-06 23:54:12","https://x.com/LiXiang1947","https://pbs.twimg.com/profile_images/1911584400224948224/QbglopMa_400x400.jpg","https://pbs.twimg.com/profile_banners/1567179325551812609/1729084908"
"16162831","Ben Goodger","bengoodger","kiwi in silicon valley / web fan since ages ago / head of engineering, atlas @OpenAI / fmrly: helped create chrome+firefox.","2186","5845","845","1812","156","","Bay Area, CA","","false","true","","false","true","2008-09-07 08:34:00","https://x.com/bengoodger","https://pbs.twimg.com/profile_images/1776300853462548484/XyQJSO76_400x400.jpg","https://pbs.twimg.com/profile_banners/16162831/1712357306"
"1893490301853114369","xqql.ai","xqql388BC","老 Java｜AI 信徒｜降临派忠实拥趸｜艾伦超级粉丝｜Learn In Public","364","72","113","175","67","","","","false","false","","false","true","2025-02-23 10:37:33","https://x.com/xqql388BC","https://pbs.twimg.com/profile_images/1982078848071061505/qksoZTyb_400x400.jpg","https://pbs.twimg.com/profile_banners/1893490301853114369/1756783326"
"2570744342","Sky盖哥","hellosky567","🎨原阿里设计专家
🏀安踏/FILA AI绘画导师
📚《人人都能玩赚AI绘画》畅销书作者
😊AI绘画师日记万人星球星主
❤️微信：helloskys567","116","464","2576","2655","83","","","","false","true","","false","true","2014-06-16 19:10:23","https://x.com/hellosky567","https://pbs.twimg.com/profile_images/1850928185556500480/r-iQcQob_400x400.jpg","https://pbs.twimg.com/profile_banners/2570744342/1730130711"
"1640081654101295106","成峰","chengfeng240928","探索 Agent 应用
思考和实践在：AI产品自由、AI产品成峰","278","49","257","68","86","","Garden Grove","","false","false","","false","false","2023-03-27 04:01:57","https://x.com/chengfeng240928","https://pbs.twimg.com/profile_images/1906201238435471360/kAoWQqqI_400x400.jpg","https://pbs.twimg.com/profile_banners/1640081654101295106/1743308820"
"961440398076993537","Tmr","tmr11235","","406","104","721","6334","67","","","https://blog.xlab.app","false","false","","false","true","2018-02-08 11:23:48","https://x.com/tmr11235","https://pbs.twimg.com/profile_images/1099605362540392448/gpot3SrP_400x400.png",""
"1470050550083465217","DN-Samuel 🧑‍💻","SamuelQZQ","AI领域视频博主 全网60万关注 | Crypto Builder & Holder｜苏州线下开发者社群🐷理人｜前微软工程师","1290","19228","703","2819","131","","","http://qzq.at","false","true","","false","true","2021-12-12 23:19:17","https://x.com/SamuelQZQ","https://pbs.twimg.com/profile_images/1633090580543676416/7nhHRLUS_400x400.jpg","https://pbs.twimg.com/profile_banners/1470050550083465217/1678194113"
"1249322582869852161","Ian (伊恩)","ianneo_ai","追波中国区Top设计师 | Muzli每日霸榜选手 | 懂审美的AI实战派；不只聊AI，更专注帮你少加班、多搞钱；合作DM，🏆 Dribbble 作品集: https://t.co/Ca5Z76OezZ","824","4516","399","1354","100","产品设计师","china","https://dribbble.com/neocurve","false","true","","false","true","2020-04-12 21:04:58","https://x.com/ianneo_ai","https://pbs.twimg.com/profile_images/1891533502811865088/TGLd-ENY_400x400.jpg","https://pbs.twimg.com/profile_banners/1249322582869852161/1762441864"
"16477634","Pavel Durov","durov","Founder, CEO at @telegram (2013), founder, ex-CEO of @vkontakte (2006), part-time troll.","2204","2685352","1","240","110","","EU","","false","true","","false","false","2008-09-27 08:12:22","https://x.com/durov","https://pbs.twimg.com/profile_images/658376777258151936/-Jz8l4Rr_400x400.jpg",""
"1892802325586333699","serva huang","servasyy","古早程序员 | AI出海 | 自由职业
机车游侠&机速购&骑享租创始人
15年前 freelance 起步 → 连续创业者 → 亏过1个亿，逆风翻盘中
分享创业，AI，生活，读书，健身，中医","2974","8358","542","5374","116","","","","false","true","","false","true","2025-02-21 13:03:54","https://x.com/servasyy","https://pbs.twimg.com/profile_images/1969304899877027840/Ok6tYp0b_400x400.jpg","https://pbs.twimg.com/profile_banners/1892802325586333699/1760433997"
"1710961456437768192","徐浩 Coria","coriaxu1013","ISFJ｜外企学习发展经理｜终身学习与自我成长爱好者｜AI 提效与方法论探索｜用心感知婚恋情感","441","93","271","644","37","","","","false","false","","false","false","2023-10-08 18:13:16","https://x.com/coriaxu1013","https://pbs.twimg.com/profile_images/1725691773576720384/6wzup_tA_400x400.jpg","https://pbs.twimg.com/profile_banners/1710961456437768192/1697468516"
"1874157623714426880","木子不写代码","ai_muzi","一起构建和分享最前沿的AI商业化应用！
油管up主:木子不写代码 | 图卢兹大学机器学习博士 | 前空客研发工程师
Youtuber | PhD in Machine Learning, University of Toulouse | Former R&D Engineer @ Airbus.","711","4796","290","580","90","","关注油管 -》","https://www.youtube.com/channel/UCY3SgqRpZd0GWWk8dRCybdw","false","true","","false","false","2025-01-01 02:16:19","https://x.com/ai_muzi","https://pbs.twimg.com/profile_images/1874157706174509056/DiVz40Wo_400x400.jpg","https://pbs.twimg.com/profile_banners/1874157623714426880/1758805968"
"1244096159603281920","张俊林JohnAI创业笔记","geneningz","Nothing is impossible.
一线创业者，和你聊创业故事😇","236","71","334","213","13","科技","","","false","false","","false","false","2020-03-29 10:57:16","https://x.com/geneningz","https://pbs.twimg.com/profile_images/1973632728869511168/a-P6TsvQ_400x400.jpg","https://pbs.twimg.com/profile_banners/1244096159603281920/1759384773"
"618751087","tangjinzhou","tangjinzhou","@mentorbook_ai

Open-source creator (https://t.co/RZwQkvYf58, 21K⭐)

Creator of https://t.co/XaPx3hQDiS  https://t.co/BmCv4BAxxo https://t.co/qHDd127xwr","2050","8233","617","3082","97","","","https://www.mentorbook.ai","false","true","","false","true","2012-06-26 13:03:46","https://x.com/tangjinzhou","https://pbs.twimg.com/profile_images/1952273219903508480/WeOr6NmB_400x400.jpg","https://pbs.twimg.com/profile_banners/618751087/1760516850"
"1071299684315017217","安仔","geekshellio","👨‍💻 Entrepreneur & Full-stack-engineer
☁️ AI | Web3 | Cloud Native Researcher
🐚  @myshell_ai Creator","702","2159","293","1152","185","","Hong Kong","","false","true","","false","true","2018-12-08 15:05:23","https://x.com/geekshellio","https://pbs.twimg.com/profile_images/1723248873806942208/EalEraX0_400x400.jpg","https://pbs.twimg.com/profile_banners/1071299684315017217/1742632894"
"1362702543810228225","Nexmoe - Dreamweaver","nexmoe","产品经理。保持黑客的解构精神与画家对美与简单的追求 业余创造 VideoLingo&小舒同学 / Github 混了 16k+ ✨","1551","3823","530","1023","414","","","http://nexmoe.com","false","false","","false","false","2021-02-19 17:56:27","https://x.com/nexmoe","https://pbs.twimg.com/profile_images/1817907147168247808/0TJKRvRC_400x400.jpg","https://pbs.twimg.com/profile_banners/1362702543810228225/1747890088"
"1930281921810182147","林悦己Cheer","cheerselflin","🎬AI influencers｜@evolinkai CMO💰Vibe coding 💻 building my career｜ 🚢 follow me to learn & use AI","1463","4606","298","316","307","","","http://cheerselfai.com","false","true","","false","false","2025-06-04 23:14:22","https://x.com/cheerselflin","https://pbs.twimg.com/profile_images/1977898892969848833/jOBliiC5_400x400.jpg","https://pbs.twimg.com/profile_banners/1930281921810182147/1749050166"
"1871361198693941248","romeofang","romeofang1412","🪐 聚焦 AI ✕ 创造力 | 分享实用工具和前沿资讯
🎨 Vibe Coder | 创造好用、有趣的产品
🌍 出海探索者 | 奔向被动收入和数字游民生活","226","241","212","314","42","","","","false","false","","false","false","2024-12-24 09:04:55","https://x.com/romeofang1412","https://pbs.twimg.com/profile_images/1961328548138094592/WN_W5L3C_400x400.jpg","https://pbs.twimg.com/profile_banners/1871361198693941248/1757170582"
"985830788674404352","炮爷_已婚版","rotor187","💪妻宝男，让老婆变富婆
👑唯媳妇和搞钱不可辜负
🌹公🀄️号：炮爷Hack｜炮爷聊AI
❤️创业做过婚恋、出境游、红薯高客单等","1336","4124","363","1750","267","科技","","https://okjk.co/XkhvZP","false","true","","false","false","2018-04-16 18:42:30","https://x.com/rotor187","https://pbs.twimg.com/profile_images/1976333241494929409/w6d7IOQe_400x400.jpg","https://pbs.twimg.com/profile_banners/985830788674404352/1757857535"
"2183277272","亮子纠缠AI","ailiangzi","写作第一
https://t.co/LnHLIWtdM2 大蓝书","3774","18878","2784","5042","665","","Beijing","","false","false","","false","false","2013-11-09 08:36:25","https://x.com/ailiangzi","https://pbs.twimg.com/profile_images/1172408556424839169/lIF-hmiN_400x400.jpg","https://pbs.twimg.com/profile_banners/2183277272/1582028354"
"756319701861601281","鱼总聊AI","AI_Jasonyu","👋 鱼总 / Jason｜8 年出海产品 📈 单款产品 $200k+ 收入，全靠自然流量 💡 代表产品：PaywallPro（付费墙情报&优化）、Portix APP 🍼 2胎爸爸 & AI 内容创作者 这里聊：AI · 出海 · 订阅 · 创业心路 https://t.co/KDI27Daaoi","1287","6259","951","1324","277","","Shaanxi","https://www.paywallpro.app","false","true","","false","true","2016-07-22 10:47:23","https://x.com/AI_Jasonyu","https://pbs.twimg.com/profile_images/1877193368725581824/7_ocNC-C_400x400.jpg","https://pbs.twimg.com/profile_banners/756319701861601281/1760544606"
"100399047","Tz","Tz_2022","AI is the steam engine of the mind. AI是心灵的蒸汽机。
科幻是现实的有效坍塌。加速正在被加速。
看，那千尺海啸正扑面而来，而我们还在海滩上捡垃圾。
念念不忘，必有回响。","5109","11051","1366","8750","955","科技","Edinburgh, UK","","false","false","","false","false","2009-12-30 12:06:23","https://x.com/Tz_2022","https://pbs.twimg.com/profile_images/1579478276287905794/7-2NGiY3_400x400.jpg","https://pbs.twimg.com/profile_banners/100399047/1724471757"
"1660598418409127937","GitHubDaily","GitHub_Daily","💡 挖掘开源的价值
🧑🏻‍💻 坚持分享 GitHub 上高质量、有趣、实用的教程、AI工具、前沿 AI 技术
🧐 A list cool, interesting projects of GitHub.
✏️ 公众号：GitHubDaily","1539","54126","136","33","1521","","","https://github.com/GitHubDaily/GitHubDaily","false","true","","false","true","2023-05-22 18:48:49","https://x.com/GitHub_Daily","https://pbs.twimg.com/profile_images/1660876795347111937/EIo6fIr4_400x400.jpg","https://pbs.twimg.com/profile_banners/1660598418409127937/1684818863"
"1850452841925861376","小年","XiaoNianTalk","自媒体干货+碎碎念","3402","14236","421","2200","341","教育","V：xiaonianpyq","https://www.xiaohongshu.com/user/profile/5dd6bf6600000000010064a3","false","true","","false","true","2024-10-27 16:22:05","https://x.com/XiaoNianTalk","https://pbs.twimg.com/profile_images/1888771094670151680/OxhjIgQX_400x400.jpg",""
"1554325830708314112","droidHZ","hezhiyan7","嗨，这里是赫兹，网站出海生意人 ，公开记录网站开发每一步！","987","2892","303","844","97","","","http://droidhz.com","false","true","","false","false","2022-08-02 12:39:09","https://x.com/hezhiyan7","https://pbs.twimg.com/profile_images/1942385394554728448/b9FlYTW2_400x400.jpg","https://pbs.twimg.com/profile_banners/1554325830708314112/1757243110"
"1580525407077634048","西里森森","sirisensen","公众号/小红书 西里森森 📮合作：319089366@qq.com /微信：Nocipopoo  持续关注AI，欢迎同频朋友交流想法 保持热爱与好奇，这个时代需要一点好玩的东西~ 梦想是做出真正有价值的产品","198","3463","400","134","105","","上海","","false","true","","false","false","2022-10-13 19:46:48","https://x.com/sirisensen","https://pbs.twimg.com/profile_images/1951924638306709504/Ae8jztwK_400x400.jpg","https://pbs.twimg.com/profile_banners/1580525407077634048/1753951033"
"885086674828578816","Mr Panda","PandaTalk8","Solo Developer ｜ Growth Coach｜Helping creators build their personal brand on X  
公众号：PandaTalk8","20076","56225","6648","56839","1215","教育","","https://xgrowth.xlearnity.ai/","false","true","","false","true","2017-07-12 18:41:22","https://x.com/PandaTalk8","https://pbs.twimg.com/profile_images/1738715996737933312/QHUuRDK1_400x400.jpg","https://pbs.twimg.com/profile_banners/885086674828578816/1760969154"
"1928711169419956224","Jason Zhu","GoSailGlobal","独立开发，AI SaaS出海， AI价值内容分享 — 让AI工具就像积木一样构建产品，拼出无限可能！👉🏻 https://t.co/BDEkVzvki1","2443","7655","1504","4357","344","","china","","false","true","","false","false","2025-05-31 15:13:12","https://x.com/GoSailGlobal","https://pbs.twimg.com/profile_images/1949434880959676416/GEQGVlME_400x400.jpg","https://pbs.twimg.com/profile_banners/1928711169419956224/1755945863"
"2827471609","吕立青_JimmyLv (闭关ing) 2𐃏25","Jimmy_JingLv","🚧 building https://t.co/AJfZ3LMlgq
https://t.co/606cFUoda3
https://t.co/s0m0tpQMDH

🐣learning/earning while helping others
❤️making software, storytelling videos
🔙alibaba @thoughtworks","7204","14750","4708","17371","1543","科技","crossbell.io/@jimmylv","https://jimmylv.cn","false","true","","false","true","2014-09-23 12:56:37","https://x.com/Jimmy_JingLv","https://pbs.twimg.com/profile_images/1904951563657129984/FUJlM4dy_400x400.jpg","https://pbs.twimg.com/profile_banners/2827471609/1668128967"
"1851933324463476738","逐梦AI赚钱实战","AmbitiousXU","🚀 一名四线城市正在创业的00后小伙
🌐 全网10万粉丝（ins四万）
📈 0基础➡️月入四万（十个月）
🤝 寻找有雄心的小伙伴共同进步
🌍 全平台同名：逐梦AI赚钱实战","1272","7056","75","656","618","","微信：zmxu604 (备注推特)，更多资料👉","","false","true","","false","true","2024-10-31 18:25:02","https://x.com/AmbitiousXU","https://pbs.twimg.com/profile_images/1851933706220638209/g6oPGRtD_400x400.jpg","https://pbs.twimg.com/profile_banners/1851933324463476738/1749888349"
"1597294270226092042","素人极客-Amateur Geek","changli71829684","360集团-纳米AI提示词工程顾问。
文科人，原创500+提示词工程。
独家20条黄金AI交互法则，
用AI对传统任务，狂抽猛送三千下。
我正在做的事：复刻那些底层内核强大的人。
AI课：AI捏人大法，重塑灵魂底价。","7009","5110","560","5239","431","教育","合作微：surenjike0123","","false","true","","false","true","2022-11-29 02:20:26","https://x.com/changli71829684","https://pbs.twimg.com/profile_images/1600900605668491269/mqTJl9NA_400x400.jpg","https://pbs.twimg.com/profile_banners/1597294270226092042/1669881223"
"842560988683550721","Jason Zhou","jasonzhou1993","I build & teach AI stuff | Learn to build with AI at @aibuilderclub_ | Building @SuperDesignDev","1601","26103","605","1139","299","企业家","Sydney, New South Wales","https://www.youtube.com/@AIJasonZ","false","true","","false","true","2017-03-17 10:19:28","https://x.com/jasonzhou1993","https://pbs.twimg.com/profile_images/1613651966663749632/AuQiWkVc_400x400.jpg","https://pbs.twimg.com/profile_banners/842560988683550721/1659186166"
"16681326","Frank Wang 玉伯","lifesinger","I am curious and honest","4241","15090","888","713","89","","FUTURE","http://youmind.com","false","true","","false","false","2008-10-10 17:36:41","https://x.com/lifesinger","https://pbs.twimg.com/profile_images/1965120373781114880/rLnJ1xpC_400x400.jpg","https://pbs.twimg.com/profile_banners/16681326/1755700256"
"2815325906","刘小排","bourneliu66","AI产品创业者

Raphael AI - https://t.co/tJOiC33sAI
AnyVoice - https://t.co/MQkmOW2lbu
Fast3D - https://t.co/6m3JO8jJvc","123","11120","81","14","58","","","https://raphael.app/","false","true","","false","false","2014-09-18 01:37:10","https://x.com/bourneliu66","https://pbs.twimg.com/profile_images/1955860656919625728/sCkP_hTF_400x400.png",""
"1830427451803275264","拔刀刘AI学习","daodao300","🖥十年互联网老兵 ♊双子座分裂B 💼创过业打过工 🔋效率控、实践AI ing 更多深度内容公号找我：daodao300","322","1031","153","26","75","","","","false","false","","false","false","2024-09-02 10:08:24","https://x.com/daodao300","https://pbs.twimg.com/profile_images/1839480020689117184/kENdJTBU_400x400.jpg","https://pbs.twimg.com/profile_banners/1830427451803275264/1727508288"
"1744350556460929024","AIror","chenkun198282","Founder of AIpai
https://t.co/sZhQABZuJV
The world's most advanced AI video Agent product
MIT/NYU Hackathon AI Competition judge","2302","3211","1190","2035","565","企业家","","http://aipai.ai","false","true","","false","true","2024-01-08 21:29:31","https://x.com/chenkun198282","https://pbs.twimg.com/profile_images/1747654682607316992/tULZJx_B_400x400.jpg",""
"1685355844119220225","卡尔的AI沃茨","aiwarts","分享一些好用、优雅的 AI 、工作流和创作方式，一起边学边做，前字节coder, Al and tech Educator, LearnPrompt founder","5202","10810","1054","8556","1682","","Earth","https://github.com/LearnPrompt","false","true","","false","false","2023-07-30 02:26:17","https://x.com/aiwarts","https://pbs.twimg.com/profile_images/1685356596204040192/DYVeb0ww_400x400.jpg","https://pbs.twimg.com/profile_banners/1685355844119220225/1690655390"
"26654586","M.","wlzh","🎯AI玩家","5010","8410","263","7846","1041","","VX&TG：+gxjdian","https://t.me/tgmShare","false","true","","false","true","2009-03-26 09:31:32","https://x.com/wlzh","https://pbs.twimg.com/profile_images/1971564093330100224/LUdVXeKz_400x400.jpg","https://pbs.twimg.com/profile_banners/26654586/1755613642"
"1943306828697550848","Claude","claudeai","Claude is an AI assistant built by @anthropicai to be safe, accurate, and secure. Talk to Claude on https://t.co/ZhTwG8dz3D or download the app.","168","173731","2","174","71","","","http://claude.ai","false","true","","false","false","2025-07-10 21:50:48","https://x.com/claudeai","https://pbs.twimg.com/profile_images/1950950107937185792/QOfEjFoJ_400x400.jpg","https://pbs.twimg.com/profile_banners/1943306828697550848/1754428112"
"1413340227687571456","YC (Yucheng Liu)","lyc_zh","⛴️ 为出海企业构建软基建 via #出海去 @chuhaiqu Founder
🦾 为超级团队打造数字员工 @LuciusAI_HQ Co-founder
🚀 X BoostClub 400 万推特社区 #XBC Founder
🦄 一人独角兽必将出现 
♊️ INTJ/ENTJ 左右横跳 
📍 Boston","5131","12263","1634","5475","848","社区","Boston, MA","https://regrowth.so/watchlists/x-boostclub-a044a9436ec34d399abef5042600a7d2","false","true","","false","true","2021-07-09 11:32:38","https://x.com/lyc_zh","https://pbs.twimg.com/profile_images/1964737537479512064/KXewSKLV_400x400.jpg","https://pbs.twimg.com/profile_banners/1413340227687571456/1735691977"
"1853862558370783232","Dia","diabrowser","Meet Dia, the AI browser that brings your tabs to life. 
From your friends @browsercompany","122","27046","1","555","23","","","http://diabrowser.com","false","true","","false","false","2024-11-06 02:11:02","https://x.com/diabrowser","https://pbs.twimg.com/profile_images/1932577234310631424/vB2kuq9S_400x400.jpg","https://pbs.twimg.com/profile_banners/1853862558370783232/1749596693"
"46539665","Booker","being99","🤖 AI-Focused Full Stack Engineer  🚀
🔧 Creator of  CloudBase AI ToolKit, CloudBase Framework","628","1134","232","577","92","互联网公司","China","https://github.com/TencentCloudBase/CloudBase-AI-ToolKit","false","true","","false","true","2009-06-12 09:00:42","https://x.com/being99","https://pbs.twimg.com/profile_images/1943130278953664512/2ppzOXyJ_400x400.jpg","https://pbs.twimg.com/profile_banners/46539665/1752841675"
"1491786147961323526","Axis Wang","WangxsNB","🚀Vibe Developer  👨‍🎓PhD Candidate @Tsinghua_Uni","2737","4202","718","5319","333","","","","false","false","","false","true","2022-02-10 22:48:45","https://x.com/WangxsNB","https://pbs.twimg.com/profile_images/1921399854007291904/kjUx__5i_400x400.jpg","https://pbs.twimg.com/profile_banners/1491786147961323526/1728907700"
"529069413","CatFly","imyouhu","✦Views expressed are my own 
✦Operations Manager at https://t.co/U7OvuKqGi4  
✦Passionately Curious
✦Passionate about AI, Tech, Finance, and Society","2388","3914","648","1375","226","科技","Hong Kong","https://juejin.cn/","false","true","","false","true","2012-03-19 11:34:15","https://x.com/imyouhu","https://pbs.twimg.com/profile_images/1043851872078110721/9-3A3Jy5_400x400.jpg","https://pbs.twimg.com/profile_banners/529069413/1571134325"
"259611996","Bear Liu","bearbig","Product Designer, 10 year+ podcaster and author of 2 books. Love things around design, tech and productivity, making JAM at https://t.co/ZhUT9zdkzg 🍯","17978","108941","2600","5180","6414","产品设计师","Free newsletter  👉","https://bear.academy","false","true","","false","true","2011-03-02 14:53:54","https://x.com/bearbig","https://pbs.twimg.com/profile_images/803996540696084480/Z-uk8--s_400x400.jpg","https://pbs.twimg.com/profile_banners/259611996/1746610243"
"1863959670169501696","Kimi.ai","Kimi_Moonshot","Built by Moonshot AI to empower everyone to be superhuman. ⚡️API: https://t.co/ggYlFf809H","189","68567","109","178","58","","","https://www.kimi.com/","false","true","Business","false","false","2024-12-03 22:54:14","https://x.com/Kimi_Moonshot","https://pbs.twimg.com/profile_images/1910294000927645696/QseOV0uF_400x400.png","https://pbs.twimg.com/profile_banners/1863959670169501696/1733238156"
"1404738934043602947","Jackywine","Jackywine","年终复盘 ing","23502","25691","2807","76769","3601","风险投资","","","false","true","","false","true","2021-06-15 17:54:01","https://x.com/Jackywine","https://pbs.twimg.com/profile_images/1805875520430915586/x3t_sQdd_400x400.jpg","https://pbs.twimg.com/profile_banners/1404738934043602947/1750768857"
"1823403448974618624","Yuri","yuri4gen","Gen-singer，Hi Surreal.","48","3350","1","82","14","","Tokyo","http://instagram.com/yuri4gen","false","true","","false","false","2024-08-14 00:57:24","https://x.com/yuri4gen","https://pbs.twimg.com/profile_images/1937802001972400128/PQWdp-Aq_400x400.jpg","https://pbs.twimg.com/profile_banners/1823403448974618624/1751138806"
"855548998907699200","Tanay Kothari","tankots","CEO at https://t.co/7Ru3KbkVb9 | Forbes 30 under 30 | Stanford CS + AI | Competitive programmer","1215","6192","322","1727","128","","Signup (It's Free) →","https://wisprflow.ai","false","true","","false","true","2017-04-22 06:29:11","https://x.com/tankots","https://pbs.twimg.com/profile_images/1461615841733058561/-lzaqDLJ_400x400.jpg","https://pbs.twimg.com/profile_banners/855548998907699200/1748973551"
"28237213","Chris Pedregal","cjpedregal","Founder of @meetgranola, the AI notepad for people in back-to-back meetings. Previously founded Socratic (acq by Google). Product builder and optimist ✨","1307","7577","563","4503","80","","London","http://granola.ai","false","true","","false","true","2009-04-02 08:30:28","https://x.com/cjpedregal","https://pbs.twimg.com/profile_images/1941840628104445952/amb1uxo8_400x400.jpg","https://pbs.twimg.com/profile_banners/28237213/1647944828"
"1830880351801221120","凡人小北","frxiaobei","行道途中。非求速成，惟求通达。
2023 年扎进AI ，打通Know-How，不少赚钱项目，踩过坑，也见过光。
围城里待得够久了，出来聊聊世界，聊聊技术、聊聊赚钱。","3844","19134","351","4596","224","","vx/WeChat: frxiaobei","https://www.frxiaobei.com/","false","true","","false","true","2024-09-03 16:08:10","https://x.com/frxiaobei","https://pbs.twimg.com/profile_images/1916849689783402496/DC10b7O3_400x400.jpg","https://pbs.twimg.com/profile_banners/1830880351801221120/1728362842"
"763901306264322049","Susan STEM","feltanimalworld","Founder of the Entropy Control Theory : Language as system design  用结构抵抗熵增","33839","40686","6062","43202","1678","","Virginia, USA","https://www.entropycontroltheory.com","false","true","","false","false","2016-08-12 08:53:58","https://x.com/feltanimalworld","https://pbs.twimg.com/profile_images/1941884420048265216/Dbcchu0q_400x400.jpg","https://pbs.twimg.com/profile_banners/763901306264322049/1511626510"
"1877769084924039168","Huxe","gethuxe","The most personalized content on the internet: made only for you","182","6027","3","248","25","","California, USA","http://huxe.com","false","false","Business","false","false","2025-01-11 01:27:06","https://x.com/gethuxe","https://pbs.twimg.com/profile_images/1930705785799196672/TcV4MKTh_400x400.jpg","https://pbs.twimg.com/profile_banners/1877769084924039168/1758640130"
"9574172","BadUncle","BadUncleX","Vibe Math","3752","6237","831","1746","635","科技","ÜT: 39.914074,116.414311","","false","false","","false","true","2007-10-21 13:23:13","https://x.com/BadUncleX","https://pbs.twimg.com/profile_images/1747922230389231616/yoWxjZFD_400x400.jpg","https://pbs.twimg.com/profile_banners/9574172/1699988504"
"206546319","Josh Woodward","joshwoodward","VP, @Google @GoogleLabs @GeminiApp @GoogleAIStudio","864","36296","754","6058","58","","","","false","true","","false","true","2010-10-23 13:27:47","https://x.com/joshwoodward","https://pbs.twimg.com/profile_images/1842591777032994816/EmanZF3w_400x400.jpg",""
"2789781","xushiwei","xushiwei","Creator of XGo (https://t.co/i0rVuQXRRO) and LLGo. Our vision is to enable everyone to become a builder of the world. Qiniu Limited CEO.","1447","9019","560","552","192","","","https://xgo.dev/","false","true","","false","true","2007-03-29 12:50:07","https://x.com/xushiwei","https://pbs.twimg.com/profile_images/1923576841215905792/OAco0pZx_400x400.jpg","https://pbs.twimg.com/profile_banners/2789781/1710403962"
"1558317849508122629","CuiMao","CuiMao","我是一名智力低下的博士生，我想学习一下这篇论文，请用傻子都能懂的语言详细给我讲一下这篇文章怎么做的，特别是模型和实证方面","8502","22213","960","6653","1001","科技","","","false","true","","false","true","2022-08-13 13:01:53","https://x.com/CuiMao","https://pbs.twimg.com/profile_images/1987475348288925696/UEjtXq1b_400x400.jpg","https://pbs.twimg.com/profile_banners/1558317849508122629/1760427513"
"3147641080","Sophia在斯坦福","HeySophiaHong","🌲 清华毕业 | 斯坦福辍学
👩🏻‍💻 01年萌新创业者
💡 AI前沿 | 创业思考 | 出海产品 | 留学生活
✨ 小红书即刻同名","223","7413","276","445","30","","","","false","true","","false","true","2015-04-08 19:10:27","https://x.com/HeySophiaHong","https://pbs.twimg.com/profile_images/1763824090459336704/U5F411AW_400x400.jpg",""
"1811857960995573760","KomikoAI","KomikoAI","KomikoAI is your one-stop AI anime creation platform!
KomikoAI は、コミック・マンガ・アニメ制作のためのオールインワンAIツールです！","376","766","583","571","175","娱乐和休闲","","https://komiko.app","false","true","","false","false","2024-07-13 04:19:42","https://x.com/KomikoAI","https://pbs.twimg.com/profile_images/1902817264900186112/HC5Y6uYT_400x400.jpg","https://pbs.twimg.com/profile_banners/1811857960995573760/1755733272"
"1726158130709708800","Eric Jing","ericjing_ai","Cofounder/CEO @Genspark_ai | Serial entrepreneur, built business from 0 to $5.5B | Ex-CPO @Baidu Search, Ex-Principal Dev Mgr @Microsoft Bing","1767","15800","148","1650","161","","Palo Alto, CA","http://genspark.ai","false","true","","false","false","2023-11-19 16:39:16","https://x.com/ericjing_ai","https://pbs.twimg.com/profile_images/1871418126610685952/GUIuX0Bs_400x400.jpg","https://pbs.twimg.com/profile_banners/1726158130709708800/1735015827"
"451425069","海拉鲁编程客","hylarucoder","🖥️ Indie Maker
🛠️ 星球「海哥和他的小伙伴们」
📌 油管「海拉鲁编程客」
 🌸 沦为程序员的段子手/猫咪","14541","18963","1023","3799","1721","科技","👉","https://discord.gg/QpUU4ayM2m","false","true","","false","true","2011-12-31 20:37:37","https://x.com/hylarucoder","https://pbs.twimg.com/profile_images/1725593465/1e73398765998062c75cc3f6____400x400.jpg","https://pbs.twimg.com/profile_banners/451425069/1581146904"
"732353","WaytoAGI｜通往AGI之路","WaytoAGI","🔗 Empowering more people through AI｜联结上百万人的 AI 开源社区｜https://t.co/UTIpHstWff  实现通用人工智能（AGI）也许有很长的路要走，我们的目标是让每个人的学习过程少走弯路，让更多的人因 AI 而强大。","821","15561","571","408","354","","China","http://WaytoAGI.com","false","false","","false","false","2007-01-30 21:52:36","https://x.com/WaytoAGI","https://pbs.twimg.com/profile_images/1774714687822983168/81Gqj4jj_400x400.jpg","https://pbs.twimg.com/profile_banners/732353/1689955540"
"1101942551349731335","gabriel","GabrielPeterss4","sora research at @OpenAI, previously at midjourney, swedish high school dropout","5476","56731","558","14836","204","","San Francisco","","false","true","","false","true","2019-03-03 04:29:12","https://x.com/GabrielPeterss4","https://pbs.twimg.com/profile_images/1900416323030581248/LRlv5e8n_400x400.jpg","https://pbs.twimg.com/profile_banners/1101942551349731335/1615661475"
"1472063616","Zara Zhang","zarazhangrui","Building AI x learning products. Harvard’17. Side project: https://t.co/QTlH7OGcGy YouTube: https://t.co/8xzbGWtf6w Substack: https://t.co/dDPEWGiuBW","1111","16347","1314","1032","206","","San Jose, CA","http://www.zarazhang.com","false","true","","false","true","2013-05-31 20:52:30","https://x.com/zarazhangrui","https://pbs.twimg.com/profile_images/1742369596534067200/Ts-5zSJ6_400x400.jpg",""
"1435039757872992256","TlexAang","Alextang4587","几乎快全栈了,我有两只猫,一只叫Java,一只叫Python","2070","452","4760","2645","65","","beijing","http://nanx.cloud","false","false","","false","false","2021-09-07 08:38:45","https://x.com/Alextang4587","https://pbs.twimg.com/profile_images/1894620027342438400/zRPquEbg_400x400.jpg",""
"1713954014537379840","启师傅","Chris_55237","🪑良渚Demo Day发起人 
📱独立开发者：了然清单、LEMO FM  https://t.co/KuvSUoaCvm
🎙播客《启师傅AI客厅》  
🦁有一只布偶猫猫叫小白","89","542","486","1497","15","","","","false","false","","false","true","2023-10-17 00:24:39","https://x.com/Chris_55237","https://pbs.twimg.com/profile_images/1792902431673864193/o41cBYCQ_400x400.jpg","https://pbs.twimg.com/profile_banners/1713954014537379840/1716296619"
"1071224721046261760","karminski-牙医","karminski3","A coder, road bike rider, server fortune teller, electronic waste collector, co-founder of KCORES, ex-director at IllaSoft, KingsoftOffice, Juejin.","3993","29456","1432","2023","2174","","Asia/Beijing","https://kcores.com","false","true","","false","true","2018-12-08 10:07:30","https://x.com/karminski3","https://pbs.twimg.com/profile_images/1071225168360427520/2tY0hY6b_400x400.jpg","https://pbs.twimg.com/profile_banners/1071224721046261760/1736987799"
"1867332524","Yinsen","YinsenHo_","PM of 🍒 Cherry Studio","2613","8806","627","107","341","科技","Los Angeles, CA","http://Cherry-ai.com","false","true","","false","false","2013-09-15 19:14:10","https://x.com/YinsenHo_","https://pbs.twimg.com/profile_images/1892102864560062468/HqBEmDlS_400x400.jpg",""
"1894614504421691393","Medeo_Official","Medeo_AI","Idea Flows, Video Glows - Medeo Knows!

Medeo’s beta invitation is officially open!! 
https://t.co/WMInv8RbFJ","374","1346","32","90","96","","","","false","true","","false","true","2025-02-26 13:04:51","https://x.com/Medeo_AI","https://pbs.twimg.com/profile_images/1922558498623172608/sxkMFJ1T_400x400.jpg","https://pbs.twimg.com/profile_banners/1894614504421691393/1741942104"
"1296847058586890241","汗青 HQ","hq4ai","AIGC | Arts | AI-IP creation | Virtual Idols | AI Interactive Storytelling | Japan | https://t.co/aiF6whMY1j | https://t.co/4bDfMXETFT |","1898","33149","585","3014","599","科技","Tokyo-to, Japan","http://youtube.com/@AITalk4","false","true","","false","true","2020-08-22 00:30:17","https://x.com/hq4ai","https://pbs.twimg.com/profile_images/1934920592987496448/Rdeuz225_400x400.jpg","https://pbs.twimg.com/profile_banners/1296847058586890241/1758645464"
"50683","ding.one","dingyi","Prev: Bewater, Mask, OPPO, 36Kr...
Design Newsletter ‣ https://t.co/q1JG1yCzdb
Design Engineer News ‣ https://t.co/uHtq1Z3Kus
Promote your product: dingyi@me.com","56071","159785","4675","3196","2302","产品设计师"," Remote","http://ding.one","false","true","","false","true","2006-12-08 23:10:12","https://x.com/dingyi","https://pbs.twimg.com/profile_images/1961774857223630848/YOjEFAE0_400x400.jpg","https://pbs.twimg.com/profile_banners/50683/1582434442"
"1596695231717871616","dontbesilent","dontbesilent12","🔍 商业哲学爱好者  📡 维特根斯坦种草主播  🫆 生活合伙人 @XiaoNianTalk  📱 全网同名：dontbesilent 聊赚钱","12108","55617","906","7953","1186","教育","","https://www.xiaohongshu.com/user/profile/63fc8880000000001f0329db","false","true","","false","true","2022-11-27 10:39:52","https://x.com/dontbesilent12","https://pbs.twimg.com/profile_images/1840665561287798784/GJCK0iKf_400x400.jpg","https://pbs.twimg.com/profile_banners/1596695231717871616/1762833879"
"2572621910","加元 | Jiayuan","Jiayuan_CN","Building AI | https://t.co/5j6V9c5zc4 (@devv_ai) 创始人 | Ex-TikTok","4356","98167","1051","2547","1275","商业和工业","","","false","true","","false","true","2014-06-17 17:58:47","https://x.com/Jiayuan_CN","https://pbs.twimg.com/profile_images/1967524274161487872/3ha2ag9N_400x400.jpg","https://pbs.twimg.com/profile_banners/2572621910/1738514709"
"1905532312177311745","LovartAI","lovart_ai","The design agent. Ideate, create & deliver - all in one place.
🎨🎙️🎞️ ｜ https://t.co/S8TmoIlI1S","290","19586","172","1564","148","","San Francisco","https://www.lovart.ai","false","true","","false","true","2025-03-28 16:08:12","https://x.com/lovart_ai","https://pbs.twimg.com/profile_images/1921463929634729984/3l477prv_400x400.jpg","https://pbs.twimg.com/profile_banners/1905532312177311745/1745376432"
"1838445323317805057","一个托尼・Anthony Fu","antfuzh","@antfu7 中文小号","340","4191","170","583","11","","","http://antfu.me","false","false","","false","false","2024-09-24 13:08:34","https://x.com/antfuzh","https://pbs.twimg.com/profile_images/1983288024957161472/lD6DjnS8_400x400.jpg",""
"894590724322213888","Anthony Fu 🦋 @antfu.me","antfu7","Coming alive over getting ahead.","4928","58631","1293","16484","367","","","https://antfu.me","false","false","","false","false","2017-08-08 00:07:04","https://x.com/antfu7","https://pbs.twimg.com/profile_images/1980306076479201281/0WC7AqxQ_400x400.jpg","https://pbs.twimg.com/profile_banners/894590724322213888/1731082687"
"1388805097841336320","Slidev","Slidevjs","Presentation Slides for Developers, by @antfu7","107","5164","4","216","15","","","https://github.com/slidevjs/slidev","false","false","","false","false","2021-05-02 18:38:57","https://x.com/Slidevjs","https://pbs.twimg.com/profile_images/1388805947691134976/bIiEQTyK_400x400.jpg","https://pbs.twimg.com/profile_banners/1388805097841336320/1619952690"
"1846671939437252609","NotebookLM","NotebookLM","Think smarter, not harder. Meet your brain's new best friend 📒","898","112955","15","3167","85","","","http://notebooklm.google","false","true","Business","false","false","2024-10-17 05:59:01","https://x.com/NotebookLM","https://pbs.twimg.com/profile_images/1861084152054849547/uKBhfKBo_400x400.jpg","https://pbs.twimg.com/profile_banners/1846671939437252609/1732552014"
"1163786515144724485","Jürgen Schmidhuber","SchmidhuberAI","Invented principles of meta-learning (1987), GANs (1990), Transformers (1991), very deep learning (1991), etc. Our AI is used many billions of times every day.","142","171012","0","1062","66","","Switzerland, KSA","https://people.idsia.ch/~juergen/most-cited-neural-nets.html","false","true","","false","false","2019-08-20 20:15:46","https://x.com/SchmidhuberAI","https://pbs.twimg.com/profile_images/1715797038535680000/ZFrYnYWD_400x400.jpg","https://pbs.twimg.com/profile_banners/1163786515144724485/1721394141"
"4922450361","Karen Hao","_KarenHao","NYT bestselling author of EMPIRE OF AI: https://t.co/wh5mCWc2mo. ai reporter. american national magazine award winner. words in @theatlantic @wsj @techreview","3333","76735","1200","6028","270","","Hong Kong","http://www.karendhao.com/","false","true","","false","false","2016-02-17 13:07:17","https://x.com/_KarenHao","https://pbs.twimg.com/profile_images/1905964698631380993/kWKDXj4K_400x400.jpg","https://pbs.twimg.com/profile_banners/4922450361/1745572554"
"68746721","François Chollet","fchollet","Co-founder @ndea. Co-founder @arcprize. Creator of Keras and ARC-AGI. Author of 'Deep Learning with Python'.","24629","587517","820","10154","1443","科技","United States","https://fchollet.com/","false","true","","false","false","2009-08-26 01:09:25","https://x.com/fchollet","https://pbs.twimg.com/profile_images/1611009368765468673/lLWbGjjj_400x400.jpg","https://pbs.twimg.com/profile_banners/68746721/1463719109"
"216939636","Andrew Ng","AndrewYNg","Co-Founder of Coursera; Stanford CS adjunct faculty. Former head of Baidu AI Group/Google Brain. #ai #machinelearning, #deeplearning #MOOCs","1948","1291769","1048","1658","438","","Palo Alto, CA","http://www.andrewng.org","false","true","","false","false","2010-11-18 11:39:11","https://x.com/AndrewYNg","https://pbs.twimg.com/profile_images/733174243714682880/oyG30NEH_400x400.jpg","https://pbs.twimg.com/profile_banners/216939636/1483126470"
"1864405562903154690","PulseMCP","pulsemcp","Doing our best to drive adoption of the Model Context Protocol (MCP). Reach out, we love to chat MCP.","207","505","54","236","24","","San Francisco, CA","https://www.pulsemcp.com/","false","true","","false","false","2024-12-05 04:25:10","https://x.com/pulsemcp","https://pbs.twimg.com/profile_images/1879326071121944576/cGerwGID_400x400.jpg","https://pbs.twimg.com/profile_banners/1864405562903154690/1738599505"
"145593492","Glowin","glow1n","focusing on Generative AI ｜Former Co-founder of https://t.co/PJL8ze16fj with @kalasoo , acquired by ByteDance in 2019","10761","7666","3627","1415","787","科技","北京, 中华人民共和国","","false","true","","false","true","2010-05-19 18:32:32","https://x.com/glow1n","https://pbs.twimg.com/profile_images/1810969278847537154/oEHfLcrK_400x400.jpg","https://pbs.twimg.com/profile_banners/145593492/1700795102"
"1052902828744695808","XCaptain","XCaptaincc","kepp real/デジタル爱好者/メーカー/ Vibe Developer/日本语/Bytedancer·🧱🧱🧱/agi 知识库&浪说播客 Builder","4698","2224","1046","6409","1162","社区","","http://LANGSHUO0.PODCAST.XYZ","false","true","","false","true","2018-10-18 20:42:51","https://x.com/XCaptaincc","https://pbs.twimg.com/profile_images/1484544141904457732/C7VBlmXJ_400x400.jpg",""
"2162747077","𝗖𝘆𝗱𝗶𝗮𝗿","Cydiar404","🧑🏻‍🦯带属性浪迹互联网20年 | 202209开始创业 | 我是产品经理 · 强迫癌 | 我是设计师 · 像素眼 | 我能说5分钟脱口秀 | 绝不给SB老板打工 | 长期主义 | 利他主义 | 哆啦C梦 | 超级奶爸 | ENFJ | Cydiar.eth | Agent | RAG | Lucy","15681","57135","810","15608","2157","","✨","http://www.cydiar.com","false","true","","false","true","2013-10-29 20:19:55","https://x.com/Cydiar404","https://pbs.twimg.com/profile_images/1980204817009037312/rFrZZ8ab_400x400.jpg","https://pbs.twimg.com/profile_banners/2162747077/1761938560"
"38167656","Jeffery Kaneda　金田達也","JefferyTatsuya","https://t.co/XMkEfLzyoK

- https://t.co/TAbYHGeBnW (AI搜索引擎）
- https://t.co/OZfPxx93LH （企业知识引擎）

- https://t.co/eRORaOHar0 Felo字幕会议纪要","2989","18416","1398","2561","519","企业家","Tokyo","http://jeff.circleo.me","false","false","","false","true","2009-05-06 20:34:18","https://x.com/JefferyTatsuya","https://pbs.twimg.com/profile_images/1088218171083878400/cdo7t7mw_400x400.jpg",""
"1524250283521368064","Harry Zhang","zhanghaili0610","@LangChainAI Ambassador, #VibeWeave Co-founder.
@linuxfoundation LFAPAC Open Source Evangelist, @milvusio Ambassador.","1562","2291","644","3321","103","社区","Shanghai, China","https://space.bilibili.com/28357052","false","false","","false","false","2022-05-11 12:49:46","https://x.com/zhanghaili0610","https://pbs.twimg.com/profile_images/1905601291197579271/BDdTTaN9_400x400.jpg","https://pbs.twimg.com/profile_banners/1524250283521368064/1652450099"
"242605694","Randy Lu","randyloop","Fullstack engineer, Blogger. Notepal https://t.co/lHbZa6cdA8 / @_pdlft / @browserfly 钢铁直男 Always welcome good opportunity.","5501","28313","814","3181","1184","","Guangzhou, China","https://lutaonan.com","false","true","","false","true","2011-01-25 12:48:25","https://x.com/randyloop","https://pbs.twimg.com/profile_images/1657298747049791489/sAIv6DRb_400x400.jpg","https://pbs.twimg.com/profile_banners/242605694/1629856404"
"1619737819","Rafal Wilinski","rafalwilinski","building, ex-ai agents @zapier","4361","7319","844","11758","728","香槟酒吧","Poznan, Poland","https://rwilinski.ai/consulting/","false","true","","false","true","2013-07-25 15:27:38","https://x.com/rafalwilinski","https://pbs.twimg.com/profile_images/1903886240266797056/zneT1REE_400x400.jpg","https://pbs.twimg.com/profile_banners/1619737819/1561216682"
"52754493","陈大码","chendama1024","写作爱好者 · 程序员 · ToB 轻创业","1498","437","208","855","180","","Zhengzhou China","","false","true","","false","true","2009-07-01 23:25:59","https://x.com/chendama1024","https://pbs.twimg.com/profile_images/1864478673023479808/nzyjKBzE_400x400.jpg",""
"1718896922277314560","熠辉 Indie","yihui_indie","我的AI编程课(https://t.co/HVZn3ItASW) |B站up主 | 分享创造 + 无限迭代ing","4367","38734","722","2770","1042","","Hong Kong","https://happyaicoding.com","false","true","","false","true","2023-10-30 15:45:42","https://x.com/yihui_indie","https://pbs.twimg.com/profile_images/1804848821702377472/fSfFlGTf_400x400.jpg","https://pbs.twimg.com/profile_banners/1718896922277314560/1753789761"
"155252642","黄赟","huangyun_122","正在研究 100个 AI 变现案例， 用数据思维解构商业增长","8006","72135","1080","2354","1600","","Shanghai Pudong","","false","true","","false","true","2010-06-14 00:04:08","https://x.com/huangyun_122","https://pbs.twimg.com/profile_images/1183766724534882305/SIxSKinT_400x400.jpg","https://pbs.twimg.com/profile_banners/155252642/1555159810"
"348197129","Jen Zhu","jenzhuscott","Cofounder/CEO, Power Dynamics | sustainable energy + efficient compute.","11823","54896","1338","18715","1898","科技","On a Plane ","http://www.powerdynamics.ai","false","true","","false","true","2011-08-04 09:24:28","https://x.com/jenzhuscott","https://pbs.twimg.com/profile_images/1780838209074966528/sLoqyoHY_400x400.jpg","https://pbs.twimg.com/profile_banners/348197129/1729730985"
"950460643173216256","idoubi","idoubicc","Building https://t.co/mOqCgk7jjr  /  https://t.co/vK21lE7HkK. ex: WechatPay Global","694","21367","336","352","176","","all in AI","","false","true","","false","true","2018-01-09 04:14:10","https://x.com/idoubicc","https://pbs.twimg.com/profile_images/1657754264729448448/1AOP0K4c_400x400.jpg","https://pbs.twimg.com/profile_banners/950460643173216256/1715493813"
"1638038901142028290","Ran.627","Nin19536","Product Lead @Medeo_AI
Building Next AI Video Editor
AI Startup Full-stack | AI Video Creator
 @cornell_tech","495","6559","654","3891","169","","Shanghai","https://www.medeo.app/","false","false","","false","false","2023-03-21 12:44:56","https://x.com/Nin19536","https://pbs.twimg.com/profile_images/1638038964220096518/Bg5Ne2NP_400x400.png","https://pbs.twimg.com/profile_banners/1638038901142028290/1682368846"
"115897222","yan5xu","yan5xu","🤖 AI 野生研究员 | ex @ManusAI_HQ & @hey_im_monica
推特内容仅代表个人观点，和公司无关","2026","7056","357","1437","129","科技","✈️wuhan","","false","true","","false","true","2010-02-20 18:32:45","https://x.com/yan5xu","https://pbs.twimg.com/profile_images/1818445093218430976/2Pvxg6Vf_400x400.jpg","https://pbs.twimg.com/profile_banners/115897222/1480174486"
"2524054428","Luo说不啰嗦","LuoSays","一个挑战者。
一个清醒的普通人。
一个精致的利他主义者。  
一个体面而克制的效率玩家。  
一个自洽并多线运转的行动主义者。  
一个情绪节能却成果过载的连续创业者。

Portfolio: GNGM, HeyForm, @chuhaiqu @LuoSuno","13297","29941","671","8547","861","科技","Estonia","https://luosays.com","false","true","","false","true","2014-05-26 11:49:28","https://x.com/LuoSays","https://pbs.twimg.com/profile_images/1735526136405434368/CgtbRyhq_400x400.jpg","https://pbs.twimg.com/profile_banners/2524054428/1745211558"
"1166761","Dash","DashHuang","心动公司 CEO，TapTap、VeryCD创始人。","7841","108995","661","12220","1132","游戏玩家","Auckland","https://huang.co","false","true","","false","false","2007-03-15 00:39:20","https://x.com/DashHuang","https://pbs.twimg.com/profile_images/1126525862537351169/xJVtWSnu_400x400.jpg","https://pbs.twimg.com/profile_banners/1166761/1645038101"
"113822619","Yichao 'Peak' Ji","peakji","Co-founder & Chief Scientist @ManusAI | Training AI since 2013, training Pokémon since 1998.","55","24953","175","86","6","","","","false","true","","false","true","2010-02-13 12:48:44","https://x.com/peakji","https://pbs.twimg.com/profile_images/1221326957293391872/RxuO34sl_400x400.jpg","https://pbs.twimg.com/profile_banners/113822619/1580022123"
"754333","hidecloud","hidecloud","Co-founder of @manusai","26612","23010","410","1123","511","","Singapore","https://manus.im","false","true","","false","true","2007-02-04 15:59:28","https://x.com/hidecloud","https://pbs.twimg.com/profile_images/1749469524414668800/Ilz6fAYl_400x400.jpg","https://pbs.twimg.com/profile_banners/754333/1703958407"
"131867975","テツメモ｜AI図解×検証｜Newsletter","tetumemo","10年以上ブロガー×AIクリエイター×図解する人🔳｜AIを中心に図解・検証レポートを発信中→結果はハイライト｜ 他Web3・Tech・Gadget・Game・3DCG等発信中｜本業 新規事業開発 GtoC向けApp｜筋トレ、写真、映像、アニメ｜ ⇨ https://t.co/qqv5Zts5V4","34677","32932","389","36381","10598","博客作者","📒毎週月曜日ニュースレター発行：今日からはじまるAI生活↑","https://lit.link/tetumemo","false","true","","false","false","2010-04-11 23:47:48","https://x.com/tetumemo","https://pbs.twimg.com/profile_images/1740572915685584896/7nsuwNFv_400x400.jpg","https://pbs.twimg.com/profile_banners/131867975/1703859714"
"1198293183697952769","Raycast","raycast","Your shortcut to everything.
✨ Pro → https://t.co/U2NFkqtaYw
🏪 Store → https://t.co/aXtNuiE7G2
👥 Community → https://t.co/R2il42i6E7","2538","81874","29","4409","779","软件公司","","https://www.raycast.com","false","true","Business","false","false","2019-11-24 01:32:59","https://x.com/raycast","https://pbs.twimg.com/profile_images/1973045346675638272/61MGDa3k_400x400.png","https://pbs.twimg.com/profile_banners/1198293183697952769/1758018377"
"1695890961094909952","Cursor","cursor_ai","The best way to code with AI.","213","275264","44","555","93","","","http://cursor.com","false","false","Business","false","false","2023-08-28 04:08:16","https://x.com/cursor_ai","https://pbs.twimg.com/profile_images/1970182748146180096/dhZeXi_X_400x400.jpg","https://pbs.twimg.com/profile_banners/1695890961094909952/1758562002"
"1848820102239817730","Windsurf","windsurf","Tomorrow's Editor, Today.  
@WindsurfCurrent","762","69315","22","956","217","","Silicon Valley","http://wind.surf/x","false","true","Business","false","true","2024-10-23 04:14:09","https://x.com/windsurf","https://pbs.twimg.com/profile_images/1916931366161420291/020yjIAw_400x400.jpg","https://pbs.twimg.com/profile_banners/1848820102239817730/1750440613"
"6690032","向阳乔木","vista8","喜欢摇滚乐、爱钓鱼的PM
网站：https://t.co/vnUpLt752o","6004","68183","1370","6736","1773","科技","Beijing","","false","true","","false","true","2007-06-09 13:48:52","https://x.com/vista8","https://pbs.twimg.com/profile_images/1960882043249942533/h4J39ERy_400x400.jpg","https://pbs.twimg.com/profile_banners/6690032/1681134125"
"20536157","Google","Google","Here to help.","246125","32448500","285","3781","37569","科技","Mountain View, CA","https://blog.google/newsletter-subscribe/","false","true","Business","false","false","2009-02-11 03:14:39","https://x.com/Google","https://pbs.twimg.com/profile_images/1972718204565811200/adTFhODz_400x400.jpg","https://pbs.twimg.com/profile_banners/20536157/1761777507"
"1302118861995536387","Panda","Jiaxi_Cui","Video AI","2238","15637","849","2537","384","","BeiJing","https://scholar.google.com/citations?user=QRV7CjgAAAAJ","false","true","","false","true","2020-09-05 13:38:34","https://x.com/Jiaxi_Cui","https://pbs.twimg.com/profile_images/1677124881144770560/W6zZ-Zux_400x400.jpg","https://pbs.twimg.com/profile_banners/1302118861995536387/1758038923"
"1214898012675301376","Sam Song","SamSongAI","INTJ、Claude、Obsidian、Blogger","2203","846","827","7168","282","","北京","","false","false","","false","true","2020-01-08 21:14:01","https://x.com/SamSongAI","https://pbs.twimg.com/profile_images/1603252015244595200/2Zz24cwe_400x400.jpg","https://pbs.twimg.com/profile_banners/1214898012675301376/1665853168"
"15339461","霍太稳","taiwen","极客邦科技创始人兼CEO
InfoQ中国、极客时间、TGO鲲鹏会","2148","13102","356","69","51","","Beijing","http://www.geekbang.com","false","true","","false","false","2008-07-07 14:27:41","https://x.com/taiwen","https://pbs.twimg.com/profile_images/887321977156915200/NjkSK_N6_400x400.jpg","https://pbs.twimg.com/profile_banners/15339461/1552980147"
"1764818331822182400","小互","imxiaohu","学AI找小互，找小互，上 https://t.co/4PVaHEr5r3 ...

小互AI日报 社群：https://t.co/LIEXfWUHv1","7736","76039","1499","1859","4863","","Mars","http://xiaohu.ai","false","true","","false","true","2024-03-05 09:01:23","https://x.com/imxiaohu","https://pbs.twimg.com/profile_images/1765404718959095808/BX7VN1hS_400x400.jpg","https://pbs.twimg.com/profile_banners/1764818331822182400/1717126346"
"1871455931017678848","TRAE","Trae_ai","The Real AI Engineer. 
Download now: https://t.co/kapduuwttm  
Join SOLO waitlist: https://t.co/UXvS3gZnw7","1002","30262","29","989","270","科技","San Francisco","http://trae.ai/?utm_source=content&utm_medium=twitter","false","true","Business","false","false","2024-12-24 15:20:52","https://x.com/Trae_ai","https://pbs.twimg.com/profile_images/1946201092687114241/4X_B0XgN_400x400.png","https://pbs.twimg.com/profile_banners/1871455931017678848/1752845476"
"1947133020","Zaotang","zaotang18","悠船 (Midjourney 中国) Product Designer ｜ 全国可飞，落地撸图 ｜ 🇨🇳武漢 & 🇯🇵千葉 に住んでいます ｜ 《猫与星》APP 的创造者。https://t.co/3mGzMb1WuD","834","2615","1156","4322","80","","Adachi-ku, Tokyo","http://zaotang.xyz","false","false","","false","false","2013-10-08 23:10:10","https://x.com/zaotang18","https://pbs.twimg.com/profile_images/1879712744297132033/T3OmGNyd_400x400.jpg","https://pbs.twimg.com/profile_banners/1947133020/1737172457"
"1131442257675083777","Cell 细胞","cellinlab","⚡️ 「BIP 订阅制真人秀」概念提出者 ｜ 💻 独立开发者 ｜🌍 造物矩阵 @ZaoWuJuZhen & 小火炉播客 @XiaohuoluFM 创始人 ｜🎯 关注 AI & Crypto · 构建创作者生态 · 探索个体与社区的更多可能 ｜🌐 English: @CellNomad","12051","20118","4523","13426","2240","科技","","https://www.cellinlab.com","false","true","","false","true","2019-05-23 14:10:30","https://x.com/cellinlab","https://pbs.twimg.com/profile_images/1634900405724545031/gQgQEpaj_400x400.jpg","https://pbs.twimg.com/profile_banners/1131442257675083777/1732942869"
"877141452","caoz","caoz4","闷骚老男人","327","4183","80","31","7","","","","false","false","","false","false","2012-10-13 13:54:15","https://x.com/caoz4","https://pbs.twimg.com/profile_images/1526256582966669312/z6aaYaOy_400x400.jpg",""
"806464682823282688","Tom Huang","tuturetom","Building the open-source agentic workspace for Human-AI collaboration → https://t.co/i68tK8Smms, ex @tiktok_us","8750","30309","6402","8604","2498","","","https://www.refly.ai","false","true","","false","true","2016-12-07 19:45:38","https://x.com/tuturetom","https://pbs.twimg.com/profile_images/1033199673035522048/WI-JLSAc_400x400.jpg","https://pbs.twimg.com/profile_banners/806464682823282688/1754537357"
"1413448007362650115","◂Ⓘ▸YAYOI の 夢","Yayoi_no_yume","KISARAGIノ桜🌸/普通人/写真家📸/◂Ⓘ▸电吉他手🎸/🖌️绘画/文字📖/🥇Learn in public/LLM应用🔍/和开发者做朋友☀️/“🤖e/acc🚀”","24968","4680","3965","18185","4510","摄影师","朝焼の涙、青空の色、夕日の風、夜の月と星","http://www.yayoi.love","false","false","","false","true","2021-07-09 18:40:52","https://x.com/Yayoi_no_yume","https://pbs.twimg.com/profile_images/1958476471040942080/HU_vDvXn_400x400.jpg","https://pbs.twimg.com/profile_banners/1413448007362650115/1696754274"
"20567308","Wang Shuyi","wshuyi","Teach AI for Science on https://t.co/EjMt9Lde9B

Youtube: https://t.co/OofaON17z1

Substack: https://t.co/IIleagZfwW

知识星球：https://t.co/kyzMiDmFWb","3515","16706","1045","4755","1125","","Tianjin, China","https://wshuyi.medium.com/","false","true","","false","false","2009-02-11 11:00:44","https://x.com/wshuyi","https://pbs.twimg.com/profile_images/1278528308603260928/jnD1feVs_400x400.jpg","https://pbs.twimg.com/profile_banners/20567308/1593659878"
"232519529","AI进化论-花生","AlchainHust","🤖AI Native Coder：「小猫补光灯」「拍照学单词」
🎥经营20万+粉丝的YouTube/B站频道：AI进化论-花生
💡AI编程知识星球：https://t.co/qkSYGBzeRw
小红书：花叔（只工作不上班版
公众号：花叔
即刻：Alchian花生","821","19928","270","606","208","","","https://huasheng.ai/","false","false","","false","false","2010-12-31 19:18:07","https://x.com/AlchainHust","https://pbs.twimg.com/profile_images/1851546452184752128/koJVfNWf_400x400.jpg","https://pbs.twimg.com/profile_banners/232519529/1740280664"
"1783159280843284482","dangjin","JinsFavorites","🧠  AI Explorer &Product : Focus on Agents and AI Tools.","1480","13059","204","1455","519","科技","","","false","true","","false","false","2024-04-24 23:41:29","https://x.com/JinsFavorites","https://pbs.twimg.com/profile_images/1783159515007090688/oLjYYiE4_400x400.jpg","https://pbs.twimg.com/profile_banners/1783159280843284482/1750226769"
"1669276256","歸藏(guizang.ai)","op7418","关注人工智能、LLM 、 AI 图像视频和设计（Interested in AI, LLM, Stable Diffusion, and design）

AIGC 周刊主理人｜公众号：歸藏的AI工具箱","21136","105644","1218","36573","7252","","","https://www.guizang.ai/","false","true","","false","true","2013-08-14 10:18:36","https://x.com/op7418","https://pbs.twimg.com/profile_images/1636981205504786434/xDl77JIw_400x400.jpg","https://pbs.twimg.com/profile_banners/1669276256/1706450781"
"1128028122815844353","Gunnar Gray","gunnargray","Design Lead @perplexity_ai. Previously Artifact, MetaLab","464","8021","1415","4550","125","","","http://gunnargray.com","false","true","","false","true","2019-05-14 04:03:57","https://x.com/gunnargray","https://pbs.twimg.com/profile_images/1801329010065965056/GdCjOSWo_400x400.jpg","https://pbs.twimg.com/profile_banners/1128028122815844353/1619787625"
"15344591","Pete Lada","pklada","design & eng @perplexity_ai. prev design @eco, @quora, @guidebook co-founder. @northeastern alum. Will write css for coffee. work: https://t.co/nK0sRsKFUe","4983","2931","964","8947","394","","Orinda, CA","https://petelada.com/","false","true","","false","true","2008-07-08 02:07:05","https://x.com/pklada","https://pbs.twimg.com/profile_images/1686940524698304512/1oS9_fwg_400x400.jpg","https://pbs.twimg.com/profile_banners/15344591/1665590599"
"1656683399346814982","Plaud","PLAUDAI","https://t.co/3gNYdM5f69 is the world's No. 1 AI note-taking brand, trusted by over 1 million users worldwide.  Follow for Plaud Intelligence updates. #AI #Productivity","998","3879","49","577","309","","US","https://linktr.ee/Plaud.ai","false","true","","false","false","2023-05-11 23:31:58","https://x.com/PLAUDAI","https://pbs.twimg.com/profile_images/1960251593921896449/bMNTeZDI_400x400.png","https://pbs.twimg.com/profile_banners/1656683399346814982/1756303655"
"1548052952513777666","Raiza Martin","raizamrtn","Co-founder //  @gethuxe 🎧 Previously at @NotebookLM @GoogleLabs","1357","23410","703","4273","107","","California","http://huxe.com","false","true","","false","false","2022-07-16 05:12:51","https://x.com/raizamrtn","https://pbs.twimg.com/profile_images/1902029425081974785/jhM3Jf5r_400x400.jpg","https://pbs.twimg.com/profile_banners/1548052952513777666/1726332463"
"913314383526223872","赵纯想","chunxiangai","产品🎬 https://t.co/Xd1e236W65 
顾问服务💬 https://t.co/UVx8yZHIBo 
课程📖 https://t.co/T13Crt8lg5","2113","31174","340","1681","308","移动应用程序","","https://chunxiang.space","false","true","","false","true","2017-09-28 16:08:12","https://x.com/chunxiangai","https://pbs.twimg.com/profile_images/1851554473174286336/nuzwVwa2_400x400.jpg","https://pbs.twimg.com/profile_banners/913314383526223872/1734401000"
"427089628","Lex Fridman","lexfridman","Host of Lex Fridman Podcast.
Interested in robots and humans.","3927","4463406","616","8141","1215","","Austin and Boston","https://youtube.com/lexfridman","false","true","","false","false","2011-12-03 11:06:19","https://x.com/lexfridman","https://pbs.twimg.com/profile_images/1854713863817646088/nTmsz7jR_400x400.jpg","https://pbs.twimg.com/profile_banners/427089628/1641354050"
"15344831","Larry & Leo Bro - Eagle of Full Stack","xqliu","👨‍👦‍👦 双倍奶爸，双倍快乐 👨‍💻 20 年 INFP 全栈(什么都干)工程师 🐛 被代码耽误的诗人、未启程之钢琴演奏者、老去的斜杠青年 🧩 Building @nofx_ai https://t.co/56QwcNboCW open source / TG xqliu","11754","11402","2547","11446","683","","","","false","true","","false","true","2008-07-08 02:29:17","https://x.com/xqliu","https://pbs.twimg.com/profile_images/1722439920680349696/inSddMkh_400x400.jpg","https://pbs.twimg.com/profile_banners/15344831/1711041030"
"2183000371","Avi","AviSchiffmann","","18049","93476","3098","224603","1379","","","http://friend.com","false","true","","false","true","2013-11-09 05:13:12","https://x.com/AviSchiffmann","https://pbs.twimg.com/profile_images/1955058917387689984/8UVGB5Bz_400x400.jpg",""
"945756809356300294","kyzo","ky__zo","you can just hacking things

🧠 https://t.co/BPQDAqupux - cooking ai agents in tables","8185","12496","694","14553","969","","➡️","http://kyzo.io","false","true","","false","true","2017-12-27 04:42:49","https://x.com/ky__zo","https://pbs.twimg.com/profile_images/1949750659940507649/ct319x_A_400x400.jpg","https://pbs.twimg.com/profile_banners/945756809356300294/1697435822"
"1711735197295579137","Wordware","wordware","Wordware is your all-in-one platform for deploying LLM applications.","407","23206","11","649","97","技术解决方案公司","","http://wordware.ai","false","false","Business","false","true","2023-10-10 21:27:35","https://x.com/wordware","https://pbs.twimg.com/profile_images/1988080064031055872/-vMOXHUB_400x400.jpg","https://pbs.twimg.com/profile_banners/1711735197295579137/1762830199"
"889757755443216384","Filip Kozera","kozerafilip","founder @ wordware
dream it, type it in wordware, see it come alive
cambridge engineering","522","5924","282","397","106","","san francisco","https://wordware.ai/","false","true","","false","true","2017-07-25 16:02:34","https://x.com/kozerafilip","https://pbs.twimg.com/profile_images/1905033496588140545/aXAD3oEz_400x400.jpg","https://pbs.twimg.com/profile_banners/889757755443216384/1550688897"
"1227602638474137605","Kamil Ruczynski","unable0_","⌘ building something new in consumer. 
taste-driven, product-first, always thinking about growth.

took one product to 8M users, now building the next chapter.","5244","2253","2285","20261","699","","San Francisco","https://tastelayers.com/","false","true","","false","true","2020-02-12 22:37:47","https://x.com/unable0_","https://pbs.twimg.com/profile_images/1737521497525088258/WylWyvQn_400x400.jpg","https://pbs.twimg.com/profile_banners/1227602638474137605/1659789141"
"1786231617478160384","Folo","folo_is","Follow everything in one place. Join our community: https://t.co/h0aE3fWu8W.","291","26036","71","339","129","","","https://folo.is","false","true","","false","false","2024-05-03 11:10:15","https://x.com/folo_is","https://pbs.twimg.com/profile_images/1879734497761189888/rF-wpapH_400x400.jpg","https://pbs.twimg.com/profile_banners/1786231617478160384/1751874443"
"996391981919100930","孔祥岩","kxycigaret","夫惟不争，故天下莫能与之争。","1249","347","934","3523","103","其他","Beijing","http://cigaret.world","false","false","","false","true","2018-05-15 22:08:55","https://x.com/kxycigaret","https://pbs.twimg.com/profile_images/1708316570160955392/yh6kGdT4_400x400.jpg","https://pbs.twimg.com/profile_banners/996391981919100930/1612242452"
"1033929031","ghmnm","AppManHe","","328","255","3449","19548","68","","","","false","false","","false","true","2012-12-25 11:01:35","https://x.com/AppManHe","https://pbs.twimg.com/profile_images/1853613753851617280/j5dYQfCD_400x400.jpg",""
"6782882","Orange AI","oran_ge","聊硅基 AI，看有机 Orange。","133733","140717","785","1990","6045","科技","Mars","https://listenhub.ai","false","true","","false","true","2007-06-13 13:03:33","https://x.com/oran_ge","https://pbs.twimg.com/profile_images/1760074488073629696/ceSsuVCY_400x400.png","https://pbs.twimg.com/profile_banners/6782882/1740229481"
"1782708546909650944","Genspark","genspark_ai","General AI Agent for Everyone and Everyday Tasks

Follow us:
https://t.co/s8I5BNXBdV
https://t.co/y0XAALqRd6","1053","23879","49","958","292","科技","Palo Alto + Singapore","http://genspark.ai","false","false","Business","false","true","2024-04-23 17:50:47","https://x.com/genspark_ai","https://pbs.twimg.com/profile_images/1782715833099382784/R6nadR8G_400x400.jpg","https://pbs.twimg.com/profile_banners/1782708546909650944/1760154929"
"12922082","Mark Wilson","ctrlzee","Global Design Editor, @FastCompany","1051","12817","1103","5380","49","","Chicago, IL","https://www.instagram.com/ctrlzee/","false","false","","false","true","2008-02-01 06:57:38","https://x.com/ctrlzee","https://pbs.twimg.com/profile_images/1611016209637548033/QFWVAnnN_400x400.jpg",""
"1319250540480598026","Grant Lee","thisisgrantlee","Co-founder of @GammaApp","2682","38289","1074","4084","469","","Startup →","http://gamma.app","false","true","","false","true","2020-10-22 20:13:45","https://x.com/thisisgrantlee","https://pbs.twimg.com/profile_images/1911881270683942912/-AnxBrB8_400x400.jpg","https://pbs.twimg.com/profile_banners/1319250540480598026/1744662992"
"3239896262","Max Weinbach","mweinbach","Analyst @creativestrat | Analyst and Market Research Firm | Typo ignorer 
Email: max@creativestrategies.com","95038","280250","6825","150331","14115","科技","Connecticut, USA","http://creativestrategies.com","false","true","","false","true","2015-06-08 21:07:37","https://x.com/mweinbach","https://pbs.twimg.com/profile_images/1808924794718482432/O-PiVxka_400x400.jpg","https://pbs.twimg.com/profile_banners/3239896262/1674226051"
"14546264","Ben Bajarin","BenBajarin","CEO and Principal Analyst, @creativestrat | Technology Industry Analysis-Market Intelligence | Technical Analysis | Technologist at Heart | Looking Forward","53288","31906","2097","9237","2459","","San Jose, CA","http://www.creativestrategies.com","false","true","","false","true","2008-04-26 23:13:01","https://x.com/BenBajarin","https://pbs.twimg.com/profile_images/1760390763178082304/KV5Ls_yx_400x400.jpg","https://pbs.twimg.com/profile_banners/14546264/1741038711"
"101239581","softworm163","softworm163","i am softworm, working with 360, in china","20","7","189","5","0","","","","false","false","","false","false","2010-01-02 22:52:04","https://x.com/softworm163","https://pbs.twimg.com/profile_images/1176629722/__small_400x400.jpg",""
"1743683552854867969","Tako","TakoViz","Generate shareable displays of the world's information.","33","1399","16","69","7","","San Francisco, CA","http://trytako.com","false","true","","false","false","2024-01-07 01:19:28","https://x.com/TakoViz","https://pbs.twimg.com/profile_images/1743697602615681024/9BGqXJ-m_400x400.jpg","https://pbs.twimg.com/profile_banners/1743683552854867969/1746812317"
"1636404478017699841","Microsoft Copilot","Copilot","Your AI companion.","3165","50050","0","1280","588","","","https://aka.ms/TryCopilotToday","false","false","Business","false","true","2023-03-17 00:30:31","https://x.com/Copilot","https://pbs.twimg.com/profile_images/1980303214122573824/2a9jV2Yv_400x400.jpg","https://pbs.twimg.com/profile_banners/1636404478017699841/1761073043"
"32872803","Yangqing Jia","jiayq","Founder & CEO @leptonai (now part of NVIDIA).  @UCBerkeley @Tsinghua_Uni Alumni. Built decaf, caffe, ONNX, PyTorch 1.0. Former Google/Meta/Alibaba.","644","17846","326","463","97","企业家","Berkeley, CA","http://daggerfs.com","false","true","","false","true","2009-04-18 20:53:36","https://x.com/jiayq","https://pbs.twimg.com/profile_images/1681929591311724544/vhBv3jDH_400x400.jpg","https://pbs.twimg.com/profile_banners/32872803/1721896640"
"728776316808400897","Andrew Bamboo","AndrewBBoo","我讨厌东西卡在手里，希望它们脱离我自行运转。因此在做这些事情：技能产品化（独立开发），收入资产化（价值投资），想法公开化（社交媒体）","329","8818","736","1878","70","","公众号👉安小竹的自留地","","false","false","","false","false","2016-05-07 10:39:48","https://x.com/AndrewBBoo","https://pbs.twimg.com/profile_images/1712101951981412352/egla00dg_400x400.jpg",""
"20588970","倪爽","nishuang","倪爽，设计顾问。 超过 20 年经验资深设计师，在美国运营 Honest Dot Design / 倪爽设计工作室，为中国及北美企业提供品牌营销设计、UX 设计两类设计咨询服务","42112","100979","803","22000","15507","","United States","https://nishuang.net/","false","true","","false","true","2009-02-11 21:17:01","https://x.com/nishuang","https://pbs.twimg.com/profile_images/1615204555/bg_green_300x300_400x400.jpg","https://pbs.twimg.com/profile_banners/20588970/1720543960"
"960767493215145985","Humane","Humane","Introducing CosmOS: an AI operating system built for a universe of connected devices","389","101174","2","1240","108","技术公司","San Francisco, CA","https://humane.com/cosmos","false","false","","true","true","2018-02-06 14:49:55","https://x.com/Humane","https://pbs.twimg.com/profile_images/1735058075059404800/YvYFzvZK_400x400.jpg","https://pbs.twimg.com/profile_banners/960767493215145985/1733442742"
"14046502","Luyu Zhang","goocarlos","CEO&Founder of @dify_ai","2768","20860","883","2580","459","","San Jose, CA","","false","true","","false","true","2008-02-27 12:22:21","https://x.com/goocarlos","https://pbs.twimg.com/profile_images/1904818806780039168/nOwgrMVE_400x400.jpg","https://pbs.twimg.com/profile_banners/14046502/1672642535"
"4269282554","Memo AI","MemoAI_","Memo, AI 驱动的视频，语音转写文本工具。 还有自动化批量、视频 AI 总结、视频思维导图生成、AI 字幕翻译、字幕剪辑、文本字幕合成语音等能力。","1241","12729","179","88","68","科技","","https://memo.ac","false","false","","false","true","2015-11-18 00:03:31","https://x.com/MemoAI_","https://pbs.twimg.com/profile_images/1677356999095496705/Jwz7inhz_400x400.jpg","https://pbs.twimg.com/profile_banners/4269282554/1509072938"
"1454334880679010309","Jesse Lyu","jesselyu","founder and ceo @rabbit_hmi
board @jugendingenieur
we revamped the r1 with rabbitOS 2 - give it a try","1194","29180","344","2302","244","企业家","Los Angeles, CA","https://rabbit.tech","false","true","","false","true","2021-10-30 14:30:41","https://x.com/jesselyu","https://pbs.twimg.com/profile_images/1925226169210896384/1GhmRCH5_400x400.jpg","https://pbs.twimg.com/profile_banners/1454334880679010309/1705121638"
"1666267566178697220","M1","M1Astra","accelerate forever |  Seeker | Contributor @appleinsider","1167","13325","760","147674","585","","","https://discord.gg/sWp3t6fvwA","false","true","","false","true","2023-06-07 10:15:27","https://x.com/M1Astra","https://pbs.twimg.com/profile_images/1923483967635795968/LKZbj2ff_400x400.jpg","https://pbs.twimg.com/profile_banners/1666267566178697220/1699229620"
"11768582","Garry Tan","garrytan","President & CEO @ycombinator —Founder @Initialized—designer/engineer who helps founders—SF Dem accelerating the boom loop—haters not allowed in my sauna","65711","622914","5346","233785","3902","","San Francisco, CA","https://youtube.com/garrytan?sub_confirmation=1","false","true","","false","false","2008-01-03 03:47:19","https://x.com/garrytan","https://pbs.twimg.com/profile_images/1922894268403941377/-dGWAt3N_400x400.jpg","https://pbs.twimg.com/profile_banners/11768582/1747288705"
"5709522","Michael Anti","mranti","安替, Globus, Global Research. A veteran journalist on International Affairs, Harvard Nieman Fellow '08, TEDGlobal Speaker.","221660","368815","11361","421","3058","咨询机构","","","false","true","","false","true","2007-05-02 18:08:45","https://x.com/mranti","https://pbs.twimg.com/profile_images/575475426971119616/mdc9Zm_-_400x400.jpeg",""
"42491608","Lickability","lickability","People who make apps people love.

☁️ https://t.co/yIw7A5foin
🐘 https://t.co/KEF4iNINb4","2839","3956","885","3220","400","软件公司","NYC","https://lickability.com","false","false","","false","true","2009-05-26 05:30:01","https://x.com/lickability","https://pbs.twimg.com/profile_images/1808599179695980544/-tFxQWqX_400x400.jpg","https://pbs.twimg.com/profile_banners/42491608/1720039816"
"193952025","Jerry Yue","Jerryshengyue","A curious human being. Founder of https://t.co/S2Y6GAPfcd. +sum","60","1993","287","112","21","","San Mateo, CA","http://www.brain.ai","false","true","","false","true","2010-09-23 10:00:13","https://x.com/Jerryshengyue","https://pbs.twimg.com/profile_images/1421079023409516546/DYXTWFWQ_400x400.jpg","https://pbs.twimg.com/profile_banners/193952025/1526039805"
"1641255727170977792","Brain AI","braindotai","Make computers understand every person on the planet. The company behind @thenaturalapp and @imagicaai","27","4394","1","4","12","技术公司","San Mateo, CA","","false","false","","false","false","2023-03-30 09:47:30","https://x.com/braindotai","https://pbs.twimg.com/profile_images/1643030398488682499/K6DDQkbW_400x400.jpg","https://pbs.twimg.com/profile_banners/1641255727170977792/1680661433"
"3122661542","Yangyi","Yangyixxxx","Believing is seeing","13742","109058","499","5393","2848","科技","","https://lnk.bio/yangyi","false","true","","false","true","2015-04-01 11:00:40","https://x.com/Yangyixxxx","https://pbs.twimg.com/profile_images/1790540021327712256/72wMFr9-_400x400.jpg","https://pbs.twimg.com/profile_banners/3122661542/1702609915"
"183749519","Paul Graham","paulg","","50697","2088237","780","146448","1744","","","http://paulgraham.com","false","true","","false","false","2010-08-28 04:13:59","https://x.com/paulg","https://pbs.twimg.com/profile_images/1824002576/pg-railsconf_400x400.jpg","https://pbs.twimg.com/profile_banners/183749519/1401332683"
"1437853146257133569","Poonam Soni","CodeByPoonam","Post about everything latest in AI | Founder: AI Toast","71123","215602","588","168422","14506","科技","DM for Collabs","https://aitoast.beehiiv.com","false","true","","false","true","2021-09-15 02:58:18","https://x.com/CodeByPoonam","https://pbs.twimg.com/profile_images/1534492626765742080/_v1s7cVA_400x400.jpg","https://pbs.twimg.com/profile_banners/1437853146257133569/1761034731"
"1680055023961784321","Nayeem Sheikh","HeyNayeem","Sharing insights on AI, tech tools, and no-code solutions | Helping you stay ahead with AI and tech | ✉️ iamnayeeem@gmail.com","30026","63692","1158","28880","11095","","Get FREE AI cheat sheets →","https://www.thesimplifiedai.com/","false","true","","false","true","2023-07-15 11:22:12","https://x.com/HeyNayeem","https://pbs.twimg.com/profile_images/1740257145789235200/9PvIn2ZS_400x400.jpg","https://pbs.twimg.com/profile_banners/1680055023961784321/1736314599"
"1399771783415308291","Olivia Moore","omooretweets","Partner @a16z and twin to @venturetwins | Investor in @gammaapp, @happyrobot_ai, @krea_ai, @tomaauto, @partiful, Salient, @scribenoteinc & more","3888","71255","851","13020","1313","","","https://gamma.app/public/a16z-Consumer-Abundance-Agenda-ieotbnzbxj81biu?mode=doc","false","true","","false","true","2021-06-02 00:56:18","https://x.com/omooretweets","https://pbs.twimg.com/profile_images/1707541196447621120/GAj4HYzI_400x400.jpg","https://pbs.twimg.com/profile_banners/1399771783415308291/1695944531"
"1007413134","Jim Fan","DrJimFan","NVIDIA Director of Robotics & Distinguished Scientist. Co-Lead of GEAR lab. Solving Physical AGI, one motor at a time. Stanford Ph.D. OpenAI's 1st intern.","4022","333439","3086","8546","837","科技","Views my own. Contact →","https://jimfan.me","false","true","","false","true","2012-12-13 06:11:27","https://x.com/DrJimFan","https://pbs.twimg.com/profile_images/1554922493101559808/SYSZhbcd_400x400.jpg","https://pbs.twimg.com/profile_banners/1007413134/1672408318"
"33838201","Google AI","GoogleAI","Making AI helpful for everyone. Show thinking ↓","3068","2335932","25","240","1302","","Mountain View, CA","https://ai.google","false","true","Business","false","false","2009-04-21 14:59:33","https://x.com/GoogleAI","https://pbs.twimg.com/profile_images/1924554705503715328/0-HDhohz_400x400.jpg","https://pbs.twimg.com/profile_banners/33838201/1747684575"
"1055294984050610176","Lucas Crespo 📧","lucas__crespo","creative lead at @every designing @tryspiral @usemonologue @coracomputer and @sparkleapp previously art director at @vml_global and @BBDONY","3093","13834","1678","22158","738","","","","false","true","","false","true","2018-10-25 11:08:25","https://x.com/lucas__crespo","https://pbs.twimg.com/profile_images/1704163409539862528/X1C8rhyR_400x400.jpg","https://pbs.twimg.com/profile_banners/1055294984050610176/1742330502"
"14642331","GREG ISENBERG","gregisenberg","I run a portfolio of internet companies and host @startupideaspod. CEO: @latecheckoutplz we build companies like @ideabrowser, @meetLCA, @boringmarketer etc","61060","541452","895","109663","2787","","more →","http://gregisenberg.com/","false","true","","false","true","2008-05-04 07:08:05","https://x.com/gregisenberg","https://pbs.twimg.com/profile_images/1577116785656139776/5mi0qgTz_400x400.jpg","https://pbs.twimg.com/profile_banners/14642331/1722363147"
"793023","Suhail","Suhail","Founder: @mixpanel
Pizzatarian, programmer, music maker","20172","394175","521","6478","1466","企业家","Music over here:","https://www.instagram.com/suhaild","false","true","","false","true","2007-02-25 06:17:47","https://x.com/Suhail","https://pbs.twimg.com/profile_images/1898611158330077184/oCfpUSm-_400x400.jpg",""
"1314686042","Rowan Cheung","rowancheung","Founder of the world’s most read daily AI newsletter @therundownai. Sharing the latest developments in the world of artificial intelligence.","12074","567783","532","22234","3937","","Join 2,000,000+ Readers →","https://www.rundown.ai/","false","true","","false","true","2013-03-30 02:03:03","https://x.com/rowancheung","https://pbs.twimg.com/profile_images/1711152452735774720/Cotttl-n_400x400.jpg","https://pbs.twimg.com/profile_banners/1314686042/1672275988"
"472926936","David Park","Davidjpark96","founder of jenni ai 

tweets about growth and my startup learnings!","3754","74940","413","10869","408","","seattle ","http://jennigroup.com","false","true","","false","true","2012-01-24 21:09:18","https://x.com/Davidjpark96","https://pbs.twimg.com/profile_images/1626079431952576513/Ex0lfrs__400x400.jpg","https://pbs.twimg.com/profile_banners/472926936/1704786723"
"33836629","Andrej Karpathy","karpathy","Building @EurekaLabsAI. Previously Director of AI @ Tesla, founding team @ OpenAI, CS231n/PhD @ Stanford. I like to train large deep neural nets.","9816","1472928","1026","20719","826","","Stanford","https://karpathy.ai","false","true","","false","true","2009-04-21 14:49:15","https://x.com/karpathy","https://pbs.twimg.com/profile_images/1296667294148382721/9Pr6XrPB_400x400.jpg","https://pbs.twimg.com/profile_banners/33836629/1407117611"
"64844802","a16z","a16z","we invest in software eating the world 
https://t.co/A9eTFq6plZ
https://t.co/MXGUBJoesw

Watch ""The Ben & Marc Show"": https://t.co/eRuDhx7kpe","24523","903531","52","9191","1892","","The Cloud","http://www.a16z.com","false","false","Business","false","true","2009-08-12 06:26:28","https://x.com/a16z","https://pbs.twimg.com/profile_images/1919488160125616128/QAZXTMEj_400x400.png","https://pbs.twimg.com/profile_banners/64844802/1746024233"
"922955517030408192","Justine Moore","venturetwins","Partner @a16z AI 🤖 and twin to @omooretweets | Investor in @elevenlabsio, @krea_ai, @bfl_ml, @hedra_labs, @wabi, @WaveFormsAI, @ViggleAI, & more","10226","135716","962","40391","3303","","San Francisco, CA","","false","true","","false","true","2017-10-25 06:38:37","https://x.com/venturetwins","https://pbs.twimg.com/profile_images/1987694712883691520/gK8yLQrE_400x400.jpg","https://pbs.twimg.com/profile_banners/922955517030408192/1762738336"
"5778712","kepano","kepano","making @obsdmd","11405","71605","1981","17206","1172","","Earth","http://stephango.com","false","true","","false","true","2007-05-05 08:42:26","https://x.com/kepano","https://pbs.twimg.com/profile_images/1563635599906549761/wIum4L8I_400x400.jpg","https://pbs.twimg.com/profile_banners/5778712/1670616207"
"3222018178","Brett Adcock","adcock_brett","Founder @Figure_robot (AI Robots), @Cover_thz (Weapon Detection), @flyArcher (NYSE: ACHR), Vettery ($100M Exit)","8058","308977","17","10679","1639","","","http://brettadcock.com","false","true","","false","true","2015-04-30 01:26:26","https://x.com/adcock_brett","https://pbs.twimg.com/profile_images/1975050867842908160/H-pYm78t_400x400.jpg","https://pbs.twimg.com/profile_banners/3222018178/1760018116"
"1551258526584115204","AI Will","FinanceYF5","增长顾问 | AI行业分析师，Learn in Public","40144","177964","1908","5200","22066","媒体和新闻公司","San Francisco Bay area","https://linktr.ee/hanweilang","false","false","","false","true","2022-07-25 01:30:38","https://x.com/FinanceYF5","https://pbs.twimg.com/profile_images/1896818103016935424/ucw3T2uW_400x400.jpg","https://pbs.twimg.com/profile_banners/1551258526584115204/1760393812"
"1117479849080365057","Alexander Koch","alexkoch_ai","Founder & CEO at Tau Robotics (@taurobots) | Z Fellow | Emergent Ventures Fellow","50","6430","267","173","19","","Palo Alto, CA","http://alexkoch.ai","false","true","","false","true","2019-04-15 01:28:52","https://x.com/alexkoch_ai","https://pbs.twimg.com/profile_images/1745520294884990979/8KAGwnbk_400x400.jpg",""
"362252075","哥飞","gefei55","哥飞，出海鼓励师，SEO爱好者，Adsense玩家，出海AI工具方向创业者。
同名公众号写了五百多篇出海搞流量免费教程文章。","2372","45405","1044","777","606","科技","Guangdong","https://new.web.cafe/","false","true","","false","false","2011-08-26 10:49:30","https://x.com/gefei55","https://pbs.twimg.com/profile_images/1600285780555202560/TE8ad_yJ_400x400.jpg",""
"6535212","Elad Gil","eladgil","Entrepreneur & Investor","1929","223282","1769","7673","469","科技","","https://www.eladgil.com/","false","true","","false","false","2007-06-03 12:30:34","https://x.com/eladgil","https://pbs.twimg.com/profile_images/1151122652/dragonball-tenkaichi-daibouken_400x400.jpg","https://pbs.twimg.com/profile_banners/6535212/1408456664"
"1372899287416381447","Arc","arcinternet","behind the scenes of @browsercompany

questions? 👉 CMD T ... ""Contact the Team""","628","87148","1","2011","194","","","http://diabrowser.com","false","true","","false","false","2021-03-19 21:14:45","https://x.com/arcinternet","https://pbs.twimg.com/profile_images/1519438393914052611/VtT4VtJs_400x400.png","https://pbs.twimg.com/profile_banners/1372899287416381447/1651096124"
"13","Biz Stone","biz","Co-founder of Twitter, Medium, Jelly, and now, West Co","10155","2422549","1608","6770","958","","San Francisco, CA","https://medium.com/@biz?source=linkShare-b258af3c1e92-1489178124","false","true","","false","false","2006-03-22 04:51:43","https://x.com/biz","https://pbs.twimg.com/profile_images/1988892970125271040/nRrZG8mn_400x400.jpg","https://pbs.twimg.com/profile_banners/13/1670181292"
"1629279445885550592","Pi","pi","I’m your personal AI. ❤️
Here to help you be the best you.","538","24744","2","404","40","","","http://pi.ai/ios","false","false","","false","false","2023-02-25 08:38:12","https://x.com/pi","https://pbs.twimg.com/profile_images/1715060335860682752/Pg5_PSH9_400x400.jpg","https://pbs.twimg.com/profile_banners/1629279445885550592/1697737223"
"1483922739488600064","Inflection AI","inflectionAI","We are an AI studio creating a personal AI for everyone.

Our first is @pi, a supportive and empathetic conversational AI.","80","49750","3","44","13","科技","🗺️","https://inflection.ai","false","false","","false","false","2022-01-20 06:02:25","https://x.com/inflectionAI","https://pbs.twimg.com/profile_images/1501227864728952837/Wd-joVTP_400x400.jpg","https://pbs.twimg.com/profile_banners/1483922739488600064/1683072853"
"2314443930","Mustafa Suleyman","mustafasuleyman","CEO, @MicrosoftAI | Author: The Coming Wave | Past: Co-founder, @InflectionAI & @GoogleDeepMind","2409","175304","485","5125","281","","Redmond, WA","http://mustafa-suleyman.ai","false","true","","false","true","2014-01-28 06:49:49","https://x.com/mustafasuleyman","https://pbs.twimg.com/profile_images/1927407622602276864/c_5uOZij_400x400.jpg","https://pbs.twimg.com/profile_banners/2314443930/1760546906"
"1581146784486653953","Alive AI","AliveAI_co","build real-time interactive entertainment, turn all your fantasies into alive AI beings and open worlds.

to entertain, to enlighten","201","991","2","184","100","科技","AI Generated Open Worlds","https://discord.gg/aF4afZq3GC","false","false","","false","false","2022-10-15 12:55:58","https://x.com/AliveAI_co","https://pbs.twimg.com/profile_images/1730298890971389952/wna69CAw_400x400.jpg","https://pbs.twimg.com/profile_banners/1581146784486653953/1710394756"
"1631205582744227841","Monica AI","hey_im_monica","Your AI partner for smarter productivity","310","12086","13","206","131","","Singapore","https://monica.im","false","true","","false","false","2023-03-02 16:11:48","https://x.com/hey_im_monica","https://pbs.twimg.com/profile_images/1973697962640576512/ERDVyIWQ_400x400.jpg","https://pbs.twimg.com/profile_banners/1631205582744227841/1694140037"
"2353774941","Zipeng Fu","zipengfu","Stanford AI & Robotics PhD @StanfordAILab | Creator of Mobile ALOHA, HumanPlus, Robot Parkour | Past: Google DeepMind, CMU, UCLA","351","13343","1320","1686","51","","Palo Alto, CA","http://zipengfu.github.io","false","true","","false","false","2014-02-20 11:40:52","https://x.com/zipengfu","https://pbs.twimg.com/profile_images/1703999045847687168/ROjPxbFI_400x400.jpg","https://pbs.twimg.com/profile_banners/2353774941/1627311792"
"48008938","Yann LeCun","ylecun","Professor at NYU. Chief AI Scientist at Meta.
Researcher in AI, Machine Learning, Robotics, etc.
ACM Turing Award Laureate.","24238","978854","766","24956","455","科技","New York","http://yann.lecun.com","false","true","","false","false","2009-06-18 00:05:51","https://x.com/ylecun","https://pbs.twimg.com/profile_images/1483577865056702469/rWA-3_T7_400x400.jpg","https://pbs.twimg.com/profile_banners/48008938/1642547502"
"13235832","Nat Friedman","natfriedman","https://t.co/Lhh178sIjq","5676","239936","835","32776","429","","California","","false","true","","false","true","2008-02-08 13:20:41","https://x.com/natfriedman","https://pbs.twimg.com/profile_images/1677873294/image_400x400.jpg",""
"1954658424","Andy Bromberg","andy_bromberg","tinkering. co-founder & board @eco @lightworkhome @join_freeworld; co-founder & prev CEO @coinlist; venture @amityventures; shipping https://t.co/xvHWE0GVdw.

writing 👇","1186","15186","5","2893","87","","🇺🇸","https://andybromberg.com","false","true","","false","true","2013-10-12 01:31:53","https://x.com/andy_bromberg","https://pbs.twimg.com/profile_images/1667250534255054850/enVG-QgC_400x400.jpg","https://pbs.twimg.com/profile_banners/1954658424/1753062469"
"611941828","Justin Roiland","JustinRoiland","I’m not interested in being told who I am, how I feel, or what I think by people who don’t know me. That’s why I’m rarely on Twitter anymore.","6948","614226","1100","12280","1214","","","","false","true","","false","false","2012-06-19 03:38:56","https://x.com/JustinRoiland","https://pbs.twimg.com/profile_images/3726297405/1cabbbfd3f504ff155006e0d4ca225bc_400x400.jpeg","https://pbs.twimg.com/profile_banners/611941828/1436780366"
"449094976","Johnny Ho","randomjohnnyh","Cofounder, CSO @perplexity_ai. Former high frequency trader, competitive programmer. Think fast, build faster.","81","4656","234","1335","10","","New York, NY","https://www.perplexity.com","false","true","","false","true","2011-12-29 02:47:26","https://x.com/randomjohnnyh","https://pbs.twimg.com/profile_images/1784680407792779264/ddkiBgsI_400x400.jpg","https://pbs.twimg.com/profile_banners/449094976/1732661065"
"3279117936","Denis Yarats","denisyarats","Cofounder & CTO @perplexity_ai","1101","10217","693","2395","108","","United States","http://perplexity.ai","false","true","","false","false","2015-07-14 11:54:36","https://x.com/denisyarats","https://pbs.twimg.com/profile_images/1181377719776501765/aujFHgPm_400x400.jpg","https://pbs.twimg.com/profile_banners/3279117936/1726799030"
"1599587232175849472","Perplexity","perplexity_ai","Curiosity changes everything. Download our free app on iOS, Mac, Windows, and Android: https://t.co/BBZ1kG0TVG","900","362374","66","12222","440","技术公司","San Francisco, CA","http://perplexity.ai/comet","false","true","Business","false","false","2022-12-05 10:12:13","https://x.com/perplexity_ai","https://pbs.twimg.com/profile_images/1886515713537413120/kj5NsIXW_400x400.jpg","https://pbs.twimg.com/profile_banners/1599587232175849472/1752038855"
"759894532649545732","Aravind Srinivas","AravSrinivas","CEO @perplexity_ai","8135","322819","1264","32748","1607","","SF","https://os.ai","false","true","","false","true","2016-08-01 07:32:29","https://x.com/AravSrinivas","https://pbs.twimg.com/profile_images/1977794342241845248/3m4UG_I9_400x400.jpg","https://pbs.twimg.com/profile_banners/759894532649545732/1759251270"
"1673767128456110082","Digi AI","digiaiweb","","1","4040","1","21","0","","San Francisco","https://digi.ai","false","true","","false","false","2023-06-28 02:56:27","https://x.com/digiaiweb","https://pbs.twimg.com/profile_images/1851297443557883906/bHA5q-VM_400x400.png",""
"1425979140415664140","Andrew","andyohlbaum","founder @digiaiweb. prev w/ justin roiland","779","5561","2254","6364","149","","","","false","true","","false","true","2021-08-13 08:34:59","https://x.com/andyohlbaum","https://pbs.twimg.com/profile_images/1970553227616886784/WI5yaKuK_400x400.jpg","https://pbs.twimg.com/profile_banners/1425979140415664140/1760763892"
"1605","Sam Altman","sama","AI is cool i guess","7284","4127862","974","1024","375","","SF","http://blog.samaltman.com","false","true","","false","false","2006-07-17 06:01:55","https://x.com/sama","https://pbs.twimg.com/profile_images/1904933748015255552/k43GMz63_400x400.jpg",""
"798796987302719488","Jason Yuan","jasonyuan","future lover…. prev @newcomputer, @apple design team, creator of https://t.co/pkxICguOht... and former actor","8142","28389","1752","27264","681","企业家","San Francisco, CA","http://jasonyuan.design","false","true","","false","true","2016-11-16 15:56:57","https://x.com/jasonyuan","https://pbs.twimg.com/profile_images/1984071091820859392/GBhfGbWp_400x400.jpg","https://pbs.twimg.com/profile_banners/798796987302719488/1761874040"
"251757939","Sam Whitmore","sjwhitmore","not a cat (or a man) in real life. I like to run a lot! @newcomputer @kensho @harvard @StuyNY","2552","16447","2325","21302","190","","San Francisco, CA","","false","true","","false","true","2011-02-14 03:58:04","https://x.com/sjwhitmore","https://pbs.twimg.com/profile_images/1471143057907060739/hhdUy1In_400x400.jpg","https://pbs.twimg.com/profile_banners/251757939/1633716167"
"1529219400427048961","New Computer","newcomputer","Social Intelligence","25","15470","2","55","4","时尚公司 ","","http://new.computer","false","false","","false","true","2022-05-25 05:55:21","https://x.com/newcomputer","https://pbs.twimg.com/profile_images/1922707102704742400/R0NqkvN3_400x400.jpg","https://pbs.twimg.com/profile_banners/1529219400427048961/1747244070"
"44196397","Elon Musk","elonmusk","","89408","229229248","1227","183509","4236","","","","false","true","","false","false","2009-06-03 04:12:29","https://x.com/elonmusk","https://pbs.twimg.com/profile_images/1983681414370619392/oTT3nm5Z_400x400.jpg","https://pbs.twimg.com/profile_banners/44196397/1739948056"
